tree_type,canonical_scenario,scenario_family,scenario_family_detailed,is_ordered_prehashed,scale_size,scale_label,final_scale,prebuild_scale,measured_insert_scale,bucket_start_pct,bucket_end_pct,bucket_mid_pct,run_count,avg_duration_ns,avg_duration_ns_p10,avg_duration_ns_p90,sample_count,sample_count_p10,sample_count_p90
avlhashtree,insert_only_build_10k,insert_only_build,insert_only_build,False,10000,10K,10000,0,10000,0,10,5.0,10,1751.5,1683.5,1917.6999999999998,1000,1000,1000
avlhashtree,prehashed_ordered_insert_only_10k,insert_only_build,prehashed_ordered_insert_only,True,10000,10K,10000,0,10000,0,10,5.0,10,1523.0,1470.7,1613.6999999999998,1000,1000,1000
avlhashtree,build_10k_then_add_2k_new,build_then_add_new,build_then_add_new,False,10000,10K,12000,10000,2000,0,10,5.0,10,2221.0,2127.5,2469.2999999999997,200,200,200
avlhashtree,build_10k_then_reinsert_2k_existing,build_then_reinsert_existing,build_then_reinsert_existing,False,10000,10K,10000,10000,2000,0,10,5.0,10,1362.5,1332.5,1559.2999999999995,200,200,200
avlhashtree,insert_only_build_10k,insert_only_build,insert_only_build,False,10000,10K,10000,0,10000,10,20,15.0,10,1956.0,1791.6,2005.6,1000,1000,1000
avlhashtree,prehashed_ordered_insert_only_10k,insert_only_build,prehashed_ordered_insert_only,True,10000,10K,10000,0,10000,10,20,15.0,10,1722.5,1682.1,1783.3,1000,1000,1000
avlhashtree,build_10k_then_add_2k_new,build_then_add_new,build_then_add_new,False,10000,10K,12000,10000,2000,10,20,15.0,10,2093.0,2060.0,2387.5,200,200,200
avlhashtree,build_10k_then_reinsert_2k_existing,build_then_reinsert_existing,build_then_reinsert_existing,False,10000,10K,10000,10000,2000,10,20,15.0,10,1537.0,1481.9,1847.8999999999996,200,200,200
avlhashtree,insert_only_build_10k,insert_only_build,insert_only_build,False,10000,10K,10000,0,10000,20,30,25.0,10,2079.5,1872.7,2127.6,1000,1000,1000
avlhashtree,prehashed_ordered_insert_only_10k,insert_only_build,prehashed_ordered_insert_only,True,10000,10K,10000,0,10000,20,30,25.0,10,1833.0,1816.5,1855.3,1000,1000,1000
avlhashtree,build_10k_then_add_2k_new,build_then_add_new,build_then_add_new,False,10000,10K,12000,10000,2000,20,30,25.0,10,2167.0,2035.5,2414.0,200,200,200
avlhashtree,build_10k_then_reinsert_2k_existing,build_then_reinsert_existing,build_then_reinsert_existing,False,10000,10K,10000,10000,2000,20,30,25.0,10,1558.5,1503.9,1706.3999999999999,200,200,200
avlhashtree,insert_only_build_10k,insert_only_build,insert_only_build,False,10000,10K,10000,0,10000,30,40,35.0,10,2152.5,1938.0,2197.1,1000,1000,1000
avlhashtree,prehashed_ordered_insert_only_10k,insert_only_build,prehashed_ordered_insert_only,True,10000,10K,10000,0,10000,30,40,35.0,10,1818.0,1772.6,1865.2,1000,1000,1000
avlhashtree,build_10k_then_add_2k_new,build_then_add_new,build_then_add_new,False,10000,10K,12000,10000,2000,30,40,35.0,10,2156.0,2051.8,2335.9,200,200,200
avlhashtree,build_10k_then_reinsert_2k_existing,build_then_reinsert_existing,build_then_reinsert_existing,False,10000,10K,10000,10000,2000,30,40,35.0,10,1538.5,1522.7,1808.8999999999999,200,200,200
avlhashtree,insert_only_build_10k,insert_only_build,insert_only_build,False,10000,10K,10000,0,10000,40,50,45.0,10,2245.0,1928.3,2277.8,1000,1000,1000
avlhashtree,prehashed_ordered_insert_only_10k,insert_only_build,prehashed_ordered_insert_only,True,10000,10K,10000,0,10000,40,50,45.0,10,1949.0,1909.3,2003.2,1000,1000,1000
avlhashtree,build_10k_then_add_2k_new,build_then_add_new,build_then_add_new,False,10000,10K,12000,10000,2000,40,50,45.0,10,2143.5,2036.4000000000003,2272.3,200,200,200
avlhashtree,build_10k_then_reinsert_2k_existing,build_then_reinsert_existing,build_then_reinsert_existing,False,10000,10K,10000,10000,2000,40,50,45.0,10,1573.5,1528.0,1620.5,200,200,200
avlhashtree,insert_only_build_10k,insert_only_build,insert_only_build,False,10000,10K,10000,0,10000,50,60,55.0,10,2256.0,2042.0,2307.1,1000,1000,1000
avlhashtree,prehashed_ordered_insert_only_10k,insert_only_build,prehashed_ordered_insert_only,True,10000,10K,10000,0,10000,50,60,55.0,10,2595.5,2334.8,2699.6,1000,1000,1000
avlhashtree,build_10k_then_add_2k_new,build_then_add_new,build_then_add_new,False,10000,10K,12000,10000,2000,50,60,55.0,10,2189.0,2134.1,2323.2999999999997,200,200,200
avlhashtree,build_10k_then_reinsert_2k_existing,build_then_reinsert_existing,build_then_reinsert_existing,False,10000,10K,10000,10000,2000,50,60,55.0,10,1673.0,1600.8,1714.6,200,200,200
avlhashtree,insert_only_build_10k,insert_only_build,insert_only_build,False,10000,10K,10000,0,10000,60,70,65.0,10,2264.0,2001.9,2327.2,1000,1000,1000
avlhashtree,prehashed_ordered_insert_only_10k,insert_only_build,prehashed_ordered_insert_only,True,10000,10K,10000,0,10000,60,70,65.0,10,1973.0,1929.5,1998.7,1000,1000,1000
avlhashtree,build_10k_then_add_2k_new,build_then_add_new,build_then_add_new,False,10000,10K,12000,10000,2000,60,70,65.0,10,2180.5,2083.8,2287.4,200,200,200
avlhashtree,build_10k_then_reinsert_2k_existing,build_then_reinsert_existing,build_then_reinsert_existing,False,10000,10K,10000,10000,2000,60,70,65.0,10,1706.0,1624.1,1737.0,200,200,200
avlhashtree,insert_only_build_10k,insert_only_build,insert_only_build,False,10000,10K,10000,0,10000,70,80,75.0,10,3063.0,2683.6,3234.0,1000,1000,1000
avlhashtree,prehashed_ordered_insert_only_10k,insert_only_build,prehashed_ordered_insert_only,True,10000,10K,10000,0,10000,70,80,75.0,10,1918.0,1867.6,1980.7,1000,1000,1000
avlhashtree,build_10k_then_add_2k_new,build_then_add_new,build_then_add_new,False,10000,10K,12000,10000,2000,70,80,75.0,10,2115.5,2027.1000000000001,2314.6,200,200,200
avlhashtree,build_10k_then_reinsert_2k_existing,build_then_reinsert_existing,build_then_reinsert_existing,False,10000,10K,10000,10000,2000,70,80,75.0,10,1769.0,1694.4,1956.6,200,200,200
avlhashtree,insert_only_build_10k,insert_only_build,insert_only_build,False,10000,10K,10000,0,10000,80,90,85.0,10,2326.5,2152.9,2380.1,1000,1000,1000
avlhashtree,prehashed_ordered_insert_only_10k,insert_only_build,prehashed_ordered_insert_only,True,10000,10K,10000,0,10000,80,90,85.0,10,2057.0,2016.6999999999998,2092.3,1000,1000,1000
avlhashtree,build_10k_then_add_2k_new,build_then_add_new,build_then_add_new,False,10000,10K,12000,10000,2000,80,90,85.0,10,2117.0,2081.4,2327.1,200,200,200
avlhashtree,build_10k_then_reinsert_2k_existing,build_then_reinsert_existing,build_then_reinsert_existing,False,10000,10K,10000,10000,2000,80,90,85.0,10,1713.5,1649.5,1917.2,200,200,200
avlhashtree,insert_only_build_10k,insert_only_build,insert_only_build,False,10000,10K,10000,0,10000,90,100,95.0,10,2350.5,2123.7,2426.2,1000,1000,1000
avlhashtree,prehashed_ordered_insert_only_10k,insert_only_build,prehashed_ordered_insert_only,True,10000,10K,10000,0,10000,90,100,95.0,10,2029.5,2006.7,2081.5,1000,1000,1000
avlhashtree,build_10k_then_add_2k_new,build_then_add_new,build_then_add_new,False,10000,10K,12000,10000,2000,90,100,95.0,10,2147.5,2049.4,2234.0,200,200,200
avlhashtree,build_10k_then_reinsert_2k_existing,build_then_reinsert_existing,build_then_reinsert_existing,False,10000,10K,10000,10000,2000,90,100,95.0,10,1723.0,1647.7,1757.2,200,200,200
avlhashtree,insert_only_build_50k,insert_only_build,insert_only_build,False,50000,50K,50000,0,50000,0,10,5.0,10,2044.0,1821.8,2073.2,5000,5000,5000
avlhashtree,prehashed_ordered_insert_only_50k,insert_only_build,prehashed_ordered_insert_only,True,50000,50K,50000,0,50000,0,10,5.0,10,1784.0,1738.5,1809.9,5000,5000,5000
avlhashtree,build_50k_then_add_10k_new,build_then_add_new,build_then_add_new,False,50000,50K,60000,50000,10000,0,10,5.0,10,2683.0,2625.0,2773.9,1000,1000,1000
avlhashtree,build_50k_then_reinsert_10k_existing,build_then_reinsert_existing,build_then_reinsert_existing,False,50000,50K,50000,50000,10000,0,10,5.0,10,1776.0,1688.6,1796.3,1000,1000,1000
avlhashtree,insert_only_build_50k,insert_only_build,insert_only_build,False,50000,50K,50000,0,50000,10,20,15.0,10,2472.5,2204.1,2523.6,5000,5000,5000
avlhashtree,prehashed_ordered_insert_only_50k,insert_only_build,prehashed_ordered_insert_only,True,50000,50K,50000,0,50000,10,20,15.0,10,2106.0,2037.5000000000002,2154.6,5000,5000,5000
avlhashtree,build_50k_then_add_10k_new,build_then_add_new,build_then_add_new,False,50000,50K,60000,50000,10000,10,20,15.0,10,2578.0,2488.3,2708.8,1000,1000,1000
avlhashtree,build_50k_then_reinsert_10k_existing,build_then_reinsert_existing,build_then_reinsert_existing,False,50000,50K,50000,50000,10000,10,20,15.0,10,1900.0,1853.9,2033.6999999999998,1000,1000,1000
avlhashtree,insert_only_build_50k,insert_only_build,insert_only_build,False,50000,50K,50000,0,50000,20,30,25.0,10,2460.5,2210.1,2553.6,5000,5000,5000
avlhashtree,prehashed_ordered_insert_only_50k,insert_only_build,prehashed_ordered_insert_only,True,50000,50K,50000,0,50000,20,30,25.0,10,2254.0,2200.7,2266.3,5000,5000,5000
avlhashtree,build_50k_then_add_10k_new,build_then_add_new,build_then_add_new,False,50000,50K,60000,50000,10000,20,30,25.0,10,2556.5,2463.2,2639.1,1000,1000,1000
avlhashtree,build_50k_then_reinsert_10k_existing,build_then_reinsert_existing,build_then_reinsert_existing,False,50000,50K,50000,50000,10000,20,30,25.0,10,1932.5,1878.8,1988.3999999999999,1000,1000,1000
avlhashtree,insert_only_build_50k,insert_only_build,insert_only_build,False,50000,50K,50000,0,50000,30,40,35.0,10,2744.0,2479.7,2781.0,5000,5000,5000
avlhashtree,prehashed_ordered_insert_only_50k,insert_only_build,prehashed_ordered_insert_only,True,50000,50K,50000,0,50000,30,40,35.0,10,2137.0,2085.0,2181.9,5000,5000,5000
avlhashtree,build_50k_then_add_10k_new,build_then_add_new,build_then_add_new,False,50000,50K,60000,50000,10000,30,40,35.0,10,2577.5,2518.2,2626.7,1000,1000,1000
avlhashtree,build_50k_then_reinsert_10k_existing,build_then_reinsert_existing,build_then_reinsert_existing,False,50000,50K,50000,50000,10000,30,40,35.0,10,1985.0,1905.4,2054.2,1000,1000,1000
avlhashtree,insert_only_build_50k,insert_only_build,insert_only_build,False,50000,50K,50000,0,50000,40,50,45.0,10,2544.0,2316.6,2589.8,5000,5000,5000
avlhashtree,prehashed_ordered_insert_only_50k,insert_only_build,prehashed_ordered_insert_only,True,50000,50K,50000,0,50000,40,50,45.0,10,2341.0,2115.8,2398.2,5000,5000,5000
avlhashtree,build_50k_then_add_10k_new,build_then_add_new,build_then_add_new,False,50000,50K,60000,50000,10000,40,50,45.0,10,2497.5,2442.8,2665.1,1000,1000,1000
avlhashtree,build_50k_then_reinsert_10k_existing,build_then_reinsert_existing,build_then_reinsert_existing,False,50000,50K,50000,50000,10000,40,50,45.0,10,1960.5,1925.6,2039.5000000000002,1000,1000,1000
avlhashtree,insert_only_build_50k,insert_only_build,insert_only_build,False,50000,50K,50000,0,50000,50,60,55.0,10,2584.0,2383.9,2648.0,5000,5000,5000
avlhashtree,prehashed_ordered_insert_only_50k,insert_only_build,prehashed_ordered_insert_only,True,50000,50K,50000,0,50000,50,60,55.0,10,2243.0,2187.6,2352.9,5000,5000,5000
avlhashtree,build_50k_then_add_10k_new,build_then_add_new,build_then_add_new,False,50000,50K,60000,50000,10000,50,60,55.0,10,2523.5,2496.4,2655.5,1000,1000,1000
avlhashtree,build_50k_then_reinsert_10k_existing,build_then_reinsert_existing,build_then_reinsert_existing,False,50000,50K,50000,50000,10000,50,60,55.0,10,2006.5,1953.1,2067.3,1000,1000,1000
avlhashtree,insert_only_build_50k,insert_only_build,insert_only_build,False,50000,50K,50000,0,50000,60,70,65.0,10,2484.0,2372.5,2643.7,5000,5000,5000
avlhashtree,prehashed_ordered_insert_only_50k,insert_only_build,prehashed_ordered_insert_only,True,50000,50K,50000,0,50000,60,70,65.0,10,2233.0,2153.7,2253.8,5000,5000,5000
avlhashtree,build_50k_then_add_10k_new,build_then_add_new,build_then_add_new,False,50000,50K,60000,50000,10000,60,70,65.0,10,2614.0,2503.4,2704.1,1000,1000,1000
avlhashtree,build_50k_then_reinsert_10k_existing,build_then_reinsert_existing,build_then_reinsert_existing,False,50000,50K,50000,50000,10000,60,70,65.0,10,2061.5,1988.2,2116.0,1000,1000,1000
avlhashtree,insert_only_build_50k,insert_only_build,insert_only_build,False,50000,50K,50000,0,50000,70,80,75.0,10,2643.0,2585.5,2716.3,5000,5000,5000
avlhashtree,prehashed_ordered_insert_only_50k,insert_only_build,prehashed_ordered_insert_only,True,50000,50K,50000,0,50000,70,80,75.0,10,2279.0,2221.7,2294.3,5000,5000,5000
avlhashtree,build_50k_then_add_10k_new,build_then_add_new,build_then_add_new,False,50000,50K,60000,50000,10000,70,80,75.0,10,2540.5,2487.6,2617.6,1000,1000,1000
avlhashtree,build_50k_then_reinsert_10k_existing,build_then_reinsert_existing,build_then_reinsert_existing,False,50000,50K,50000,50000,10000,70,80,75.0,10,2017.5,1992.5,2146.4,1000,1000,1000
avlhashtree,insert_only_build_50k,insert_only_build,insert_only_build,False,50000,50K,50000,0,50000,80,90,85.0,10,2449.0,2384.8,2528.3,5000,5000,5000
avlhashtree,prehashed_ordered_insert_only_50k,insert_only_build,prehashed_ordered_insert_only,True,50000,50K,50000,0,50000,80,90,85.0,10,2528.5,2396.2,2553.4,5000,5000,5000
avlhashtree,build_50k_then_add_10k_new,build_then_add_new,build_then_add_new,False,50000,50K,60000,50000,10000,80,90,85.0,10,2523.0,2498.2,2588.7,1000,1000,1000
avlhashtree,build_50k_then_reinsert_10k_existing,build_then_reinsert_existing,build_then_reinsert_existing,False,50000,50K,50000,50000,10000,80,90,85.0,10,2038.5,1953.6,2079.9,1000,1000,1000
avlhashtree,insert_only_build_50k,insert_only_build,insert_only_build,False,50000,50K,50000,0,50000,90,100,95.0,10,2502.0,2423.5,2574.6,5000,5000,5000
avlhashtree,prehashed_ordered_insert_only_50k,insert_only_build,prehashed_ordered_insert_only,True,50000,50K,50000,0,50000,90,100,95.0,10,2298.5,2267.5,2346.3,5000,5000,5000
avlhashtree,build_50k_then_add_10k_new,build_then_add_new,build_then_add_new,False,50000,50K,60000,50000,10000,90,100,95.0,10,2632.5,2494.3,2705.3,1000,1000,1000
avlhashtree,build_50k_then_reinsert_10k_existing,build_then_reinsert_existing,build_then_reinsert_existing,False,50000,50K,50000,50000,10000,90,100,95.0,10,2041.5,2011.2999999999997,2175.0,1000,1000,1000
avlhashtree,insert_only_build_100k,insert_only_build,insert_only_build,False,100000,100K,100000,0,100000,0,10,5.0,10,2031.5,1977.2,2168.9999999999995,10000,10000,10000
avlhashtree,prehashed_ordered_insert_only_100k,insert_only_build,prehashed_ordered_insert_only,True,100000,100K,100000,0,100000,0,10,5.0,10,2023.0,1986.8,2046.5,10000,10000,10000
avlhashtree,build_100k_then_add_20k_new,build_then_add_new,build_then_add_new,False,100000,100K,120000,100000,20000,0,10,5.0,10,3064.5,2898.7,3166.7,2000,2000,2000
avlhashtree,build_100k_then_reinsert_20k_existing,build_then_reinsert_existing,build_then_reinsert_existing,False,100000,100K,100000,100000,20000,0,10,5.0,10,1932.5,1867.2,1978.8,2000,2000,2000
avlhashtree,insert_only_build_100k,insert_only_build,insert_only_build,False,100000,100K,100000,0,100000,10,20,15.0,10,2320.5,2286.2,2437.0,10000,10000,10000
avlhashtree,prehashed_ordered_insert_only_100k,insert_only_build,prehashed_ordered_insert_only,True,100000,100K,100000,0,100000,10,20,15.0,10,2095.0,2037.3999999999999,2184.6,10000,10000,10000
avlhashtree,build_100k_then_add_20k_new,build_then_add_new,build_then_add_new,False,100000,100K,120000,100000,20000,10,20,15.0,10,2939.0,2853.1,3018.1,2000,2000,2000
avlhashtree,build_100k_then_reinsert_20k_existing,build_then_reinsert_existing,build_then_reinsert_existing,False,100000,100K,100000,100000,20000,10,20,15.0,10,2039.0,1983.0,2138.5,2000,2000,2000
avlhashtree,insert_only_build_100k,insert_only_build,insert_only_build,False,100000,100K,100000,0,100000,20,30,25.0,10,2342.0,2301.5,2459.5,10000,10000,10000
avlhashtree,prehashed_ordered_insert_only_100k,insert_only_build,prehashed_ordered_insert_only,True,100000,100K,100000,0,100000,20,30,25.0,10,2242.5,2181.5,2291.1,10000,10000,10000
avlhashtree,build_100k_then_add_20k_new,build_then_add_new,build_then_add_new,False,100000,100K,120000,100000,20000,20,30,25.0,10,2935.0,2814.2,3046.6,2000,2000,2000
avlhashtree,build_100k_then_reinsert_20k_existing,build_then_reinsert_existing,build_then_reinsert_existing,False,100000,100K,100000,100000,20000,20,30,25.0,10,2115.5,2049.6,2226.0,2000,2000,2000
avlhashtree,insert_only_build_100k,insert_only_build,insert_only_build,False,100000,100K,100000,0,100000,30,40,35.0,10,2550.5,2492.8,2649.1,10000,10000,10000
avlhashtree,prehashed_ordered_insert_only_100k,insert_only_build,prehashed_ordered_insert_only,True,100000,100K,100000,0,100000,30,40,35.0,10,2263.5,2208.6,2375.1,10000,10000,10000
avlhashtree,build_100k_then_add_20k_new,build_then_add_new,build_then_add_new,False,100000,100K,120000,100000,20000,30,40,35.0,10,2961.5,2837.2,3034.0,2000,2000,2000
avlhashtree,build_100k_then_reinsert_20k_existing,build_then_reinsert_existing,build_then_reinsert_existing,False,100000,100K,100000,100000,20000,30,40,35.0,10,2150.5,2107.2,2209.0,2000,2000,2000
avlhashtree,insert_only_build_100k,insert_only_build,insert_only_build,False,100000,100K,100000,0,100000,40,50,45.0,10,2479.0,2410.9,2526.0,10000,10000,10000
avlhashtree,prehashed_ordered_insert_only_100k,insert_only_build,prehashed_ordered_insert_only,True,100000,100K,100000,0,100000,40,50,45.0,10,2358.5,2295.2,2426.9,10000,10000,10000
avlhashtree,build_100k_then_add_20k_new,build_then_add_new,build_then_add_new,False,100000,100K,120000,100000,20000,40,50,45.0,10,2910.5,2796.9,2941.2,2000,2000,2000
avlhashtree,build_100k_then_reinsert_20k_existing,build_then_reinsert_existing,build_then_reinsert_existing,False,100000,100K,100000,100000,20000,40,50,45.0,10,2183.0,2144.2,2254.0,2000,2000,2000
avlhashtree,insert_only_build_100k,insert_only_build,insert_only_build,False,100000,100K,100000,0,100000,50,60,55.0,10,2561.5,2485.7,2614.1,10000,10000,10000
avlhashtree,prehashed_ordered_insert_only_100k,insert_only_build,prehashed_ordered_insert_only,True,100000,100K,100000,0,100000,50,60,55.0,10,2291.0,2228.0,2319.5,10000,10000,10000
avlhashtree,build_100k_then_add_20k_new,build_then_add_new,build_then_add_new,False,100000,100K,120000,100000,20000,50,60,55.0,10,2904.5,2781.6,2933.6,2000,2000,2000
avlhashtree,build_100k_then_reinsert_20k_existing,build_then_reinsert_existing,build_then_reinsert_existing,False,100000,100K,100000,100000,20000,50,60,55.0,10,2188.5,2149.2,2248.8,2000,2000,2000
avlhashtree,insert_only_build_100k,insert_only_build,insert_only_build,False,100000,100K,100000,0,100000,60,70,65.0,10,2622.0,2537.6,2697.6,10000,10000,10000
avlhashtree,prehashed_ordered_insert_only_100k,insert_only_build,prehashed_ordered_insert_only,True,100000,100K,100000,0,100000,60,70,65.0,10,2324.0,2286.6,2375.4,10000,10000,10000
avlhashtree,build_100k_then_add_20k_new,build_then_add_new,build_then_add_new,False,100000,100K,120000,100000,20000,60,70,65.0,10,2883.0,2773.3,2955.1,2000,2000,2000
avlhashtree,build_100k_then_reinsert_20k_existing,build_then_reinsert_existing,build_then_reinsert_existing,False,100000,100K,100000,100000,20000,60,70,65.0,10,2217.5,2163.9,2265.4,2000,2000,2000
avlhashtree,insert_only_build_100k,insert_only_build,insert_only_build,False,100000,100K,100000,0,100000,70,80,75.0,10,2728.5,2713.4,2781.0,10000,10000,10000
avlhashtree,prehashed_ordered_insert_only_100k,insert_only_build,prehashed_ordered_insert_only,True,100000,100K,100000,0,100000,70,80,75.0,10,2438.0,2336.5,2600.1,10000,10000,10000
avlhashtree,build_100k_then_add_20k_new,build_then_add_new,build_then_add_new,False,100000,100K,120000,100000,20000,70,80,75.0,10,2912.0,2786.0,2948.6,2000,2000,2000
avlhashtree,build_100k_then_reinsert_20k_existing,build_then_reinsert_existing,build_then_reinsert_existing,False,100000,100K,100000,100000,20000,70,80,75.0,10,2239.0,2190.3,2296.4,2000,2000,2000
avlhashtree,insert_only_build_100k,insert_only_build,insert_only_build,False,100000,100K,100000,0,100000,80,90,85.0,10,2665.5,2642.3,2712.1,10000,10000,10000
avlhashtree,prehashed_ordered_insert_only_100k,insert_only_build,prehashed_ordered_insert_only,True,100000,100K,100000,0,100000,80,90,85.0,10,2482.0,2401.5,2551.3,10000,10000,10000
avlhashtree,build_100k_then_add_20k_new,build_then_add_new,build_then_add_new,False,100000,100K,120000,100000,20000,80,90,85.0,10,2865.5,2777.3,2964.3,2000,2000,2000
avlhashtree,build_100k_then_reinsert_20k_existing,build_then_reinsert_existing,build_then_reinsert_existing,False,100000,100K,100000,100000,20000,80,90,85.0,10,2250.5,2173.5,2289.1,2000,2000,2000
avlhashtree,insert_only_build_100k,insert_only_build,insert_only_build,False,100000,100K,100000,0,100000,90,100,95.0,10,2739.5,2691.1,2815.9,10000,10000,10000
avlhashtree,prehashed_ordered_insert_only_100k,insert_only_build,prehashed_ordered_insert_only,True,100000,100K,100000,0,100000,90,100,95.0,10,2415.5,2347.9,2499.3,10000,10000,10000
avlhashtree,build_100k_then_add_20k_new,build_then_add_new,build_then_add_new,False,100000,100K,120000,100000,20000,90,100,95.0,10,2884.5,2780.9,2946.1,2000,2000,2000
avlhashtree,build_100k_then_reinsert_20k_existing,build_then_reinsert_existing,build_then_reinsert_existing,False,100000,100K,100000,100000,20000,90,100,95.0,10,2266.5,2240.5,2324.1,2000,2000,2000
avlhashtree,insert_only_build_200k,insert_only_build,insert_only_build,False,200000,200K,200000,0,200000,0,10,5.0,10,2166.0,2108.8,2189.6,20000,20000,20000
avlhashtree,prehashed_ordered_insert_only_200k,insert_only_build,prehashed_ordered_insert_only,True,200000,200K,200000,0,200000,0,10,5.0,10,2063.5,1993.6,2120.2,20000,20000,20000
avlhashtree,build_200k_then_add_40k_new,build_then_add_new,build_then_add_new,False,200000,200K,240000,200000,40000,0,10,5.0,10,3325.5,3241.9,3483.7,4000,4000,4000
avlhashtree,build_200k_then_reinsert_40k_existing,build_then_reinsert_existing,build_then_reinsert_existing,False,200000,200K,200000,200000,40000,0,10,5.0,10,2161.0,2111.2,2204.1,4000,4000,4000
avlhashtree,insert_only_build_200k,insert_only_build,insert_only_build,False,200000,200K,200000,0,200000,10,20,15.0,10,2430.5,2368.5,2467.6,20000,20000,20000
avlhashtree,prehashed_ordered_insert_only_200k,insert_only_build,prehashed_ordered_insert_only,True,200000,200K,200000,0,200000,10,20,15.0,10,2252.5,2192.4,2311.7,20000,20000,20000
avlhashtree,build_200k_then_add_40k_new,build_then_add_new,build_then_add_new,False,200000,200K,240000,200000,40000,10,20,15.0,10,3163.0,3116.4,3354.1,4000,4000,4000
avlhashtree,build_200k_then_reinsert_40k_existing,build_then_reinsert_existing,build_then_reinsert_existing,False,200000,200K,200000,200000,40000,10,20,15.0,10,2333.5,2300.0,2391.7,4000,4000,4000
avlhashtree,insert_only_build_200k,insert_only_build,insert_only_build,False,200000,200K,200000,0,200000,20,30,25.0,10,2508.0,2437.7,2566.2,20000,20000,20000
avlhashtree,prehashed_ordered_insert_only_200k,insert_only_build,prehashed_ordered_insert_only,True,200000,200K,200000,0,200000,20,30,25.0,10,2378.5,2303.2,2399.9,20000,20000,20000
avlhashtree,build_200k_then_add_40k_new,build_then_add_new,build_then_add_new,False,200000,200K,240000,200000,40000,20,30,25.0,10,3109.5,3083.2,3271.4,4000,4000,4000
avlhashtree,build_200k_then_reinsert_40k_existing,build_then_reinsert_existing,build_then_reinsert_existing,False,200000,200K,200000,200000,40000,20,30,25.0,10,2384.5,2360.0,2460.5,4000,4000,4000
avlhashtree,insert_only_build_200k,insert_only_build,insert_only_build,False,200000,200K,200000,0,200000,30,40,35.0,10,2671.5,2602.4,2708.8,20000,20000,20000
avlhashtree,prehashed_ordered_insert_only_200k,insert_only_build,prehashed_ordered_insert_only,True,200000,200K,200000,0,200000,30,40,35.0,10,2328.0,2272.0,2347.9,20000,20000,20000
avlhashtree,build_200k_then_add_40k_new,build_then_add_new,build_then_add_new,False,200000,200K,240000,200000,40000,30,40,35.0,10,3141.5,3085.4,3278.4,4000,4000,4000
avlhashtree,build_200k_then_reinsert_40k_existing,build_then_reinsert_existing,build_then_reinsert_existing,False,200000,200K,200000,200000,40000,30,40,35.0,10,2472.0,2438.4,2530.4,4000,4000,4000
avlhashtree,insert_only_build_200k,insert_only_build,insert_only_build,False,200000,200K,200000,0,200000,40,50,45.0,10,2696.0,2635.3,2779.9,20000,20000,20000
avlhashtree,prehashed_ordered_insert_only_200k,insert_only_build,prehashed_ordered_insert_only,True,200000,200K,200000,0,200000,40,50,45.0,10,2443.0,2398.4,2476.9,20000,20000,20000
avlhashtree,build_200k_then_add_40k_new,build_then_add_new,build_then_add_new,False,200000,200K,240000,200000,40000,40,50,45.0,10,3174.5,3119.9,3286.1,4000,4000,4000
avlhashtree,build_200k_then_reinsert_40k_existing,build_then_reinsert_existing,build_then_reinsert_existing,False,200000,200K,200000,200000,40000,40,50,45.0,10,2530.5,2489.8,2604.3,4000,4000,4000
avlhashtree,insert_only_build_200k,insert_only_build,insert_only_build,False,200000,200K,200000,0,200000,50,60,55.0,10,2784.5,2717.9,2907.0,20000,20000,20000
avlhashtree,prehashed_ordered_insert_only_200k,insert_only_build,prehashed_ordered_insert_only,True,200000,200K,200000,0,200000,50,60,55.0,10,2395.5,2347.3,2416.1,20000,20000,20000
avlhashtree,build_200k_then_add_40k_new,build_then_add_new,build_then_add_new,False,200000,200K,240000,200000,40000,50,60,55.0,10,3150.5,3097.9,3219.0,4000,4000,4000
avlhashtree,build_200k_then_reinsert_40k_existing,build_then_reinsert_existing,build_then_reinsert_existing,False,200000,200K,200000,200000,40000,50,60,55.0,10,2540.5,2502.2,2662.2,4000,4000,4000
avlhashtree,insert_only_build_200k,insert_only_build,insert_only_build,False,200000,200K,200000,0,200000,60,70,65.0,10,2927.5,2851.6,3042.7999999999997,20000,20000,20000
avlhashtree,prehashed_ordered_insert_only_200k,insert_only_build,prehashed_ordered_insert_only,True,200000,200K,200000,0,200000,60,70,65.0,10,2485.0,2433.5,2509.3,20000,20000,20000
avlhashtree,build_200k_then_add_40k_new,build_then_add_new,build_then_add_new,False,200000,200K,240000,200000,40000,60,70,65.0,10,3177.5,3115.1,3253.0,4000,4000,4000
avlhashtree,build_200k_then_reinsert_40k_existing,build_then_reinsert_existing,build_then_reinsert_existing,False,200000,200K,200000,200000,40000,60,70,65.0,10,2550.0,2521.0,2637.6,4000,4000,4000
avlhashtree,insert_only_build_200k,insert_only_build,insert_only_build,False,200000,200K,200000,0,200000,70,80,75.0,10,2910.0,2817.4,3048.7999999999997,20000,20000,20000
avlhashtree,prehashed_ordered_insert_only_200k,insert_only_build,prehashed_ordered_insert_only,True,200000,200K,200000,0,200000,70,80,75.0,10,2543.5,2494.2,2611.1,20000,20000,20000
avlhashtree,build_200k_then_add_40k_new,build_then_add_new,build_then_add_new,False,200000,200K,240000,200000,40000,70,80,75.0,10,3188.5,3116.3,3308.5,4000,4000,4000
avlhashtree,build_200k_then_reinsert_40k_existing,build_then_reinsert_existing,build_then_reinsert_existing,False,200000,200K,200000,200000,40000,70,80,75.0,10,2550.0,2512.5,2635.1,4000,4000,4000
avlhashtree,insert_only_build_200k,insert_only_build,insert_only_build,False,200000,200K,200000,0,200000,80,90,85.0,10,2989.0,2905.0,3137.7999999999997,20000,20000,20000
avlhashtree,prehashed_ordered_insert_only_200k,insert_only_build,prehashed_ordered_insert_only,True,200000,200K,200000,0,200000,80,90,85.0,10,2628.5,2577.0,2656.7,20000,20000,20000
avlhashtree,build_200k_then_add_40k_new,build_then_add_new,build_then_add_new,False,200000,200K,240000,200000,40000,80,90,85.0,10,3189.0,3128.7,3320.3,4000,4000,4000
avlhashtree,build_200k_then_reinsert_40k_existing,build_then_reinsert_existing,build_then_reinsert_existing,False,200000,200K,200000,200000,40000,80,90,85.0,10,2571.5,2537.4,2637.1,4000,4000,4000
avlhashtree,insert_only_build_200k,insert_only_build,insert_only_build,False,200000,200K,200000,0,200000,90,100,95.0,10,3043.5,2951.2,3245.6,20000,20000,20000
avlhashtree,prehashed_ordered_insert_only_200k,insert_only_build,prehashed_ordered_insert_only,True,200000,200K,200000,0,200000,90,100,95.0,10,2534.5,2516.9,2571.5,20000,20000,20000
avlhashtree,build_200k_then_add_40k_new,build_then_add_new,build_then_add_new,False,200000,200K,240000,200000,40000,90,100,95.0,10,3193.5,3134.2,3255.3,4000,4000,4000
avlhashtree,build_200k_then_reinsert_40k_existing,build_then_reinsert_existing,build_then_reinsert_existing,False,200000,200K,200000,200000,40000,90,100,95.0,10,2629.0,2570.3,2673.5,4000,4000,4000
avlhashtree,insert_only_build_300k,insert_only_build,insert_only_build,False,300000,300K,300000,0,300000,0,10,5.0,10,2213.0,2167.5,2255.1,30000,30000,30000
avlhashtree,prehashed_ordered_insert_only_300k,insert_only_build,prehashed_ordered_insert_only,True,300000,300K,300000,0,300000,0,10,5.0,10,2102.5,2048.2,2157.5,30000,30000,30000
avlhashtree,build_300k_then_add_60k_new,build_then_add_new,build_then_add_new,False,300000,300K,360000,300000,60000,0,10,5.0,10,3762.0,3672.3,4062.0000000000005,6000,6000,6000
avlhashtree,build_300k_then_reinsert_60k_existing,build_then_reinsert_existing,build_then_reinsert_existing,False,300000,300K,300000,300000,60000,0,10,5.0,10,2420.0,2324.6,2557.3,6000,6000,6000
avlhashtree,insert_only_build_300k,insert_only_build,insert_only_build,False,300000,300K,300000,0,300000,10,20,15.0,10,2528.5,2438.6,2569.1,30000,30000,30000
avlhashtree,prehashed_ordered_insert_only_300k,insert_only_build,prehashed_ordered_insert_only,True,300000,300K,300000,0,300000,10,20,15.0,10,2322.5,2270.3,2379.6,30000,30000,30000
avlhashtree,build_300k_then_add_60k_new,build_then_add_new,build_then_add_new,False,300000,300K,360000,300000,60000,10,20,15.0,10,3588.0,3532.1,3803.4,6000,6000,6000
avlhashtree,build_300k_then_reinsert_60k_existing,build_then_reinsert_existing,build_then_reinsert_existing,False,300000,300K,300000,300000,60000,10,20,15.0,10,2616.5,2496.9,2712.4,6000,6000,6000
avlhashtree,insert_only_build_300k,insert_only_build,insert_only_build,False,300000,300K,300000,0,300000,20,30,25.0,10,2683.5,2605.8,2752.5,30000,30000,30000
avlhashtree,prehashed_ordered_insert_only_300k,insert_only_build,prehashed_ordered_insert_only,True,300000,300K,300000,0,300000,20,30,25.0,10,2464.5,2394.8,2485.1,30000,30000,30000
avlhashtree,build_300k_then_add_60k_new,build_then_add_new,build_then_add_new,False,300000,300K,360000,300000,60000,20,30,25.0,10,3611.0,3538.2,3819.6,6000,6000,6000
avlhashtree,build_300k_then_reinsert_60k_existing,build_then_reinsert_existing,build_then_reinsert_existing,False,300000,300K,300000,300000,60000,20,30,25.0,10,2717.5,2589.2,3480.5,6000,6000,6000
avlhashtree,insert_only_build_300k,insert_only_build,insert_only_build,False,300000,300K,300000,0,300000,30,40,35.0,10,2753.0,2714.7,2824.7,30000,30000,30000
avlhashtree,prehashed_ordered_insert_only_300k,insert_only_build,prehashed_ordered_insert_only,True,300000,300K,300000,0,300000,30,40,35.0,10,2368.5,2335.8,2420.9,30000,30000,30000
avlhashtree,build_300k_then_add_60k_new,build_then_add_new,build_then_add_new,False,300000,300K,360000,300000,60000,30,40,35.0,10,3562.0,3488.1,4606.3,6000,6000,6000
avlhashtree,build_300k_then_reinsert_60k_existing,build_then_reinsert_existing,build_then_reinsert_existing,False,300000,300K,300000,300000,60000,30,40,35.0,10,2805.0,2659.8,3101.9,6000,6000,6000
avlhashtree,insert_only_build_300k,insert_only_build,insert_only_build,False,300000,300K,300000,0,300000,40,50,45.0,10,2902.0,2850.9,2957.2,30000,30000,30000
avlhashtree,prehashed_ordered_insert_only_300k,insert_only_build,prehashed_ordered_insert_only,True,300000,300K,300000,0,300000,40,50,45.0,10,2504.5,2481.1,2568.4,30000,30000,30000
avlhashtree,build_300k_then_add_60k_new,build_then_add_new,build_then_add_new,False,300000,300K,360000,300000,60000,40,50,45.0,10,4011.5,3448.9,4428.3,6000,6000,6000
avlhashtree,build_300k_then_reinsert_60k_existing,build_then_reinsert_existing,build_then_reinsert_existing,False,300000,300K,300000,300000,60000,40,50,45.0,10,2899.5,2671.8,3383.5,6000,6000,6000
avlhashtree,insert_only_build_300k,insert_only_build,insert_only_build,False,300000,300K,300000,0,300000,50,60,55.0,10,2939.0,2885.3,3019.3,30000,30000,30000
avlhashtree,prehashed_ordered_insert_only_300k,insert_only_build,prehashed_ordered_insert_only,True,300000,300K,300000,0,300000,50,60,55.0,10,2512.5,2495.4,2577.6,30000,30000,30000
avlhashtree,build_300k_then_add_60k_new,build_then_add_new,build_then_add_new,False,300000,300K,360000,300000,60000,50,60,55.0,10,3714.5,3455.7,4316.9,6000,6000,6000
avlhashtree,build_300k_then_reinsert_60k_existing,build_then_reinsert_existing,build_then_reinsert_existing,False,300000,300K,300000,300000,60000,50,60,55.0,10,2898.5,2709.1,2973.2999999999997,6000,6000,6000
avlhashtree,insert_only_build_300k,insert_only_build,insert_only_build,False,300000,300K,300000,0,300000,60,70,65.0,10,3030.5,2961.5,3105.3,30000,30000,30000
avlhashtree,prehashed_ordered_insert_only_300k,insert_only_build,prehashed_ordered_insert_only,True,300000,300K,300000,0,300000,60,70,65.0,10,2547.5,2538.7,2620.0,30000,30000,30000
avlhashtree,build_300k_then_add_60k_new,build_then_add_new,build_then_add_new,False,300000,300K,360000,300000,60000,60,70,65.0,10,3685.0,3435.2,3925.3999999999996,6000,6000,6000
avlhashtree,build_300k_then_reinsert_60k_existing,build_then_reinsert_existing,build_then_reinsert_existing,False,300000,300K,300000,300000,60000,60,70,65.0,10,2940.0,2751.6,3398.7999999999997,6000,6000,6000
avlhashtree,insert_only_build_300k,insert_only_build,insert_only_build,False,300000,300K,300000,0,300000,70,80,75.0,10,3366.5,3215.3,3601.2,30000,30000,30000
avlhashtree,prehashed_ordered_insert_only_300k,insert_only_build,prehashed_ordered_insert_only,True,300000,300K,300000,0,300000,70,80,75.0,10,2564.5,2538.7,2615.7,30000,30000,30000
avlhashtree,build_300k_then_add_60k_new,build_then_add_new,build_then_add_new,False,300000,300K,360000,300000,60000,70,80,75.0,10,3670.5,3457.0,3758.2,6000,6000,6000
avlhashtree,build_300k_then_reinsert_60k_existing,build_then_reinsert_existing,build_then_reinsert_existing,False,300000,300K,300000,300000,60000,70,80,75.0,10,2972.0,2910.3,3250.7,6000,6000,6000
avlhashtree,insert_only_build_300k,insert_only_build,insert_only_build,False,300000,300K,300000,0,300000,80,90,85.0,10,3406.5,3244.4,3818.1,30000,30000,30000
avlhashtree,prehashed_ordered_insert_only_300k,insert_only_build,prehashed_ordered_insert_only,True,300000,300K,300000,0,300000,80,90,85.0,10,2662.0,2603.3,2686.3,30000,30000,30000
avlhashtree,build_300k_then_add_60k_new,build_then_add_new,build_then_add_new,False,300000,300K,360000,300000,60000,80,90,85.0,10,3632.0,3537.7,3783.5,6000,6000,6000
avlhashtree,build_300k_then_reinsert_60k_existing,build_then_reinsert_existing,build_then_reinsert_existing,False,300000,300K,300000,300000,60000,80,90,85.0,10,3008.5,2946.6,3583.5,6000,6000,6000
avlhashtree,insert_only_build_300k,insert_only_build,insert_only_build,False,300000,300K,300000,0,300000,90,100,95.0,10,3375.5,3232.3,3786.0,30000,30000,30000
avlhashtree,prehashed_ordered_insert_only_300k,insert_only_build,prehashed_ordered_insert_only,True,300000,300K,300000,0,300000,90,100,95.0,10,2655.5,2586.4,2689.2,30000,30000,30000
avlhashtree,build_300k_then_add_60k_new,build_then_add_new,build_then_add_new,False,300000,300K,360000,300000,60000,90,100,95.0,10,3610.0,3514.9,4066.1,6000,6000,6000
avlhashtree,build_300k_then_reinsert_60k_existing,build_then_reinsert_existing,build_then_reinsert_existing,False,300000,300K,300000,300000,60000,90,100,95.0,10,3031.0,2975.4,3080.7999999999997,6000,6000,6000
avlhashtree,insert_only_build_500k,insert_only_build,insert_only_build,False,500000,500K,500000,0,500000,0,10,5.0,10,2339.5,2326.5,2356.2,50000,50000,50000
avlhashtree,prehashed_ordered_insert_only_500k,insert_only_build,prehashed_ordered_insert_only,True,500000,500K,500000,0,500000,0,10,5.0,10,2195.5,2151.1,2248.6,50000,50000,50000
avlhashtree,build_500k_then_add_100k_new,build_then_add_new,build_then_add_new,False,500000,500K,600000,500000,100000,0,10,5.0,10,4775.0,4476.0,5228.4,10000,10000,10000
avlhashtree,build_500k_then_reinsert_100k_existing,build_then_reinsert_existing,build_then_reinsert_existing,False,500000,500K,500000,500000,100000,0,10,5.0,10,3018.0,2878.5,3487.8,10000,10000,10000
avlhashtree,insert_only_build_500k,insert_only_build,insert_only_build,False,500000,500K,500000,0,500000,10,20,15.0,10,2660.0,2638.1,2693.8,50000,50000,50000
avlhashtree,prehashed_ordered_insert_only_500k,insert_only_build,prehashed_ordered_insert_only,True,500000,500K,500000,0,500000,10,20,15.0,10,2438.0,2390.5,2464.6,50000,50000,50000
avlhashtree,build_500k_then_add_100k_new,build_then_add_new,build_then_add_new,False,500000,500K,600000,500000,100000,10,20,15.0,10,4347.0,4255.5,4438.3,10000,10000,10000
avlhashtree,build_500k_then_reinsert_100k_existing,build_then_reinsert_existing,build_then_reinsert_existing,False,500000,500K,500000,500000,100000,10,20,15.0,10,3145.5,3099.7,3242.7,10000,10000,10000
avlhashtree,insert_only_build_500k,insert_only_build,insert_only_build,False,500000,500K,500000,0,500000,20,30,25.0,10,2883.5,2833.4,3016.6,50000,50000,50000
avlhashtree,prehashed_ordered_insert_only_500k,insert_only_build,prehashed_ordered_insert_only,True,500000,500K,500000,0,500000,20,30,25.0,10,2411.5,2396.9,2459.7,50000,50000,50000
avlhashtree,build_500k_then_add_100k_new,build_then_add_new,build_then_add_new,False,500000,500K,600000,500000,100000,20,30,25.0,10,4223.0,4091.8999999999996,4328.9,10000,10000,10000
avlhashtree,build_500k_then_reinsert_100k_existing,build_then_reinsert_existing,build_then_reinsert_existing,False,500000,500K,500000,500000,100000,20,30,25.0,10,3151.0,3090.8,3229.7,10000,10000,10000
avlhashtree,insert_only_build_500k,insert_only_build,insert_only_build,False,500000,500K,500000,0,500000,30,40,35.0,10,3028.0,2964.2,3257.1,50000,50000,50000
avlhashtree,prehashed_ordered_insert_only_500k,insert_only_build,prehashed_ordered_insert_only,True,500000,500K,500000,0,500000,30,40,35.0,10,2529.5,2495.7,2545.3,50000,50000,50000
avlhashtree,build_500k_then_add_100k_new,build_then_add_new,build_then_add_new,False,500000,500K,600000,500000,100000,30,40,35.0,10,4091.0,4013.5999999999995,4187.7,10000,10000,10000
avlhashtree,build_500k_then_reinsert_100k_existing,build_then_reinsert_existing,build_then_reinsert_existing,False,500000,500K,500000,500000,100000,30,40,35.0,10,3235.0,3139.6,3284.6,10000,10000,10000
avlhashtree,insert_only_build_500k,insert_only_build,insert_only_build,False,500000,500K,500000,0,500000,40,50,45.0,10,3216.5,3142.3,3468.7999999999997,50000,50000,50000
avlhashtree,prehashed_ordered_insert_only_500k,insert_only_build,prehashed_ordered_insert_only,True,500000,500K,500000,0,500000,40,50,45.0,10,2522.5,2471.7,2566.7,50000,50000,50000
avlhashtree,build_500k_then_add_100k_new,build_then_add_new,build_then_add_new,False,500000,500K,600000,500000,100000,40,50,45.0,10,4059.5000000000005,3975.8,4149.8,10000,10000,10000
avlhashtree,build_500k_then_reinsert_100k_existing,build_then_reinsert_existing,build_then_reinsert_existing,False,500000,500K,500000,500000,100000,40,50,45.0,10,3204.5,3123.0,3288.2,10000,10000,10000
avlhashtree,insert_only_build_500k,insert_only_build,insert_only_build,False,500000,500K,500000,0,500000,50,60,55.0,10,3263.5,3198.5,3894.9,50000,50000,50000
avlhashtree,prehashed_ordered_insert_only_500k,insert_only_build,prehashed_ordered_insert_only,True,500000,500K,500000,0,500000,50,60,55.0,10,2676.0,2639.1,2729.0,50000,50000,50000
avlhashtree,build_500k_then_add_100k_new,build_then_add_new,build_then_add_new,False,500000,500K,600000,500000,100000,50,60,55.0,10,4062.0000000000005,3972.8,4143.2,10000,10000,10000
avlhashtree,build_500k_then_reinsert_100k_existing,build_then_reinsert_existing,build_then_reinsert_existing,False,500000,500K,500000,500000,100000,50,60,55.0,10,3246.0,3167.9,3333.0,10000,10000,10000
avlhashtree,insert_only_build_500k,insert_only_build,insert_only_build,False,500000,500K,500000,0,500000,60,70,65.0,10,3461.5,3326.1,3913.6,50000,50000,50000
avlhashtree,prehashed_ordered_insert_only_500k,insert_only_build,prehashed_ordered_insert_only,True,500000,500K,500000,0,500000,60,70,65.0,10,2725.5,2686.0,2787.2,50000,50000,50000
avlhashtree,build_500k_then_add_100k_new,build_then_add_new,build_then_add_new,False,500000,500K,600000,500000,100000,60,70,65.0,10,4050.5,3979.0,4129.8,10000,10000,10000
avlhashtree,build_500k_then_reinsert_100k_existing,build_then_reinsert_existing,build_then_reinsert_existing,False,500000,500K,500000,500000,100000,60,70,65.0,10,3278.0,3180.4,3341.6,10000,10000,10000
avlhashtree,insert_only_build_500k,insert_only_build,insert_only_build,False,500000,500K,500000,0,500000,70,80,75.0,10,3643.5,3457.7,3960.1,50000,50000,50000
avlhashtree,prehashed_ordered_insert_only_500k,insert_only_build,prehashed_ordered_insert_only,True,500000,500K,500000,0,500000,70,80,75.0,10,2671.0,2606.3,2732.5,50000,50000,50000
avlhashtree,build_500k_then_add_100k_new,build_then_add_new,build_then_add_new,False,500000,500K,600000,500000,100000,70,80,75.0,10,4065.4999999999995,3962.4,4155.6,10000,10000,10000
avlhashtree,build_500k_then_reinsert_100k_existing,build_then_reinsert_existing,build_then_reinsert_existing,False,500000,500K,500000,500000,100000,70,80,75.0,10,3306.5,3197.2,3366.7,10000,10000,10000
avlhashtree,insert_only_build_500k,insert_only_build,insert_only_build,False,500000,500K,500000,0,500000,80,90,85.0,10,3815.0,3751.5,4317.9,50000,50000,50000
avlhashtree,prehashed_ordered_insert_only_500k,insert_only_build,prehashed_ordered_insert_only,True,500000,500K,500000,0,500000,80,90,85.0,10,2671.0,2590.3,2736.5,50000,50000,50000
avlhashtree,build_500k_then_add_100k_new,build_then_add_new,build_then_add_new,False,500000,500K,600000,500000,100000,80,90,85.0,10,4093.5,3926.4,4165.5,10000,10000,10000
avlhashtree,build_500k_then_reinsert_100k_existing,build_then_reinsert_existing,build_then_reinsert_existing,False,500000,500K,500000,500000,100000,80,90,85.0,10,3329.0,3226.7,3406.1,10000,10000,10000
avlhashtree,insert_only_build_500k,insert_only_build,insert_only_build,False,500000,500K,500000,0,500000,90,100,95.0,10,3994.0,3786.0,4577.0,50000,50000,50000
avlhashtree,prehashed_ordered_insert_only_500k,insert_only_build,prehashed_ordered_insert_only,True,500000,500K,500000,0,500000,90,100,95.0,10,2670.5,2592.0,2709.1,50000,50000,50000
avlhashtree,build_500k_then_add_100k_new,build_then_add_new,build_then_add_new,False,500000,500K,600000,500000,100000,90,100,95.0,10,4086.5,3921.6,4203.9,10000,10000,10000
avlhashtree,build_500k_then_reinsert_100k_existing,build_then_reinsert_existing,build_then_reinsert_existing,False,500000,500K,500000,500000,100000,90,100,95.0,10,3316.0,3241.1,3426.8,10000,10000,10000
avlhashtree,insert_only_build_700k,insert_only_build,insert_only_build,False,700000,700K,700000,0,700000,0,10,5.0,10,2405.0,2377.0,2434.1,70000,70000,70000
avlhashtree,prehashed_ordered_insert_only_700k,insert_only_build,prehashed_ordered_insert_only,True,700000,700K,700000,0,700000,0,10,5.0,10,2235.0,2178.8,2251.1,70000,70000,70000
avlhashtree,build_700k_then_add_140k_new,build_then_add_new,build_then_add_new,False,700000,700K,840000,700000,140000,0,10,5.0,10,4994.0,4710.4,5215.0,14000,14000,14000
avlhashtree,build_700k_then_reinsert_140k_existing,build_then_reinsert_existing,build_then_reinsert_existing,False,700000,700K,700000,700000,140000,0,10,5.0,10,3029.5,2980.6,3175.1,14000,14000,14000
avlhashtree,insert_only_build_700k,insert_only_build,insert_only_build,False,700000,700K,700000,0,700000,10,20,15.0,10,2829.5,2738.8,2915.7,70000,70000,70000
avlhashtree,prehashed_ordered_insert_only_700k,insert_only_build,prehashed_ordered_insert_only,True,700000,700K,700000,0,700000,10,20,15.0,10,2483.0,2416.0,2519.2,70000,70000,70000
avlhashtree,build_700k_then_add_140k_new,build_then_add_new,build_then_add_new,False,700000,700K,840000,700000,140000,10,20,15.0,10,4573.0,4408.3,4801.9,14000,14000,14000
avlhashtree,build_700k_then_reinsert_140k_existing,build_then_reinsert_existing,build_then_reinsert_existing,False,700000,700K,700000,700000,140000,10,20,15.0,10,3197.5,3139.1,3425.0,14000,14000,14000
avlhashtree,insert_only_build_700k,insert_only_build,insert_only_build,False,700000,700K,700000,0,700000,20,30,25.0,10,3013.0,2986.9,3178.9,70000,70000,70000
avlhashtree,prehashed_ordered_insert_only_700k,insert_only_build,prehashed_ordered_insert_only,True,700000,700K,700000,0,700000,20,30,25.0,10,2490.0,2433.9,2539.8,70000,70000,70000
avlhashtree,build_700k_then_add_140k_new,build_then_add_new,build_then_add_new,False,700000,700K,840000,700000,140000,20,30,25.0,10,4489.5,4370.1,4647.1,14000,14000,14000
avlhashtree,build_700k_then_reinsert_140k_existing,build_then_reinsert_existing,build_then_reinsert_existing,False,700000,700K,700000,700000,140000,20,30,25.0,10,3325.0,3253.3,3397.5,14000,14000,14000
avlhashtree,insert_only_build_700k,insert_only_build,insert_only_build,False,700000,700K,700000,0,700000,30,40,35.0,10,3292.0,3175.8,3494.7999999999997,70000,70000,70000
avlhashtree,prehashed_ordered_insert_only_700k,insert_only_build,prehashed_ordered_insert_only,True,700000,700K,700000,0,700000,30,40,35.0,10,2570.0,2511.0,2599.5,70000,70000,70000
avlhashtree,build_700k_then_add_140k_new,build_then_add_new,build_then_add_new,False,700000,700K,840000,700000,140000,30,40,35.0,10,4489.0,4397.4,4743.7,14000,14000,14000
avlhashtree,build_700k_then_reinsert_140k_existing,build_then_reinsert_existing,build_then_reinsert_existing,False,700000,700K,700000,700000,140000,30,40,35.0,10,3377.0,3327.1,3464.8,14000,14000,14000
avlhashtree,insert_only_build_700k,insert_only_build,insert_only_build,False,700000,700K,700000,0,700000,40,50,45.0,10,3363.0,3300.9,3559.7999999999997,70000,70000,70000
avlhashtree,prehashed_ordered_insert_only_700k,insert_only_build,prehashed_ordered_insert_only,True,700000,700K,700000,0,700000,40,50,45.0,10,2629.0,2568.9,2676.3,70000,70000,70000
avlhashtree,build_700k_then_add_140k_new,build_then_add_new,build_then_add_new,False,700000,700K,840000,700000,140000,40,50,45.0,10,4419.5,4374.5,4740.9,14000,14000,14000
avlhashtree,build_700k_then_reinsert_140k_existing,build_then_reinsert_existing,build_then_reinsert_existing,False,700000,700K,700000,700000,140000,40,50,45.0,10,3445.0,3341.0,3541.7,14000,14000,14000
avlhashtree,insert_only_build_700k,insert_only_build,insert_only_build,False,700000,700K,700000,0,700000,50,60,55.0,10,3596.5,3531.6,3794.5,70000,70000,70000
avlhashtree,prehashed_ordered_insert_only_700k,insert_only_build,prehashed_ordered_insert_only,True,700000,700K,700000,0,700000,50,60,55.0,10,2704.5,2640.0,2738.0,70000,70000,70000
avlhashtree,build_700k_then_add_140k_new,build_then_add_new,build_then_add_new,False,700000,700K,840000,700000,140000,50,60,55.0,10,4365.0,4271.9,4677.9,14000,14000,14000
avlhashtree,build_700k_then_reinsert_140k_existing,build_then_reinsert_existing,build_then_reinsert_existing,False,700000,700K,700000,700000,140000,50,60,55.0,10,3469.0,3369.0,3533.8,14000,14000,14000
avlhashtree,insert_only_build_700k,insert_only_build,insert_only_build,False,700000,700K,700000,0,700000,60,70,65.0,10,3737.0,3689.7,4009.4,70000,70000,70000
avlhashtree,prehashed_ordered_insert_only_700k,insert_only_build,prehashed_ordered_insert_only,True,700000,700K,700000,0,700000,60,70,65.0,10,2749.0,2687.2,2793.0,70000,70000,70000
avlhashtree,build_700k_then_add_140k_new,build_then_add_new,build_then_add_new,False,700000,700K,840000,700000,140000,60,70,65.0,10,4417.0,4202.3,4755.4,14000,14000,14000
avlhashtree,build_700k_then_reinsert_140k_existing,build_then_reinsert_existing,build_then_reinsert_existing,False,700000,700K,700000,700000,140000,60,70,65.0,10,3420.0,3386.8,3526.7,14000,14000,14000
avlhashtree,insert_only_build_700k,insert_only_build,insert_only_build,False,700000,700K,700000,0,700000,70,80,75.0,10,3939.5,3836.6,4132.2,70000,70000,70000
avlhashtree,prehashed_ordered_insert_only_700k,insert_only_build,prehashed_ordered_insert_only,True,700000,700K,700000,0,700000,70,80,75.0,10,2722.5,2656.7,2760.5,70000,70000,70000
avlhashtree,build_700k_then_add_140k_new,build_then_add_new,build_then_add_new,False,700000,700K,840000,700000,140000,70,80,75.0,10,4440.5,4202.4,4866.4,14000,14000,14000
avlhashtree,build_700k_then_reinsert_140k_existing,build_then_reinsert_existing,build_then_reinsert_existing,False,700000,700K,700000,700000,140000,70,80,75.0,10,3460.0,3434.4,3542.6,14000,14000,14000
avlhashtree,insert_only_build_700k,insert_only_build,insert_only_build,False,700000,700K,700000,0,700000,80,90,85.0,10,4040.0,3983.9,4208.4,70000,70000,70000
avlhashtree,prehashed_ordered_insert_only_700k,insert_only_build,prehashed_ordered_insert_only,True,700000,700K,700000,0,700000,80,90,85.0,10,2771.0,2742.5,2847.5,70000,70000,70000
avlhashtree,build_700k_then_add_140k_new,build_then_add_new,build_then_add_new,False,700000,700K,840000,700000,140000,80,90,85.0,10,4435.5,4186.2,4992.2,14000,14000,14000
avlhashtree,build_700k_then_reinsert_140k_existing,build_then_reinsert_existing,build_then_reinsert_existing,False,700000,700K,700000,700000,140000,80,90,85.0,10,3508.0,3476.9,3607.6,14000,14000,14000
avlhashtree,insert_only_build_700k,insert_only_build,insert_only_build,False,700000,700K,700000,0,700000,90,100,95.0,10,4123.5,4004.7,4229.5,70000,70000,70000
avlhashtree,prehashed_ordered_insert_only_700k,insert_only_build,prehashed_ordered_insert_only,True,700000,700K,700000,0,700000,90,100,95.0,10,2770.0,2748.1,2811.3,70000,70000,70000
avlhashtree,build_700k_then_add_140k_new,build_then_add_new,build_then_add_new,False,700000,700K,840000,700000,140000,90,100,95.0,10,4504.0,4219.6,4971.7,14000,14000,14000
avlhashtree,build_700k_then_reinsert_140k_existing,build_then_reinsert_existing,build_then_reinsert_existing,False,700000,700K,700000,700000,140000,90,100,95.0,10,3577.5,3495.5,3642.6,14000,14000,14000
avlhashtree,insert_only_build_900k,insert_only_build,insert_only_build,False,900000,900K,900000,0,900000,0,10,5.0,10,2479.5,2405.6,2565.5,90000,90000,90000
avlhashtree,prehashed_ordered_insert_only_900k,insert_only_build,prehashed_ordered_insert_only,True,900000,900K,900000,0,900000,0,10,5.0,10,2292.5,2246.3,2351.6,90000,90000,90000
avlhashtree,build_900k_then_add_180k_new,build_then_add_new,build_then_add_new,False,900000,900K,1080000,900000,180000,0,10,5.0,10,5582.0,5309.7,5767.599999999999,18000,18000,18000
avlhashtree,build_900k_then_reinsert_180k_existing,build_then_reinsert_existing,build_then_reinsert_existing,False,900000,900K,900000,900000,180000,0,10,5.0,10,3321.5,3243.1,3398.1,18000,18000,18000
avlhashtree,insert_only_build_900k,insert_only_build,insert_only_build,False,900000,900K,900000,0,900000,10,20,15.0,10,2921.0,2795.0,3092.1,90000,90000,90000
avlhashtree,prehashed_ordered_insert_only_900k,insert_only_build,prehashed_ordered_insert_only,True,900000,900K,900000,0,900000,10,20,15.0,10,2525.5,2491.4,2586.9,90000,90000,90000
avlhashtree,build_900k_then_add_180k_new,build_then_add_new,build_then_add_new,False,900000,900K,1080000,900000,180000,10,20,15.0,10,5011.0,4884.4,5249.7,18000,18000,18000
avlhashtree,build_900k_then_reinsert_180k_existing,build_then_reinsert_existing,build_then_reinsert_existing,False,900000,900K,900000,900000,180000,10,20,15.0,10,3452.5,3418.4,3517.3,18000,18000,18000
avlhashtree,insert_only_build_900k,insert_only_build,insert_only_build,False,900000,900K,900000,0,900000,20,30,25.0,10,3215.0,3041.7,3560.0,90000,90000,90000
avlhashtree,prehashed_ordered_insert_only_900k,insert_only_build,prehashed_ordered_insert_only,True,900000,900K,900000,0,900000,20,30,25.0,10,2526.0,2451.1,2565.0,90000,90000,90000
avlhashtree,build_900k_then_add_180k_new,build_then_add_new,build_then_add_new,False,900000,900K,1080000,900000,180000,20,30,25.0,10,5035.0,4790.0,5426.8,18000,18000,18000
avlhashtree,build_900k_then_reinsert_180k_existing,build_then_reinsert_existing,build_then_reinsert_existing,False,900000,900K,900000,900000,180000,20,30,25.0,10,3495.0,3460.9,3565.6,18000,18000,18000
avlhashtree,insert_only_build_900k,insert_only_build,insert_only_build,False,900000,900K,900000,0,900000,30,40,35.0,10,3441.0,3283.6,3825.3,90000,90000,90000
avlhashtree,prehashed_ordered_insert_only_900k,insert_only_build,prehashed_ordered_insert_only,True,900000,900K,900000,0,900000,30,40,35.0,10,2677.5,2616.8,2712.0,90000,90000,90000
avlhashtree,build_900k_then_add_180k_new,build_then_add_new,build_then_add_new,False,900000,900K,1080000,900000,180000,30,40,35.0,10,4751.5,4625.3,4884.5,18000,18000,18000
avlhashtree,build_900k_then_reinsert_180k_existing,build_then_reinsert_existing,build_then_reinsert_existing,False,900000,900K,900000,900000,180000,30,40,35.0,10,3571.0,3512.0,3648.9,18000,18000,18000
avlhashtree,insert_only_build_900k,insert_only_build,insert_only_build,False,900000,900K,900000,0,900000,40,50,45.0,10,3783.0,3672.6,3977.1,90000,90000,90000
avlhashtree,prehashed_ordered_insert_only_900k,insert_only_build,prehashed_ordered_insert_only,True,900000,900K,900000,0,900000,40,50,45.0,10,2642.5,2565.7,2700.4,90000,90000,90000
avlhashtree,build_900k_then_add_180k_new,build_then_add_new,build_then_add_new,False,900000,900K,1080000,900000,180000,40,50,45.0,10,4688.5,4574.7,4946.1,18000,18000,18000
avlhashtree,build_900k_then_reinsert_180k_existing,build_then_reinsert_existing,build_then_reinsert_existing,False,900000,900K,900000,900000,180000,40,50,45.0,10,3542.5,3463.9,3616.2,18000,18000,18000
avlhashtree,insert_only_build_900k,insert_only_build,insert_only_build,False,900000,900K,900000,0,900000,50,60,55.0,10,3778.0,3677.1,4194.9,90000,90000,90000
avlhashtree,prehashed_ordered_insert_only_900k,insert_only_build,prehashed_ordered_insert_only,True,900000,900K,900000,0,900000,50,60,55.0,10,2694.5,2643.0,2817.1,90000,90000,90000
avlhashtree,build_900k_then_add_180k_new,build_then_add_new,build_then_add_new,False,900000,900K,1080000,900000,180000,50,60,55.0,10,4627.0,4556.0,4748.1,18000,18000,18000
avlhashtree,build_900k_then_reinsert_180k_existing,build_then_reinsert_existing,build_then_reinsert_existing,False,900000,900K,900000,900000,180000,50,60,55.0,10,3624.5,3504.1,3678.0,18000,18000,18000
avlhashtree,insert_only_build_900k,insert_only_build,insert_only_build,False,900000,900K,900000,0,900000,60,70,65.0,10,3982.0,3860.5,4078.7000000000003,90000,90000,90000
avlhashtree,prehashed_ordered_insert_only_900k,insert_only_build,prehashed_ordered_insert_only,True,900000,900K,900000,0,900000,60,70,65.0,10,2845.5,2753.2,2877.1,90000,90000,90000
avlhashtree,build_900k_then_add_180k_new,build_then_add_new,build_then_add_new,False,900000,900K,1080000,900000,180000,60,70,65.0,10,4722.0,4588.7,4886.1,18000,18000,18000
avlhashtree,build_900k_then_reinsert_180k_existing,build_then_reinsert_existing,build_then_reinsert_existing,False,900000,900K,900000,900000,180000,60,70,65.0,10,3706.0,3560.7,3855.8,18000,18000,18000
avlhashtree,insert_only_build_900k,insert_only_build,insert_only_build,False,900000,900K,900000,0,900000,70,80,75.0,10,4171.0,3896.4,4602.4,90000,90000,90000
avlhashtree,prehashed_ordered_insert_only_900k,insert_only_build,prehashed_ordered_insert_only,True,900000,900K,900000,0,900000,70,80,75.0,10,2771.5,2717.9,2848.0,90000,90000,90000
avlhashtree,build_900k_then_add_180k_new,build_then_add_new,build_then_add_new,False,900000,900K,1080000,900000,180000,70,80,75.0,10,4710.0,4591.1,4941.099999999999,18000,18000,18000
avlhashtree,build_900k_then_reinsert_180k_existing,build_then_reinsert_existing,build_then_reinsert_existing,False,900000,900K,900000,900000,180000,70,80,75.0,10,3734.0,3630.7,3875.2,18000,18000,18000
avlhashtree,insert_only_build_900k,insert_only_build,insert_only_build,False,900000,900K,900000,0,900000,80,90,85.0,10,4501.5,4350.0,5007.3,90000,90000,90000
avlhashtree,prehashed_ordered_insert_only_900k,insert_only_build,prehashed_ordered_insert_only,True,900000,900K,900000,0,900000,80,90,85.0,10,2767.5,2716.8,2840.2,90000,90000,90000
avlhashtree,build_900k_then_add_180k_new,build_then_add_new,build_then_add_new,False,900000,900K,1080000,900000,180000,80,90,85.0,10,4755.5,4552.7,4949.9,18000,18000,18000
avlhashtree,build_900k_then_reinsert_180k_existing,build_then_reinsert_existing,build_then_reinsert_existing,False,900000,900K,900000,900000,180000,80,90,85.0,10,3824.0,3707.7,3901.2,18000,18000,18000
avlhashtree,insert_only_build_900k,insert_only_build,insert_only_build,False,900000,900K,900000,0,900000,90,100,95.0,10,4540.5,4230.7,4750.5,90000,90000,90000
avlhashtree,prehashed_ordered_insert_only_900k,insert_only_build,prehashed_ordered_insert_only,True,900000,900K,900000,0,900000,90,100,95.0,10,2771.0,2715.9,2839.2,90000,90000,90000
avlhashtree,build_900k_then_add_180k_new,build_then_add_new,build_then_add_new,False,900000,900K,1080000,900000,180000,90,100,95.0,10,4743.0,4548.9,5406.8,18000,18000,18000
avlhashtree,build_900k_then_reinsert_180k_existing,build_then_reinsert_existing,build_then_reinsert_existing,False,900000,900K,900000,900000,180000,90,100,95.0,10,3868.0,3684.5,3950.0,18000,18000,18000
avlhashtree,insert_only_build_1m,insert_only_build,insert_only_build,False,1000000,1M,1000000,0,1000000,0,10,5.0,10,2504.5,2408.9,2545.0,100000,100000,100000
avlhashtree,prehashed_ordered_insert_only_1m,insert_only_build,prehashed_ordered_insert_only,True,1000000,1M,1000000,0,1000000,0,10,5.0,10,2303.0,2260.6,2364.4,100000,100000,100000
avlhashtree,build_1m_then_add_200k_new,build_then_add_new,build_then_add_new,False,1000000,1M,1200000,1000000,200000,0,10,5.0,10,5475.5,5406.5,5740.1,20000,20000,20000
avlhashtree,build_1m_then_reinsert_200k_existing,build_then_reinsert_existing,build_then_reinsert_existing,False,1000000,1M,1000000,1000000,200000,0,10,5.0,10,3359.5,3282.1,3451.7,20000,20000,20000
avlhashtree,insert_only_build_1m,insert_only_build,insert_only_build,False,1000000,1M,1000000,0,1000000,10,20,15.0,10,2966.0,2781.6,3018.3,100000,100000,100000
avlhashtree,prehashed_ordered_insert_only_1m,insert_only_build,prehashed_ordered_insert_only,True,1000000,1M,1000000,0,1000000,10,20,15.0,10,2554.0,2487.3,2576.1,100000,100000,100000
avlhashtree,build_1m_then_add_200k_new,build_then_add_new,build_then_add_new,False,1000000,1M,1200000,1000000,200000,10,20,15.0,10,5003.5,4881.9,5348.4,20000,20000,20000
avlhashtree,build_1m_then_reinsert_200k_existing,build_then_reinsert_existing,build_then_reinsert_existing,False,1000000,1M,1000000,1000000,200000,10,20,15.0,10,3504.0,3379.9,3557.0,20000,20000,20000
avlhashtree,insert_only_build_1m,insert_only_build,insert_only_build,False,1000000,1M,1000000,0,1000000,20,30,25.0,10,3210.0,3049.7,3272.0,100000,100000,100000
avlhashtree,prehashed_ordered_insert_only_1m,insert_only_build,prehashed_ordered_insert_only,True,1000000,1M,1000000,0,1000000,20,30,25.0,10,2528.5,2477.5,2570.6,100000,100000,100000
avlhashtree,build_1m_then_add_200k_new,build_then_add_new,build_then_add_new,False,1000000,1M,1200000,1000000,200000,20,30,25.0,10,5033.0,4787.5,5533.9,20000,20000,20000
avlhashtree,build_1m_then_reinsert_200k_existing,build_then_reinsert_existing,build_then_reinsert_existing,False,1000000,1M,1000000,1000000,200000,20,30,25.0,10,3572.0,3463.9,3722.7,20000,20000,20000
avlhashtree,insert_only_build_1m,insert_only_build,insert_only_build,False,1000000,1M,1000000,0,1000000,30,40,35.0,10,3435.5,3359.6,3564.4,100000,100000,100000
avlhashtree,prehashed_ordered_insert_only_1m,insert_only_build,prehashed_ordered_insert_only,True,1000000,1M,1000000,0,1000000,30,40,35.0,10,2668.0,2610.8,2714.7,100000,100000,100000
avlhashtree,build_1m_then_add_200k_new,build_then_add_new,build_then_add_new,False,1000000,1M,1200000,1000000,200000,30,40,35.0,10,5004.0,4749.1,5413.0,20000,20000,20000
avlhashtree,build_1m_then_reinsert_200k_existing,build_then_reinsert_existing,build_then_reinsert_existing,False,1000000,1M,1000000,1000000,200000,30,40,35.0,10,3621.0,3518.4,3791.9,20000,20000,20000
avlhashtree,insert_only_build_1m,insert_only_build,insert_only_build,False,1000000,1M,1000000,0,1000000,40,50,45.0,10,3839.5,3620.1,3960.7,100000,100000,100000
avlhashtree,prehashed_ordered_insert_only_1m,insert_only_build,prehashed_ordered_insert_only,True,1000000,1M,1000000,0,1000000,40,50,45.0,10,2634.0,2573.4,2655.8,100000,100000,100000
avlhashtree,build_1m_then_add_200k_new,build_then_add_new,build_then_add_new,False,1000000,1M,1200000,1000000,200000,40,50,45.0,10,4867.5,4604.8,5152.099999999999,20000,20000,20000
avlhashtree,build_1m_then_reinsert_200k_existing,build_then_reinsert_existing,build_then_reinsert_existing,False,1000000,1M,1000000,1000000,200000,40,50,45.0,10,3676.0,3592.9,3884.7,20000,20000,20000
avlhashtree,insert_only_build_1m,insert_only_build,insert_only_build,False,1000000,1M,1000000,0,1000000,50,60,55.0,10,4006.0,3790.4,4179.5,100000,100000,100000
avlhashtree,prehashed_ordered_insert_only_1m,insert_only_build,prehashed_ordered_insert_only,True,1000000,1M,1000000,0,1000000,50,60,55.0,10,2773.5,2680.6,2827.9,100000,100000,100000
avlhashtree,build_1m_then_add_200k_new,build_then_add_new,build_then_add_new,False,1000000,1M,1200000,1000000,200000,50,60,55.0,10,4820.5,4574.2,5074.9,20000,20000,20000
avlhashtree,build_1m_then_reinsert_200k_existing,build_then_reinsert_existing,build_then_reinsert_existing,False,1000000,1M,1000000,1000000,200000,50,60,55.0,10,3690.0,3600.4,3829.3,20000,20000,20000
avlhashtree,insert_only_build_1m,insert_only_build,insert_only_build,False,1000000,1M,1000000,0,1000000,60,70,65.0,10,4154.0,4041.2000000000003,4309.5,100000,100000,100000
avlhashtree,prehashed_ordered_insert_only_1m,insert_only_build,prehashed_ordered_insert_only,True,1000000,1M,1000000,0,1000000,60,70,65.0,10,2808.5,2779.1,2879.5,100000,100000,100000
avlhashtree,build_1m_then_add_200k_new,build_then_add_new,build_then_add_new,False,1000000,1M,1200000,1000000,200000,60,70,65.0,10,4890.0,4614.9,5036.0,20000,20000,20000
avlhashtree,build_1m_then_reinsert_200k_existing,build_then_reinsert_existing,build_then_reinsert_existing,False,1000000,1M,1000000,1000000,200000,60,70,65.0,10,3712.0,3623.9,3843.2,20000,20000,20000
avlhashtree,insert_only_build_1m,insert_only_build,insert_only_build,False,1000000,1M,1000000,0,1000000,70,80,75.0,10,4398.0,4249.8,4626.7,100000,100000,100000
avlhashtree,prehashed_ordered_insert_only_1m,insert_only_build,prehashed_ordered_insert_only,True,1000000,1M,1000000,0,1000000,70,80,75.0,10,2763.5,2721.1,2788.4,100000,100000,100000
avlhashtree,build_1m_then_add_200k_new,build_then_add_new,build_then_add_new,False,1000000,1M,1200000,1000000,200000,70,80,75.0,10,4803.0,4622.3,5097.3,20000,20000,20000
avlhashtree,build_1m_then_reinsert_200k_existing,build_then_reinsert_existing,build_then_reinsert_existing,False,1000000,1M,1000000,1000000,200000,70,80,75.0,10,3797.5,3697.5,3860.3,20000,20000,20000
avlhashtree,insert_only_build_1m,insert_only_build,insert_only_build,False,1000000,1M,1000000,0,1000000,80,90,85.0,10,4322.0,4152.0,4547.3,100000,100000,100000
avlhashtree,prehashed_ordered_insert_only_1m,insert_only_build,prehashed_ordered_insert_only,True,1000000,1M,1000000,0,1000000,80,90,85.0,10,2766.0,2697.6,2786.1,100000,100000,100000
avlhashtree,build_1m_then_add_200k_new,build_then_add_new,build_then_add_new,False,1000000,1M,1200000,1000000,200000,80,90,85.0,10,5016.5,4680.0,6376.7,20000,20000,20000
avlhashtree,build_1m_then_reinsert_200k_existing,build_then_reinsert_existing,build_then_reinsert_existing,False,1000000,1M,1000000,1000000,200000,80,90,85.0,10,3849.0,3799.5,3994.1,20000,20000,20000
avlhashtree,insert_only_build_1m,insert_only_build,insert_only_build,False,1000000,1M,1000000,0,1000000,90,100,95.0,10,4468.0,4346.6,4721.2,100000,100000,100000
avlhashtree,prehashed_ordered_insert_only_1m,insert_only_build,prehashed_ordered_insert_only,True,1000000,1M,1000000,0,1000000,90,100,95.0,10,2771.5,2701.2,2819.6,100000,100000,100000
avlhashtree,build_1m_then_add_200k_new,build_then_add_new,build_then_add_new,False,1000000,1M,1200000,1000000,200000,90,100,95.0,10,4891.5,4674.4,5051.2,20000,20000,20000
avlhashtree,build_1m_then_reinsert_200k_existing,build_then_reinsert_existing,build_then_reinsert_existing,False,1000000,1M,1000000,1000000,200000,90,100,95.0,10,3901.0,3811.4,4006.2,20000,20000,20000
avlhashtree,insert_only_build_2m,insert_only_build,insert_only_build,False,2000000,2M,2000000,0,2000000,0,10,5.0,10,2738.5,2605.8,2778.7,200000,200000,200000
avlhashtree,prehashed_ordered_insert_only_2m,insert_only_build,prehashed_ordered_insert_only,True,2000000,2M,2000000,0,2000000,0,10,5.0,10,2425.5,2369.7,2481.9,200000,200000,200000
avlhashtree,build_2m_then_add_400k_new,build_then_add_new,build_then_add_new,False,2000000,2M,2400000,2000000,400000,0,10,5.0,10,6065.5,5930.3,6230.5,40000,40000,40000
avlhashtree,build_2m_then_reinsert_400k_existing,build_then_reinsert_existing,build_then_reinsert_existing,False,2000000,2M,2000000,2000000,400000,0,10,5.0,10,3737.0,3677.4,3807.6,40000,40000,40000
avlhashtree,insert_only_build_2m,insert_only_build,insert_only_build,False,2000000,2M,2000000,0,2000000,10,20,15.0,10,3317.0,3184.1,3435.1,200000,200000,200000
avlhashtree,prehashed_ordered_insert_only_2m,insert_only_build,prehashed_ordered_insert_only,True,2000000,2M,2000000,0,2000000,10,20,15.0,10,2647.5,2598.6,2683.2,200000,200000,200000
avlhashtree,build_2m_then_add_400k_new,build_then_add_new,build_then_add_new,False,2000000,2M,2400000,2000000,400000,10,20,15.0,10,5576.5,5439.6,5776.0,40000,40000,40000
avlhashtree,build_2m_then_reinsert_400k_existing,build_then_reinsert_existing,build_then_reinsert_existing,False,2000000,2M,2000000,2000000,400000,10,20,15.0,10,3911.5,3845.4,4016.5000000000005,40000,40000,40000
avlhashtree,insert_only_build_2m,insert_only_build,insert_only_build,False,2000000,2M,2000000,0,2000000,20,30,25.0,10,3911.5,3684.7,4153.3,200000,200000,200000
avlhashtree,prehashed_ordered_insert_only_2m,insert_only_build,prehashed_ordered_insert_only,True,2000000,2M,2000000,0,2000000,20,30,25.0,10,2649.0,2571.1,2680.6,200000,200000,200000
avlhashtree,build_2m_then_add_400k_new,build_then_add_new,build_then_add_new,False,2000000,2M,2400000,2000000,400000,20,30,25.0,10,5603.5,5508.5,5810.3,40000,40000,40000
avlhashtree,build_2m_then_reinsert_400k_existing,build_then_reinsert_existing,build_then_reinsert_existing,False,2000000,2M,2000000,2000000,400000,20,30,25.0,10,4044.5,3933.3,4154.7,40000,40000,40000
avlhashtree,insert_only_build_2m,insert_only_build,insert_only_build,False,2000000,2M,2000000,0,2000000,30,40,35.0,10,4431.0,4204.7,4672.1,200000,200000,200000
avlhashtree,prehashed_ordered_insert_only_2m,insert_only_build,prehashed_ordered_insert_only,True,2000000,2M,2000000,0,2000000,30,40,35.0,10,2819.0,2739.5,2858.1,200000,200000,200000
avlhashtree,build_2m_then_add_400k_new,build_then_add_new,build_then_add_new,False,2000000,2M,2400000,2000000,400000,30,40,35.0,10,5649.5,5555.5,5819.8,40000,40000,40000
avlhashtree,build_2m_then_reinsert_400k_existing,build_then_reinsert_existing,build_then_reinsert_existing,False,2000000,2M,2000000,2000000,400000,30,40,35.0,10,4258.0,4062.9000000000005,4384.8,40000,40000,40000
avlhashtree,insert_only_build_2m,insert_only_build,insert_only_build,False,2000000,2M,2000000,0,2000000,40,50,45.0,10,4546.5,4361.0,4771.1,200000,200000,200000
avlhashtree,prehashed_ordered_insert_only_2m,insert_only_build,prehashed_ordered_insert_only,True,2000000,2M,2000000,0,2000000,40,50,45.0,10,2788.5,2729.9,2808.5,200000,200000,200000
avlhashtree,build_2m_then_add_400k_new,build_then_add_new,build_then_add_new,False,2000000,2M,2400000,2000000,400000,40,50,45.0,10,5786.0,5596.5,6126.4,40000,40000,40000
avlhashtree,build_2m_then_reinsert_400k_existing,build_then_reinsert_existing,build_then_reinsert_existing,False,2000000,2M,2000000,2000000,400000,40,50,45.0,10,4285.5,4146.7,4472.4,40000,40000,40000
avlhashtree,insert_only_build_2m,insert_only_build,insert_only_build,False,2000000,2M,2000000,0,2000000,50,60,55.0,10,4617.0,4506.6,4771.0,200000,200000,200000
avlhashtree,prehashed_ordered_insert_only_2m,insert_only_build,prehashed_ordered_insert_only,True,2000000,2M,2000000,0,2000000,50,60,55.0,10,2866.0,2800.8,2916.2,200000,200000,200000
avlhashtree,build_2m_then_add_400k_new,build_then_add_new,build_then_add_new,False,2000000,2M,2400000,2000000,400000,50,60,55.0,10,5641.0,5469.2,5824.099999999999,40000,40000,40000
avlhashtree,build_2m_then_reinsert_400k_existing,build_then_reinsert_existing,build_then_reinsert_existing,False,2000000,2M,2000000,2000000,400000,50,60,55.0,10,4380.5,4233.2,4565.4,40000,40000,40000
avlhashtree,insert_only_build_2m,insert_only_build,insert_only_build,False,2000000,2M,2000000,0,2000000,60,70,65.0,10,4967.0,4880.2,5176.099999999999,200000,200000,200000
avlhashtree,prehashed_ordered_insert_only_2m,insert_only_build,prehashed_ordered_insert_only,True,2000000,2M,2000000,0,2000000,60,70,65.0,10,2931.5,2869.3,2984.4,200000,200000,200000
avlhashtree,build_2m_then_add_400k_new,build_then_add_new,build_then_add_new,False,2000000,2M,2400000,2000000,400000,60,70,65.0,10,5535.5,5375.8,5768.7,40000,40000,40000
avlhashtree,build_2m_then_reinsert_400k_existing,build_then_reinsert_existing,build_then_reinsert_existing,False,2000000,2M,2000000,2000000,400000,60,70,65.0,10,4422.5,4254.6,4556.4,40000,40000,40000
avlhashtree,insert_only_build_2m,insert_only_build,insert_only_build,False,2000000,2M,2000000,0,2000000,70,80,75.0,10,5014.5,4890.0,5226.8,200000,200000,200000
avlhashtree,prehashed_ordered_insert_only_2m,insert_only_build,prehashed_ordered_insert_only,True,2000000,2M,2000000,0,2000000,70,80,75.0,10,2885.0,2828.4,2915.3,200000,200000,200000
avlhashtree,build_2m_then_add_400k_new,build_then_add_new,build_then_add_new,False,2000000,2M,2400000,2000000,400000,70,80,75.0,10,5569.5,5442.6,5710.8,40000,40000,40000
avlhashtree,build_2m_then_reinsert_400k_existing,build_then_reinsert_existing,build_then_reinsert_existing,False,2000000,2M,2000000,2000000,400000,70,80,75.0,10,4388.0,4305.9,4569.9,40000,40000,40000
avlhashtree,insert_only_build_2m,insert_only_build,insert_only_build,False,2000000,2M,2000000,0,2000000,80,90,85.0,10,5117.5,4927.5,5512.1,200000,200000,200000
avlhashtree,prehashed_ordered_insert_only_2m,insert_only_build,prehashed_ordered_insert_only,True,2000000,2M,2000000,0,2000000,80,90,85.0,10,2892.0,2845.3,2924.7,200000,200000,200000
avlhashtree,build_2m_then_add_400k_new,build_then_add_new,build_then_add_new,False,2000000,2M,2400000,2000000,400000,80,90,85.0,10,5578.5,5367.8,6026.8,40000,40000,40000
avlhashtree,build_2m_then_reinsert_400k_existing,build_then_reinsert_existing,build_then_reinsert_existing,False,2000000,2M,2000000,2000000,400000,80,90,85.0,10,4520.5,4428.0,4625.5,40000,40000,40000
avlhashtree,insert_only_build_2m,insert_only_build,insert_only_build,False,2000000,2M,2000000,0,2000000,90,100,95.0,10,5183.0,5134.3,5322.5,200000,200000,200000
avlhashtree,prehashed_ordered_insert_only_2m,insert_only_build,prehashed_ordered_insert_only,True,2000000,2M,2000000,0,2000000,90,100,95.0,10,2885.0,2827.5,2946.8,200000,200000,200000
avlhashtree,build_2m_then_add_400k_new,build_then_add_new,build_then_add_new,False,2000000,2M,2400000,2000000,400000,90,100,95.0,10,5555.5,5394.6,5945.8,40000,40000,40000
avlhashtree,build_2m_then_reinsert_400k_existing,build_then_reinsert_existing,build_then_reinsert_existing,False,2000000,2M,2000000,2000000,400000,90,100,95.0,10,4640.5,4473.8,4688.4,40000,40000,40000
avlhashtree,insert_only_build_5m,insert_only_build,insert_only_build,False,5000000,5M,5000000,0,5000000,0,10,5.0,10,3197.0,3161.3,3276.2,500000,500000,500000
avlhashtree,prehashed_ordered_insert_only_5m,insert_only_build,prehashed_ordered_insert_only,True,5000000,5M,5000000,0,5000000,0,10,5.0,10,2574.5,2532.4,2597.3,500000,500000,500000
avlhashtree,build_5m_then_add_1m_new,build_then_add_new,build_then_add_new,False,5000000,5M,6000000,5000000,1000000,0,10,5.0,10,6928.0,6822.6,7047.3,100000,100000,100000
avlhashtree,build_5m_then_reinsert_1m_existing,build_then_reinsert_existing,build_then_reinsert_existing,False,5000000,5M,5000000,5000000,1000000,0,10,5.0,10,4301.0,4228.5,4367.2,100000,100000,100000
avlhashtree,insert_only_build_5m,insert_only_build,insert_only_build,False,5000000,5M,5000000,0,5000000,10,20,15.0,10,4322.5,4187.0,4493.3,500000,500000,500000
avlhashtree,prehashed_ordered_insert_only_5m,insert_only_build,prehashed_ordered_insert_only,True,5000000,5M,5000000,0,5000000,10,20,15.0,10,2797.5,2755.9,2838.2,500000,500000,500000
avlhashtree,build_5m_then_add_1m_new,build_then_add_new,build_then_add_new,False,5000000,5M,6000000,5000000,1000000,10,20,15.0,10,6555.5,6336.6,6683.0,100000,100000,100000
avlhashtree,build_5m_then_reinsert_1m_existing,build_then_reinsert_existing,build_then_reinsert_existing,False,5000000,5M,5000000,5000000,1000000,10,20,15.0,10,4728.0,4533.0,4821.1,100000,100000,100000
avlhashtree,insert_only_build_5m,insert_only_build,insert_only_build,False,5000000,5M,5000000,0,5000000,20,30,25.0,10,4899.0,4704.1,4926.0,500000,500000,500000
avlhashtree,prehashed_ordered_insert_only_5m,insert_only_build,prehashed_ordered_insert_only,True,5000000,5M,5000000,0,5000000,20,30,25.0,10,2848.0,2791.7,2865.6,500000,500000,500000
avlhashtree,build_5m_then_add_1m_new,build_then_add_new,build_then_add_new,False,5000000,5M,6000000,5000000,1000000,20,30,25.0,10,6559.5,6461.9,6708.1,100000,100000,100000
avlhashtree,build_5m_then_reinsert_1m_existing,build_then_reinsert_existing,build_then_reinsert_existing,False,5000000,5M,5000000,5000000,1000000,20,30,25.0,10,4925.5,4810.3,4997.2,100000,100000,100000
avlhashtree,insert_only_build_5m,insert_only_build,insert_only_build,False,5000000,5M,5000000,0,5000000,30,40,35.0,10,5115.0,4977.5,5181.9,500000,500000,500000
avlhashtree,prehashed_ordered_insert_only_5m,insert_only_build,prehashed_ordered_insert_only,True,5000000,5M,5000000,0,5000000,30,40,35.0,10,2918.5,2882.1,2933.1,500000,500000,500000
avlhashtree,build_5m_then_add_1m_new,build_then_add_new,build_then_add_new,False,5000000,5M,6000000,5000000,1000000,30,40,35.0,10,6447.0,6388.5,6617.2,100000,100000,100000
avlhashtree,build_5m_then_reinsert_1m_existing,build_then_reinsert_existing,build_then_reinsert_existing,False,5000000,5M,5000000,5000000,1000000,30,40,35.0,10,5086.5,4955.2,5248.6,100000,100000,100000
avlhashtree,insert_only_build_5m,insert_only_build,insert_only_build,False,5000000,5M,5000000,0,5000000,40,50,45.0,10,5565.0,5435.8,5640.0,500000,500000,500000
avlhashtree,prehashed_ordered_insert_only_5m,insert_only_build,prehashed_ordered_insert_only,True,5000000,5M,5000000,0,5000000,40,50,45.0,10,2961.0,2884.0,2997.5,500000,500000,500000
avlhashtree,build_5m_then_add_1m_new,build_then_add_new,build_then_add_new,False,5000000,5M,6000000,5000000,1000000,40,50,45.0,10,6554.0,6400.0,6625.7,100000,100000,100000
avlhashtree,build_5m_then_reinsert_1m_existing,build_then_reinsert_existing,build_then_reinsert_existing,False,5000000,5M,5000000,5000000,1000000,40,50,45.0,10,5175.0,5076.6,5334.6,100000,100000,100000
avlhashtree,insert_only_build_5m,insert_only_build,insert_only_build,False,5000000,5M,5000000,0,5000000,50,60,55.0,10,5696.5,5632.3,5754.1,500000,500000,500000
avlhashtree,prehashed_ordered_insert_only_5m,insert_only_build,prehashed_ordered_insert_only,True,5000000,5M,5000000,0,5000000,50,60,55.0,10,3010.5,2931.6,3061.0,500000,500000,500000
avlhashtree,build_5m_then_add_1m_new,build_then_add_new,build_then_add_new,False,5000000,5M,6000000,5000000,1000000,50,60,55.0,10,6460.0,6420.7,6546.2,100000,100000,100000
avlhashtree,build_5m_then_reinsert_1m_existing,build_then_reinsert_existing,build_then_reinsert_existing,False,5000000,5M,5000000,5000000,1000000,50,60,55.0,10,5282.0,5094.3,5457.9,100000,100000,100000
avlhashtree,insert_only_build_5m,insert_only_build,insert_only_build,False,5000000,5M,5000000,0,5000000,60,70,65.0,10,5822.5,5755.2,5949.4,500000,500000,500000
avlhashtree,prehashed_ordered_insert_only_5m,insert_only_build,prehashed_ordered_insert_only,True,5000000,5M,5000000,0,5000000,60,70,65.0,10,3054.0,2994.3,3151.3,500000,500000,500000
avlhashtree,build_5m_then_add_1m_new,build_then_add_new,build_then_add_new,False,5000000,5M,6000000,5000000,1000000,60,70,65.0,10,6499.0,6413.1,6606.0,100000,100000,100000
avlhashtree,build_5m_then_reinsert_1m_existing,build_then_reinsert_existing,build_then_reinsert_existing,False,5000000,5M,5000000,5000000,1000000,60,70,65.0,10,5348.0,5234.3,5545.3,100000,100000,100000
avlhashtree,insert_only_build_5m,insert_only_build,insert_only_build,False,5000000,5M,5000000,0,5000000,70,80,75.0,10,5970.5,5858.8,6208.6,500000,500000,500000
avlhashtree,prehashed_ordered_insert_only_5m,insert_only_build,prehashed_ordered_insert_only,True,5000000,5M,5000000,0,5000000,70,80,75.0,10,2992.5,2925.8,3044.3,500000,500000,500000
avlhashtree,build_5m_then_add_1m_new,build_then_add_new,build_then_add_new,False,5000000,5M,6000000,5000000,1000000,70,80,75.0,10,6565.0,6437.2,6735.4,100000,100000,100000
avlhashtree,build_5m_then_reinsert_1m_existing,build_then_reinsert_existing,build_then_reinsert_existing,False,5000000,5M,5000000,5000000,1000000,70,80,75.0,10,5392.0,5256.5,5558.7,100000,100000,100000
avlhashtree,insert_only_build_5m,insert_only_build,insert_only_build,False,5000000,5M,5000000,0,5000000,80,90,85.0,10,6380.0,6281.1,6426.7,500000,500000,500000
avlhashtree,prehashed_ordered_insert_only_5m,insert_only_build,prehashed_ordered_insert_only,True,5000000,5M,5000000,0,5000000,80,90,85.0,10,3065.5,3010.5,3096.4,500000,500000,500000
avlhashtree,build_5m_then_add_1m_new,build_then_add_new,build_then_add_new,False,5000000,5M,6000000,5000000,1000000,80,90,85.0,10,6614.0,6287.9,6772.3,100000,100000,100000
avlhashtree,build_5m_then_reinsert_1m_existing,build_then_reinsert_existing,build_then_reinsert_existing,False,5000000,5M,5000000,5000000,1000000,80,90,85.0,10,5455.0,5374.7,5552.1,100000,100000,100000
avlhashtree,insert_only_build_5m,insert_only_build,insert_only_build,False,5000000,5M,5000000,0,5000000,90,100,95.0,10,6302.5,6230.9,6428.5,500000,500000,500000
avlhashtree,prehashed_ordered_insert_only_5m,insert_only_build,prehashed_ordered_insert_only,True,5000000,5M,5000000,0,5000000,90,100,95.0,10,3110.5,3081.1,3172.7,500000,500000,500000
avlhashtree,build_5m_then_add_1m_new,build_then_add_new,build_then_add_new,False,5000000,5M,6000000,5000000,1000000,90,100,95.0,10,6645.5,6398.7,6780.7,100000,100000,100000
avlhashtree,build_5m_then_reinsert_1m_existing,build_then_reinsert_existing,build_then_reinsert_existing,False,5000000,5M,5000000,5000000,1000000,90,100,95.0,10,5493.5,5410.5,5738.0,100000,100000,100000
avlhashtree,insert_only_build_10m,insert_only_build,insert_only_build,False,10000000,10M,10000000,0,10000000,0,10,5.0,10,3720.0,3629.5,3750.9,1000000,1000000,1000000
avlhashtree,prehashed_ordered_insert_only_10m,insert_only_build,prehashed_ordered_insert_only,True,10000000,10M,10000000,0,10000000,0,10,5.0,10,2650.5,2602.7,2702.9,1000000,1000000,1000000
avlhashtree,build_10m_then_add_2m_new,build_then_add_new,build_then_add_new,False,10000000,10M,12000000,10000000,2000000,0,10,5.0,10,7621.5,7553.6,7702.2,200000,200000,200000
avlhashtree,build_10m_then_reinsert_2m_existing,build_then_reinsert_existing,build_then_reinsert_existing,False,10000000,10M,10000000,10000000,2000000,0,10,5.0,10,4801.5,4676.3,4905.5,200000,200000,200000
avlhashtree,insert_only_build_10m,insert_only_build,insert_only_build,False,10000000,10M,10000000,0,10000000,10,20,15.0,10,5007.0,4797.9,5091.1,1000000,1000000,1000000
avlhashtree,prehashed_ordered_insert_only_10m,insert_only_build,prehashed_ordered_insert_only,True,10000000,10M,10000000,0,10000000,10,20,15.0,10,2882.5,2851.0,2937.2,1000000,1000000,1000000
avlhashtree,build_10m_then_add_2m_new,build_then_add_new,build_then_add_new,False,10000000,10M,12000000,10000000,2000000,10,20,15.0,10,7314.0,7234.0,7442.0,200000,200000,200000
avlhashtree,build_10m_then_reinsert_2m_existing,build_then_reinsert_existing,build_then_reinsert_existing,False,10000000,10M,10000000,10000000,2000000,10,20,15.0,10,5428.0,5237.3,5459.6,200000,200000,200000
avlhashtree,insert_only_build_10m,insert_only_build,insert_only_build,False,10000000,10M,10000000,0,10000000,20,30,25.0,10,5654.5,5294.2,5707.4,1000000,1000000,1000000
avlhashtree,prehashed_ordered_insert_only_10m,insert_only_build,prehashed_ordered_insert_only,True,10000000,10M,10000000,0,10000000,20,30,25.0,10,2926.0,2883.1,2937.7,1000000,1000000,1000000
avlhashtree,build_10m_then_add_2m_new,build_then_add_new,build_then_add_new,False,10000000,10M,12000000,10000000,2000000,20,30,25.0,10,7364.0,7244.8,7463.0,200000,200000,200000
avlhashtree,build_10m_then_reinsert_2m_existing,build_then_reinsert_existing,build_then_reinsert_existing,False,10000000,10M,10000000,10000000,2000000,20,30,25.0,10,5659.5,5505.3,5752.8,200000,200000,200000
avlhashtree,insert_only_build_10m,insert_only_build,insert_only_build,False,10000000,10M,10000000,0,10000000,30,40,35.0,10,5855.5,5661.9,5947.0,1000000,1000000,1000000
avlhashtree,prehashed_ordered_insert_only_10m,insert_only_build,prehashed_ordered_insert_only,True,10000000,10M,10000000,0,10000000,30,40,35.0,10,3007.5,2978.0,3015.2,1000000,1000000,1000000
avlhashtree,build_10m_then_add_2m_new,build_then_add_new,build_then_add_new,False,10000000,10M,12000000,10000000,2000000,30,40,35.0,10,7362.0,7214.2,7507.5,200000,200000,200000
avlhashtree,build_10m_then_reinsert_2m_existing,build_then_reinsert_existing,build_then_reinsert_existing,False,10000000,10M,10000000,10000000,2000000,30,40,35.0,10,5883.0,5716.5,5951.5,200000,200000,200000
avlhashtree,insert_only_build_10m,insert_only_build,insert_only_build,False,10000000,10M,10000000,0,10000000,40,50,45.0,10,6310.0,6158.8,6427.8,1000000,1000000,1000000
avlhashtree,prehashed_ordered_insert_only_10m,insert_only_build,prehashed_ordered_insert_only,True,10000000,10M,10000000,0,10000000,40,50,45.0,10,3049.0,3015.0,3063.8,1000000,1000000,1000000
avlhashtree,build_10m_then_add_2m_new,build_then_add_new,build_then_add_new,False,10000000,10M,12000000,10000000,2000000,40,50,45.0,10,7180.0,7075.6,7248.4,200000,200000,200000
avlhashtree,build_10m_then_reinsert_2m_existing,build_then_reinsert_existing,build_then_reinsert_existing,False,10000000,10M,10000000,10000000,2000000,40,50,45.0,10,5980.5,5899.9,6062.8,200000,200000,200000
avlhashtree,insert_only_build_10m,insert_only_build,insert_only_build,False,10000000,10M,10000000,0,10000000,50,60,55.0,10,6464.5,6271.5,6560.8,1000000,1000000,1000000
avlhashtree,prehashed_ordered_insert_only_10m,insert_only_build,prehashed_ordered_insert_only,True,10000000,10M,10000000,0,10000000,50,60,55.0,10,3094.0,3075.2,3104.2,1000000,1000000,1000000
avlhashtree,build_10m_then_add_2m_new,build_then_add_new,build_then_add_new,False,10000000,10M,12000000,10000000,2000000,50,60,55.0,10,7199.5,7098.3,7335.9,200000,200000,200000
avlhashtree,build_10m_then_reinsert_2m_existing,build_then_reinsert_existing,build_then_reinsert_existing,False,10000000,10M,10000000,10000000,2000000,50,60,55.0,10,6010.5,5871.0,6076.2,200000,200000,200000
avlhashtree,insert_only_build_10m,insert_only_build,insert_only_build,False,10000000,10M,10000000,0,10000000,60,70,65.0,10,6584.5,6429.0,6786.5,1000000,1000000,1000000
avlhashtree,prehashed_ordered_insert_only_10m,insert_only_build,prehashed_ordered_insert_only,True,10000000,10M,10000000,0,10000000,60,70,65.0,10,3210.5,3121.8,3234.2,1000000,1000000,1000000
avlhashtree,build_10m_then_add_2m_new,build_then_add_new,build_then_add_new,False,10000000,10M,12000000,10000000,2000000,60,70,65.0,10,7275.5,7123.2,7340.4,200000,200000,200000
avlhashtree,build_10m_then_reinsert_2m_existing,build_then_reinsert_existing,build_then_reinsert_existing,False,10000000,10M,10000000,10000000,2000000,60,70,65.0,10,6174.0,5918.7,6291.1,200000,200000,200000
avlhashtree,insert_only_build_10m,insert_only_build,insert_only_build,False,10000000,10M,10000000,0,10000000,70,80,75.0,10,6994.0,6820.3,7145.5,1000000,1000000,1000000
avlhashtree,prehashed_ordered_insert_only_10m,insert_only_build,prehashed_ordered_insert_only,True,10000000,10M,10000000,0,10000000,70,80,75.0,10,3111.5,3042.4,3188.6,1000000,1000000,1000000
avlhashtree,build_10m_then_add_2m_new,build_then_add_new,build_then_add_new,False,10000000,10M,12000000,10000000,2000000,70,80,75.0,10,7287.0,7181.6,7531.599999999999,200000,200000,200000
avlhashtree,build_10m_then_reinsert_2m_existing,build_then_reinsert_existing,build_then_reinsert_existing,False,10000000,10M,10000000,10000000,2000000,70,80,75.0,10,6243.0,5967.5,6410.8,200000,200000,200000
avlhashtree,insert_only_build_10m,insert_only_build,insert_only_build,False,10000000,10M,10000000,0,10000000,80,90,85.0,10,7022.0,6782.5,7146.0,1000000,1000000,1000000
avlhashtree,prehashed_ordered_insert_only_10m,insert_only_build,prehashed_ordered_insert_only,True,10000000,10M,10000000,0,10000000,80,90,85.0,10,3180.5,3112.4,3201.8,1000000,1000000,1000000
avlhashtree,build_10m_then_add_2m_new,build_then_add_new,build_then_add_new,False,10000000,10M,12000000,10000000,2000000,80,90,85.0,10,7326.0,7192.4,7455.3,200000,200000,200000
avlhashtree,build_10m_then_reinsert_2m_existing,build_then_reinsert_existing,build_then_reinsert_existing,False,10000000,10M,10000000,10000000,2000000,80,90,85.0,10,6323.0,6015.4,6420.9,200000,200000,200000
avlhashtree,insert_only_build_10m,insert_only_build,insert_only_build,False,10000000,10M,10000000,0,10000000,90,100,95.0,10,7154.0,6890.0,7245.1,1000000,1000000,1000000
avlhashtree,prehashed_ordered_insert_only_10m,insert_only_build,prehashed_ordered_insert_only,True,10000000,10M,10000000,0,10000000,90,100,95.0,10,3223.5,3147.9,3263.0,1000000,1000000,1000000
avlhashtree,build_10m_then_add_2m_new,build_then_add_new,build_then_add_new,False,10000000,10M,12000000,10000000,2000000,90,100,95.0,10,7315.0,7237.4,7426.4,200000,200000,200000
avlhashtree,build_10m_then_reinsert_2m_existing,build_then_reinsert_existing,build_then_reinsert_existing,False,10000000,10M,10000000,10000000,2000000,90,100,95.0,10,6347.0,6128.3,6585.1,200000,200000,200000
avlhashtree,insert_only_build_25m,insert_only_build,insert_only_build,False,25000000,25M,25000000,0,25000000,0,10,5.0,10,4610.0,4483.1,4657.3,2500000,2500000,2500000
avlhashtree,prehashed_ordered_insert_only_25m,insert_only_build,prehashed_ordered_insert_only,True,25000000,25M,25000000,0,25000000,0,10,5.0,10,2807.5,2749.3,2849.2,2500000,2500000,2500000
avlhashtree,build_25m_then_add_5m_new,build_then_add_new,build_then_add_new,False,25000000,25M,30000000,25000000,5000000,0,10,5.0,10,8868.0,8607.2,8909.9,500000,500000,500000
avlhashtree,build_25m_then_reinsert_5m_existing,build_then_reinsert_existing,build_then_reinsert_existing,False,25000000,25M,25000000,25000000,5000000,0,10,5.0,10,5743.0,5608.8,5815.6,500000,500000,500000
avlhashtree,insert_only_build_25m,insert_only_build,insert_only_build,False,25000000,25M,25000000,0,25000000,10,20,15.0,10,6014.0,5879.4,6070.5,2500000,2500000,2500000
avlhashtree,prehashed_ordered_insert_only_25m,insert_only_build,prehashed_ordered_insert_only,True,25000000,25M,25000000,0,25000000,10,20,15.0,10,3066.0,2967.3,3094.2,2500000,2500000,2500000
avlhashtree,build_25m_then_add_5m_new,build_then_add_new,build_then_add_new,False,25000000,25M,30000000,25000000,5000000,10,20,15.0,10,8554.0,8467.5,8774.4,500000,500000,500000
avlhashtree,build_25m_then_reinsert_5m_existing,build_then_reinsert_existing,build_then_reinsert_existing,False,25000000,25M,25000000,25000000,5000000,10,20,15.0,10,6611.5,6418.5,6754.4,500000,500000,500000
avlhashtree,insert_only_build_25m,insert_only_build,insert_only_build,False,25000000,25M,25000000,0,25000000,20,30,25.0,10,6570.5,6413.2,6613.5,2500000,2500000,2500000
avlhashtree,prehashed_ordered_insert_only_25m,insert_only_build,prehashed_ordered_insert_only,True,25000000,25M,25000000,0,25000000,20,30,25.0,10,3061.0,2993.2,3081.8,2500000,2500000,2500000
avlhashtree,build_25m_then_add_5m_new,build_then_add_new,build_then_add_new,False,25000000,25M,30000000,25000000,5000000,20,30,25.0,10,8448.0,8321.9,8545.5,500000,500000,500000
avlhashtree,build_25m_then_reinsert_5m_existing,build_then_reinsert_existing,build_then_reinsert_existing,False,25000000,25M,25000000,25000000,5000000,20,30,25.0,10,6790.5,6572.8,6851.1,500000,500000,500000
avlhashtree,insert_only_build_25m,insert_only_build,insert_only_build,False,25000000,25M,25000000,0,25000000,30,40,35.0,10,6978.0,6912.3,7048.1,2500000,2500000,2500000
avlhashtree,prehashed_ordered_insert_only_25m,insert_only_build,prehashed_ordered_insert_only,True,25000000,25M,25000000,0,25000000,30,40,35.0,10,3205.5,3152.9,3244.0,2500000,2500000,2500000
avlhashtree,build_25m_then_add_5m_new,build_then_add_new,build_then_add_new,False,25000000,25M,30000000,25000000,5000000,30,40,35.0,10,8487.0,8244.0,8636.5,500000,500000,500000
avlhashtree,build_25m_then_reinsert_5m_existing,build_then_reinsert_existing,build_then_reinsert_existing,False,25000000,25M,25000000,25000000,5000000,30,40,35.0,10,7051.5,6912.7,7120.7,500000,500000,500000
avlhashtree,insert_only_build_25m,insert_only_build,insert_only_build,False,25000000,25M,25000000,0,25000000,40,50,45.0,10,7381.5,7155.6,7517.4,2500000,2500000,2500000
avlhashtree,prehashed_ordered_insert_only_25m,insert_only_build,prehashed_ordered_insert_only,True,25000000,25M,25000000,0,25000000,40,50,45.0,10,3195.0,3136.1,3222.6,2500000,2500000,2500000
avlhashtree,build_25m_then_add_5m_new,build_then_add_new,build_then_add_new,False,25000000,25M,30000000,25000000,5000000,40,50,45.0,10,8545.0,8354.3,8607.9,500000,500000,500000
avlhashtree,build_25m_then_reinsert_5m_existing,build_then_reinsert_existing,build_then_reinsert_existing,False,25000000,25M,25000000,25000000,5000000,40,50,45.0,10,7165.5,7102.3,7321.3,500000,500000,500000
avlhashtree,insert_only_build_25m,insert_only_build,insert_only_build,False,25000000,25M,25000000,0,25000000,50,60,55.0,10,7702.0,7400.4,7768.1,2500000,2500000,2500000
avlhashtree,prehashed_ordered_insert_only_25m,insert_only_build,prehashed_ordered_insert_only,True,25000000,25M,25000000,0,25000000,50,60,55.0,10,3232.0,3214.3,3287.7,2500000,2500000,2500000
avlhashtree,build_25m_then_add_5m_new,build_then_add_new,build_then_add_new,False,25000000,25M,30000000,25000000,5000000,50,60,55.0,10,8565.0,8365.4,8739.7,500000,500000,500000
avlhashtree,build_25m_then_reinsert_5m_existing,build_then_reinsert_existing,build_then_reinsert_existing,False,25000000,25M,25000000,25000000,5000000,50,60,55.0,10,7263.5,7188.8,7405.7,500000,500000,500000
avlhashtree,insert_only_build_25m,insert_only_build,insert_only_build,False,25000000,25M,25000000,0,25000000,60,70,65.0,10,7837.0,7545.5,7929.3,2500000,2500000,2500000
avlhashtree,prehashed_ordered_insert_only_25m,insert_only_build,prehashed_ordered_insert_only,True,25000000,25M,25000000,0,25000000,60,70,65.0,10,3370.5,3327.6,3430.6,2500000,2500000,2500000
avlhashtree,build_25m_then_add_5m_new,build_then_add_new,build_then_add_new,False,25000000,25M,30000000,25000000,5000000,60,70,65.0,10,8649.5,8573.9,8760.9,500000,500000,500000
avlhashtree,build_25m_then_reinsert_5m_existing,build_then_reinsert_existing,build_then_reinsert_existing,False,25000000,25M,25000000,25000000,5000000,60,70,65.0,10,7355.5,7246.2,7557.5,500000,500000,500000
avlhashtree,insert_only_build_25m,insert_only_build,insert_only_build,False,25000000,25M,25000000,0,25000000,70,80,75.0,10,8053.5,7644.4,8117.199999999999,2500000,2500000,2500000
avlhashtree,prehashed_ordered_insert_only_25m,insert_only_build,prehashed_ordered_insert_only,True,25000000,25M,25000000,0,25000000,70,80,75.0,10,3477.5,3416.1,3495.1,2500000,2500000,2500000
avlhashtree,build_25m_then_add_5m_new,build_then_add_new,build_then_add_new,False,25000000,25M,30000000,25000000,5000000,70,80,75.0,10,8768.5,8614.4,8986.8,500000,500000,500000
avlhashtree,build_25m_then_reinsert_5m_existing,build_then_reinsert_existing,build_then_reinsert_existing,False,25000000,25M,25000000,25000000,5000000,70,80,75.0,10,7479.0,7397.3,7636.8,500000,500000,500000
avlhashtree,insert_only_build_25m,insert_only_build,insert_only_build,False,25000000,25M,25000000,0,25000000,80,90,85.0,10,8254.0,8009.4,8453.0,2500000,2500000,2500000
avlhashtree,prehashed_ordered_insert_only_25m,insert_only_build,prehashed_ordered_insert_only,True,25000000,25M,25000000,0,25000000,80,90,85.0,10,3475.0,3430.5,3523.2,2500000,2500000,2500000
avlhashtree,build_25m_then_add_5m_new,build_then_add_new,build_then_add_new,False,25000000,25M,30000000,25000000,5000000,80,90,85.0,10,8795.5,8492.1,8902.1,500000,500000,500000
avlhashtree,build_25m_then_reinsert_5m_existing,build_then_reinsert_existing,build_then_reinsert_existing,False,25000000,25M,25000000,25000000,5000000,80,90,85.0,10,7568.5,7488.7,7681.2,500000,500000,500000
avlhashtree,insert_only_build_25m,insert_only_build,insert_only_build,False,25000000,25M,25000000,0,25000000,90,100,95.0,10,8572.0,8279.9,8676.6,2500000,2500000,2500000
avlhashtree,prehashed_ordered_insert_only_25m,insert_only_build,prehashed_ordered_insert_only,True,25000000,25M,25000000,0,25000000,90,100,95.0,10,3478.5,3402.6,3520.5,2500000,2500000,2500000
avlhashtree,build_25m_then_add_5m_new,build_then_add_new,build_then_add_new,False,25000000,25M,30000000,25000000,5000000,90,100,95.0,10,8766.0,8644.3,8866.3,500000,500000,500000
avlhashtree,build_25m_then_reinsert_5m_existing,build_then_reinsert_existing,build_then_reinsert_existing,False,25000000,25M,25000000,25000000,5000000,90,100,95.0,10,7633.5,7492.3,7783.0,500000,500000,500000
smt,insert_only_build_10k,insert_only_build,insert_only_build,False,10000,10K,10000,0,10000,0,10,5.0,10,1741.5,1597.0,1975.1999999999998,1000,1000,1000
smt,prehashed_ordered_insert_only_10k,insert_only_build,prehashed_ordered_insert_only,True,10000,10K,10000,0,10000,0,10,5.0,10,1151.5,1127.4,1181.8,1000,1000,1000
smt,build_10k_then_add_2k_new,build_then_add_new,build_then_add_new,False,10000,10K,12000,10000,2000,0,10,5.0,10,2877.0,2788.0,3189.8999999999996,200,200,200
smt,build_10k_then_reinsert_2k_existing,build_then_reinsert_existing,build_then_reinsert_existing,False,10000,10K,10000,10000,2000,0,10,5.0,10,3009.5,2804.9,3216.7,200,200,200
smt,insert_only_build_10k,insert_only_build,insert_only_build,False,10000,10K,10000,0,10000,10,20,15.0,10,1940.0,1794.6,2087.9,1000,1000,1000
smt,prehashed_ordered_insert_only_10k,insert_only_build,prehashed_ordered_insert_only,True,10000,10K,10000,0,10000,10,20,15.0,10,1261.0,1223.6,1316.4,1000,1000,1000
smt,build_10k_then_add_2k_new,build_then_add_new,build_then_add_new,False,10000,10K,12000,10000,2000,10,20,15.0,10,2431.0,2295.2,2798.7,200,200,200
smt,build_10k_then_reinsert_2k_existing,build_then_reinsert_existing,build_then_reinsert_existing,False,10000,10K,10000,10000,2000,10,20,15.0,10,2420.5,2279.5,2636.6,200,200,200
smt,insert_only_build_10k,insert_only_build,insert_only_build,False,10000,10K,10000,0,10000,20,30,25.0,10,2002.5,1867.5,2239.9,1000,1000,1000
smt,prehashed_ordered_insert_only_10k,insert_only_build,prehashed_ordered_insert_only,True,10000,10K,10000,0,10000,20,30,25.0,10,1927.0,1810.5,2113.5,1000,1000,1000
smt,build_10k_then_add_2k_new,build_then_add_new,build_then_add_new,False,10000,10K,12000,10000,2000,20,30,25.0,10,2384.5,2271.4,2726.3,200,200,200
smt,build_10k_then_reinsert_2k_existing,build_then_reinsert_existing,build_then_reinsert_existing,False,10000,10K,10000,10000,2000,20,30,25.0,10,2266.5,2201.7,2502.2,200,200,200
smt,insert_only_build_10k,insert_only_build,insert_only_build,False,10000,10K,10000,0,10000,30,40,35.0,10,2814.0,2671.9,3025.2,1000,1000,1000
smt,prehashed_ordered_insert_only_10k,insert_only_build,prehashed_ordered_insert_only,True,10000,10K,10000,0,10000,30,40,35.0,10,1417.5,1331.0,1447.1,1000,1000,1000
smt,build_10k_then_add_2k_new,build_then_add_new,build_then_add_new,False,10000,10K,12000,10000,2000,30,40,35.0,10,2460.5,2341.6,2592.7999999999997,200,200,200
smt,build_10k_then_reinsert_2k_existing,build_then_reinsert_existing,build_then_reinsert_existing,False,10000,10K,10000,10000,2000,30,40,35.0,10,2315.5,2235.9,2547.6,200,200,200
smt,insert_only_build_10k,insert_only_build,insert_only_build,False,10000,10K,10000,0,10000,40,50,45.0,10,2247.0,2085.8,2438.5,1000,1000,1000
smt,prehashed_ordered_insert_only_10k,insert_only_build,prehashed_ordered_insert_only,True,10000,10K,10000,0,10000,40,50,45.0,10,1422.0,1341.0,1468.2,1000,1000,1000
smt,build_10k_then_add_2k_new,build_then_add_new,build_then_add_new,False,10000,10K,12000,10000,2000,40,50,45.0,10,2397.5,2303.7,2672.7999999999997,200,200,200
smt,build_10k_then_reinsert_2k_existing,build_then_reinsert_existing,build_then_reinsert_existing,False,10000,10K,10000,10000,2000,40,50,45.0,10,2303.5,2122.3,2471.7,200,200,200
smt,insert_only_build_10k,insert_only_build,insert_only_build,False,10000,10K,10000,0,10000,50,60,55.0,10,2285.5,2115.4,2575.8,1000,1000,1000
smt,prehashed_ordered_insert_only_10k,insert_only_build,prehashed_ordered_insert_only,True,10000,10K,10000,0,10000,50,60,55.0,10,1211.0,1186.8,1237.6,1000,1000,1000
smt,build_10k_then_add_2k_new,build_then_add_new,build_then_add_new,False,10000,10K,12000,10000,2000,50,60,55.0,10,2278.5,2227.9,2535.5,200,200,200
smt,build_10k_then_reinsert_2k_existing,build_then_reinsert_existing,build_then_reinsert_existing,False,10000,10K,10000,10000,2000,50,60,55.0,10,2260.5,2124.1,2437.3,200,200,200
smt,insert_only_build_10k,insert_only_build,insert_only_build,False,10000,10K,10000,0,10000,60,70,65.0,10,2624.0,2212.9,2746.7,1000,1000,1000
smt,prehashed_ordered_insert_only_10k,insert_only_build,prehashed_ordered_insert_only,True,10000,10K,10000,0,10000,60,70,65.0,10,2258.5,2068.7,2412.2999999999997,1000,1000,1000
smt,build_10k_then_add_2k_new,build_then_add_new,build_then_add_new,False,10000,10K,12000,10000,2000,60,70,65.0,10,2323.0,2212.9,2720.4,200,200,200
smt,build_10k_then_reinsert_2k_existing,build_then_reinsert_existing,build_then_reinsert_existing,False,10000,10K,10000,10000,2000,60,70,65.0,10,2206.5,2103.4,2315.5,200,200,200
smt,insert_only_build_10k,insert_only_build,insert_only_build,False,10000,10K,10000,0,10000,70,80,75.0,10,3034.0,2588.8,3774.7999999999997,1000,1000,1000
smt,prehashed_ordered_insert_only_10k,insert_only_build,prehashed_ordered_insert_only,True,10000,10K,10000,0,10000,70,80,75.0,10,1420.5,1292.6,1455.7,1000,1000,1000
smt,build_10k_then_add_2k_new,build_then_add_new,build_then_add_new,False,10000,10K,12000,10000,2000,70,80,75.0,10,2378.5,2284.5,2633.2,200,200,200
smt,build_10k_then_reinsert_2k_existing,build_then_reinsert_existing,build_then_reinsert_existing,False,10000,10K,10000,10000,2000,70,80,75.0,10,2128.0,2056.6,2417.0,200,200,200
smt,insert_only_build_10k,insert_only_build,insert_only_build,False,10000,10K,10000,0,10000,80,90,85.0,10,2425.0,2190.6,2747.0,1000,1000,1000
smt,prehashed_ordered_insert_only_10k,insert_only_build,prehashed_ordered_insert_only,True,10000,10K,10000,0,10000,80,90,85.0,10,1411.5,1350.8,1458.5,1000,1000,1000
smt,build_10k_then_add_2k_new,build_then_add_new,build_then_add_new,False,10000,10K,12000,10000,2000,80,90,85.0,10,2417.5,2213.1,2563.2,200,200,200
smt,build_10k_then_reinsert_2k_existing,build_then_reinsert_existing,build_then_reinsert_existing,False,10000,10K,10000,10000,2000,80,90,85.0,10,2171.5,2111.1,2309.8,200,200,200
smt,insert_only_build_10k,insert_only_build,insert_only_build,False,10000,10K,10000,0,10000,90,100,95.0,10,2565.5,2234.9,3702.299999999999,1000,1000,1000
smt,prehashed_ordered_insert_only_10k,insert_only_build,prehashed_ordered_insert_only,True,10000,10K,10000,0,10000,90,100,95.0,10,1488.0,1417.5,1544.0,1000,1000,1000
smt,build_10k_then_add_2k_new,build_then_add_new,build_then_add_new,False,10000,10K,12000,10000,2000,90,100,95.0,10,2279.5,2197.5,2512.2,200,200,200
smt,build_10k_then_reinsert_2k_existing,build_then_reinsert_existing,build_then_reinsert_existing,False,10000,10K,10000,10000,2000,90,100,95.0,10,2102.0,2071.1,2305.4,200,200,200
smt,insert_only_build_50k,insert_only_build,insert_only_build,False,50000,50K,50000,0,50000,0,10,5.0,10,2145.5,2041.5999999999997,2271.5,5000,5000,5000
smt,prehashed_ordered_insert_only_50k,insert_only_build,prehashed_ordered_insert_only,True,50000,50K,50000,0,50000,0,10,5.0,10,1438.5,1401.9,1449.4,5000,5000,5000
smt,build_50k_then_add_10k_new,build_then_add_new,build_then_add_new,False,50000,50K,60000,50000,10000,0,10,5.0,10,3747.5,3496.2,4563.4,1000,1000,1000
smt,build_50k_then_reinsert_10k_existing,build_then_reinsert_existing,build_then_reinsert_existing,False,50000,50K,50000,50000,10000,0,10,5.0,10,3794.0,3494.7,4108.1,1000,1000,1000
smt,insert_only_build_50k,insert_only_build,insert_only_build,False,50000,50K,50000,0,50000,10,20,15.0,10,2450.0,2356.2,2634.4,5000,5000,5000
smt,prehashed_ordered_insert_only_50k,insert_only_build,prehashed_ordered_insert_only,True,50000,50K,50000,0,50000,10,20,15.0,10,1597.0,1521.9,1624.1,5000,5000,5000
smt,build_50k_then_add_10k_new,build_then_add_new,build_then_add_new,False,50000,50K,60000,50000,10000,10,20,15.0,10,3370.0,3216.0,3979.4,1000,1000,1000
smt,build_50k_then_reinsert_10k_existing,build_then_reinsert_existing,build_then_reinsert_existing,False,50000,50K,50000,50000,10000,10,20,15.0,10,3299.5,3065.5,3482.9,1000,1000,1000
smt,insert_only_build_50k,insert_only_build,insert_only_build,False,50000,50K,50000,0,50000,20,30,25.0,10,2584.5,2435.4,2732.7,5000,5000,5000
smt,prehashed_ordered_insert_only_50k,insert_only_build,prehashed_ordered_insert_only,True,50000,50K,50000,0,50000,20,30,25.0,10,1642.0,1574.8,1667.2,5000,5000,5000
smt,build_50k_then_add_10k_new,build_then_add_new,build_then_add_new,False,50000,50K,60000,50000,10000,20,30,25.0,10,3404.5,3301.1,3763.8,1000,1000,1000
smt,build_50k_then_reinsert_10k_existing,build_then_reinsert_existing,build_then_reinsert_existing,False,50000,50K,50000,50000,10000,20,30,25.0,10,3227.5,3002.6,3333.2,1000,1000,1000
smt,insert_only_build_50k,insert_only_build,insert_only_build,False,50000,50K,50000,0,50000,30,40,35.0,10,2512.0,2418.5,2701.0,5000,5000,5000
smt,prehashed_ordered_insert_only_50k,insert_only_build,prehashed_ordered_insert_only,True,50000,50K,50000,0,50000,30,40,35.0,10,1481.0,1426.6,1642.5,5000,5000,5000
smt,build_50k_then_add_10k_new,build_then_add_new,build_then_add_new,False,50000,50K,60000,50000,10000,30,40,35.0,10,3381.0,3171.7,3642.2,1000,1000,1000
smt,build_50k_then_reinsert_10k_existing,build_then_reinsert_existing,build_then_reinsert_existing,False,50000,50K,50000,50000,10000,30,40,35.0,10,3117.5,3024.2,3344.7,1000,1000,1000
smt,insert_only_build_50k,insert_only_build,insert_only_build,False,50000,50K,50000,0,50000,40,50,45.0,10,2593.0,2494.2,2728.1,5000,5000,5000
smt,prehashed_ordered_insert_only_50k,insert_only_build,prehashed_ordered_insert_only,True,50000,50K,50000,0,50000,40,50,45.0,10,1830.0,1635.2,1883.0,5000,5000,5000
smt,build_50k_then_add_10k_new,build_then_add_new,build_then_add_new,False,50000,50K,60000,50000,10000,40,50,45.0,10,3320.5,3085.6,3377.5,1000,1000,1000
smt,build_50k_then_reinsert_10k_existing,build_then_reinsert_existing,build_then_reinsert_existing,False,50000,50K,50000,50000,10000,40,50,45.0,10,3041.5,2867.7,3162.7,1000,1000,1000
smt,insert_only_build_50k,insert_only_build,insert_only_build,False,50000,50K,50000,0,50000,50,60,55.0,10,2800.5,2654.6,2907.4,5000,5000,5000
smt,prehashed_ordered_insert_only_50k,insert_only_build,prehashed_ordered_insert_only,True,50000,50K,50000,0,50000,50,60,55.0,10,1350.0,1301.2,1365.2,5000,5000,5000
smt,build_50k_then_add_10k_new,build_then_add_new,build_then_add_new,False,50000,50K,60000,50000,10000,50,60,55.0,10,3259.0,3151.6,3507.7,1000,1000,1000
smt,build_50k_then_reinsert_10k_existing,build_then_reinsert_existing,build_then_reinsert_existing,False,50000,50K,50000,50000,10000,50,60,55.0,10,3104.0,2962.0,3216.9,1000,1000,1000
smt,insert_only_build_50k,insert_only_build,insert_only_build,False,50000,50K,50000,0,50000,60,70,65.0,10,2615.0,2513.0,2759.4,5000,5000,5000
smt,prehashed_ordered_insert_only_50k,insert_only_build,prehashed_ordered_insert_only,True,50000,50K,50000,0,50000,60,70,65.0,10,1757.0,1677.9,1808.5,5000,5000,5000
smt,build_50k_then_add_10k_new,build_then_add_new,build_then_add_new,False,50000,50K,60000,50000,10000,60,70,65.0,10,3319.5,3158.9,3381.9,1000,1000,1000
smt,build_50k_then_reinsert_10k_existing,build_then_reinsert_existing,build_then_reinsert_existing,False,50000,50K,50000,50000,10000,60,70,65.0,10,2950.0,2768.8,3051.2999999999997,1000,1000,1000
smt,insert_only_build_50k,insert_only_build,insert_only_build,False,50000,50K,50000,0,50000,70,80,75.0,10,2656.5,2593.1,2838.6,5000,5000,5000
smt,prehashed_ordered_insert_only_50k,insert_only_build,prehashed_ordered_insert_only,True,50000,50K,50000,0,50000,70,80,75.0,10,1483.0,1445.0,1506.0,5000,5000,5000
smt,build_50k_then_add_10k_new,build_then_add_new,build_then_add_new,False,50000,50K,60000,50000,10000,70,80,75.0,10,3317.0,3212.4,3474.0,1000,1000,1000
smt,build_50k_then_reinsert_10k_existing,build_then_reinsert_existing,build_then_reinsert_existing,False,50000,50K,50000,50000,10000,70,80,75.0,10,2954.0,2828.0,3096.2,1000,1000,1000
smt,insert_only_build_50k,insert_only_build,insert_only_build,False,50000,50K,50000,0,50000,80,90,85.0,10,2934.5,2664.8,3002.3,5000,5000,5000
smt,prehashed_ordered_insert_only_50k,insert_only_build,prehashed_ordered_insert_only,True,50000,50K,50000,0,50000,80,90,85.0,10,1521.0,1479.0,1535.1,5000,5000,5000
smt,build_50k_then_add_10k_new,build_then_add_new,build_then_add_new,False,50000,50K,60000,50000,10000,80,90,85.0,10,3216.5,3082.5,3402.0,1000,1000,1000
smt,build_50k_then_reinsert_10k_existing,build_then_reinsert_existing,build_then_reinsert_existing,False,50000,50K,50000,50000,10000,80,90,85.0,10,2918.5,2832.0,3047.6,1000,1000,1000
smt,insert_only_build_50k,insert_only_build,insert_only_build,False,50000,50K,50000,0,50000,90,100,95.0,10,3065.5,2786.5,3354.0,5000,5000,5000
smt,prehashed_ordered_insert_only_50k,insert_only_build,prehashed_ordered_insert_only,True,50000,50K,50000,0,50000,90,100,95.0,10,1619.0,1569.4,1643.2,5000,5000,5000
smt,build_50k_then_add_10k_new,build_then_add_new,build_then_add_new,False,50000,50K,60000,50000,10000,90,100,95.0,10,3052.0,2976.5,3166.3,1000,1000,1000
smt,build_50k_then_reinsert_10k_existing,build_then_reinsert_existing,build_then_reinsert_existing,False,50000,50K,50000,50000,10000,90,100,95.0,10,2917.0,2776.2,3045.4,1000,1000,1000
smt,insert_only_build_100k,insert_only_build,insert_only_build,False,100000,100K,100000,0,100000,0,10,5.0,10,2242.5,2165.6,2510.5,10000,10000,10000
smt,prehashed_ordered_insert_only_100k,insert_only_build,prehashed_ordered_insert_only,True,100000,100K,100000,0,100000,0,10,5.0,10,1542.5,1488.6,1645.0,10000,10000,10000
smt,build_100k_then_add_20k_new,build_then_add_new,build_then_add_new,False,100000,100K,120000,100000,20000,0,10,5.0,10,4398.5,4153.9,5166.0,2000,2000,2000
smt,build_100k_then_reinsert_20k_existing,build_then_reinsert_existing,build_then_reinsert_existing,False,100000,100K,100000,100000,20000,0,10,5.0,10,4502.0,4164.6,4806.6,2000,2000,2000
smt,insert_only_build_100k,insert_only_build,insert_only_build,False,100000,100K,100000,0,100000,10,20,15.0,10,2509.5,2407.9,2558.1,10000,10000,10000
smt,prehashed_ordered_insert_only_100k,insert_only_build,prehashed_ordered_insert_only,True,100000,100K,100000,0,100000,10,20,15.0,10,1554.0,1509.4,1581.2,10000,10000,10000
smt,build_100k_then_add_20k_new,build_then_add_new,build_then_add_new,False,100000,100K,120000,100000,20000,10,20,15.0,10,4043.5,3932.6,4467.8,2000,2000,2000
smt,build_100k_then_reinsert_20k_existing,build_then_reinsert_existing,build_then_reinsert_existing,False,100000,100K,100000,100000,20000,10,20,15.0,10,4032.5,3863.7,4125.7,2000,2000,2000
smt,insert_only_build_100k,insert_only_build,insert_only_build,False,100000,100K,100000,0,100000,20,30,25.0,10,2623.0,2541.0,2811.1,10000,10000,10000
smt,prehashed_ordered_insert_only_100k,insert_only_build,prehashed_ordered_insert_only,True,100000,100K,100000,0,100000,20,30,25.0,10,1594.0,1511.0,1634.1,10000,10000,10000
smt,build_100k_then_add_20k_new,build_then_add_new,build_then_add_new,False,100000,100K,120000,100000,20000,20,30,25.0,10,4029.4999999999995,3904.5,4320.5,2000,2000,2000
smt,build_100k_then_reinsert_20k_existing,build_then_reinsert_existing,build_then_reinsert_existing,False,100000,100K,100000,100000,20000,20,30,25.0,10,3868.0,3704.6,3947.3,2000,2000,2000
smt,insert_only_build_100k,insert_only_build,insert_only_build,False,100000,100K,100000,0,100000,30,40,35.0,10,2640.0,2508.5,2770.2,10000,10000,10000
smt,prehashed_ordered_insert_only_100k,insert_only_build,prehashed_ordered_insert_only,True,100000,100K,100000,0,100000,30,40,35.0,10,1689.5,1659.3,1726.1,10000,10000,10000
smt,build_100k_then_add_20k_new,build_then_add_new,build_then_add_new,False,100000,100K,120000,100000,20000,30,40,35.0,10,3858.5,3660.8,4014.2999999999997,2000,2000,2000
smt,build_100k_then_reinsert_20k_existing,build_then_reinsert_existing,build_then_reinsert_existing,False,100000,100K,100000,100000,20000,30,40,35.0,10,3737.0,3626.6,3829.6,2000,2000,2000
smt,insert_only_build_100k,insert_only_build,insert_only_build,False,100000,100K,100000,0,100000,40,50,45.0,10,2798.5,2642.8,2920.4,10000,10000,10000
smt,prehashed_ordered_insert_only_100k,insert_only_build,prehashed_ordered_insert_only,True,100000,100K,100000,0,100000,40,50,45.0,10,1643.0,1589.9,1683.7,10000,10000,10000
smt,build_100k_then_add_20k_new,build_then_add_new,build_then_add_new,False,100000,100K,120000,100000,20000,40,50,45.0,10,3653.0,3514.2,3905.4,2000,2000,2000
smt,build_100k_then_reinsert_20k_existing,build_then_reinsert_existing,build_then_reinsert_existing,False,100000,100K,100000,100000,20000,40,50,45.0,10,3684.5,3601.7,3801.7,2000,2000,2000
smt,insert_only_build_100k,insert_only_build,insert_only_build,False,100000,100K,100000,0,100000,50,60,55.0,10,3060.0,2862.8,3173.1,10000,10000,10000
smt,prehashed_ordered_insert_only_100k,insert_only_build,prehashed_ordered_insert_only,True,100000,100K,100000,0,100000,50,60,55.0,10,1398.5,1355.9,1413.4,10000,10000,10000
smt,build_100k_then_add_20k_new,build_then_add_new,build_then_add_new,False,100000,100K,120000,100000,20000,50,60,55.0,10,3647.0,3488.3,3756.0,2000,2000,2000
smt,build_100k_then_reinsert_20k_existing,build_then_reinsert_existing,build_then_reinsert_existing,False,100000,100K,100000,100000,20000,50,60,55.0,10,3606.0,3522.9,3684.6,2000,2000,2000
smt,insert_only_build_100k,insert_only_build,insert_only_build,False,100000,100K,100000,0,100000,60,70,65.0,10,3019.5,2846.9,3190.9,10000,10000,10000
smt,prehashed_ordered_insert_only_100k,insert_only_build,prehashed_ordered_insert_only,True,100000,100K,100000,0,100000,60,70,65.0,10,1737.0,1684.5,1767.3,10000,10000,10000
smt,build_100k_then_add_20k_new,build_then_add_new,build_then_add_new,False,100000,100K,120000,100000,20000,60,70,65.0,10,3569.5,3465.8,3733.5,2000,2000,2000
smt,build_100k_then_reinsert_20k_existing,build_then_reinsert_existing,build_then_reinsert_existing,False,100000,100K,100000,100000,20000,60,70,65.0,10,3529.0,3420.1,3573.2,2000,2000,2000
smt,insert_only_build_100k,insert_only_build,insert_only_build,False,100000,100K,100000,0,100000,70,80,75.0,10,3161.5,2942.2,3330.5,10000,10000,10000
smt,prehashed_ordered_insert_only_100k,insert_only_build,prehashed_ordered_insert_only,True,100000,100K,100000,0,100000,70,80,75.0,10,1553.5,1507.6,1598.1,10000,10000,10000
smt,build_100k_then_add_20k_new,build_then_add_new,build_then_add_new,False,100000,100K,120000,100000,20000,70,80,75.0,10,3676.0,3464.3,3784.4,2000,2000,2000
smt,build_100k_then_reinsert_20k_existing,build_then_reinsert_existing,build_then_reinsert_existing,False,100000,100K,100000,100000,20000,70,80,75.0,10,3359.5,3315.6,3528.5,2000,2000,2000
smt,insert_only_build_100k,insert_only_build,insert_only_build,False,100000,100K,100000,0,100000,80,90,85.0,10,3246.0,3015.6,3304.3,10000,10000,10000
smt,prehashed_ordered_insert_only_100k,insert_only_build,prehashed_ordered_insert_only,True,100000,100K,100000,0,100000,80,90,85.0,10,1578.0,1525.8,1598.8,10000,10000,10000
smt,build_100k_then_add_20k_new,build_then_add_new,build_then_add_new,False,100000,100K,120000,100000,20000,80,90,85.0,10,3584.0,3465.8,3735.4,2000,2000,2000
smt,build_100k_then_reinsert_20k_existing,build_then_reinsert_existing,build_then_reinsert_existing,False,100000,100K,100000,100000,20000,80,90,85.0,10,3329.0,3292.7,3412.3,2000,2000,2000
smt,insert_only_build_100k,insert_only_build,insert_only_build,False,100000,100K,100000,0,100000,90,100,95.0,10,3324.0,3182.5,3643.3,10000,10000,10000
smt,prehashed_ordered_insert_only_100k,insert_only_build,prehashed_ordered_insert_only,True,100000,100K,100000,0,100000,90,100,95.0,10,1678.5,1619.7,1696.8,10000,10000,10000
smt,build_100k_then_add_20k_new,build_then_add_new,build_then_add_new,False,100000,100K,120000,100000,20000,90,100,95.0,10,3619.0,3474.6,3755.5,2000,2000,2000
smt,build_100k_then_reinsert_20k_existing,build_then_reinsert_existing,build_then_reinsert_existing,False,100000,100K,100000,100000,20000,90,100,95.0,10,3334.0,3260.5,3385.5,2000,2000,2000
smt,insert_only_build_200k,insert_only_build,insert_only_build,False,200000,200K,200000,0,200000,0,10,5.0,10,2371.0,2212.4,2413.9,20000,20000,20000
smt,prehashed_ordered_insert_only_200k,insert_only_build,prehashed_ordered_insert_only,True,200000,200K,200000,0,200000,0,10,5.0,10,1446.5,1421.6,1494.0,20000,20000,20000
smt,build_200k_then_add_40k_new,build_then_add_new,build_then_add_new,False,200000,200K,240000,200000,40000,0,10,5.0,10,5694.0,5188.0,5767.6,4000,4000,4000
smt,build_200k_then_reinsert_40k_existing,build_then_reinsert_existing,build_then_reinsert_existing,False,200000,200K,200000,200000,40000,0,10,5.0,10,4804.5,4612.6,5113.7,4000,4000,4000
smt,insert_only_build_200k,insert_only_build,insert_only_build,False,200000,200K,200000,0,200000,10,20,15.0,10,2622.0,2531.5,2767.3,20000,20000,20000
smt,prehashed_ordered_insert_only_200k,insert_only_build,prehashed_ordered_insert_only,True,200000,200K,200000,0,200000,10,20,15.0,10,1588.5,1533.0,1631.1,20000,20000,20000
smt,build_200k_then_add_40k_new,build_then_add_new,build_then_add_new,False,200000,200K,240000,200000,40000,10,20,15.0,10,4950.5,4763.8,5105.5,4000,4000,4000
smt,build_200k_then_reinsert_40k_existing,build_then_reinsert_existing,build_then_reinsert_existing,False,200000,200K,200000,200000,40000,10,20,15.0,10,4331.0,4248.5,4584.9,4000,4000,4000
smt,insert_only_build_200k,insert_only_build,insert_only_build,False,200000,200K,200000,0,200000,20,30,25.0,10,2846.5,2692.1,2979.5,20000,20000,20000
smt,prehashed_ordered_insert_only_200k,insert_only_build,prehashed_ordered_insert_only,True,200000,200K,200000,0,200000,20,30,25.0,10,1649.5,1589.7,1703.1,20000,20000,20000
smt,build_200k_then_add_40k_new,build_then_add_new,build_then_add_new,False,200000,200K,240000,200000,40000,20,30,25.0,10,4687.5,4580.4,4883.9,4000,4000,4000
smt,build_200k_then_reinsert_40k_existing,build_then_reinsert_existing,build_then_reinsert_existing,False,200000,200K,200000,200000,40000,20,30,25.0,10,4149.0,4032.7999999999997,4319.2,4000,4000,4000
smt,insert_only_build_200k,insert_only_build,insert_only_build,False,200000,200K,200000,0,200000,30,40,35.0,10,2951.5,2744.3,3056.5,20000,20000,20000
smt,prehashed_ordered_insert_only_200k,insert_only_build,prehashed_ordered_insert_only,True,200000,200K,200000,0,200000,30,40,35.0,10,1605.0,1539.9,1652.0,20000,20000,20000
smt,build_200k_then_add_40k_new,build_then_add_new,build_then_add_new,False,200000,200K,240000,200000,40000,30,40,35.0,10,4529.5,4463.6,4739.9,4000,4000,4000
smt,build_200k_then_reinsert_40k_existing,build_then_reinsert_existing,build_then_reinsert_existing,False,200000,200K,200000,200000,40000,30,40,35.0,10,4036.0,3916.0,4157.0,4000,4000,4000
smt,insert_only_build_200k,insert_only_build,insert_only_build,False,200000,200K,200000,0,200000,40,50,45.0,10,3244.0,2994.3,3387.4,20000,20000,20000
smt,prehashed_ordered_insert_only_200k,insert_only_build,prehashed_ordered_insert_only,True,200000,200K,200000,0,200000,40,50,45.0,10,1851.5,1723.7,1892.0,20000,20000,20000
smt,build_200k_then_add_40k_new,build_then_add_new,build_then_add_new,False,200000,200K,240000,200000,40000,40,50,45.0,10,4456.0,4395.9,4620.7,4000,4000,4000
smt,build_200k_then_reinsert_40k_existing,build_then_reinsert_existing,build_then_reinsert_existing,False,200000,200K,200000,200000,40000,40,50,45.0,10,4004.5,3891.9,4096.5,4000,4000,4000
smt,insert_only_build_200k,insert_only_build,insert_only_build,False,200000,200K,200000,0,200000,50,60,55.0,10,3326.0,3004.3,3385.2999999999997,20000,20000,20000
smt,prehashed_ordered_insert_only_200k,insert_only_build,prehashed_ordered_insert_only,True,200000,200K,200000,0,200000,50,60,55.0,10,1478.5,1433.9,1532.1,20000,20000,20000
smt,build_200k_then_add_40k_new,build_then_add_new,build_then_add_new,False,200000,200K,240000,200000,40000,50,60,55.0,10,4327.0,4263.9,4442.3,4000,4000,4000
smt,build_200k_then_reinsert_40k_existing,build_then_reinsert_existing,build_then_reinsert_existing,False,200000,200K,200000,200000,40000,50,60,55.0,10,3957.5,3832.4,4063.2999999999997,4000,4000,4000
smt,insert_only_build_200k,insert_only_build,insert_only_build,False,200000,200K,200000,0,200000,60,70,65.0,10,3381.0,3211.2,3501.4,20000,20000,20000
smt,prehashed_ordered_insert_only_200k,insert_only_build,prehashed_ordered_insert_only,True,200000,200K,200000,0,200000,60,70,65.0,10,1564.5,1502.8,1605.4,20000,20000,20000
smt,build_200k_then_add_40k_new,build_then_add_new,build_then_add_new,False,200000,200K,240000,200000,40000,60,70,65.0,10,4121.5,4084.8000000000006,4294.9,4000,4000,4000
smt,build_200k_then_reinsert_40k_existing,build_then_reinsert_existing,build_then_reinsert_existing,False,200000,200K,200000,200000,40000,60,70,65.0,10,3896.0,3801.5,3981.2999999999997,4000,4000,4000
smt,insert_only_build_200k,insert_only_build,insert_only_build,False,200000,200K,200000,0,200000,70,80,75.0,10,3723.0,3548.5,3906.5,20000,20000,20000
smt,prehashed_ordered_insert_only_200k,insert_only_build,prehashed_ordered_insert_only,True,200000,200K,200000,0,200000,70,80,75.0,10,1624.0,1548.4,1835.8999999999999,20000,20000,20000
smt,build_200k_then_add_40k_new,build_then_add_new,build_then_add_new,False,200000,200K,240000,200000,40000,70,80,75.0,10,4032.0,3969.9,4109.400000000001,4000,4000,4000
smt,build_200k_then_reinsert_40k_existing,build_then_reinsert_existing,build_then_reinsert_existing,False,200000,200K,200000,200000,40000,70,80,75.0,10,3837.5,3748.5,3957.2,4000,4000,4000
smt,insert_only_build_200k,insert_only_build,insert_only_build,False,200000,200K,200000,0,200000,80,90,85.0,10,3957.0,3467.1,4121.7,20000,20000,20000
smt,prehashed_ordered_insert_only_200k,insert_only_build,prehashed_ordered_insert_only,True,200000,200K,200000,0,200000,80,90,85.0,10,1848.0,1662.5,1937.1,20000,20000,20000
smt,build_200k_then_add_40k_new,build_then_add_new,build_then_add_new,False,200000,200K,240000,200000,40000,80,90,85.0,10,4030.5,3978.7,4298.5,4000,4000,4000
smt,build_200k_then_reinsert_40k_existing,build_then_reinsert_existing,build_then_reinsert_existing,False,200000,200K,200000,200000,40000,80,90,85.0,10,3782.5,3664.9,3889.4,4000,4000,4000
smt,insert_only_build_200k,insert_only_build,insert_only_build,False,200000,200K,200000,0,200000,90,100,95.0,10,3722.0,3564.6,4016.2,20000,20000,20000
smt,prehashed_ordered_insert_only_200k,insert_only_build,prehashed_ordered_insert_only,True,200000,200K,200000,0,200000,90,100,95.0,10,1747.5,1693.5,1839.5,20000,20000,20000
smt,build_200k_then_add_40k_new,build_then_add_new,build_then_add_new,False,200000,200K,240000,200000,40000,90,100,95.0,10,4019.0,3975.1,4272.8,4000,4000,4000
smt,build_200k_then_reinsert_40k_existing,build_then_reinsert_existing,build_then_reinsert_existing,False,200000,200K,200000,200000,40000,90,100,95.0,10,3726.0,3623.9,3877.2,4000,4000,4000
smt,insert_only_build_300k,insert_only_build,insert_only_build,False,300000,300K,300000,0,300000,0,10,5.0,10,2416.0,2311.4,2671.9,30000,30000,30000
smt,prehashed_ordered_insert_only_300k,insert_only_build,prehashed_ordered_insert_only,True,300000,300K,300000,0,300000,0,10,5.0,10,1520.5,1402.3,1544.1,30000,30000,30000
smt,build_300k_then_add_60k_new,build_then_add_new,build_then_add_new,False,300000,300K,360000,300000,60000,0,10,5.0,10,5741.5,5533.4,6621.8,6000,6000,6000
smt,build_300k_then_reinsert_60k_existing,build_then_reinsert_existing,build_then_reinsert_existing,False,300000,300K,300000,300000,60000,0,10,5.0,10,5218.5,5085.5,5377.3,6000,6000,6000
smt,insert_only_build_300k,insert_only_build,insert_only_build,False,300000,300K,300000,0,300000,10,20,15.0,10,2949.0,2620.9,3200.2999999999997,30000,30000,30000
smt,prehashed_ordered_insert_only_300k,insert_only_build,prehashed_ordered_insert_only,True,300000,300K,300000,0,300000,10,20,15.0,10,1609.5,1557.5,1677.3,30000,30000,30000
smt,build_300k_then_add_60k_new,build_then_add_new,build_then_add_new,False,300000,300K,360000,300000,60000,10,20,15.0,10,5152.0,5000.5,5867.8,6000,6000,6000
smt,build_300k_then_reinsert_60k_existing,build_then_reinsert_existing,build_then_reinsert_existing,False,300000,300K,300000,300000,60000,10,20,15.0,10,4641.0,4521.9,4733.1,6000,6000,6000
smt,insert_only_build_300k,insert_only_build,insert_only_build,False,300000,300K,300000,0,300000,20,30,25.0,10,3122.5,2826.1,3563.3,30000,30000,30000
smt,prehashed_ordered_insert_only_300k,insert_only_build,prehashed_ordered_insert_only,True,300000,300K,300000,0,300000,20,30,25.0,10,1647.0,1595.6,1668.9,30000,30000,30000
smt,build_300k_then_add_60k_new,build_then_add_new,build_then_add_new,False,300000,300K,360000,300000,60000,20,30,25.0,10,5058.5,4905.8,5609.599999999999,6000,6000,6000
smt,build_300k_then_reinsert_60k_existing,build_then_reinsert_existing,build_then_reinsert_existing,False,300000,300K,300000,300000,60000,20,30,25.0,10,4432.0,4325.3,4504.8,6000,6000,6000
smt,insert_only_build_300k,insert_only_build,insert_only_build,False,300000,300K,300000,0,300000,30,40,35.0,10,3372.0,3097.0,3712.2,30000,30000,30000
smt,prehashed_ordered_insert_only_300k,insert_only_build,prehashed_ordered_insert_only,True,300000,300K,300000,0,300000,30,40,35.0,10,1724.0,1632.6,1788.5,30000,30000,30000
smt,build_300k_then_add_60k_new,build_then_add_new,build_then_add_new,False,300000,300K,360000,300000,60000,30,40,35.0,10,4831.5,4611.1,5185.8,6000,6000,6000
smt,build_300k_then_reinsert_60k_existing,build_then_reinsert_existing,build_then_reinsert_existing,False,300000,300K,300000,300000,60000,30,40,35.0,10,4305.0,4188.9,4365.5,6000,6000,6000
smt,insert_only_build_300k,insert_only_build,insert_only_build,False,300000,300K,300000,0,300000,40,50,45.0,10,3272.0,3154.6,3543.9,30000,30000,30000
smt,prehashed_ordered_insert_only_300k,insert_only_build,prehashed_ordered_insert_only,True,300000,300K,300000,0,300000,40,50,45.0,10,1774.0,1728.4,1870.1,30000,30000,30000
smt,build_300k_then_add_60k_new,build_then_add_new,build_then_add_new,False,300000,300K,360000,300000,60000,40,50,45.0,10,4563.0,4344.0,4896.5,6000,6000,6000
smt,build_300k_then_reinsert_60k_existing,build_then_reinsert_existing,build_then_reinsert_existing,False,300000,300K,300000,300000,60000,40,50,45.0,10,4211.0,4111.0,4279.7,6000,6000,6000
smt,insert_only_build_300k,insert_only_build,insert_only_build,False,300000,300K,300000,0,300000,50,60,55.0,10,3671.0,3535.5,4016.1,30000,30000,30000
smt,prehashed_ordered_insert_only_300k,insert_only_build,prehashed_ordered_insert_only,True,300000,300K,300000,0,300000,50,60,55.0,10,1521.5,1481.6,1626.8999999999999,30000,30000,30000
smt,build_300k_then_add_60k_new,build_then_add_new,build_then_add_new,False,300000,300K,360000,300000,60000,50,60,55.0,10,4390.0,4190.6,4695.2,6000,6000,6000
smt,build_300k_then_reinsert_60k_existing,build_then_reinsert_existing,build_then_reinsert_existing,False,300000,300K,300000,300000,60000,50,60,55.0,10,4174.0,4049.5999999999995,4275.2,6000,6000,6000
smt,insert_only_build_300k,insert_only_build,insert_only_build,False,300000,300K,300000,0,300000,60,70,65.0,10,3585.5,3438.1,4167.4,30000,30000,30000
smt,prehashed_ordered_insert_only_300k,insert_only_build,prehashed_ordered_insert_only,True,300000,300K,300000,0,300000,60,70,65.0,10,1841.5,1640.1,1891.7,30000,30000,30000
smt,build_300k_then_add_60k_new,build_then_add_new,build_then_add_new,False,300000,300K,360000,300000,60000,60,70,65.0,10,4345.5,4134.2,4678.5,6000,6000,6000
smt,build_300k_then_reinsert_60k_existing,build_then_reinsert_existing,build_then_reinsert_existing,False,300000,300K,300000,300000,60000,60,70,65.0,10,4093.5,3988.1,4173.5,6000,6000,6000
smt,insert_only_build_300k,insert_only_build,insert_only_build,False,300000,300K,300000,0,300000,70,80,75.0,10,3825.0,3612.4,4134.0,30000,30000,30000
smt,prehashed_ordered_insert_only_300k,insert_only_build,prehashed_ordered_insert_only,True,300000,300K,300000,0,300000,70,80,75.0,10,1702.0,1637.2,1851.3999999999999,30000,30000,30000
smt,build_300k_then_add_60k_new,build_then_add_new,build_then_add_new,False,300000,300K,360000,300000,60000,70,80,75.0,10,4308.0,4157.4,4650.8,6000,6000,6000
smt,build_300k_then_reinsert_60k_existing,build_then_reinsert_existing,build_then_reinsert_existing,False,300000,300K,300000,300000,60000,70,80,75.0,10,4012.0,3885.0,4132.2,6000,6000,6000
smt,insert_only_build_300k,insert_only_build,insert_only_build,False,300000,300K,300000,0,300000,80,90,85.0,10,4129.0,3908.8,4249.1,30000,30000,30000
smt,prehashed_ordered_insert_only_300k,insert_only_build,prehashed_ordered_insert_only,True,300000,300K,300000,0,300000,80,90,85.0,10,1797.0,1675.7,1863.2,30000,30000,30000
smt,build_300k_then_add_60k_new,build_then_add_new,build_then_add_new,False,300000,300K,360000,300000,60000,80,90,85.0,10,4411.5,4189.1,4681.5,6000,6000,6000
smt,build_300k_then_reinsert_60k_existing,build_then_reinsert_existing,build_then_reinsert_existing,False,300000,300K,300000,300000,60000,80,90,85.0,10,3963.5,3850.6,4068.0,6000,6000,6000
smt,insert_only_build_300k,insert_only_build,insert_only_build,False,300000,300K,300000,0,300000,90,100,95.0,10,4481.5,4269.2,5153.4,30000,30000,30000
smt,prehashed_ordered_insert_only_300k,insert_only_build,prehashed_ordered_insert_only,True,300000,300K,300000,0,300000,90,100,95.0,10,1867.0,1748.1,1963.0,30000,30000,30000
smt,build_300k_then_add_60k_new,build_then_add_new,build_then_add_new,False,300000,300K,360000,300000,60000,90,100,95.0,10,4390.0,4170.9,4676.5,6000,6000,6000
smt,build_300k_then_reinsert_60k_existing,build_then_reinsert_existing,build_then_reinsert_existing,False,300000,300K,300000,300000,60000,90,100,95.0,10,3896.0,3833.6,4022.8,6000,6000,6000
smt,insert_only_build_500k,insert_only_build,insert_only_build,False,500000,500K,500000,0,500000,0,10,5.0,10,2577.0,2457.6,2666.8,50000,50000,50000
smt,prehashed_ordered_insert_only_500k,insert_only_build,prehashed_ordered_insert_only,True,500000,500K,500000,0,500000,0,10,5.0,10,1629.5,1569.0,1652.8,50000,50000,50000
smt,build_500k_then_add_100k_new,build_then_add_new,build_then_add_new,False,500000,500K,600000,500000,100000,0,10,5.0,10,6526.0,6063.9,6909.8,10000,10000,10000
smt,build_500k_then_reinsert_100k_existing,build_then_reinsert_existing,build_then_reinsert_existing,False,500000,500K,500000,500000,100000,0,10,5.0,10,5665.0,5490.2,6016.7,10000,10000,10000
smt,insert_only_build_500k,insert_only_build,insert_only_build,False,500000,500K,500000,0,500000,10,20,15.0,10,3109.0,2953.9,3391.1,50000,50000,50000
smt,prehashed_ordered_insert_only_500k,insert_only_build,prehashed_ordered_insert_only,True,500000,500K,500000,0,500000,10,20,15.0,10,1654.0,1617.2,1698.5,50000,50000,50000
smt,build_500k_then_add_100k_new,build_then_add_new,build_then_add_new,False,500000,500K,600000,500000,100000,10,20,15.0,10,5801.0,5629.0,6099.8,10000,10000,10000
smt,build_500k_then_reinsert_100k_existing,build_then_reinsert_existing,build_then_reinsert_existing,False,500000,500K,500000,500000,100000,10,20,15.0,10,4969.5,4867.4,5174.5,10000,10000,10000
smt,insert_only_build_500k,insert_only_build,insert_only_build,False,500000,500K,500000,0,500000,20,30,25.0,10,3469.5,3170.4,3667.9,50000,50000,50000
smt,prehashed_ordered_insert_only_500k,insert_only_build,prehashed_ordered_insert_only,True,500000,500K,500000,0,500000,20,30,25.0,10,1821.5,1719.6,1891.7,50000,50000,50000
smt,build_500k_then_add_100k_new,build_then_add_new,build_then_add_new,False,500000,500K,600000,500000,100000,20,30,25.0,10,5674.5,5472.4,5976.0,10000,10000,10000
smt,build_500k_then_reinsert_100k_existing,build_then_reinsert_existing,build_then_reinsert_existing,False,500000,500K,500000,500000,100000,20,30,25.0,10,4880.5,4659.1,5255.5,10000,10000,10000
smt,insert_only_build_500k,insert_only_build,insert_only_build,False,500000,500K,500000,0,500000,30,40,35.0,10,3789.5,3585.9,4153.6,50000,50000,50000
smt,prehashed_ordered_insert_only_500k,insert_only_build,prehashed_ordered_insert_only,True,500000,500K,500000,0,500000,30,40,35.0,10,1802.0,1751.8,1881.6,50000,50000,50000
smt,build_500k_then_add_100k_new,build_then_add_new,build_then_add_new,False,500000,500K,600000,500000,100000,30,40,35.0,10,5218.0,5167.1,5565.099999999999,10000,10000,10000
smt,build_500k_then_reinsert_100k_existing,build_then_reinsert_existing,build_then_reinsert_existing,False,500000,500K,500000,500000,100000,30,40,35.0,10,4692.0,4548.0,4786.6,10000,10000,10000
smt,insert_only_build_500k,insert_only_build,insert_only_build,False,500000,500K,500000,0,500000,40,50,45.0,10,3788.5,3635.8,4097.3,50000,50000,50000
smt,prehashed_ordered_insert_only_500k,insert_only_build,prehashed_ordered_insert_only,True,500000,500K,500000,0,500000,40,50,45.0,10,2045.5,1959.5,2100.1,50000,50000,50000
smt,build_500k_then_add_100k_new,build_then_add_new,build_then_add_new,False,500000,500K,600000,500000,100000,40,50,45.0,10,4977.0,4843.0,5267.4,10000,10000,10000
smt,build_500k_then_reinsert_100k_existing,build_then_reinsert_existing,build_then_reinsert_existing,False,500000,500K,500000,500000,100000,40,50,45.0,10,4580.5,4486.2,4725.6,10000,10000,10000
smt,insert_only_build_500k,insert_only_build,insert_only_build,False,500000,500K,500000,0,500000,50,60,55.0,10,4806.5,4509.1,5102.4,50000,50000,50000
smt,prehashed_ordered_insert_only_500k,insert_only_build,prehashed_ordered_insert_only,True,500000,500K,500000,0,500000,50,60,55.0,10,1664.5,1612.5,1680.3,50000,50000,50000
smt,build_500k_then_add_100k_new,build_then_add_new,build_then_add_new,False,500000,500K,600000,500000,100000,50,60,55.0,10,4902.5,4699.0,5194.3,10000,10000,10000
smt,build_500k_then_reinsert_100k_existing,build_then_reinsert_existing,build_then_reinsert_existing,False,500000,500K,500000,500000,100000,50,60,55.0,10,4509.5,4445.5,4667.8,10000,10000,10000
smt,insert_only_build_500k,insert_only_build,insert_only_build,False,500000,500K,500000,0,500000,60,70,65.0,10,4676.0,4194.5,5309.9,50000,50000,50000
smt,prehashed_ordered_insert_only_500k,insert_only_build,prehashed_ordered_insert_only,True,500000,500K,500000,0,500000,60,70,65.0,10,1773.5,1715.2,1792.1,50000,50000,50000
smt,build_500k_then_add_100k_new,build_then_add_new,build_then_add_new,False,500000,500K,600000,500000,100000,60,70,65.0,10,4828.5,4678.7,5157.6,10000,10000,10000
smt,build_500k_then_reinsert_100k_existing,build_then_reinsert_existing,build_then_reinsert_existing,False,500000,500K,500000,500000,100000,60,70,65.0,10,4528.0,4424.9,4777.1,10000,10000,10000
smt,insert_only_build_500k,insert_only_build,insert_only_build,False,500000,500K,500000,0,500000,70,80,75.0,10,4553.0,4194.2,4832.599999999999,50000,50000,50000
smt,prehashed_ordered_insert_only_500k,insert_only_build,prehashed_ordered_insert_only,True,500000,500K,500000,0,500000,70,80,75.0,10,1926.0,1765.7,2091.2,50000,50000,50000
smt,build_500k_then_add_100k_new,build_then_add_new,build_then_add_new,False,500000,500K,600000,500000,100000,70,80,75.0,10,4805.5,4631.0,5230.4,10000,10000,10000
smt,build_500k_then_reinsert_100k_existing,build_then_reinsert_existing,build_then_reinsert_existing,False,500000,500K,500000,500000,100000,70,80,75.0,10,4414.5,4346.2,4517.5,10000,10000,10000
smt,insert_only_build_500k,insert_only_build,insert_only_build,False,500000,500K,500000,0,500000,80,90,85.0,10,4669.5,4254.6,4976.7,50000,50000,50000
smt,prehashed_ordered_insert_only_500k,insert_only_build,prehashed_ordered_insert_only,True,500000,500K,500000,0,500000,80,90,85.0,10,1931.0,1805.2,2149.5,50000,50000,50000
smt,build_500k_then_add_100k_new,build_then_add_new,build_then_add_new,False,500000,500K,600000,500000,100000,80,90,85.0,10,4773.0,4619.6,5158.1,10000,10000,10000
smt,build_500k_then_reinsert_100k_existing,build_then_reinsert_existing,build_then_reinsert_existing,False,500000,500K,500000,500000,100000,80,90,85.0,10,4374.0,4236.8,4568.2,10000,10000,10000
smt,insert_only_build_500k,insert_only_build,insert_only_build,False,500000,500K,500000,0,500000,90,100,95.0,10,5466.0,5069.8,5690.6,50000,50000,50000
smt,prehashed_ordered_insert_only_500k,insert_only_build,prehashed_ordered_insert_only,True,500000,500K,500000,0,500000,90,100,95.0,10,2045.5,2004.6,2127.6,50000,50000,50000
smt,build_500k_then_add_100k_new,build_then_add_new,build_then_add_new,False,500000,500K,600000,500000,100000,90,100,95.0,10,4758.0,4629.7,5086.1,10000,10000,10000
smt,build_500k_then_reinsert_100k_existing,build_then_reinsert_existing,build_then_reinsert_existing,False,500000,500K,500000,500000,100000,90,100,95.0,10,4409.5,4200.4,4564.8,10000,10000,10000
smt,insert_only_build_700k,insert_only_build,insert_only_build,False,700000,700K,700000,0,700000,0,10,5.0,10,2735.0,2598.2,2819.0,70000,70000,70000
smt,prehashed_ordered_insert_only_700k,insert_only_build,prehashed_ordered_insert_only,True,700000,700K,700000,0,700000,0,10,5.0,10,1651.0,1591.5,1684.3,70000,70000,70000
smt,build_700k_then_add_140k_new,build_then_add_new,build_then_add_new,False,700000,700K,840000,700000,140000,0,10,5.0,10,6399.0,6209.6,6586.2,14000,14000,14000
smt,build_700k_then_reinsert_140k_existing,build_then_reinsert_existing,build_then_reinsert_existing,False,700000,700K,700000,700000,140000,0,10,5.0,10,5861.5,5640.3,6004.0,14000,14000,14000
smt,insert_only_build_700k,insert_only_build,insert_only_build,False,700000,700K,700000,0,700000,10,20,15.0,10,3330.5,3090.9,3575.9,70000,70000,70000
smt,prehashed_ordered_insert_only_700k,insert_only_build,prehashed_ordered_insert_only,True,700000,700K,700000,0,700000,10,20,15.0,10,1698.0,1622.2,1734.0,70000,70000,70000
smt,build_700k_then_add_140k_new,build_then_add_new,build_then_add_new,False,700000,700K,840000,700000,140000,10,20,15.0,10,5796.5,5689.7,6021.4,14000,14000,14000
smt,build_700k_then_reinsert_140k_existing,build_then_reinsert_existing,build_then_reinsert_existing,False,700000,700K,700000,700000,140000,10,20,15.0,10,5150.0,5052.3,5266.3,14000,14000,14000
smt,insert_only_build_700k,insert_only_build,insert_only_build,False,700000,700K,700000,0,700000,20,30,25.0,10,3800.0,3448.3,4174.2,70000,70000,70000
smt,prehashed_ordered_insert_only_700k,insert_only_build,prehashed_ordered_insert_only,True,700000,700K,700000,0,700000,20,30,25.0,10,1884.0,1803.3,1915.2,70000,70000,70000
smt,build_700k_then_add_140k_new,build_then_add_new,build_then_add_new,False,700000,700K,840000,700000,140000,20,30,25.0,10,5640.5,5573.5,5851.0,14000,14000,14000
smt,build_700k_then_reinsert_140k_existing,build_then_reinsert_existing,build_then_reinsert_existing,False,700000,700K,700000,700000,140000,20,30,25.0,10,5033.0,4922.6,5547.7,14000,14000,14000
smt,insert_only_build_700k,insert_only_build,insert_only_build,False,700000,700K,700000,0,700000,30,40,35.0,10,4232.0,3901.5,4676.4,70000,70000,70000
smt,prehashed_ordered_insert_only_700k,insert_only_build,prehashed_ordered_insert_only,True,700000,700K,700000,0,700000,30,40,35.0,10,1856.5,1787.6,1876.3,70000,70000,70000
smt,build_700k_then_add_140k_new,build_then_add_new,build_then_add_new,False,700000,700K,840000,700000,140000,30,40,35.0,10,5562.0,5453.4,5697.2,14000,14000,14000
smt,build_700k_then_reinsert_140k_existing,build_then_reinsert_existing,build_then_reinsert_existing,False,700000,700K,700000,700000,140000,30,40,35.0,10,4931.0,4811.2,5073.4,14000,14000,14000
smt,insert_only_build_700k,insert_only_build,insert_only_build,False,700000,700K,700000,0,700000,40,50,45.0,10,4285.0,4119.5,4771.5,70000,70000,70000
smt,prehashed_ordered_insert_only_700k,insert_only_build,prehashed_ordered_insert_only,True,700000,700K,700000,0,700000,40,50,45.0,10,2101.0,2012.6,2146.2,70000,70000,70000
smt,build_700k_then_add_140k_new,build_then_add_new,build_then_add_new,False,700000,700K,840000,700000,140000,40,50,45.0,10,5546.5,5430.5,5832.5,14000,14000,14000
smt,build_700k_then_reinsert_140k_existing,build_then_reinsert_existing,build_then_reinsert_existing,False,700000,700K,700000,700000,140000,40,50,45.0,10,4959.5,4859.9,5356.0,14000,14000,14000
smt,insert_only_build_700k,insert_only_build,insert_only_build,False,700000,700K,700000,0,700000,50,60,55.0,10,4392.5,4081.6,4801.2,70000,70000,70000
smt,prehashed_ordered_insert_only_700k,insert_only_build,prehashed_ordered_insert_only,True,700000,700K,700000,0,700000,50,60,55.0,10,1685.5,1640.9,1744.0,70000,70000,70000
smt,build_700k_then_add_140k_new,build_then_add_new,build_then_add_new,False,700000,700K,840000,700000,140000,50,60,55.0,10,5599.5,5391.8,5853.5,14000,14000,14000
smt,build_700k_then_reinsert_140k_existing,build_then_reinsert_existing,build_then_reinsert_existing,False,700000,700K,700000,700000,140000,50,60,55.0,10,4879.5,4753.4,5265.599999999999,14000,14000,14000
smt,insert_only_build_700k,insert_only_build,insert_only_build,False,700000,700K,700000,0,700000,60,70,65.0,10,4977.0,4765.0,5254.2,70000,70000,70000
smt,prehashed_ordered_insert_only_700k,insert_only_build,prehashed_ordered_insert_only,True,700000,700K,700000,0,700000,60,70,65.0,10,1804.5,1742.9,1827.9,70000,70000,70000
smt,build_700k_then_add_140k_new,build_then_add_new,build_then_add_new,False,700000,700K,840000,700000,140000,60,70,65.0,10,5549.5,5385.2,6359.9,14000,14000,14000
smt,build_700k_then_reinsert_140k_existing,build_then_reinsert_existing,build_then_reinsert_existing,False,700000,700K,700000,700000,140000,60,70,65.0,10,4883.5,4730.8,5225.0,14000,14000,14000
smt,insert_only_build_700k,insert_only_build,insert_only_build,False,700000,700K,700000,0,700000,70,80,75.0,10,5110.0,4818.1,5492.8,70000,70000,70000
smt,prehashed_ordered_insert_only_700k,insert_only_build,prehashed_ordered_insert_only,True,700000,700K,700000,0,700000,70,80,75.0,10,2030.5,1830.7,2083.7,70000,70000,70000
smt,build_700k_then_add_140k_new,build_then_add_new,build_then_add_new,False,700000,700K,840000,700000,140000,70,80,75.0,10,5626.0,5390.7,6214.099999999999,14000,14000,14000
smt,build_700k_then_reinsert_140k_existing,build_then_reinsert_existing,build_then_reinsert_existing,False,700000,700K,700000,700000,140000,70,80,75.0,10,4870.5,4718.7,5345.7,14000,14000,14000
smt,insert_only_build_700k,insert_only_build,insert_only_build,False,700000,700K,700000,0,700000,80,90,85.0,10,4680.0,4557.3,5192.3,70000,70000,70000
smt,prehashed_ordered_insert_only_700k,insert_only_build,prehashed_ordered_insert_only,True,700000,700K,700000,0,700000,80,90,85.0,10,1914.0,1774.3,2149.4,70000,70000,70000
smt,build_700k_then_add_140k_new,build_then_add_new,build_then_add_new,False,700000,700K,840000,700000,140000,80,90,85.0,10,5390.0,5162.1,6037.7,14000,14000,14000
smt,build_700k_then_reinsert_140k_existing,build_then_reinsert_existing,build_then_reinsert_existing,False,700000,700K,700000,700000,140000,80,90,85.0,10,4855.0,4692.2,5277.5,14000,14000,14000
smt,insert_only_build_700k,insert_only_build,insert_only_build,False,700000,700K,700000,0,700000,90,100,95.0,10,5052.5,4761.9,5554.399999999999,70000,70000,70000
smt,prehashed_ordered_insert_only_700k,insert_only_build,prehashed_ordered_insert_only,True,700000,700K,700000,0,700000,90,100,95.0,10,1941.5,1885.3,1972.2,70000,70000,70000
smt,build_700k_then_add_140k_new,build_then_add_new,build_then_add_new,False,700000,700K,840000,700000,140000,90,100,95.0,10,5398.0,5144.7,5939.6,14000,14000,14000
smt,build_700k_then_reinsert_140k_existing,build_then_reinsert_existing,build_then_reinsert_existing,False,700000,700K,700000,700000,140000,90,100,95.0,10,4943.5,4803.1,5281.599999999999,14000,14000,14000
smt,insert_only_build_900k,insert_only_build,insert_only_build,False,900000,900K,900000,0,900000,0,10,5.0,10,2705.5,2592.8,2898.7,90000,90000,90000
smt,prehashed_ordered_insert_only_900k,insert_only_build,prehashed_ordered_insert_only,True,900000,900K,900000,0,900000,0,10,5.0,10,1665.5,1628.6,1714.1,90000,90000,90000
smt,build_900k_then_add_180k_new,build_then_add_new,build_then_add_new,False,900000,900K,1080000,900000,180000,0,10,5.0,10,6965.5,6562.0,7468.099999999999,18000,18000,18000
smt,build_900k_then_reinsert_180k_existing,build_then_reinsert_existing,build_then_reinsert_existing,False,900000,900K,900000,900000,180000,0,10,5.0,10,6064.0,5789.9,6491.5,18000,18000,18000
smt,insert_only_build_900k,insert_only_build,insert_only_build,False,900000,900K,900000,0,900000,10,20,15.0,10,3419.0,3234.2,3926.3,90000,90000,90000
smt,prehashed_ordered_insert_only_900k,insert_only_build,prehashed_ordered_insert_only,True,900000,900K,900000,0,900000,10,20,15.0,10,1707.5,1644.8,1750.4,90000,90000,90000
smt,build_900k_then_add_180k_new,build_then_add_new,build_then_add_new,False,900000,900K,1080000,900000,180000,10,20,15.0,10,6173.5,6003.5,6455.8,18000,18000,18000
smt,build_900k_then_reinsert_180k_existing,build_then_reinsert_existing,build_then_reinsert_existing,False,900000,900K,900000,900000,180000,10,20,15.0,10,5488.0,5301.8,5837.3,18000,18000,18000
smt,insert_only_build_900k,insert_only_build,insert_only_build,False,900000,900K,900000,0,900000,20,30,25.0,10,3777.5,3665.5,4181.6,90000,90000,90000
smt,prehashed_ordered_insert_only_900k,insert_only_build,prehashed_ordered_insert_only,True,900000,900K,900000,0,900000,20,30,25.0,10,1906.0,1828.3,1927.1,90000,90000,90000
smt,build_900k_then_add_180k_new,build_then_add_new,build_then_add_new,False,900000,900K,1080000,900000,180000,20,30,25.0,10,6004.5,5846.1,6171.0,18000,18000,18000
smt,build_900k_then_reinsert_180k_existing,build_then_reinsert_existing,build_then_reinsert_existing,False,900000,900K,900000,900000,180000,20,30,25.0,10,5318.5,5187.1,5640.9,18000,18000,18000
smt,insert_only_build_900k,insert_only_build,insert_only_build,False,900000,900K,900000,0,900000,30,40,35.0,10,4345.0,4082.0,4684.7,90000,90000,90000
smt,prehashed_ordered_insert_only_900k,insert_only_build,prehashed_ordered_insert_only,True,900000,900K,900000,0,900000,30,40,35.0,10,1868.0,1798.9,1926.7,90000,90000,90000
smt,build_900k_then_add_180k_new,build_then_add_new,build_then_add_new,False,900000,900K,1080000,900000,180000,30,40,35.0,10,5819.0,5615.1,6039.1,18000,18000,18000
smt,build_900k_then_reinsert_180k_existing,build_then_reinsert_existing,build_then_reinsert_existing,False,900000,900K,900000,900000,180000,30,40,35.0,10,5281.0,5069.0,5950.2,18000,18000,18000
smt,insert_only_build_900k,insert_only_build,insert_only_build,False,900000,900K,900000,0,900000,40,50,45.0,10,4385.0,4071.2,4601.5,90000,90000,90000
smt,prehashed_ordered_insert_only_900k,insert_only_build,prehashed_ordered_insert_only,True,900000,900K,900000,0,900000,40,50,45.0,10,2112.5,2061.9,2155.1,90000,90000,90000
smt,build_900k_then_add_180k_new,build_then_add_new,build_then_add_new,False,900000,900K,1080000,900000,180000,40,50,45.0,10,5438.5,5215.9,5789.0,18000,18000,18000
smt,build_900k_then_reinsert_180k_existing,build_then_reinsert_existing,build_then_reinsert_existing,False,900000,900K,900000,900000,180000,40,50,45.0,10,5377.5,5047.3,5748.7,18000,18000,18000
smt,insert_only_build_900k,insert_only_build,insert_only_build,False,900000,900K,900000,0,900000,50,60,55.0,10,5161.5,4902.0,5508.5,90000,90000,90000
smt,prehashed_ordered_insert_only_900k,insert_only_build,prehashed_ordered_insert_only,True,900000,900K,900000,0,900000,50,60,55.0,10,1712.5,1661.3,1736.1,90000,90000,90000
smt,build_900k_then_add_180k_new,build_then_add_new,build_then_add_new,False,900000,900K,1080000,900000,180000,50,60,55.0,10,5271.5,5135.8,5505.9,18000,18000,18000
smt,build_900k_then_reinsert_180k_existing,build_then_reinsert_existing,build_then_reinsert_existing,False,900000,900K,900000,900000,180000,50,60,55.0,10,5403.0,5037.5,5677.4,18000,18000,18000
smt,insert_only_build_900k,insert_only_build,insert_only_build,False,900000,900K,900000,0,900000,60,70,65.0,10,4953.5,4523.9,5223.6,90000,90000,90000
smt,prehashed_ordered_insert_only_900k,insert_only_build,prehashed_ordered_insert_only,True,900000,900K,900000,0,900000,60,70,65.0,10,1815.0,1767.7,1838.0,90000,90000,90000
smt,build_900k_then_add_180k_new,build_then_add_new,build_then_add_new,False,900000,900K,1080000,900000,180000,60,70,65.0,10,5327.0,5174.2,5454.6,18000,18000,18000
smt,build_900k_then_reinsert_180k_existing,build_then_reinsert_existing,build_then_reinsert_existing,False,900000,900K,900000,900000,180000,60,70,65.0,10,5237.0,5041.1,5568.0,18000,18000,18000
smt,insert_only_build_900k,insert_only_build,insert_only_build,False,900000,900K,900000,0,900000,70,80,75.0,10,4875.5,4621.9,5255.8,90000,90000,90000
smt,prehashed_ordered_insert_only_900k,insert_only_build,prehashed_ordered_insert_only,True,900000,900K,900000,0,900000,70,80,75.0,10,2056.5,1877.7,2188.4,90000,90000,90000
smt,build_900k_then_add_180k_new,build_then_add_new,build_then_add_new,False,900000,900K,1080000,900000,180000,70,80,75.0,10,5335.5,5170.2,5415.5,18000,18000,18000
smt,build_900k_then_reinsert_180k_existing,build_then_reinsert_existing,build_then_reinsert_existing,False,900000,900K,900000,900000,180000,70,80,75.0,10,5165.0,4995.6,5252.6,18000,18000,18000
smt,insert_only_build_900k,insert_only_build,insert_only_build,False,900000,900K,900000,0,900000,80,90,85.0,10,5168.0,4916.9,5600.0,90000,90000,90000
smt,prehashed_ordered_insert_only_900k,insert_only_build,prehashed_ordered_insert_only,True,900000,900K,900000,0,900000,80,90,85.0,10,1935.5,1841.2,2026.5000000000002,90000,90000,90000
smt,build_900k_then_add_180k_new,build_then_add_new,build_then_add_new,False,900000,900K,1080000,900000,180000,80,90,85.0,10,5295.5,5149.1,5390.6,18000,18000,18000
smt,build_900k_then_reinsert_180k_existing,build_then_reinsert_existing,build_then_reinsert_existing,False,900000,900K,900000,900000,180000,80,90,85.0,10,5087.5,4920.6,5290.8,18000,18000,18000
smt,insert_only_build_900k,insert_only_build,insert_only_build,False,900000,900K,900000,0,900000,90,100,95.0,10,5634.0,5439.8,6057.7,90000,90000,90000
smt,prehashed_ordered_insert_only_900k,insert_only_build,prehashed_ordered_insert_only,True,900000,900K,900000,0,900000,90,100,95.0,10,1999.0,1911.6,2051.4,90000,90000,90000
smt,build_900k_then_add_180k_new,build_then_add_new,build_then_add_new,False,900000,900K,1080000,900000,180000,90,100,95.0,10,5344.0,5208.7,5548.4,18000,18000,18000
smt,build_900k_then_reinsert_180k_existing,build_then_reinsert_existing,build_then_reinsert_existing,False,900000,900K,900000,900000,180000,90,100,95.0,10,5003.0,4911.2,5106.4,18000,18000,18000
smt,insert_only_build_1m,insert_only_build,insert_only_build,False,1000000,1M,1000000,0,1000000,0,10,5.0,10,2722.5,2638.1,3004.4,100000,100000,100000
smt,prehashed_ordered_insert_only_1m,insert_only_build,prehashed_ordered_insert_only,True,1000000,1M,1000000,0,1000000,0,10,5.0,10,1686.0,1618.4,1712.7,100000,100000,100000
smt,build_1m_then_add_200k_new,build_then_add_new,build_then_add_new,False,1000000,1M,1200000,1000000,200000,0,10,5.0,10,6713.0,6508.6,6923.4,20000,20000,20000
smt,build_1m_then_reinsert_200k_existing,build_then_reinsert_existing,build_then_reinsert_existing,False,1000000,1M,1000000,1000000,200000,0,10,5.0,10,6052.5,5830.0,6223.8,20000,20000,20000
smt,insert_only_build_1m,insert_only_build,insert_only_build,False,1000000,1M,1000000,0,1000000,10,20,15.0,10,3444.5,3321.3,4078.0,100000,100000,100000
smt,prehashed_ordered_insert_only_1m,insert_only_build,prehashed_ordered_insert_only,True,1000000,1M,1000000,0,1000000,10,20,15.0,10,1731.5,1685.6,1756.2,100000,100000,100000
smt,build_1m_then_add_200k_new,build_then_add_new,build_then_add_new,False,1000000,1M,1200000,1000000,200000,10,20,15.0,10,6160.5,6014.5,6497.9,20000,20000,20000
smt,build_1m_then_reinsert_200k_existing,build_then_reinsert_existing,build_then_reinsert_existing,False,1000000,1M,1000000,1000000,200000,10,20,15.0,10,5583.5,5295.0,5790.9,20000,20000,20000
smt,insert_only_build_1m,insert_only_build,insert_only_build,False,1000000,1M,1000000,0,1000000,20,30,25.0,10,3967.0,3879.0,4586.5,100000,100000,100000
smt,prehashed_ordered_insert_only_1m,insert_only_build,prehashed_ordered_insert_only,True,1000000,1M,1000000,0,1000000,20,30,25.0,10,1913.5,1882.0,1944.1,100000,100000,100000
smt,build_1m_then_add_200k_new,build_then_add_new,build_then_add_new,False,1000000,1M,1200000,1000000,200000,20,30,25.0,10,6068.0,5926.4,6461.299999999999,20000,20000,20000
smt,build_1m_then_reinsert_200k_existing,build_then_reinsert_existing,build_then_reinsert_existing,False,1000000,1M,1000000,1000000,200000,20,30,25.0,10,5496.0,5200.5,6020.5,20000,20000,20000
smt,insert_only_build_1m,insert_only_build,insert_only_build,False,1000000,1M,1000000,0,1000000,30,40,35.0,10,4128.5,4061.2000000000003,4557.0,100000,100000,100000
smt,prehashed_ordered_insert_only_1m,insert_only_build,prehashed_ordered_insert_only,True,1000000,1M,1000000,0,1000000,30,40,35.0,10,1879.5,1823.1,1907.5,100000,100000,100000
smt,build_1m_then_add_200k_new,build_then_add_new,build_then_add_new,False,1000000,1M,1200000,1000000,200000,30,40,35.0,10,5916.5,5901.7,6185.9,20000,20000,20000
smt,build_1m_then_reinsert_200k_existing,build_then_reinsert_existing,build_then_reinsert_existing,False,1000000,1M,1000000,1000000,200000,30,40,35.0,10,5337.5,5230.1,5492.5,20000,20000,20000
smt,insert_only_build_1m,insert_only_build,insert_only_build,False,1000000,1M,1000000,0,1000000,40,50,45.0,10,4799.0,4549.3,4977.6,100000,100000,100000
smt,prehashed_ordered_insert_only_1m,insert_only_build,prehashed_ordered_insert_only,True,1000000,1M,1000000,0,1000000,40,50,45.0,10,2123.0,2063.8,2142.3,100000,100000,100000
smt,build_1m_then_add_200k_new,build_then_add_new,build_then_add_new,False,1000000,1M,1200000,1000000,200000,40,50,45.0,10,5938.5,5832.9,6038.9,20000,20000,20000
smt,build_1m_then_reinsert_200k_existing,build_then_reinsert_existing,build_then_reinsert_existing,False,1000000,1M,1000000,1000000,200000,40,50,45.0,10,5300.0,5197.2,5386.4,20000,20000,20000
smt,insert_only_build_1m,insert_only_build,insert_only_build,False,1000000,1M,1000000,0,1000000,50,60,55.0,10,4941.0,4543.1,5424.9,100000,100000,100000
smt,prehashed_ordered_insert_only_1m,insert_only_build,prehashed_ordered_insert_only,True,1000000,1M,1000000,0,1000000,50,60,55.0,10,1720.0,1648.1,1760.6,100000,100000,100000
smt,build_1m_then_add_200k_new,build_then_add_new,build_then_add_new,False,1000000,1M,1200000,1000000,200000,50,60,55.0,10,5936.0,5570.0,6035.8,20000,20000,20000
smt,build_1m_then_reinsert_200k_existing,build_then_reinsert_existing,build_then_reinsert_existing,False,1000000,1M,1000000,1000000,200000,50,60,55.0,10,5297.5,5157.3,5444.1,20000,20000,20000
smt,insert_only_build_1m,insert_only_build,insert_only_build,False,1000000,1M,1000000,0,1000000,60,70,65.0,10,4722.0,4466.8,5323.3,100000,100000,100000
smt,prehashed_ordered_insert_only_1m,insert_only_build,prehashed_ordered_insert_only,True,1000000,1M,1000000,0,1000000,60,70,65.0,10,1831.0,1769.8,1926.2,100000,100000,100000
smt,build_1m_then_add_200k_new,build_then_add_new,build_then_add_new,False,1000000,1M,1200000,1000000,200000,60,70,65.0,10,5563.0,5341.2,5660.9,20000,20000,20000
smt,build_1m_then_reinsert_200k_existing,build_then_reinsert_existing,build_then_reinsert_existing,False,1000000,1M,1000000,1000000,200000,60,70,65.0,10,5315.5,5145.6,5477.6,20000,20000,20000
smt,insert_only_build_1m,insert_only_build,insert_only_build,False,1000000,1M,1000000,0,1000000,70,80,75.0,10,5024.0,4926.9,5287.3,100000,100000,100000
smt,prehashed_ordered_insert_only_1m,insert_only_build,prehashed_ordered_insert_only,True,1000000,1M,1000000,0,1000000,70,80,75.0,10,2090.0,2020.1000000000001,2157.1,100000,100000,100000
smt,build_1m_then_add_200k_new,build_then_add_new,build_then_add_new,False,1000000,1M,1200000,1000000,200000,70,80,75.0,10,5418.0,5286.3,5573.4,20000,20000,20000
smt,build_1m_then_reinsert_200k_existing,build_then_reinsert_existing,build_then_reinsert_existing,False,1000000,1M,1000000,1000000,200000,70,80,75.0,10,5326.0,5125.5,5660.599999999999,20000,20000,20000
smt,insert_only_build_1m,insert_only_build,insert_only_build,False,1000000,1M,1000000,0,1000000,80,90,85.0,10,5891.5,5540.3,6068.8,100000,100000,100000
smt,prehashed_ordered_insert_only_1m,insert_only_build,prehashed_ordered_insert_only,True,1000000,1M,1000000,0,1000000,80,90,85.0,10,1972.0,1855.6,2045.9,100000,100000,100000
smt,build_1m_then_add_200k_new,build_then_add_new,build_then_add_new,False,1000000,1M,1200000,1000000,200000,80,90,85.0,10,5451.5,5291.9,6228.8,20000,20000,20000
smt,build_1m_then_reinsert_200k_existing,build_then_reinsert_existing,build_then_reinsert_existing,False,1000000,1M,1000000,1000000,200000,80,90,85.0,10,5186.5,5062.4,5438.299999999999,20000,20000,20000
smt,insert_only_build_1m,insert_only_build,insert_only_build,False,1000000,1M,1000000,0,1000000,90,100,95.0,10,5385.5,5279.7,5915.9,100000,100000,100000
smt,prehashed_ordered_insert_only_1m,insert_only_build,prehashed_ordered_insert_only,True,1000000,1M,1000000,0,1000000,90,100,95.0,10,1979.0,1934.8,2040.0999999999997,100000,100000,100000
smt,build_1m_then_add_200k_new,build_then_add_new,build_then_add_new,False,1000000,1M,1200000,1000000,200000,90,100,95.0,10,5706.5,5259.2,6201.1,20000,20000,20000
smt,build_1m_then_reinsert_200k_existing,build_then_reinsert_existing,build_then_reinsert_existing,False,1000000,1M,1000000,1000000,200000,90,100,95.0,10,5145.0,5078.4,6172.4,20000,20000,20000
smt,insert_only_build_2m,insert_only_build,insert_only_build,False,2000000,2M,2000000,0,2000000,0,10,5.0,10,3207.0,3083.3,3569.7,200000,200000,200000
smt,prehashed_ordered_insert_only_2m,insert_only_build,prehashed_ordered_insert_only,True,2000000,2M,2000000,0,2000000,0,10,5.0,10,1737.0,1707.5,1797.0,200000,200000,200000
smt,build_2m_then_add_400k_new,build_then_add_new,build_then_add_new,False,2000000,2M,2400000,2000000,400000,0,10,5.0,10,7043.5,6897.2,7145.7,40000,40000,40000
smt,build_2m_then_reinsert_400k_existing,build_then_reinsert_existing,build_then_reinsert_existing,False,2000000,2M,2000000,2000000,400000,0,10,5.0,10,6384.0,6199.8,6466.0,40000,40000,40000
smt,insert_only_build_2m,insert_only_build,insert_only_build,False,2000000,2M,2000000,0,2000000,10,20,15.0,10,4222.5,4063.2,4677.2,200000,200000,200000
smt,prehashed_ordered_insert_only_2m,insert_only_build,prehashed_ordered_insert_only,True,2000000,2M,2000000,0,2000000,10,20,15.0,10,1807.5,1796.2,1837.1,200000,200000,200000
smt,build_2m_then_add_400k_new,build_then_add_new,build_then_add_new,False,2000000,2M,2400000,2000000,400000,10,20,15.0,10,6689.0,6409.5,6789.3,40000,40000,40000
smt,build_2m_then_reinsert_400k_existing,build_then_reinsert_existing,build_then_reinsert_existing,False,2000000,2M,2000000,2000000,400000,10,20,15.0,10,6017.5,5888.9,6084.4,40000,40000,40000
smt,insert_only_build_2m,insert_only_build,insert_only_build,False,2000000,2M,2000000,0,2000000,20,30,25.0,10,4779.0,4651.7,5055.2,200000,200000,200000
smt,prehashed_ordered_insert_only_2m,insert_only_build,prehashed_ordered_insert_only,True,2000000,2M,2000000,0,2000000,20,30,25.0,10,1976.5,1935.9,2029.2000000000003,200000,200000,200000
smt,build_2m_then_add_400k_new,build_then_add_new,build_then_add_new,False,2000000,2M,2400000,2000000,400000,20,30,25.0,10,6613.0,6329.0,6852.2,40000,40000,40000
smt,build_2m_then_reinsert_400k_existing,build_then_reinsert_existing,build_then_reinsert_existing,False,2000000,2M,2000000,2000000,400000,20,30,25.0,10,5902.5,5780.6,6124.3,40000,40000,40000
smt,insert_only_build_2m,insert_only_build,insert_only_build,False,2000000,2M,2000000,0,2000000,30,40,35.0,10,4834.5,4705.4,5304.7,200000,200000,200000
smt,prehashed_ordered_insert_only_2m,insert_only_build,prehashed_ordered_insert_only,True,2000000,2M,2000000,0,2000000,30,40,35.0,10,1917.0,1876.1,1934.9,200000,200000,200000
smt,build_2m_then_add_400k_new,build_then_add_new,build_then_add_new,False,2000000,2M,2400000,2000000,400000,30,40,35.0,10,6473.5,6221.8,6625.7,40000,40000,40000
smt,build_2m_then_reinsert_400k_existing,build_then_reinsert_existing,build_then_reinsert_existing,False,2000000,2M,2000000,2000000,400000,30,40,35.0,10,5847.5,5732.8,6047.7,40000,40000,40000
smt,insert_only_build_2m,insert_only_build,insert_only_build,False,2000000,2M,2000000,0,2000000,40,50,45.0,10,5653.5,5416.3,6677.2,200000,200000,200000
smt,prehashed_ordered_insert_only_2m,insert_only_build,prehashed_ordered_insert_only,True,2000000,2M,2000000,0,2000000,40,50,45.0,10,2197.5,2122.8,2263.4,200000,200000,200000
smt,build_2m_then_add_400k_new,build_then_add_new,build_then_add_new,False,2000000,2M,2400000,2000000,400000,40,50,45.0,10,6423.0,6260.0,6624.3,40000,40000,40000
smt,build_2m_then_reinsert_400k_existing,build_then_reinsert_existing,build_then_reinsert_existing,False,2000000,2M,2000000,2000000,400000,40,50,45.0,10,5923.0,5739.3,6047.4,40000,40000,40000
smt,insert_only_build_2m,insert_only_build,insert_only_build,False,2000000,2M,2000000,0,2000000,50,60,55.0,10,5315.0,5177.4,5592.0,200000,200000,200000
smt,prehashed_ordered_insert_only_2m,insert_only_build,prehashed_ordered_insert_only,True,2000000,2M,2000000,0,2000000,50,60,55.0,10,1759.0,1718.8,1840.0,200000,200000,200000
smt,build_2m_then_add_400k_new,build_then_add_new,build_then_add_new,False,2000000,2M,2400000,2000000,400000,50,60,55.0,10,6450.5,6251.4,6679.9,40000,40000,40000
smt,build_2m_then_reinsert_400k_existing,build_then_reinsert_existing,build_then_reinsert_existing,False,2000000,2M,2000000,2000000,400000,50,60,55.0,10,5934.0,5757.2,6102.5,40000,40000,40000
smt,insert_only_build_2m,insert_only_build,insert_only_build,False,2000000,2M,2000000,0,2000000,60,70,65.0,10,5700.0,5431.2,6093.0,200000,200000,200000
smt,prehashed_ordered_insert_only_2m,insert_only_build,prehashed_ordered_insert_only,True,2000000,2M,2000000,0,2000000,60,70,65.0,10,1881.0,1850.0,1912.2,200000,200000,200000
smt,build_2m_then_add_400k_new,build_then_add_new,build_then_add_new,False,2000000,2M,2400000,2000000,400000,60,70,65.0,10,6506.5,6253.2,6779.6,40000,40000,40000
smt,build_2m_then_reinsert_400k_existing,build_then_reinsert_existing,build_then_reinsert_existing,False,2000000,2M,2000000,2000000,400000,60,70,65.0,10,5937.5,5644.6,6027.5,40000,40000,40000
smt,insert_only_build_2m,insert_only_build,insert_only_build,False,2000000,2M,2000000,0,2000000,70,80,75.0,10,6022.0,5879.0,6244.4,200000,200000,200000
smt,prehashed_ordered_insert_only_2m,insert_only_build,prehashed_ordered_insert_only,True,2000000,2M,2000000,0,2000000,70,80,75.0,10,2170.5,2125.3,2214.2,200000,200000,200000
smt,build_2m_then_add_400k_new,build_then_add_new,build_then_add_new,False,2000000,2M,2400000,2000000,400000,70,80,75.0,10,6478.5,6323.8,6745.3,40000,40000,40000
smt,build_2m_then_reinsert_400k_existing,build_then_reinsert_existing,build_then_reinsert_existing,False,2000000,2M,2000000,2000000,400000,70,80,75.0,10,5873.5,5621.2,5949.9,40000,40000,40000
smt,insert_only_build_2m,insert_only_build,insert_only_build,False,2000000,2M,2000000,0,2000000,80,90,85.0,10,5795.5,5715.7,5957.1,200000,200000,200000
smt,prehashed_ordered_insert_only_2m,insert_only_build,prehashed_ordered_insert_only,True,2000000,2M,2000000,0,2000000,80,90,85.0,10,1922.0,1892.0,2028.5999999999997,200000,200000,200000
smt,build_2m_then_add_400k_new,build_then_add_new,build_then_add_new,False,2000000,2M,2400000,2000000,400000,80,90,85.0,10,6300.5,6153.0,6540.8,40000,40000,40000
smt,build_2m_then_reinsert_400k_existing,build_then_reinsert_existing,build_then_reinsert_existing,False,2000000,2M,2000000,2000000,400000,80,90,85.0,10,5821.0,5679.1,5904.5,40000,40000,40000
smt,insert_only_build_2m,insert_only_build,insert_only_build,False,2000000,2M,2000000,0,2000000,90,100,95.0,10,5830.5,5694.0,6132.5,200000,200000,200000
smt,prehashed_ordered_insert_only_2m,insert_only_build,prehashed_ordered_insert_only,True,2000000,2M,2000000,0,2000000,90,100,95.0,10,2030.5,1998.5,2102.5,200000,200000,200000
smt,build_2m_then_add_400k_new,build_then_add_new,build_then_add_new,False,2000000,2M,2400000,2000000,400000,90,100,95.0,10,6234.5,5973.8,6448.5,40000,40000,40000
smt,build_2m_then_reinsert_400k_existing,build_then_reinsert_existing,build_then_reinsert_existing,False,2000000,2M,2000000,2000000,400000,90,100,95.0,10,5872.0,5763.5,5976.7,40000,40000,40000
smt,insert_only_build_5m,insert_only_build,insert_only_build,False,5000000,5M,5000000,0,5000000,0,10,5.0,10,3853.0,3695.7,4143.7,500000,500000,500000
smt,prehashed_ordered_insert_only_5m,insert_only_build,prehashed_ordered_insert_only,True,5000000,5M,5000000,0,5000000,0,10,5.0,10,1805.0,1762.8,1820.1,500000,500000,500000
smt,build_5m_then_add_1m_new,build_then_add_new,build_then_add_new,False,5000000,5M,6000000,5000000,1000000,0,10,5.0,10,7855.0,7659.1,7909.4,100000,100000,100000
smt,build_5m_then_reinsert_1m_existing,build_then_reinsert_existing,build_then_reinsert_existing,False,5000000,5M,5000000,5000000,1000000,0,10,5.0,10,7088.5,6977.4,7251.5,100000,100000,100000
smt,insert_only_build_5m,insert_only_build,insert_only_build,False,5000000,5M,5000000,0,5000000,10,20,15.0,10,5025.0,4875.0,5164.6,500000,500000,500000
smt,prehashed_ordered_insert_only_5m,insert_only_build,prehashed_ordered_insert_only,True,5000000,5M,5000000,0,5000000,10,20,15.0,10,1864.5,1839.0,1908.1,500000,500000,500000
smt,build_5m_then_add_1m_new,build_then_add_new,build_then_add_new,False,5000000,5M,6000000,5000000,1000000,10,20,15.0,10,7610.5,7412.8,7685.2,100000,100000,100000
smt,build_5m_then_reinsert_1m_existing,build_then_reinsert_existing,build_then_reinsert_existing,False,5000000,5M,5000000,5000000,1000000,10,20,15.0,10,6843.5,6555.9,7064.5,100000,100000,100000
smt,insert_only_build_5m,insert_only_build,insert_only_build,False,5000000,5M,5000000,0,5000000,20,30,25.0,10,5541.5,5258.4,5598.7,500000,500000,500000
smt,prehashed_ordered_insert_only_5m,insert_only_build,prehashed_ordered_insert_only,True,5000000,5M,5000000,0,5000000,20,30,25.0,10,2061.0,2029.7,2114.6,500000,500000,500000
smt,build_5m_then_add_1m_new,build_then_add_new,build_then_add_new,False,5000000,5M,6000000,5000000,1000000,20,30,25.0,10,7459.0,7336.9,7565.4,100000,100000,100000
smt,build_5m_then_reinsert_1m_existing,build_then_reinsert_existing,build_then_reinsert_existing,False,5000000,5M,5000000,5000000,1000000,20,30,25.0,10,6868.0,6655.3,7035.0,100000,100000,100000
smt,insert_only_build_5m,insert_only_build,insert_only_build,False,5000000,5M,5000000,0,5000000,30,40,35.0,10,5705.5,5494.0,5888.9,500000,500000,500000
smt,prehashed_ordered_insert_only_5m,insert_only_build,prehashed_ordered_insert_only,True,5000000,5M,5000000,0,5000000,30,40,35.0,10,1990.0,1934.2,2018.3,500000,500000,500000
smt,build_5m_then_add_1m_new,build_then_add_new,build_then_add_new,False,5000000,5M,6000000,5000000,1000000,30,40,35.0,10,7404.0,7284.2,7518.3,100000,100000,100000
smt,build_5m_then_reinsert_1m_existing,build_then_reinsert_existing,build_then_reinsert_existing,False,5000000,5M,5000000,5000000,1000000,30,40,35.0,10,6842.0,6631.8,6924.8,100000,100000,100000
smt,insert_only_build_5m,insert_only_build,insert_only_build,False,5000000,5M,5000000,0,5000000,40,50,45.0,10,6284.0,5965.4,6415.0,500000,500000,500000
smt,prehashed_ordered_insert_only_5m,insert_only_build,prehashed_ordered_insert_only,True,5000000,5M,5000000,0,5000000,40,50,45.0,10,2292.5,2213.3,2324.4,500000,500000,500000
smt,build_5m_then_add_1m_new,build_then_add_new,build_then_add_new,False,5000000,5M,6000000,5000000,1000000,40,50,45.0,10,7372.5,7256.1,7521.7,100000,100000,100000
smt,build_5m_then_reinsert_1m_existing,build_then_reinsert_existing,build_then_reinsert_existing,False,5000000,5M,5000000,5000000,1000000,40,50,45.0,10,6824.5,6603.3,6918.2,100000,100000,100000
smt,insert_only_build_5m,insert_only_build,insert_only_build,False,5000000,5M,5000000,0,5000000,50,60,55.0,10,6351.5,5996.7,6527.8,500000,500000,500000
smt,prehashed_ordered_insert_only_5m,insert_only_build,prehashed_ordered_insert_only,True,5000000,5M,5000000,0,5000000,50,60,55.0,10,1834.5,1784.6,1884.0,500000,500000,500000
smt,build_5m_then_add_1m_new,build_then_add_new,build_then_add_new,False,5000000,5M,6000000,5000000,1000000,50,60,55.0,10,7391.0,7233.8,7580.1,100000,100000,100000
smt,build_5m_then_reinsert_1m_existing,build_then_reinsert_existing,build_then_reinsert_existing,False,5000000,5M,5000000,5000000,1000000,50,60,55.0,10,6871.5,6551.8,6937.1,100000,100000,100000
smt,insert_only_build_5m,insert_only_build,insert_only_build,False,5000000,5M,5000000,0,5000000,60,70,65.0,10,6451.5,6245.9,6622.3,500000,500000,500000
smt,prehashed_ordered_insert_only_5m,insert_only_build,prehashed_ordered_insert_only,True,5000000,5M,5000000,0,5000000,60,70,65.0,10,1942.0,1911.2,1957.5,500000,500000,500000
smt,build_5m_then_add_1m_new,build_then_add_new,build_then_add_new,False,5000000,5M,6000000,5000000,1000000,60,70,65.0,10,7239.5,7009.8,7380.7,100000,100000,100000
smt,build_5m_then_reinsert_1m_existing,build_then_reinsert_existing,build_then_reinsert_existing,False,5000000,5M,5000000,5000000,1000000,60,70,65.0,10,6862.5,6601.5,6958.3,100000,100000,100000
smt,insert_only_build_5m,insert_only_build,insert_only_build,False,5000000,5M,5000000,0,5000000,70,80,75.0,10,6853.5,6418.4,7310.2,500000,500000,500000
smt,prehashed_ordered_insert_only_5m,insert_only_build,prehashed_ordered_insert_only,True,5000000,5M,5000000,0,5000000,70,80,75.0,10,2260.5,2005.2,2289.8,500000,500000,500000
smt,build_5m_then_add_1m_new,build_then_add_new,build_then_add_new,False,5000000,5M,6000000,5000000,1000000,70,80,75.0,10,7046.0,6831.8,7177.3,100000,100000,100000
smt,build_5m_then_reinsert_1m_existing,build_then_reinsert_existing,build_then_reinsert_existing,False,5000000,5M,5000000,5000000,1000000,70,80,75.0,10,6839.5,6604.6,7021.6,100000,100000,100000
smt,insert_only_build_5m,insert_only_build,insert_only_build,False,5000000,5M,5000000,0,5000000,80,90,85.0,10,7148.0,6866.2,7304.0,500000,500000,500000
smt,prehashed_ordered_insert_only_5m,insert_only_build,prehashed_ordered_insert_only,True,5000000,5M,5000000,0,5000000,80,90,85.0,10,2028.5,2001.6999999999998,2267.7,500000,500000,500000
smt,build_5m_then_add_1m_new,build_then_add_new,build_then_add_new,False,5000000,5M,6000000,5000000,1000000,80,90,85.0,10,7030.0,6854.1,7151.4,100000,100000,100000
smt,build_5m_then_reinsert_1m_existing,build_then_reinsert_existing,build_then_reinsert_existing,False,5000000,5M,5000000,5000000,1000000,80,90,85.0,10,6805.5,6538.5,6920.1,100000,100000,100000
smt,insert_only_build_5m,insert_only_build,insert_only_build,False,5000000,5M,5000000,0,5000000,90,100,95.0,10,6887.5,6752.3,7156.4,500000,500000,500000
smt,prehashed_ordered_insert_only_5m,insert_only_build,prehashed_ordered_insert_only,True,5000000,5M,5000000,0,5000000,90,100,95.0,10,2110.5,2077.0,2134.4,500000,500000,500000
smt,build_5m_then_add_1m_new,build_then_add_new,build_then_add_new,False,5000000,5M,6000000,5000000,1000000,90,100,95.0,10,7035.0,6973.8,7125.2,100000,100000,100000
smt,build_5m_then_reinsert_1m_existing,build_then_reinsert_existing,build_then_reinsert_existing,False,5000000,5M,5000000,5000000,1000000,90,100,95.0,10,6774.0,6607.9,6892.5,100000,100000,100000
smt,insert_only_build_10m,insert_only_build,insert_only_build,False,10000000,10M,10000000,0,10000000,0,10,5.0,10,4450.0,4309.2,4514.9,1000000,1000000,1000000
smt,prehashed_ordered_insert_only_10m,insert_only_build,prehashed_ordered_insert_only,True,10000000,10M,10000000,0,10000000,0,10,5.0,10,1858.0,1797.1,1879.0,1000000,1000000,1000000
smt,build_10m_then_add_2m_new,build_then_add_new,build_then_add_new,False,10000000,10M,12000000,10000000,2000000,0,10,5.0,10,8604.5,8416.2,8678.1,200000,200000,200000
smt,build_10m_then_reinsert_2m_existing,build_then_reinsert_existing,build_then_reinsert_existing,False,10000000,10M,10000000,10000000,2000000,0,10,5.0,10,7860.0,7732.0,8049.499999999999,200000,200000,200000
smt,insert_only_build_10m,insert_only_build,insert_only_build,False,10000000,10M,10000000,0,10000000,10,20,15.0,10,5623.0,5392.4,5693.6,1000000,1000000,1000000
smt,prehashed_ordered_insert_only_10m,insert_only_build,prehashed_ordered_insert_only,True,10000000,10M,10000000,0,10000000,10,20,15.0,10,1944.5,1888.7,1981.3,1000000,1000000,1000000
smt,build_10m_then_add_2m_new,build_then_add_new,build_then_add_new,False,10000000,10M,12000000,10000000,2000000,10,20,15.0,10,8401.5,8244.4,8488.1,200000,200000,200000
smt,build_10m_then_reinsert_2m_existing,build_then_reinsert_existing,build_then_reinsert_existing,False,10000000,10M,10000000,10000000,2000000,10,20,15.0,10,7737.5,7547.0,7858.6,200000,200000,200000
smt,insert_only_build_10m,insert_only_build,insert_only_build,False,10000000,10M,10000000,0,10000000,20,30,25.0,10,6234.5,5968.0,6350.7,1000000,1000000,1000000
smt,prehashed_ordered_insert_only_10m,insert_only_build,prehashed_ordered_insert_only,True,10000000,10M,10000000,0,10000000,20,30,25.0,10,2119.0,2058.5,2144.4,1000000,1000000,1000000
smt,build_10m_then_add_2m_new,build_then_add_new,build_then_add_new,False,10000000,10M,12000000,10000000,2000000,20,30,25.0,10,8346.5,8142.6,8527.3,200000,200000,200000
smt,build_10m_then_reinsert_2m_existing,build_then_reinsert_existing,build_then_reinsert_existing,False,10000000,10M,10000000,10000000,2000000,20,30,25.0,10,7700.0,7565.7,7902.5,200000,200000,200000
smt,insert_only_build_10m,insert_only_build,insert_only_build,False,10000000,10M,10000000,0,10000000,30,40,35.0,10,6385.0,6270.7,6485.7,1000000,1000000,1000000
smt,prehashed_ordered_insert_only_10m,insert_only_build,prehashed_ordered_insert_only,True,10000000,10M,10000000,0,10000000,30,40,35.0,10,2037.5,1980.8,2076.4,1000000,1000000,1000000
smt,build_10m_then_add_2m_new,build_then_add_new,build_then_add_new,False,10000000,10M,12000000,10000000,2000000,30,40,35.0,10,8343.5,8000.5,8479.9,200000,200000,200000
smt,build_10m_then_reinsert_2m_existing,build_then_reinsert_existing,build_then_reinsert_existing,False,10000000,10M,10000000,10000000,2000000,30,40,35.0,10,7756.5,7562.1,7796.5,200000,200000,200000
smt,insert_only_build_10m,insert_only_build,insert_only_build,False,10000000,10M,10000000,0,10000000,40,50,45.0,10,7186.5,6996.8,7471.0,1000000,1000000,1000000
smt,prehashed_ordered_insert_only_10m,insert_only_build,prehashed_ordered_insert_only,True,10000000,10M,10000000,0,10000000,40,50,45.0,10,2347.5,2293.5,2379.8,1000000,1000000,1000000
smt,build_10m_then_add_2m_new,build_then_add_new,build_then_add_new,False,10000000,10M,12000000,10000000,2000000,40,50,45.0,10,8276.5,8122.6,8527.8,200000,200000,200000
smt,build_10m_then_reinsert_2m_existing,build_then_reinsert_existing,build_then_reinsert_existing,False,10000000,10M,10000000,10000000,2000000,40,50,45.0,10,7747.5,7550.4,7837.2,200000,200000,200000
smt,insert_only_build_10m,insert_only_build,insert_only_build,False,10000000,10M,10000000,0,10000000,50,60,55.0,10,7027.0,6872.1,7220.8,1000000,1000000,1000000
smt,prehashed_ordered_insert_only_10m,insert_only_build,prehashed_ordered_insert_only,True,10000000,10M,10000000,0,10000000,50,60,55.0,10,1880.0,1843.3,1938.2,1000000,1000000,1000000
smt,build_10m_then_add_2m_new,build_then_add_new,build_then_add_new,False,10000000,10M,12000000,10000000,2000000,50,60,55.0,10,8305.0,8157.7,8476.1,200000,200000,200000
smt,build_10m_then_reinsert_2m_existing,build_then_reinsert_existing,build_then_reinsert_existing,False,10000000,10M,10000000,10000000,2000000,50,60,55.0,10,7708.5,7565.0,7792.3,200000,200000,200000
smt,insert_only_build_10m,insert_only_build,insert_only_build,False,10000000,10M,10000000,0,10000000,60,70,65.0,10,7482.5,7242.3,7863.3,1000000,1000000,1000000
smt,prehashed_ordered_insert_only_10m,insert_only_build,prehashed_ordered_insert_only,True,10000000,10M,10000000,0,10000000,60,70,65.0,10,2000.5,1942.7,2062.6,1000000,1000000,1000000
smt,build_10m_then_add_2m_new,build_then_add_new,build_then_add_new,False,10000000,10M,12000000,10000000,2000000,60,70,65.0,10,8371.0,8016.499999999999,8520.3,200000,200000,200000
smt,build_10m_then_reinsert_2m_existing,build_then_reinsert_existing,build_then_reinsert_existing,False,10000000,10M,10000000,10000000,2000000,60,70,65.0,10,7729.5,7563.1,7822.4,200000,200000,200000
smt,insert_only_build_10m,insert_only_build,insert_only_build,False,10000000,10M,10000000,0,10000000,70,80,75.0,10,7716.0,7528.6,8174.8,1000000,1000000,1000000
smt,prehashed_ordered_insert_only_10m,insert_only_build,prehashed_ordered_insert_only,True,10000000,10M,10000000,0,10000000,70,80,75.0,10,2273.5,2054.6,2417.6,1000000,1000000,1000000
smt,build_10m_then_add_2m_new,build_then_add_new,build_then_add_new,False,10000000,10M,12000000,10000000,2000000,70,80,75.0,10,8229.5,8044.9,8426.1,200000,200000,200000
smt,build_10m_then_reinsert_2m_existing,build_then_reinsert_existing,build_then_reinsert_existing,False,10000000,10M,10000000,10000000,2000000,70,80,75.0,10,7676.5,7480.3,7730.5,200000,200000,200000
smt,insert_only_build_10m,insert_only_build,insert_only_build,False,10000000,10M,10000000,0,10000000,80,90,85.0,10,7730.5,7563.2,7985.7,1000000,1000000,1000000
smt,prehashed_ordered_insert_only_10m,insert_only_build,prehashed_ordered_insert_only,True,10000000,10M,10000000,0,10000000,80,90,85.0,10,2166.5,2114.8,2373.0,1000000,1000000,1000000
smt,build_10m_then_add_2m_new,build_then_add_new,build_then_add_new,False,10000000,10M,12000000,10000000,2000000,80,90,85.0,10,8107.0,7967.8,8239.5,200000,200000,200000
smt,build_10m_then_reinsert_2m_existing,build_then_reinsert_existing,build_then_reinsert_existing,False,10000000,10M,10000000,10000000,2000000,80,90,85.0,10,7629.0,7520.4,7713.0,200000,200000,200000
smt,insert_only_build_10m,insert_only_build,insert_only_build,False,10000000,10M,10000000,0,10000000,90,100,95.0,10,7984.0,7708.6,8110.800000000001,1000000,1000000,1000000
smt,prehashed_ordered_insert_only_10m,insert_only_build,prehashed_ordered_insert_only,True,10000000,10M,10000000,0,10000000,90,100,95.0,10,2171.0,2147.3,2233.8,1000000,1000000,1000000
smt,build_10m_then_add_2m_new,build_then_add_new,build_then_add_new,False,10000000,10M,12000000,10000000,2000000,90,100,95.0,10,8038.5,7873.0,8278.6,200000,200000,200000
smt,build_10m_then_reinsert_2m_existing,build_then_reinsert_existing,build_then_reinsert_existing,False,10000000,10M,10000000,10000000,2000000,90,100,95.0,10,7657.5,7490.0,7724.6,200000,200000,200000
smt,insert_only_build_25m,insert_only_build,insert_only_build,False,25000000,25M,25000000,0,25000000,0,10,5.0,10,5326.5,5103.3,5398.1,2500000,2500000,2500000
smt,prehashed_ordered_insert_only_25m,insert_only_build,prehashed_ordered_insert_only,True,25000000,25M,25000000,0,25000000,0,10,5.0,10,1933.0,1888.1,1959.9,2500000,2500000,2500000
smt,build_25m_then_add_5m_new,build_then_add_new,build_then_add_new,False,25000000,25M,30000000,25000000,5000000,0,10,5.0,10,10377.5,10058.8,10541.1,500000,500000,500000
smt,build_25m_then_reinsert_5m_existing,build_then_reinsert_existing,build_then_reinsert_existing,False,25000000,25M,25000000,25000000,5000000,0,10,5.0,10,9420.5,9200.9,9490.6,500000,500000,500000
smt,insert_only_build_25m,insert_only_build,insert_only_build,False,25000000,25M,25000000,0,25000000,10,20,15.0,10,6679.5,6455.7,6778.6,2500000,2500000,2500000
smt,prehashed_ordered_insert_only_25m,insert_only_build,prehashed_ordered_insert_only,True,25000000,25M,25000000,0,25000000,10,20,15.0,10,2026.0,1979.4,2041.8000000000002,2500000,2500000,2500000
smt,build_25m_then_add_5m_new,build_then_add_new,build_then_add_new,False,25000000,25M,30000000,25000000,5000000,10,20,15.0,10,10254.5,10038.7,10342.7,500000,500000,500000
smt,build_25m_then_reinsert_5m_existing,build_then_reinsert_existing,build_then_reinsert_existing,False,25000000,25M,25000000,25000000,5000000,10,20,15.0,10,9297.0,9079.0,9430.5,500000,500000,500000
smt,insert_only_build_25m,insert_only_build,insert_only_build,False,25000000,25M,25000000,0,25000000,20,30,25.0,10,7329.0,7099.2,7415.4,2500000,2500000,2500000
smt,prehashed_ordered_insert_only_25m,insert_only_build,prehashed_ordered_insert_only,True,25000000,25M,25000000,0,25000000,20,30,25.0,10,2198.5,2160.7,2225.4,2500000,2500000,2500000
smt,build_25m_then_add_5m_new,build_then_add_new,build_then_add_new,False,25000000,25M,30000000,25000000,5000000,20,30,25.0,10,10322.0,10056.3,10362.7,500000,500000,500000
smt,build_25m_then_reinsert_5m_existing,build_then_reinsert_existing,build_then_reinsert_existing,False,25000000,25M,25000000,25000000,5000000,20,30,25.0,10,9311.5,9090.9,9394.9,500000,500000,500000
smt,insert_only_build_25m,insert_only_build,insert_only_build,False,25000000,25M,25000000,0,25000000,30,40,35.0,10,7852.0,7700.0,8014.6,2500000,2500000,2500000
smt,prehashed_ordered_insert_only_25m,insert_only_build,prehashed_ordered_insert_only,True,25000000,25M,25000000,0,25000000,30,40,35.0,10,2111.5,2068.9,2140.2,2500000,2500000,2500000
smt,build_25m_then_add_5m_new,build_then_add_new,build_then_add_new,False,25000000,25M,30000000,25000000,5000000,30,40,35.0,10,10178.5,9923.7,10363.0,500000,500000,500000
smt,build_25m_then_reinsert_5m_existing,build_then_reinsert_existing,build_then_reinsert_existing,False,25000000,25M,25000000,25000000,5000000,30,40,35.0,10,9265.0,8973.2,9368.6,500000,500000,500000
smt,insert_only_build_25m,insert_only_build,insert_only_build,False,25000000,25M,25000000,0,25000000,40,50,45.0,10,8506.0,8309.4,8731.2,2500000,2500000,2500000
smt,prehashed_ordered_insert_only_25m,insert_only_build,prehashed_ordered_insert_only,True,25000000,25M,25000000,0,25000000,40,50,45.0,10,2420.0,2400.9,2440.0,2500000,2500000,2500000
smt,build_25m_then_add_5m_new,build_then_add_new,build_then_add_new,False,25000000,25M,30000000,25000000,5000000,40,50,45.0,10,10098.0,9875.1,10273.5,500000,500000,500000
smt,build_25m_then_reinsert_5m_existing,build_then_reinsert_existing,build_then_reinsert_existing,False,25000000,25M,25000000,25000000,5000000,40,50,45.0,10,9255.0,8985.1,9335.1,500000,500000,500000
smt,insert_only_build_25m,insert_only_build,insert_only_build,False,25000000,25M,25000000,0,25000000,50,60,55.0,10,8629.5,8418.2,8744.8,2500000,2500000,2500000
smt,prehashed_ordered_insert_only_25m,insert_only_build,prehashed_ordered_insert_only,True,25000000,25M,25000000,0,25000000,50,60,55.0,10,2028.5,1945.7,2130.7,2500000,2500000,2500000
smt,build_25m_then_add_5m_new,build_then_add_new,build_then_add_new,False,25000000,25M,30000000,25000000,5000000,50,60,55.0,10,10108.0,9851.1,10235.0,500000,500000,500000
smt,build_25m_then_reinsert_5m_existing,build_then_reinsert_existing,build_then_reinsert_existing,False,25000000,25M,25000000,25000000,5000000,50,60,55.0,10,9253.5,8974.8,9329.7,500000,500000,500000
smt,insert_only_build_25m,insert_only_build,insert_only_build,False,25000000,25M,25000000,0,25000000,60,70,65.0,10,8819.0,8635.1,8961.7,2500000,2500000,2500000
smt,prehashed_ordered_insert_only_25m,insert_only_build,prehashed_ordered_insert_only,True,25000000,25M,25000000,0,25000000,60,70,65.0,10,2347.0,2229.0,2437.7,2500000,2500000,2500000
smt,build_25m_then_add_5m_new,build_then_add_new,build_then_add_new,False,25000000,25M,30000000,25000000,5000000,60,70,65.0,10,10111.0,9882.7,10248.6,500000,500000,500000
smt,build_25m_then_reinsert_5m_existing,build_then_reinsert_existing,build_then_reinsert_existing,False,25000000,25M,25000000,25000000,5000000,60,70,65.0,10,9265.5,9038.1,9419.6,500000,500000,500000
smt,insert_only_build_25m,insert_only_build,insert_only_build,False,25000000,25M,25000000,0,25000000,70,80,75.0,10,9130.0,8860.8,9219.5,2500000,2500000,2500000
smt,prehashed_ordered_insert_only_25m,insert_only_build,prehashed_ordered_insert_only,True,25000000,25M,25000000,0,25000000,70,80,75.0,10,2663.0,2599.2,2714.9,2500000,2500000,2500000
smt,build_25m_then_add_5m_new,build_then_add_new,build_then_add_new,False,25000000,25M,30000000,25000000,5000000,70,80,75.0,10,10109.0,9745.7,10305.3,500000,500000,500000
smt,build_25m_then_reinsert_5m_existing,build_then_reinsert_existing,build_then_reinsert_existing,False,25000000,25M,25000000,25000000,5000000,70,80,75.0,10,9218.0,8976.7,9305.4,500000,500000,500000
smt,insert_only_build_25m,insert_only_build,insert_only_build,False,25000000,25M,25000000,0,25000000,80,90,85.0,10,9990.5,9600.4,10167.3,2500000,2500000,2500000
smt,prehashed_ordered_insert_only_25m,insert_only_build,prehashed_ordered_insert_only,True,25000000,25M,25000000,0,25000000,80,90,85.0,10,2360.5,2298.6,2447.2999999999997,2500000,2500000,2500000
smt,build_25m_then_add_5m_new,build_then_add_new,build_then_add_new,False,25000000,25M,30000000,25000000,5000000,80,90,85.0,10,10112.5,9777.9,10220.7,500000,500000,500000
smt,build_25m_then_reinsert_5m_existing,build_then_reinsert_existing,build_then_reinsert_existing,False,25000000,25M,25000000,25000000,5000000,80,90,85.0,10,9166.0,8937.4,9282.4,500000,500000,500000
smt,insert_only_build_25m,insert_only_build,insert_only_build,False,25000000,25M,25000000,0,25000000,90,100,95.0,10,9678.5,9396.8,9755.0,2500000,2500000,2500000
smt,prehashed_ordered_insert_only_25m,insert_only_build,prehashed_ordered_insert_only,True,25000000,25M,25000000,0,25000000,90,100,95.0,10,2609.5,2522.3,2695.1,2500000,2500000,2500000
smt,build_25m_then_add_5m_new,build_then_add_new,build_then_add_new,False,25000000,25M,30000000,25000000,5000000,90,100,95.0,10,10114.0,9834.0,10274.3,500000,500000,500000
smt,build_25m_then_reinsert_5m_existing,build_then_reinsert_existing,build_then_reinsert_existing,False,25000000,25M,25000000,25000000,5000000,90,100,95.0,10,9180.0,9016.2,9246.5,500000,500000,500000
