source_file,run_id,row_number,schema_variant,schema_missing_optional_columns,tree_type,raw_scenario,prebuild_elements,final_elements,insert_elements,insert_total_ns,insert_avg_ns,insert_buckets,insert_mem_alloc_mb,insert_total_alloc_mb,insert_heap_objects,created_heap_objects,freed_heap_objects,net_live_heap_object_change,inclusion_proof_total_ns,inclusion_proof_gen_avg_ns,inclusion_proof_size_bytes,inclusion_proof_verify_avg_ns,exclusion_proof_total_ns,exclusion_proof_gen_avg_ns,exclusion_proof_size_bytes,exclusion_proof_verify_avg_ns,delete_elements,delete_total_ns,delete_avg_ns,delete_mem_alloc_mb,delete_total_alloc_mb,delete_heap_objects,deletes_created_heap_objects,deletes_freed_heap_objects,deletes_net_live_heap_object_change,repeat_index_within_raw_scenario,scenario_family,scenario_family_detailed,is_ordered_prehashed,is_prehashed_ordered,is_insert_only,is_proof_only,is_exclusion_proof_only,is_postbuild_add,is_postbuild_add_new,is_reinsert_existing,proof_sample_pct,sample_pct,prebuild_scale,measured_insert_scale,final_scale,scale_size,declared_primary_size,declared_secondary_size,canonical_scenario,raw_scenario_matches_canonical,scenario_issue,scale_label
total_ref_5_avl.csv,total_ref_5_avl,1,current,,avlhashtree,insert_only_build_10k,0,10000,10000,22818773,2281,0-10%=1.764µs(n=1000)|10-20%=1.964µs(n=1000)|20-30%=2.078µs(n=1000)|30-40%=2.158µs(n=1000)|40-50%=2.258µs(n=1000)|50-60%=2.22µs(n=1000)|60-70%=2.311µs(n=1000)|70-80%=3.224µs(n=1000)|80-90%=2.381µs(n=1000)|90-100%=2.455µs(n=1000),2.44,2.93,56244,80066,24306,55760,0,0,0,0,0,0,0,0,0,0,0,0.0,0.0,0,0,0,0,1,insert_only_build,insert_only_build,False,False,True,False,False,False,False,False,,,0,10000,10000,10000,10000,,insert_only_build_10k,True,,10K
total_ref_5_avl.csv,total_ref_5_avl,2,current,,avlhashtree,insert_only_build_50k,0,50000,50000,126117370,2522,0-10%=2.017µs(n=5000)|10-20%=2.484µs(n=5000)|20-30%=2.469µs(n=5000)|30-40%=2.745µs(n=5000)|40-50%=2.606µs(n=5000)|50-60%=2.648µs(n=5000)|60-70%=2.625µs(n=5000)|70-80%=2.647µs(n=5000)|80-90%=2.468µs(n=5000)|90-100%=2.51µs(n=5000),12.22,14.56,280670,400099,119919,280180,0,0,0,0,0,0,0,0,0,0,0,0.0,0.0,0,0,0,0,1,insert_only_build,insert_only_build,False,False,True,False,False,False,False,False,,,0,50000,50000,50000,50000,,insert_only_build_50k,True,,50K
total_ref_5_avl.csv,total_ref_5_avl,3,current,,avlhashtree,insert_only_build_100k,0,100000,100000,277379083,2773,0-10%=3.042µs(n=10000)|10-20%=2.77µs(n=10000)|20-30%=2.779µs(n=10000)|30-40%=3.145µs(n=10000)|40-50%=2.544µs(n=10000)|50-60%=2.624µs(n=10000)|60-70%=2.68µs(n=10000)|70-80%=2.731µs(n=10000)|80-90%=2.674µs(n=10000)|90-100%=2.743µs(n=10000),24.66,29.04,572243,800086,228374,571712,0,0,0,0,0,0,0,0,0,0,0,0.0,0.0,0,0,0,0,1,insert_only_build,insert_only_build,False,False,True,False,False,False,False,False,,,0,100000,100000,100000,100000,,insert_only_build_100k,True,,100K
total_ref_5_avl.csv,total_ref_5_avl,4,current,,avlhashtree,insert_only_build_200k,0,200000,200000,554650987,2773,0-10%=2.149µs(n=20000)|10-20%=2.425µs(n=20000)|20-30%=2.505µs(n=20000)|30-40%=2.704µs(n=20000)|40-50%=2.788µs(n=20000)|50-60%=2.898µs(n=20000)|60-70%=3.026µs(n=20000)|70-80%=2.974µs(n=20000)|80-90%=3.077µs(n=20000)|90-100%=3.183µs(n=20000),50.05,58.04,1174650,1600095,425991,1174104,0,0,0,0,0,0,0,0,0,0,0,0.0,0.0,0,0,0,0,1,insert_only_build,insert_only_build,False,False,True,False,False,False,False,False,,,0,200000,200000,200000,200000,,insert_only_build_200k,True,,200K
total_ref_5_avl.csv,total_ref_5_avl,5,current,,avlhashtree,insert_only_build_300k,0,300000,300000,886985574,2956,0-10%=2.253µs(n=30000)|10-20%=2.51µs(n=30000)|20-30%=2.666µs(n=30000)|30-40%=2.753µs(n=30000)|40-50%=2.942µs(n=30000)|50-60%=2.991µs(n=30000)|60-70%=3.044µs(n=30000)|70-80%=3.224µs(n=30000)|80-90%=3.403µs(n=30000)|90-100%=3.775µs(n=30000),72.58,87.04,1659742,2400097,740917,1659180,0,0,0,0,0,0,0,0,0,0,0,0.0,0.0,0,0,0,0,1,insert_only_build,insert_only_build,False,False,True,False,False,False,False,False,,,0,300000,300000,300000,300000,,insert_only_build_300k,True,,300K
total_ref_5_avl.csv,total_ref_5_avl,6,current,,avlhashtree,insert_only_build_500k,0,500000,500000,1578504622,3157,0-10%=2.376µs(n=50000)|10-20%=2.653µs(n=50000)|20-30%=2.866µs(n=50000)|30-40%=2.965µs(n=50000)|40-50%=3.214µs(n=50000)|50-60%=3.205µs(n=50000)|60-70%=3.342µs(n=50000)|70-80%=3.437µs(n=50000)|80-90%=3.72µs(n=50000)|90-100%=3.787µs(n=50000),119.27,145.04,2696630,4000114,1304056,2696058,0,0,0,0,0,0,0,0,0,0,0,0.0,0.0,0,0,0,0,1,insert_only_build,insert_only_build,False,False,True,False,False,False,False,False,,,0,500000,500000,500000,500000,,insert_only_build_500k,True,,500K
total_ref_5_avl.csv,total_ref_5_avl,7,current,,avlhashtree,insert_only_build_700k,0,700000,700000,2426422492,3466,0-10%=2.416µs(n=70000)|10-20%=2.892µs(n=70000)|20-30%=3.011µs(n=70000)|30-40%=3.293µs(n=70000)|40-50%=3.504µs(n=70000)|50-60%=3.733µs(n=70000)|60-70%=3.716µs(n=70000)|70-80%=3.884µs(n=70000)|80-90%=4.127µs(n=70000)|90-100%=4.082µs(n=70000),178.14,203.06,4231464,5600121,1369237,4230884,0,0,0,0,0,0,0,0,0,0,0,0.0,0.0,0,0,0,0,1,insert_only_build,insert_only_build,False,False,True,False,False,False,False,False,,,0,700000,700000,700000,700000,,insert_only_build_700k,True,,700K
total_ref_5_avl.csv,total_ref_5_avl,8,current,,avlhashtree,insert_only_build_900k,0,900000,900000,3505198719,3894,0-10%=2.481µs(n=90000)|10-20%=3.138µs(n=90000)|20-30%=3.553µs(n=90000)|30-40%=3.9µs(n=90000)|40-50%=4.383µs(n=90000)|50-60%=4.187µs(n=90000)|60-70%=3.999µs(n=90000)|70-80%=4.161µs(n=90000)|80-90%=4.561µs(n=90000)|90-100%=4.578µs(n=90000),216.0,261.07,4906297,7200146,2294437,4905709,0,0,0,0,0,0,0,0,0,0,0,0.0,0.0,0,0,0,0,1,insert_only_build,insert_only_build,False,False,True,False,False,False,False,False,,,0,900000,900000,900000,900000,,insert_only_build_900k,True,,900K
total_ref_5_avl.csv,total_ref_5_avl,9,current,,avlhashtree,insert_only_build_1m,0,1000000,1000000,3754113845,3754,0-10%=2.528µs(n=100000)|10-20%=2.978µs(n=100000)|20-30%=3.211µs(n=100000)|30-40%=3.409µs(n=100000)|40-50%=3.958µs(n=100000)|50-60%=4.131µs(n=100000)|60-70%=4.189µs(n=100000)|70-80%=4.386µs(n=100000)|80-90%=4.285µs(n=100000)|90-100%=4.46µs(n=100000),244.84,290.08,5649784,8000148,2350954,5649194,0,0,0,0,0,0,0,0,0,0,0,0.0,0.0,0,0,0,0,1,insert_only_build,insert_only_build,False,False,True,False,False,False,False,False,,,0,1000000,1000000,1000000,1000000,,insert_only_build_1m,True,,1M
total_ref_5_avl.csv,total_ref_5_avl,10,current,,avlhashtree,insert_only_build_2m,0,2000000,2000000,8824154646,4412,0-10%=2.742µs(n=200000)|10-20%=3.338µs(n=200000)|20-30%=4.001µs(n=200000)|30-40%=4.225µs(n=200000)|40-50%=4.364µs(n=200000)|50-60%=4.621µs(n=200000)|60-70%=4.892µs(n=200000)|70-80%=5.094µs(n=200000)|80-90%=5.648µs(n=200000)|90-100%=5.193µs(n=200000),500.2,580.19,11726715,16000160,4274039,11726121,0,0,0,0,0,0,0,0,0,0,0,0.0,0.0,0,0,0,0,1,insert_only_build,insert_only_build,False,False,True,False,False,False,False,False,,,0,2000000,2000000,2000000,2000000,,insert_only_build_2m,True,,2M
total_ref_5_avl.csv,total_ref_5_avl,11,current,,avlhashtree,insert_only_build_5m,0,5000000,5000000,26714746732,5342,0-10%=3.264µs(n=500000)|10-20%=4.49µs(n=500000)|20-30%=4.782µs(n=500000)|30-40%=5.111µs(n=500000)|40-50%=5.544µs(n=500000)|50-60%=5.686µs(n=500000)|60-70%=5.841µs(n=500000)|70-80%=5.984µs(n=500000)|80-90%=6.368µs(n=500000)|90-100%=6.354µs(n=500000),1199.83,1450.52,27237504,40000269,12763363,27236906,0,0,0,0,0,0,0,0,0,0,0,0.0,0.0,0,0,0,0,1,insert_only_build,insert_only_build,False,False,True,False,False,False,False,False,,,0,5000000,5000000,5000000,5000000,,insert_only_build_5m,True,,5M
total_ref_5_avl.csv,total_ref_5_avl,12,current,,avlhashtree,insert_only_build_10m,0,10000000,10000000,61003730693,6100,0-10%=3.746µs(n=1000000)|10-20%=5.025µs(n=1000000)|20-30%=5.702µs(n=1000000)|30-40%=5.925µs(n=1000000)|40-50%=6.354µs(n=1000000)|50-60%=6.529µs(n=1000000)|60-70%=6.576µs(n=1000000)|70-80%=6.992µs(n=1000000)|80-90%=6.976µs(n=1000000)|90-100%=7.173µs(n=1000000),2458.35,2901.23,56868099,80000422,23132926,56867496,0,0,0,0,0,0,0,0,0,0,0,0.0,0.0,0,0,0,0,1,insert_only_build,insert_only_build,False,False,True,False,False,False,False,False,,,0,10000000,10000000,10000000,10000000,,insert_only_build_10m,True,,10M
total_ref_5_avl.csv,total_ref_5_avl,13,current,,avlhashtree,insert_only_build_25m,0,25000000,25000000,180983005903,7239,0-10%=4.66µs(n=2500000)|10-20%=6.06µs(n=2500000)|20-30%=6.598µs(n=2500000)|30-40%=7.031µs(n=2500000)|40-50%=7.396µs(n=2500000)|50-60%=7.796µs(n=2500000)|60-70%=7.926µs(n=2500000)|70-80%=8.11µs(n=2500000)|80-90%=8.212µs(n=2500000)|90-100%=8.597µs(n=2500000),5857.87,7254.27,130330189,200001007,69671426,130329581,0,0,0,0,0,0,0,0,0,0,0,0.0,0.0,0,0,0,0,1,insert_only_build,insert_only_build,False,False,True,False,False,False,False,False,,,0,25000000,25000000,25000000,25000000,,insert_only_build_25m,True,,25M
total_ref_5_avl.csv,total_ref_5_avl,14,current,,avlhashtree,prehashed_ordered_insert_only_10k,0,10000,10000,19880816,1988,0-10%=1.593µs(n=1000)|10-20%=1.782µs(n=1000)|20-30%=1.903µs(n=1000)|30-40%=1.864µs(n=1000)|40-50%=2.003µs(n=1000)|50-60%=2.698µs(n=1000)|60-70%=1.994µs(n=1000)|70-80%=1.926µs(n=1000)|80-90%=2.081µs(n=1000)|90-100%=2.031µs(n=1000),1.97,2.91,62967,80052,27706,52346,0,0,0,0,0,0,0,0,0,0,0,0.0,0.0,0,0,0,0,1,insert_only_build,prehashed_ordered_insert_only,True,True,True,False,False,False,False,False,,,0,10000,10000,10000,10000,,prehashed_ordered_insert_only_10k,True,,10K
total_ref_5_avl.csv,total_ref_5_avl,15,current,,avlhashtree,prehashed_ordered_insert_only_50k,0,50000,50000,111511368,2230,0-10%=1.788µs(n=5000)|10-20%=2.178µs(n=5000)|20-30%=2.262µs(n=5000)|30-40%=2.151µs(n=5000)|40-50%=2.318µs(n=5000)|50-60%=2.21µs(n=5000)|60-70%=2.236µs(n=5000)|70-80%=2.279µs(n=5000)|80-90%=2.552µs(n=5000)|90-100%=2.323µs(n=5000),11.85,14.53,266852,400051,133771,266280,0,0,0,0,0,0,0,0,0,0,0,0.0,0.0,0,0,0,0,1,insert_only_build,prehashed_ordered_insert_only,True,True,True,False,False,False,False,False,,,0,50000,50000,50000,50000,,prehashed_ordered_insert_only_50k,True,,50K
total_ref_5_avl.csv,total_ref_5_avl,16,current,,avlhashtree,prehashed_ordered_insert_only_100k,0,100000,100000,233696639,2336,0-10%=2.032µs(n=10000)|10-20%=2.235µs(n=10000)|20-30%=2.182µs(n=10000)|30-40%=2.374µs(n=10000)|40-50%=2.296µs(n=10000)|50-60%=2.297µs(n=10000)|60-70%=2.331µs(n=10000)|70-80%=2.628µs(n=10000)|80-90%=2.491µs(n=10000)|90-100%=2.499µs(n=10000),18.61,29.03,574766,800106,325883,474223,0,0,0,0,0,0,0,0,0,0,0,0.0,0.0,0,0,0,0,1,insert_only_build,prehashed_ordered_insert_only,True,True,True,False,False,False,False,False,,,0,100000,100000,100000,100000,,prehashed_ordered_insert_only_100k,True,,100K
total_ref_5_avl.csv,total_ref_5_avl,17,current,,avlhashtree,prehashed_ordered_insert_only_200k,0,200000,200000,486677594,2433,0-10%=2.122µs(n=20000)|10-20%=2.318µs(n=20000)|20-30%=2.385µs(n=20000)|30-40%=2.331µs(n=20000)|40-50%=2.474µs(n=20000)|50-60%=2.391µs(n=20000)|60-70%=2.486µs(n=20000)|70-80%=2.555µs(n=20000)|80-90%=2.663µs(n=20000)|90-100%=2.603µs(n=20000),35.51,58.02,1079264,1600100,721383,878717,0,0,0,0,0,0,0,0,0,0,0,0.0,0.0,0,0,0,0,1,insert_only_build,prehashed_ordered_insert_only,True,True,True,False,False,False,False,False,,,0,200000,200000,200000,200000,,prehashed_ordered_insert_only_200k,True,,200K
total_ref_5_avl.csv,total_ref_5_avl,18,current,,avlhashtree,prehashed_ordered_insert_only_300k,0,300000,300000,742986556,2476,0-10%=2.113µs(n=30000)|10-20%=2.339µs(n=30000)|20-30%=2.457µs(n=30000)|30-40%=2.365µs(n=30000)|40-50%=2.497µs(n=30000)|50-60%=2.504µs(n=30000)|60-70%=2.546µs(n=30000)|70-80%=2.545µs(n=30000)|80-90%=2.686µs(n=30000)|90-100%=2.709µs(n=30000),53.11,87.01,1612468,2400045,1088153,1311892,0,0,0,0,0,0,0,0,0,0,0,0.0,0.0,0,0,0,0,1,insert_only_build,prehashed_ordered_insert_only,True,True,True,False,False,False,False,False,,,0,300000,300000,300000,300000,,prehashed_ordered_insert_only_300k,True,,300K
total_ref_5_avl.csv,total_ref_5_avl,19,current,,avlhashtree,prehashed_ordered_insert_only_500k,0,500000,500000,1283596598,2567,0-10%=2.263µs(n=50000)|10-20%=2.479µs(n=50000)|20-30%=2.413µs(n=50000)|30-40%=2.531µs(n=50000)|40-50%=2.582µs(n=50000)|50-60%=2.657µs(n=50000)|60-70%=2.725µs(n=50000)|70-80%=2.673µs(n=50000)|80-90%=2.671µs(n=50000)|90-100%=2.674µs(n=50000),95.85,145.02,2987622,4000095,1513020,2487075,0,0,0,0,0,0,0,0,0,0,0,0.0,0.0,0,0,0,0,1,insert_only_build,prehashed_ordered_insert_only,True,True,True,False,False,False,False,False,,,0,500000,500000,500000,500000,,prehashed_ordered_insert_only_500k,True,,500K
total_ref_5_avl.csv,total_ref_5_avl,20,current,,avlhashtree,prehashed_ordered_insert_only_700k,0,700000,700000,1845280961,2636,0-10%=2.248µs(n=70000)|10-20%=2.53µs(n=70000)|20-30%=2.547µs(n=70000)|30-40%=2.594µs(n=70000)|40-50%=2.648µs(n=70000)|50-60%=2.774µs(n=70000)|60-70%=2.746µs(n=70000)|70-80%=2.722µs(n=70000)|80-90%=2.774µs(n=70000)|90-100%=2.773µs(n=70000),134.38,203.03,4189865,5600095,2110779,3489316,0,0,0,0,0,0,0,0,0,0,0,0.0,0.0,0,0,0,0,1,insert_only_build,prehashed_ordered_insert_only,True,True,True,False,False,False,False,False,,,0,700000,700000,700000,700000,,prehashed_ordered_insert_only_700k,True,,700K
total_ref_5_avl.csv,total_ref_5_avl,21,current,,avlhashtree,prehashed_ordered_insert_only_900k,0,900000,900000,2413138899,2681,0-10%=2.357µs(n=90000)|10-20%=2.595µs(n=90000)|20-30%=2.531µs(n=90000)|30-40%=2.68µs(n=90000)|40-50%=2.646µs(n=90000)|50-60%=2.698µs(n=90000)|60-70%=2.905µs(n=90000)|70-80%=2.834µs(n=90000)|80-90%=2.78µs(n=90000)|90-100%=2.781µs(n=90000),172.84,261.04,5388877,7200106,2711788,4488318,0,0,0,0,0,0,0,0,0,0,0,0.0,0.0,0,0,0,0,1,insert_only_build,prehashed_ordered_insert_only,True,True,True,False,False,False,False,False,,,0,900000,900000,900000,900000,,prehashed_ordered_insert_only_900k,True,,900K
total_ref_5_avl.csv,total_ref_5_avl,22,current,,avlhashtree,prehashed_ordered_insert_only_1m,0,1000000,1000000,2674440651,2674,0-10%=2.312µs(n=100000)|10-20%=2.562µs(n=100000)|20-30%=2.545µs(n=100000)|30-40%=2.714µs(n=100000)|40-50%=2.636µs(n=100000)|50-60%=2.766µs(n=100000)|60-70%=2.879µs(n=100000)|70-80%=2.771µs(n=100000)|80-90%=2.78µs(n=100000)|90-100%=2.774µs(n=100000),192.39,290.03,6001974,8000102,2998690,5001412,0,0,0,0,0,0,0,0,0,0,0,0.0,0.0,0,0,0,0,1,insert_only_build,prehashed_ordered_insert_only,True,True,True,False,False,False,False,False,,,0,1000000,1000000,1000000,1000000,,prehashed_ordered_insert_only_1m,True,,1M
total_ref_5_avl.csv,total_ref_5_avl,23,current,,avlhashtree,prehashed_ordered_insert_only_2m,0,2000000,2000000,5597046319,2798,0-10%=2.424µs(n=200000)|10-20%=2.649µs(n=200000)|20-30%=2.649µs(n=200000)|30-40%=2.837µs(n=200000)|40-50%=2.808µs(n=200000)|50-60%=2.858µs(n=200000)|60-70%=3.024µs(n=200000)|70-80%=2.954µs(n=200000)|80-90%=2.889µs(n=200000)|90-100%=2.886µs(n=200000),384.29,580.04,11984025,16000124,6016657,9983467,0,0,0,0,0,0,0,0,0,0,0,0.0,0.0,0,0,0,0,1,insert_only_build,prehashed_ordered_insert_only,True,True,True,False,False,False,False,False,,,0,2000000,2000000,2000000,2000000,,prehashed_ordered_insert_only_2m,True,,2M
total_ref_5_avl.csv,total_ref_5_avl,24,current,,avlhashtree,prehashed_ordered_insert_only_5m,0,5000000,5000000,14731650146,2946,0-10%=2.567µs(n=500000)|10-20%=2.786µs(n=500000)|20-30%=2.865µs(n=500000)|30-40%=2.93µs(n=500000)|40-50%=2.985µs(n=500000)|50-60%=3.007µs(n=500000)|60-70%=3.09µs(n=500000)|70-80%=3.047µs(n=500000)|80-90%=3.065µs(n=500000)|90-100%=3.115µs(n=500000),959.0,1450.04,29889257,40000175,15111480,24888695,0,0,0,0,0,0,0,0,0,0,0,0.0,0.0,0,0,0,0,1,insert_only_build,prehashed_ordered_insert_only,True,True,True,False,False,False,False,False,,,0,5000000,5000000,5000000,5000000,,prehashed_ordered_insert_only_5m,True,,5M
total_ref_5_avl.csv,total_ref_5_avl,25,current,,avlhashtree,prehashed_ordered_insert_only_10m,0,10000000,10000000,30712658314,3071,0-10%=2.738µs(n=1000000)|10-20%=2.948µs(n=1000000)|20-30%=2.937µs(n=1000000)|30-40%=3.013µs(n=1000000)|40-50%=3.063µs(n=1000000)|50-60%=3.102µs(n=1000000)|60-70%=3.229µs(n=1000000)|70-80%=3.187µs(n=1000000)|80-90%=3.218µs(n=1000000)|90-100%=3.272µs(n=1000000),1907.79,2900.02,59361228,80000226,30639563,49360663,0,0,0,0,0,0,0,0,0,0,0,0.0,0.0,0,0,0,0,1,insert_only_build,prehashed_ordered_insert_only,True,True,True,False,False,False,False,False,,,0,10000000,10000000,10000000,10000000,,prehashed_ordered_insert_only_10m,True,,10M
total_ref_5_avl.csv,total_ref_5_avl,26,current,,avlhashtree,prehashed_ordered_insert_only_25m,0,25000000,25000000,80674088125,3226,0-10%=2.799µs(n=2500000)|10-20%=3.041µs(n=2500000)|20-30%=3.057µs(n=2500000)|30-40%=3.201µs(n=2500000)|40-50%=3.18µs(n=2500000)|50-60%=3.208µs(n=2500000)|60-70%=3.371µs(n=2500000)|70-80%=3.469µs(n=2500000)|80-90%=3.473µs(n=2500000)|90-100%=3.467µs(n=2500000),4770.18,7249.69,148445295,200000343,76555617,123444726,0,0,0,0,0,0,0,0,0,0,0,0.0,0.0,0,0,0,0,1,insert_only_build,prehashed_ordered_insert_only,True,True,True,False,False,False,False,False,,,0,25000000,25000000,25000000,25000000,,prehashed_ordered_insert_only_25m,True,,25M
total_ref_5_avl.csv,total_ref_5_avl,27,current,,avlhashtree,proof_only_after_10k_build_sample_5pct,10000,10000,0,0,0,,0.0,0.0,0,0,0,0,219356,438,1589,4563,0,0,0,0,0,0,0,0.0,0.0,0,0,0,0,1,proof_only_after_build,proof_only_after_build,False,False,False,True,False,False,False,False,5.0,5.0,10000,0,10000,10000,10000,,proof_only_after_10k_build_sample_5pct,True,,10K
total_ref_5_avl.csv,total_ref_5_avl,28,current,,avlhashtree,proof_only_after_50k_build_sample_5pct,50000,50000,0,0,0,,0.0,0.0,0,0,0,0,1406240,562,1855,4171,0,0,0,0,0,0,0,0.0,0.0,0,0,0,0,1,proof_only_after_build,proof_only_after_build,False,False,False,True,False,False,False,False,5.0,5.0,50000,0,50000,50000,50000,,proof_only_after_50k_build_sample_5pct,True,,50K
total_ref_5_avl.csv,total_ref_5_avl,29,current,,avlhashtree,proof_only_after_100k_build_sample_5pct,100000,100000,0,0,0,,0.0,0.0,0,0,0,0,3379412,675,1977,4464,0,0,0,0,0,0,0,0.0,0.0,0,0,0,0,1,proof_only_after_build,proof_only_after_build,False,False,False,True,False,False,False,False,5.0,5.0,100000,0,100000,100000,100000,,proof_only_after_100k_build_sample_5pct,True,,100K
total_ref_5_avl.csv,total_ref_5_avl,30,current,,avlhashtree,proof_only_after_200k_build_sample_5pct,200000,200000,0,0,0,,0.0,0.0,0,0,0,0,8116243,811,2094,4705,0,0,0,0,0,0,0,0.0,0.0,0,0,0,0,1,proof_only_after_build,proof_only_after_build,False,False,False,True,False,False,False,False,5.0,5.0,200000,0,200000,200000,200000,,proof_only_after_200k_build_sample_5pct,True,,200K
total_ref_5_avl.csv,total_ref_5_avl,31,current,,avlhashtree,proof_only_after_300k_build_sample_5pct,300000,300000,0,0,0,,0.0,0.0,0,0,0,0,14989217,999,2169,4961,0,0,0,0,0,0,0,0.0,0.0,0,0,0,0,1,proof_only_after_build,proof_only_after_build,False,False,False,True,False,False,False,False,5.0,5.0,300000,0,300000,300000,300000,,proof_only_after_300k_build_sample_5pct,True,,300K
total_ref_5_avl.csv,total_ref_5_avl,32,current,,avlhashtree,proof_only_after_500k_build_sample_5pct,500000,500000,0,0,0,,0.0,0.0,0,0,0,0,30377722,1215,2257,5361,0,0,0,0,0,0,0,0.0,0.0,0,0,0,0,1,proof_only_after_build,proof_only_after_build,False,False,False,True,False,False,False,False,5.0,5.0,500000,0,500000,500000,500000,,proof_only_after_500k_build_sample_5pct,True,,500K
total_ref_5_avl.csv,total_ref_5_avl,33,current,,avlhashtree,proof_only_after_700k_build_sample_5pct,700000,700000,0,0,0,,0.0,0.0,0,0,0,0,46933594,1340,2317,5357,0,0,0,0,0,0,0,0.0,0.0,0,0,0,0,1,proof_only_after_build,proof_only_after_build,False,False,False,True,False,False,False,False,5.0,5.0,700000,0,700000,700000,700000,,proof_only_after_700k_build_sample_5pct,True,,700K
total_ref_5_avl.csv,total_ref_5_avl,34,current,,avlhashtree,proof_only_after_900k_build_sample_5pct,900000,900000,0,0,0,,0.0,0.0,0,0,0,0,74035334,1645,2359,5706,0,0,0,0,0,0,0,0.0,0.0,0,0,0,0,1,proof_only_after_build,proof_only_after_build,False,False,False,True,False,False,False,False,5.0,5.0,900000,0,900000,900000,900000,,proof_only_after_900k_build_sample_5pct,True,,900K
total_ref_5_avl.csv,total_ref_5_avl,35,current,,avlhashtree,proof_only_after_1m_build_sample_5pct,1000000,1000000,0,0,0,,0.0,0.0,0,0,0,0,78839141,1576,2380,5539,0,0,0,0,0,0,0,0.0,0.0,0,0,0,0,1,proof_only_after_build,proof_only_after_build,False,False,False,True,False,False,False,False,5.0,5.0,1000000,0,1000000,1000000,1000000,,proof_only_after_1m_build_sample_5pct,True,,1M
total_ref_5_avl.csv,total_ref_5_avl,36,current,,avlhashtree,proof_only_after_2m_build_sample_3pct,2000000,2000000,0,0,0,,0.0,0.0,0,0,0,0,113448109,1890,2500,6109,0,0,0,0,0,0,0,0.0,0.0,0,0,0,0,1,proof_only_after_build,proof_only_after_build,False,False,False,True,False,False,False,False,3.0,3.0,2000000,0,2000000,2000000,2000000,,proof_only_after_2m_build_sample_3pct,True,,2M
total_ref_5_avl.csv,total_ref_5_avl,37,current,,avlhashtree,proof_only_after_5m_build_sample_3pct,5000000,5000000,0,0,0,,0.0,0.0,0,0,0,0,353045323,2353,2663,6557,0,0,0,0,0,0,0,0.0,0.0,0,0,0,0,1,proof_only_after_build,proof_only_after_build,False,False,False,True,False,False,False,False,3.0,3.0,5000000,0,5000000,5000000,5000000,,proof_only_after_5m_build_sample_3pct,True,,5M
total_ref_5_avl.csv,total_ref_5_avl,38,current,,avlhashtree,proof_only_after_10m_build_sample_2pct,10000000,10000000,0,0,0,,0.0,0.0,0,0,0,0,496223434,2481,2781,6479,0,0,0,0,0,0,0,0.0,0.0,0,0,0,0,1,proof_only_after_build,proof_only_after_build,False,False,False,True,False,False,False,False,2.0,2.0,10000000,0,10000000,10000000,10000000,,proof_only_after_10m_build_sample_2pct,True,,10M
total_ref_5_avl.csv,total_ref_5_avl,39,current,,avlhashtree,proof_only_after_25m_build_sample_2pct,25000000,25000000,0,0,0,,0.0,0.0,0,0,0,0,1780419868,3560,2944,9132,0,0,0,0,0,0,0,0.0,0.0,0,0,0,0,1,proof_only_after_build,proof_only_after_build,False,False,False,True,False,False,False,False,2.0,2.0,25000000,0,25000000,25000000,25000000,,proof_only_after_25m_build_sample_2pct,True,,25M
total_ref_5_avl.csv,total_ref_5_avl,40,current,,avlhashtree,build_10k_then_add_2k_new,10000,12000,2000,4421620,2210,0-10%=2.225µs(n=200)|10-20%=2.1µs(n=200)|20-30%=2.085µs(n=200)|30-40%=2.069µs(n=200)|40-50%=2.268µs(n=200)|50-60%=2.443µs(n=200)|60-70%=2.278µs(n=200)|70-80%=2.314µs(n=200)|80-90%=2.195µs(n=200)|90-100%=2.121µs(n=200),0.59,0.59,65734,16041,1001,15040,0,0,0,0,0,0,0,0,0,0,0,0.0,0.0,0,0,0,0,1,build_then_add_new,build_then_add_new,False,False,False,False,False,True,True,False,,,10000,2000,12000,10000,10000,2000,build_10k_then_add_2k_new,True,,10K
total_ref_5_avl.csv,total_ref_5_avl,41,current,,avlhashtree,build_50k_then_add_10k_new,50000,60000,10000,26374419,2637,0-10%=2.697µs(n=1000)|10-20%=2.594µs(n=1000)|20-30%=2.667µs(n=1000)|30-40%=2.564µs(n=1000)|40-50%=2.72µs(n=1000)|50-60%=2.534µs(n=1000)|60-70%=2.723µs(n=1000)|70-80%=2.557µs(n=1000)|80-90%=2.577µs(n=1000)|90-100%=2.735µs(n=1000),2.91,2.91,325744,80039,5001,75038,0,0,0,0,0,0,0,0,0,0,0,0.0,0.0,0,0,0,0,1,build_then_add_new,build_then_add_new,False,False,False,False,False,True,True,False,,,50000,10000,60000,50000,50000,10000,build_50k_then_add_10k_new,True,,50K
total_ref_5_avl.csv,total_ref_5_avl,42,current,,avlhashtree,build_100k_then_add_20k_new,100000,120000,20000,59060965,2953,0-10%=3.114µs(n=2000)|10-20%=2.965µs(n=2000)|20-30%=3.041µs(n=2000)|30-40%=2.916µs(n=2000)|40-50%=2.905µs(n=2000)|50-60%=2.92µs(n=2000)|60-70%=2.846µs(n=2000)|70-80%=2.925µs(n=2000)|80-90%=2.96µs(n=2000)|90-100%=2.932µs(n=2000),5.81,5.81,650749,160041,10001,150040,0,0,0,0,0,0,0,0,0,0,0,0.0,0.0,0,0,0,0,1,build_then_add_new,build_then_add_new,False,False,False,False,False,True,True,False,,,100000,20000,120000,100000,100000,20000,build_100k_then_add_20k_new,True,,100K
total_ref_5_avl.csv,total_ref_5_avl,43,current,,avlhashtree,build_200k_then_add_40k_new,200000,240000,40000,126224550,3155,0-10%=3.283µs(n=4000)|10-20%=3.128µs(n=4000)|20-30%=3.089µs(n=4000)|30-40%=3.143µs(n=4000)|40-50%=3.132µs(n=4000)|50-60%=3.109µs(n=4000)|60-70%=3.158µs(n=4000)|70-80%=3.159µs(n=4000)|80-90%=3.163µs(n=4000)|90-100%=3.187µs(n=4000),11.63,11.63,1300759,320046,20001,300045,0,0,0,0,0,0,0,0,0,0,0,0.0,0.0,0,0,0,0,1,build_then_add_new,build_then_add_new,False,False,False,False,False,True,True,False,,,200000,40000,240000,200000,200000,40000,build_200k_then_add_40k_new,True,,200K
total_ref_5_avl.csv,total_ref_5_avl,44,current,,avlhashtree,build_300k_then_add_60k_new,300000,360000,60000,227678643,3794,0-10%=3.716µs(n=6000)|10-20%=3.568µs(n=6000)|20-30%=3.592µs(n=6000)|30-40%=4.603µs(n=6000)|40-50%=4.048µs(n=6000)|50-60%=3.768µs(n=6000)|60-70%=3.716µs(n=6000)|70-80%=3.679µs(n=6000)|80-90%=3.638µs(n=6000)|90-100%=3.613µs(n=6000),17.43,17.43,1950768,480050,30001,450049,0,0,0,0,0,0,0,0,0,0,0,0.0,0.0,0,0,0,0,1,build_then_add_new,build_then_add_new,False,False,False,False,False,True,True,False,,,300000,60000,360000,300000,300000,60000,build_300k_then_add_60k_new,True,,300K
total_ref_5_avl.csv,total_ref_5_avl,45,current,,avlhashtree,build_500k_then_add_100k_new,500000,600000,100000,423447520,4234,0-10%=4.704µs(n=10000)|10-20%=4.347µs(n=10000)|20-30%=4.273µs(n=10000)|30-40%=4.172µs(n=10000)|40-50%=4.147µs(n=10000)|50-60%=4.141µs(n=10000)|60-70%=4.123µs(n=10000)|70-80%=4.132µs(n=10000)|80-90%=4.142µs(n=10000)|90-100%=4.157µs(n=10000),29.03,29.03,3250777,800051,50001,750050,0,0,0,0,0,0,0,0,0,0,0,0.0,0.0,0,0,0,0,1,build_then_add_new,build_then_add_new,False,False,False,False,False,True,True,False,,,500000,100000,600000,500000,500000,100000,build_500k_then_add_100k_new,True,,500K
total_ref_5_avl.csv,total_ref_5_avl,46,current,,avlhashtree,build_700k_then_add_140k_new,700000,840000,140000,642644075,4590,0-10%=4.904µs(n=14000)|10-20%=4.49µs(n=14000)|20-30%=4.421µs(n=14000)|30-40%=4.412µs(n=14000)|40-50%=4.414µs(n=14000)|50-60%=4.354µs(n=14000)|60-70%=4.343µs(n=14000)|70-80%=4.596µs(n=14000)|80-90%=4.545µs(n=14000)|90-100%=5.419µs(n=14000),40.63,40.63,4550783,1120053,70001,1050052,0,0,0,0,0,0,0,0,0,0,0,0.0,0.0,0,0,0,0,1,build_then_add_new,build_then_add_new,False,False,False,False,False,True,True,False,,,700000,140000,840000,700000,700000,140000,build_700k_then_add_140k_new,True,,700K
total_ref_5_avl.csv,total_ref_5_avl,47,current,,avlhashtree,build_900k_then_add_180k_new,900000,1080000,180000,872233423,4845,0-10%=5.599µs(n=18000)|10-20%=4.915µs(n=18000)|20-30%=5.461µs(n=18000)|30-40%=4.626µs(n=18000)|40-50%=4.587µs(n=18000)|50-60%=4.58µs(n=18000)|60-70%=4.6µs(n=18000)|70-80%=4.663µs(n=18000)|80-90%=4.708µs(n=18000)|90-100%=4.715µs(n=18000),52.23,52.23,5850795,1440058,90000,1350058,0,0,0,0,0,0,0,0,0,0,0,0.0,0.0,0,0,0,0,1,build_then_add_new,build_then_add_new,False,False,False,False,False,True,True,False,,,900000,180000,1080000,900000,900000,180000,build_900k_then_add_180k_new,True,,900K
total_ref_5_avl.csv,total_ref_5_avl,48,current,,avlhashtree,build_1m_then_add_200k_new,1000000,1200000,200000,969258371,4846,0-10%=5.412µs(n=20000)|10-20%=4.886µs(n=20000)|20-30%=4.797µs(n=20000)|30-40%=4.782µs(n=20000)|40-50%=4.68µs(n=20000)|50-60%=4.707µs(n=20000)|60-70%=4.69µs(n=20000)|70-80%=4.765µs(n=20000)|80-90%=4.847µs(n=20000)|90-100%=4.891µs(n=20000),58.03,58.03,6500793,1600046,100001,1500045,0,0,0,0,0,0,0,0,0,0,0,0.0,0.0,0,0,0,0,1,build_then_add_new,build_then_add_new,False,False,False,False,False,True,True,False,,,1000000,200000,1200000,1000000,1000000,200000,build_1m_then_add_200k_new,True,,1M
total_ref_5_avl.csv,total_ref_5_avl,49,current,,avlhashtree,build_2m_then_add_400k_new,2000000,2400000,400000,2278583191,5696,0-10%=5.982µs(n=40000)|10-20%=5.693µs(n=40000)|20-30%=5.761µs(n=40000)|30-40%=5.738µs(n=40000)|40-50%=5.906µs(n=40000)|50-60%=5.647µs(n=40000)|60-70%=5.739µs(n=40000)|70-80%=5.596µs(n=40000)|80-90%=5.427µs(n=40000)|90-100%=5.472µs(n=40000),116.06,116.06,13000813,3200067,200001,3000066,0,0,0,0,0,0,0,0,0,0,0,0.0,0.0,0,0,0,0,1,build_then_add_new,build_then_add_new,False,False,False,False,False,True,True,False,,,2000000,400000,2400000,2000000,2000000,400000,build_2m_then_add_400k_new,True,,2M
total_ref_5_avl.csv,total_ref_5_avl,50,current,,avlhashtree,build_5m_then_add_1m_new,5000000,6000000,1000000,6701049480,6701,0-10%=7.077µs(n=100000)|10-20%=6.692µs(n=100000)|20-30%=6.754µs(n=100000)|30-40%=6.745µs(n=100000)|40-50%=6.668µs(n=100000)|50-60%=6.535µs(n=100000)|60-70%=6.615µs(n=100000)|70-80%=6.603µs(n=100000)|80-90%=6.64µs(n=100000)|90-100%=6.677µs(n=100000),290.16,290.16,32500835,8000085,500000,7500085,0,0,0,0,0,0,0,0,0,0,0,0.0,0.0,0,0,0,0,1,build_then_add_new,build_then_add_new,False,False,False,False,False,True,True,False,,,5000000,1000000,6000000,5000000,5000000,1000000,build_5m_then_add_1m_new,True,,5M
total_ref_5_avl.csv,total_ref_5_avl,51,current,,avlhashtree,build_10m_then_add_2m_new,10000000,12000000,2000000,14638110478,7319,0-10%=7.577µs(n=200000)|10-20%=7.324µs(n=200000)|20-30%=7.299µs(n=200000)|30-40%=7.341µs(n=200000)|40-50%=7.141µs(n=200000)|50-60%=7.389µs(n=200000)|60-70%=7.308µs(n=200000)|70-80%=7.237µs(n=200000)|80-90%=7.319µs(n=200000)|90-100%=7.25µs(n=200000),580.35,580.35,65000882,16000120,1000001,15000119,0,0,0,0,0,0,0,0,0,0,0,0.0,0.0,0,0,0,0,1,build_then_add_new,build_then_add_new,False,False,False,False,False,True,True,False,,,10000000,2000000,12000000,10000000,10000000,2000000,build_10m_then_add_2m_new,True,,10M
total_ref_5_avl.csv,total_ref_5_avl,52,current,,avlhashtree,build_25m_then_add_5m_new,25000000,30000000,5000000,43346994799,8669,0-10%=8.82µs(n=500000)|10-20%=8.56µs(n=500000)|20-30%=8.521µs(n=500000)|30-40%=8.364µs(n=500000)|40-50%=8.436µs(n=500000)|50-60%=8.591µs(n=500000)|60-70%=8.746µs(n=500000)|70-80%=8.916µs(n=500000)|80-90%=8.903µs(n=500000)|90-100%=8.832µs(n=500000),1451.17,1451.17,162501034,40000256,2500001,37500255,0,0,0,0,0,0,0,0,0,0,0,0.0,0.0,0,0,0,0,1,build_then_add_new,build_then_add_new,False,False,False,False,False,True,True,False,,,25000000,5000000,30000000,25000000,25000000,5000000,build_25m_then_add_5m_new,True,,25M
total_ref_5_avl.csv,total_ref_5_avl,53,current,,avlhashtree,build_10k_then_reinsert_2k_existing,10000,10000,2000,3263683,1631,0-10%=1.346µs(n=200)|10-20%=1.519µs(n=200)|20-30%=1.525µs(n=200)|30-40%=1.54µs(n=200)|40-50%=1.559µs(n=200)|50-60%=1.709µs(n=200)|60-70%=1.73µs(n=200)|70-80%=1.894µs(n=200)|80-90%=1.782µs(n=200)|90-100%=1.706µs(n=200),0.29,0.29,61804,12041,1001,11040,0,0,0,0,0,0,0,0,0,0,0,0.0,0.0,0,0,0,0,1,build_then_reinsert_existing,build_then_reinsert_existing,False,False,False,False,False,False,False,True,,,10000,2000,10000,10000,10000,2000,build_10k_then_reinsert_2k_existing,True,,10K
total_ref_5_avl.csv,total_ref_5_avl,54,current,,avlhashtree,build_50k_then_reinsert_10k_existing,50000,50000,10000,19852684,1985,0-10%=1.784µs(n=1000)|10-20%=2.03µs(n=1000)|20-30%=1.929µs(n=1000)|30-40%=1.864µs(n=1000)|40-50%=1.952µs(n=1000)|50-60%=2.066µs(n=1000)|60-70%=1.995µs(n=1000)|70-80%=1.997µs(n=1000)|80-90%=2.214µs(n=1000)|90-100%=2.014µs(n=1000),1.39,1.39,305812,60039,5001,55038,0,0,0,0,0,0,0,0,0,0,0,0.0,0.0,0,0,0,0,1,build_then_reinsert_existing,build_then_reinsert_existing,False,False,False,False,False,False,False,True,,,50000,10000,50000,50000,50000,10000,build_50k_then_reinsert_10k_existing,True,,50K
total_ref_5_avl.csv,total_ref_5_avl,55,current,,avlhashtree,build_100k_then_reinsert_20k_existing,100000,100000,20000,43760636,2188,0-10%=1.929µs(n=2000)|10-20%=2.042µs(n=2000)|20-30%=2.139µs(n=2000)|30-40%=2.172µs(n=2000)|40-50%=2.201µs(n=2000)|50-60%=2.248µs(n=2000)|60-70%=2.265µs(n=2000)|70-80%=2.293µs(n=2000)|80-90%=2.264µs(n=2000)|90-100%=2.322µs(n=2000),2.76,2.76,610821,120041,10001,110040,0,0,0,0,0,0,0,0,0,0,0,0.0,0.0,0,0,0,0,1,build_then_reinsert_existing,build_then_reinsert_existing,False,False,False,False,False,False,False,True,,,100000,20000,100000,100000,100000,20000,build_100k_then_reinsert_20k_existing,True,,100K
total_ref_5_avl.csv,total_ref_5_avl,56,current,,avlhashtree,build_200k_then_reinsert_40k_existing,200000,200000,40000,98340289,2458,0-10%=2.153µs(n=4000)|10-20%=2.332µs(n=4000)|20-30%=2.364µs(n=4000)|30-40%=2.444µs(n=4000)|40-50%=2.497µs(n=4000)|50-60%=2.508µs(n=4000)|60-70%=2.545µs(n=4000)|70-80%=2.549µs(n=4000)|80-90%=2.567µs(n=4000)|90-100%=2.62µs(n=4000),5.51,5.51,1220821,240041,20001,220040,0,0,0,0,0,0,0,0,0,0,0,0.0,0.0,0,0,0,0,1,build_then_reinsert_existing,build_then_reinsert_existing,False,False,False,False,False,False,False,True,,,200000,40000,200000,200000,200000,40000,build_200k_then_reinsert_40k_existing,True,,200K
total_ref_5_avl.csv,total_ref_5_avl,57,current,,avlhashtree,build_300k_then_reinsert_60k_existing,300000,300000,60000,177530659,2958,0-10%=2.495µs(n=6000)|10-20%=2.666µs(n=6000)|20-30%=3.467µs(n=6000)|30-40%=3.089µs(n=6000)|40-50%=2.899µs(n=6000)|50-60%=2.922µs(n=6000)|60-70%=2.948µs(n=6000)|70-80%=3.025µs(n=6000)|80-90%=3.014µs(n=6000)|90-100%=3.058µs(n=6000),8.27,8.27,1830831,360046,30001,330045,0,0,0,0,0,0,0,0,0,0,0,0.0,0.0,0,0,0,0,1,build_then_reinsert_existing,build_then_reinsert_existing,False,False,False,False,False,False,False,True,,,300000,60000,300000,300000,300000,60000,build_300k_then_reinsert_60k_existing,True,,300K
total_ref_5_avl.csv,total_ref_5_avl,58,current,,avlhashtree,build_500k_then_reinsert_100k_existing,500000,500000,100000,322055393,3220,0-10%=2.874µs(n=10000)|10-20%=3.061µs(n=10000)|20-30%=3.146µs(n=10000)|30-40%=3.317µs(n=10000)|40-50%=3.215µs(n=10000)|50-60%=3.255µs(n=10000)|60-70%=3.325µs(n=10000)|70-80%=3.33µs(n=10000)|80-90%=3.342µs(n=10000)|90-100%=3.336µs(n=10000),13.76,13.76,3050841,600050,50001,550049,0,0,0,0,0,0,0,0,0,0,0,0.0,0.0,0,0,0,0,1,build_then_reinsert_existing,build_then_reinsert_existing,False,False,False,False,False,False,False,True,,,500000,100000,500000,500000,500000,100000,build_500k_then_reinsert_100k_existing,True,,500K
total_ref_5_avl.csv,total_ref_5_avl,59,current,,avlhashtree,build_700k_then_reinsert_140k_existing,700000,700000,140000,485757177,3469,0-10%=3.266µs(n=14000)|10-20%=3.317µs(n=14000)|20-30%=3.388µs(n=14000)|30-40%=3.454µs(n=14000)|40-50%=3.489µs(n=14000)|50-60%=3.527µs(n=14000)|60-70%=3.542µs(n=14000)|70-80%=3.538µs(n=14000)|80-90%=3.556µs(n=14000)|90-100%=3.614µs(n=14000),19.26,19.26,4270846,840052,70001,770051,0,0,0,0,0,0,0,0,0,0,0,0.0,0.0,0,0,0,0,1,build_then_reinsert_existing,build_then_reinsert_existing,False,False,False,False,False,False,False,True,,,700000,140000,700000,700000,700000,140000,build_700k_then_reinsert_140k_existing,True,,700K
total_ref_5_avl.csv,total_ref_5_avl,60,current,,avlhashtree,build_900k_then_reinsert_180k_existing,900000,900000,180000,649112452,3606,0-10%=3.314µs(n=18000)|10-20%=3.434µs(n=18000)|20-30%=3.479µs(n=18000)|30-40%=3.527µs(n=18000)|40-50%=3.529µs(n=18000)|50-60%=3.561µs(n=18000)|60-70%=3.63µs(n=18000)|70-80%=3.68µs(n=18000)|80-90%=3.898µs(n=18000)|90-100%=4.004µs(n=18000),24.76,24.76,5490863,1080057,90001,990056,0,0,0,0,0,0,0,0,0,0,0,0.0,0.0,0,0,0,0,1,build_then_reinsert_existing,build_then_reinsert_existing,False,False,False,False,False,False,False,True,,,900000,180000,900000,900000,900000,180000,build_900k_then_reinsert_180k_existing,True,,900K
total_ref_5_avl.csv,total_ref_5_avl,61,current,,avlhashtree,build_1m_then_reinsert_200k_existing,1000000,1000000,200000,757013686,3785,0-10%=3.379µs(n=20000)|10-20%=3.546µs(n=20000)|20-30%=3.717µs(n=20000)|30-40%=3.779µs(n=20000)|40-50%=3.859µs(n=20000)|50-60%=3.795µs(n=20000)|60-70%=3.835µs(n=20000)|70-80%=3.917µs(n=20000)|80-90%=4.013µs(n=20000)|90-100%=4.004µs(n=20000),27.51,27.51,6100860,1200053,100001,1100052,0,0,0,0,0,0,0,0,0,0,0,0.0,0.0,0,0,0,0,1,build_then_reinsert_existing,build_then_reinsert_existing,False,False,False,False,False,False,False,True,,,1000000,200000,1000000,1000000,1000000,200000,build_1m_then_reinsert_200k_existing,True,,1M
total_ref_5_avl.csv,total_ref_5_avl,62,current,,avlhashtree,build_2m_then_reinsert_400k_existing,2000000,2000000,400000,1692297379,4230,0-10%=3.807µs(n=40000)|10-20%=3.958µs(n=40000)|20-30%=4.048µs(n=40000)|30-40%=4.297µs(n=40000)|40-50%=4.213µs(n=40000)|50-60%=4.199µs(n=40000)|60-70%=4.285µs(n=40000)|70-80%=4.391µs(n=40000)|80-90%=4.442µs(n=40000)|90-100%=4.662µs(n=40000),55.01,55.01,12200865,2400051,200001,2200050,0,0,0,0,0,0,0,0,0,0,0,0.0,0.0,0,0,0,0,1,build_then_reinsert_existing,build_then_reinsert_existing,False,False,False,False,False,False,False,True,,,2000000,400000,2000000,2000000,2000000,400000,build_2m_then_reinsert_400k_existing,True,,2M
total_ref_5_avl.csv,total_ref_5_avl,63,current,,avlhashtree,build_5m_then_reinsert_1m_existing,5000000,5000000,1000000,5271397998,5271,0-10%=4.315µs(n=100000)|10-20%=4.821µs(n=100000)|20-30%=5.08µs(n=100000)|30-40%=5.281µs(n=100000)|40-50%=5.403µs(n=100000)|50-60%=5.415µs(n=100000)|60-70%=5.566µs(n=100000)|70-80%=5.553µs(n=100000)|80-90%=5.545µs(n=100000)|90-100%=5.73µs(n=100000),137.53,137.53,30500886,6000075,500001,5500074,0,0,0,0,0,0,0,0,0,0,0,0.0,0.0,0,0,0,0,1,build_then_reinsert_existing,build_then_reinsert_existing,False,False,False,False,False,False,False,True,,,5000000,1000000,5000000,5000000,5000000,1000000,build_5m_then_reinsert_1m_existing,True,,5M
total_ref_5_avl.csv,total_ref_5_avl,64,current,,avlhashtree,build_10m_then_reinsert_2m_existing,10000000,10000000,2000000,11906960941,5953,0-10%=4.829µs(n=200000)|10-20%=5.405µs(n=200000)|20-30%=5.67µs(n=200000)|30-40%=5.909µs(n=200000)|40-50%=5.999µs(n=200000)|50-60%=6.062µs(n=200000)|60-70%=6.301µs(n=200000)|70-80%=6.436µs(n=200000)|80-90%=6.334µs(n=200000)|90-100%=6.586µs(n=200000),275.08,275.08,61000924,12000106,1000000,11000106,0,0,0,0,0,0,0,0,0,0,0,0.0,0.0,0,0,0,0,1,build_then_reinsert_existing,build_then_reinsert_existing,False,False,False,False,False,False,False,True,,,10000000,2000000,10000000,10000000,10000000,2000000,build_10m_then_reinsert_2m_existing,True,,10M
total_ref_5_avl.csv,total_ref_5_avl,65,current,,avlhashtree,build_25m_then_reinsert_5m_existing,25000000,25000000,5000000,35921918677,7184,0-10%=5.808µs(n=500000)|10-20%=6.776µs(n=500000)|20-30%=6.851µs(n=500000)|30-40%=7.116µs(n=500000)|40-50%=7.295µs(n=500000)|50-60%=7.398µs(n=500000)|60-70%=7.571µs(n=500000)|70-80%=7.698µs(n=500000)|80-90%=7.589µs(n=500000)|90-100%=7.737µs(n=500000),687.84,687.84,152501047,30000210,2500001,27500209,0,0,0,0,0,0,0,0,0,0,0,0.0,0.0,0,0,0,0,1,build_then_reinsert_existing,build_then_reinsert_existing,False,False,False,False,False,False,False,True,,,25000000,5000000,25000000,25000000,25000000,5000000,build_25m_then_reinsert_5m_existing,True,,25M
total_ref_5_avl.csv,total_ref_5_avl,66,current,,avlhashtree,insert_only_build_10k,0,10000,10000,22736213,2273,0-10%=1.722µs(n=1000)|10-20%=2.005µs(n=1000)|20-30%=2.084µs(n=1000)|30-40%=2.159µs(n=1000)|40-50%=2.262µs(n=1000)|50-60%=2.282µs(n=1000)|60-70%=2.365µs(n=1000)|70-80%=3.104µs(n=1000)|80-90%=2.344µs(n=1000)|90-100%=2.404µs(n=1000),2.44,2.93,56242,80065,24306,55759,0,0,0,0,0,0,0,0,0,0,0,0.0,0.0,0,0,0,0,2,insert_only_build,insert_only_build,False,False,True,False,False,False,False,False,,,0,10000,10000,10000,10000,,insert_only_build_10k,True,,10K
total_ref_5_avl.csv,total_ref_5_avl,67,current,,avlhashtree,insert_only_build_50k,0,50000,50000,127283926,2545,0-10%=2.084µs(n=5000)|10-20%=2.521µs(n=5000)|20-30%=2.553µs(n=5000)|30-40%=2.749µs(n=5000)|40-50%=2.588µs(n=5000)|50-60%=2.648µs(n=5000)|60-70%=2.65µs(n=5000)|70-80%=2.719µs(n=5000)|80-90%=2.445µs(n=5000)|90-100%=2.496µs(n=5000),12.21,14.56,280432,400098,120160,279938,0,0,0,0,0,0,0,0,0,0,0,0.0,0.0,0,0,0,0,2,insert_only_build,insert_only_build,False,False,True,False,False,False,False,False,,,0,50000,50000,50000,50000,,insert_only_build_50k,True,,50K
total_ref_5_avl.csv,total_ref_5_avl,68,current,,avlhashtree,insert_only_build_100k,0,100000,100000,248235379,2482,0-10%=2.033µs(n=10000)|10-20%=2.306µs(n=10000)|20-30%=2.318µs(n=10000)|30-40%=2.571µs(n=10000)|40-50%=2.448µs(n=10000)|50-60%=2.525µs(n=10000)|60-70%=2.579µs(n=10000)|70-80%=2.69µs(n=10000)|80-90%=2.652µs(n=10000)|90-100%=2.695µs(n=10000),24.64,29.03,571576,800082,229036,571046,0,0,0,0,0,0,0,0,0,0,0,0.0,0.0,0,0,0,0,2,insert_only_build,insert_only_build,False,False,True,False,False,False,False,False,,,0,100000,100000,100000,100000,,insert_only_build_100k,True,,100K
total_ref_5_avl.csv,total_ref_5_avl,69,current,,avlhashtree,insert_only_build_200k,0,200000,200000,542495841,2712,0-10%=2.182µs(n=20000)|10-20%=2.394µs(n=20000)|20-30%=2.511µs(n=20000)|30-40%=2.659µs(n=20000)|40-50%=2.694µs(n=20000)|50-60%=2.783µs(n=20000)|60-70%=2.929µs(n=20000)|70-80%=2.936µs(n=20000)|80-90%=2.991µs(n=20000)|90-100%=3.042µs(n=20000),50.06,58.05,1174587,1600094,426048,1174046,0,0,0,0,0,0,0,0,0,0,0,0.0,0.0,0,0,0,0,2,insert_only_build,insert_only_build,False,False,True,False,False,False,False,False,,,0,200000,200000,200000,200000,,insert_only_build_200k,True,,200K
total_ref_5_avl.csv,total_ref_5_avl,70,current,,avlhashtree,insert_only_build_300k,0,300000,300000,887227642,2957,0-10%=2.21µs(n=30000)|10-20%=2.563µs(n=30000)|20-30%=2.698µs(n=30000)|30-40%=2.752µs(n=30000)|40-50%=2.916µs(n=30000)|50-60%=2.953µs(n=30000)|60-70%=3.073µs(n=30000)|70-80%=3.6µs(n=30000)|80-90%=3.41µs(n=30000)|90-100%=3.396µs(n=30000),72.62,87.04,1661083,2400106,739592,1660514,0,0,0,0,0,0,0,0,0,0,0,0.0,0.0,0,0,0,0,2,insert_only_build,insert_only_build,False,False,True,False,False,False,False,False,,,0,300000,300000,300000,300000,,insert_only_build_300k,True,,300K
total_ref_5_avl.csv,total_ref_5_avl,71,current,,avlhashtree,insert_only_build_500k,0,500000,500000,1596849266,3193,0-10%=2.35µs(n=50000)|10-20%=2.647µs(n=50000)|20-30%=2.918µs(n=50000)|30-40%=3.041µs(n=50000)|40-50%=3.176µs(n=50000)|50-60%=3.254µs(n=50000)|60-70%=3.388µs(n=50000)|70-80%=3.46µs(n=50000)|80-90%=3.762µs(n=50000)|90-100%=3.936µs(n=50000),120.5,145.04,2747051,4000113,1253642,2746471,0,0,0,0,0,0,0,0,0,0,0,0.0,0.0,0,0,0,0,2,insert_only_build,insert_only_build,False,False,True,False,False,False,False,False,,,0,500000,500000,500000,500000,,insert_only_build_500k,True,,500K
total_ref_5_avl.csv,total_ref_5_avl,72,current,,avlhashtree,insert_only_build_700k,0,700000,700000,2382136430,3403,0-10%=2.394µs(n=70000)|10-20%=2.822µs(n=70000)|20-30%=3.004µs(n=70000)|30-40%=3.25µs(n=70000)|40-50%=3.314µs(n=70000)|50-60%=3.501µs(n=70000)|60-70%=3.723µs(n=70000)|70-80%=3.943µs(n=70000)|80-90%=4.067µs(n=70000)|90-100%=4.008µs(n=70000),177.54,203.05,4207266,5600113,1393432,4206681,0,0,0,0,0,0,0,0,0,0,0,0.0,0.0,0,0,0,0,2,insert_only_build,insert_only_build,False,False,True,False,False,False,False,False,,,0,700000,700000,700000,700000,,insert_only_build_700k,True,,700K
total_ref_5_avl.csv,total_ref_5_avl,73,current,,avlhashtree,insert_only_build_900k,0,900000,900000,3440526968,3822,0-10%=2.484µs(n=90000)|10-20%=2.961µs(n=90000)|20-30%=3.215µs(n=90000)|30-40%=3.363µs(n=90000)|40-50%=3.804µs(n=90000)|50-60%=3.736µs(n=90000)|60-70%=3.981µs(n=90000)|70-80%=4.576µs(n=90000)|80-90%=4.997µs(n=90000)|90-100%=5.106µs(n=90000),216.65,261.07,4933250,7200131,2267465,4932666,0,0,0,0,0,0,0,0,0,0,0,0.0,0.0,0,0,0,0,2,insert_only_build,insert_only_build,False,False,True,False,False,False,False,False,,,0,900000,900000,900000,900000,,insert_only_build_900k,True,,900K
total_ref_5_avl.csv,total_ref_5_avl,74,current,,avlhashtree,insert_only_build_1m,0,1000000,1000000,3771730005,3771,0-10%=2.544µs(n=100000)|10-20%=2.975µs(n=100000)|20-30%=3.209µs(n=100000)|30-40%=3.444µs(n=100000)|40-50%=3.865µs(n=100000)|50-60%=4.02µs(n=100000)|60-70%=4.156µs(n=100000)|70-80%=4.479µs(n=100000)|80-90%=4.442µs(n=100000)|90-100%=4.577µs(n=100000),244.69,290.08,5643718,8000126,2357010,5643116,0,0,0,0,0,0,0,0,0,0,0,0.0,0.0,0,0,0,0,2,insert_only_build,insert_only_build,False,False,True,False,False,False,False,False,,,0,1000000,1000000,1000000,1000000,,insert_only_build_1m,True,,1M
total_ref_5_avl.csv,total_ref_5_avl,75,current,,avlhashtree,insert_only_build_2m,0,2000000,2000000,8847114235,4423,0-10%=2.735µs(n=200000)|10-20%=3.311µs(n=200000)|20-30%=3.934µs(n=200000)|30-40%=4.657µs(n=200000)|40-50%=4.638µs(n=200000)|50-60%=4.613µs(n=200000)|60-70%=4.973µs(n=200000)|70-80%=5.033µs(n=200000)|80-90%=5.112µs(n=200000)|90-100%=5.225µs(n=200000),499.88,580.2,11713297,16000147,4287459,11712688,0,0,0,0,0,0,0,0,0,0,0,0.0,0.0,0,0,0,0,2,insert_only_build,insert_only_build,False,False,True,False,False,False,False,False,,,0,2000000,2000000,2000000,2000000,,insert_only_build_2m,True,,2M
total_ref_5_avl.csv,total_ref_5_avl,76,current,,avlhashtree,insert_only_build_5m,0,5000000,5000000,26654924325,5330,0-10%=3.196µs(n=500000)|10-20%=4.297µs(n=500000)|20-30%=4.903µs(n=500000)|30-40%=5.156µs(n=500000)|40-50%=5.628µs(n=500000)|50-60%=5.747µs(n=500000)|60-70%=5.791µs(n=500000)|70-80%=5.957µs(n=500000)|80-90%=6.382µs(n=500000)|90-100%=6.248µs(n=500000),1200.93,1450.52,27282131,40000258,12718731,27281527,0,0,0,0,0,0,0,0,0,0,0,0.0,0.0,0,0,0,0,2,insert_only_build,insert_only_build,False,False,True,False,False,False,False,False,,,0,5000000,5000000,5000000,5000000,,insert_only_build_5m,True,,5M
total_ref_5_avl.csv,total_ref_5_avl,77,current,,avlhashtree,insert_only_build_10m,0,10000000,10000000,61571786259,6157,0-10%=3.741µs(n=1000000)|10-20%=5.071µs(n=1000000)|20-30%=5.678µs(n=1000000)|30-40%=6.01µs(n=1000000)|40-50%=6.444µs(n=1000000)|50-60%=6.541µs(n=1000000)|60-70%=6.682µs(n=1000000)|70-80%=7.159µs(n=1000000)|80-90%=7.106µs(n=1000000)|90-100%=7.135µs(n=1000000),2449.73,2901.23,56515305,80000433,23485734,56514699,0,0,0,0,0,0,0,0,0,0,0,0.0,0.0,0,0,0,0,2,insert_only_build,insert_only_build,False,False,True,False,False,False,False,False,,,0,10000000,10000000,10000000,10000000,,insert_only_build_10m,True,,10M
total_ref_5_avl.csv,total_ref_5_avl,78,current,,avlhashtree,insert_only_build_25m,0,25000000,25000000,180767111953,7230,0-10%=4.657µs(n=2500000)|10-20%=6.06µs(n=2500000)|20-30%=6.586µs(n=2500000)|30-40%=6.963µs(n=2500000)|40-50%=7.39µs(n=2500000)|50-60%=7.765µs(n=2500000)|60-70%=7.869µs(n=2500000)|70-80%=8.061µs(n=2500000)|80-90%=8.25µs(n=2500000)|90-100%=8.7µs(n=2500000),5844.68,7254.24,129791030,200000999,70210587,129790412,0,0,0,0,0,0,0,0,0,0,0,0.0,0.0,0,0,0,0,2,insert_only_build,insert_only_build,False,False,True,False,False,False,False,False,,,0,25000000,25000000,25000000,25000000,,insert_only_build_25m,True,,25M
total_ref_5_avl.csv,total_ref_5_avl,79,current,,avlhashtree,prehashed_ordered_insert_only_10k,0,10000,10000,19721657,1972,0-10%=1.8µs(n=1000)|10-20%=1.709µs(n=1000)|20-30%=1.849µs(n=1000)|30-40%=1.817µs(n=1000)|40-50%=1.962µs(n=1000)|50-60%=2.611µs(n=1000)|60-70%=1.996µs(n=1000)|70-80%=1.908µs(n=1000)|80-90%=2.035µs(n=1000)|90-100%=2.029µs(n=1000),1.96,2.91,62817,80042,27869,52173,0,0,0,0,0,0,0,0,0,0,0,0.0,0.0,0,0,0,0,2,insert_only_build,prehashed_ordered_insert_only,True,True,True,False,False,False,False,False,,,0,10000,10000,10000,10000,,prehashed_ordered_insert_only_10k,True,,10K
total_ref_5_avl.csv,total_ref_5_avl,80,current,,avlhashtree,prehashed_ordered_insert_only_50k,0,50000,50000,110212103,2204,0-10%=1.78µs(n=5000)|10-20%=2.088µs(n=5000)|20-30%=2.251µs(n=5000)|30-40%=2.128µs(n=5000)|40-50%=2.364µs(n=5000)|50-60%=2.175µs(n=5000)|60-70%=2.212µs(n=5000)|70-80%=2.267µs(n=5000)|80-90%=2.502µs(n=5000)|90-100%=2.27µs(n=5000),11.85,14.52,266962,400046,133670,266376,0,0,0,0,0,0,0,0,0,0,0,0.0,0.0,0,0,0,0,2,insert_only_build,prehashed_ordered_insert_only,True,True,True,False,False,False,False,False,,,0,50000,50000,50000,50000,,prehashed_ordered_insert_only_50k,True,,50K
total_ref_5_avl.csv,total_ref_5_avl,81,current,,avlhashtree,prehashed_ordered_insert_only_100k,0,100000,100000,228699738,2286,0-10%=2.012µs(n=10000)|10-20%=2.085µs(n=10000)|20-30%=2.271µs(n=10000)|30-40%=2.242µs(n=10000)|40-50%=2.385µs(n=10000)|50-60%=2.273µs(n=10000)|60-70%=2.316µs(n=10000)|70-80%=2.382µs(n=10000)|80-90%=2.52µs(n=10000)|90-100%=2.379µs(n=10000),17.71,29.03,537820,800090,362827,437263,0,0,0,0,0,0,0,0,0,0,0,0.0,0.0,0,0,0,0,2,insert_only_build,prehashed_ordered_insert_only,True,True,True,False,False,False,False,False,,,0,100000,100000,100000,100000,,prehashed_ordered_insert_only_100k,True,,100K
total_ref_5_avl.csv,total_ref_5_avl,82,current,,avlhashtree,prehashed_ordered_insert_only_200k,0,200000,200000,480853463,2404,0-10%=2.06µs(n=20000)|10-20%=2.241µs(n=20000)|20-30%=2.364µs(n=20000)|30-40%=2.325µs(n=20000)|40-50%=2.438µs(n=20000)|50-60%=2.406µs(n=20000)|60-70%=2.492µs(n=20000)|70-80%=2.54µs(n=20000)|80-90%=2.632µs(n=20000)|90-100%=2.54µs(n=20000),35.42,58.03,1075408,1600098,725250,874848,0,0,0,0,0,0,0,0,0,0,0,0.0,0.0,0,0,0,0,2,insert_only_build,prehashed_ordered_insert_only,True,True,True,False,False,False,False,False,,,0,200000,200000,200000,200000,,prehashed_ordered_insert_only_200k,True,,200K
total_ref_5_avl.csv,total_ref_5_avl,83,current,,avlhashtree,prehashed_ordered_insert_only_300k,0,300000,300000,739441407,2464,0-10%=2.1µs(n=30000)|10-20%=2.32µs(n=30000)|20-30%=2.451µs(n=30000)|30-40%=2.379µs(n=30000)|40-50%=2.495µs(n=30000)|50-60%=2.509µs(n=30000)|60-70%=2.546µs(n=30000)|70-80%=2.551µs(n=30000)|80-90%=2.636µs(n=30000)|90-100%=2.654µs(n=30000),53.53,87.02,1629341,2400093,1071307,1328786,0,0,0,0,0,0,0,0,0,0,0,0.0,0.0,0,0,0,0,2,insert_only_build,prehashed_ordered_insert_only,True,True,True,False,False,False,False,False,,,0,300000,300000,300000,300000,,prehashed_ordered_insert_only_300k,True,,300K
total_ref_5_avl.csv,total_ref_5_avl,84,current,,avlhashtree,prehashed_ordered_insert_only_500k,0,500000,500000,1283713865,2567,0-10%=2.2µs(n=50000)|10-20%=2.436µs(n=50000)|20-30%=2.412µs(n=50000)|30-40%=2.525µs(n=50000)|40-50%=2.565µs(n=50000)|50-60%=2.647µs(n=50000)|60-70%=2.754µs(n=50000)|70-80%=2.688µs(n=50000)|80-90%=2.736µs(n=50000)|90-100%=2.706µs(n=50000),95.85,145.02,2987399,4000113,1513274,2486839,0,0,0,0,0,0,0,0,0,0,0,0.0,0.0,0,0,0,0,2,insert_only_build,prehashed_ordered_insert_only,True,True,True,False,False,False,False,False,,,0,500000,500000,500000,500000,,prehashed_ordered_insert_only_500k,True,,500K
total_ref_5_avl.csv,total_ref_5_avl,85,current,,avlhashtree,prehashed_ordered_insert_only_700k,0,700000,700000,1836070580,2622,0-10%=2.252µs(n=70000)|10-20%=2.51µs(n=70000)|20-30%=2.539µs(n=70000)|30-40%=2.599µs(n=70000)|40-50%=2.671µs(n=70000)|50-60%=2.656µs(n=70000)|60-70%=2.745µs(n=70000)|70-80%=2.714µs(n=70000)|80-90%=2.772µs(n=70000)|90-100%=2.768µs(n=70000),134.44,203.03,4192134,5600098,2108534,3491564,0,0,0,0,0,0,0,0,0,0,0,0.0,0.0,0,0,0,0,2,insert_only_build,prehashed_ordered_insert_only,True,True,True,False,False,False,False,False,,,0,700000,700000,700000,700000,,prehashed_ordered_insert_only_700k,True,,700K
total_ref_5_avl.csv,total_ref_5_avl,86,current,,avlhashtree,prehashed_ordered_insert_only_900k,0,900000,900000,2423907986,2693,0-10%=2.351µs(n=90000)|10-20%=2.586µs(n=90000)|20-30%=2.521µs(n=90000)|30-40%=2.686µs(n=90000)|40-50%=2.649µs(n=90000)|50-60%=2.758µs(n=90000)|60-70%=2.845µs(n=90000)|70-80%=2.848µs(n=90000)|80-90%=2.842µs(n=90000)|90-100%=2.841µs(n=90000),173.62,261.03,5420996,7200092,2679669,4520423,0,0,0,0,0,0,0,0,0,0,0,0.0,0.0,0,0,0,0,2,insert_only_build,prehashed_ordered_insert_only,True,True,True,False,False,False,False,False,,,0,900000,900000,900000,900000,,prehashed_ordered_insert_only_900k,True,,900K
total_ref_5_avl.csv,total_ref_5_avl,87,current,,avlhashtree,prehashed_ordered_insert_only_1m,0,1000000,1000000,2688130810,2688,0-10%=2.364µs(n=100000)|10-20%=2.575µs(n=100000)|20-30%=2.525µs(n=100000)|30-40%=2.674µs(n=100000)|40-50%=2.645µs(n=100000)|50-60%=2.822µs(n=100000)|60-70%=2.874µs(n=100000)|70-80%=2.837µs(n=100000)|80-90%=2.784µs(n=100000)|90-100%=2.775µs(n=100000),192.5,290.03,6006744,8000105,2993936,5006169,0,0,0,0,0,0,0,0,0,0,0,0.0,0.0,0,0,0,0,2,insert_only_build,prehashed_ordered_insert_only,True,True,True,False,False,False,False,False,,,0,1000000,1000000,1000000,1000000,,prehashed_ordered_insert_only_1m,True,,1M
total_ref_5_avl.csv,total_ref_5_avl,88,current,,avlhashtree,prehashed_ordered_insert_only_2m,0,2000000,2000000,5565438139,2782,0-10%=2.427µs(n=200000)|10-20%=2.65µs(n=200000)|20-30%=2.649µs(n=200000)|30-40%=2.877µs(n=200000)|40-50%=2.805µs(n=200000)|50-60%=2.79µs(n=200000)|60-70%=2.95µs(n=200000)|70-80%=2.891µs(n=200000)|80-90%=2.895µs(n=200000)|90-100%=2.888µs(n=200000),384.47,580.04,11991115,16000121,6009584,9990537,0,0,0,0,0,0,0,0,0,0,0,0.0,0.0,0,0,0,0,2,insert_only_build,prehashed_ordered_insert_only,True,True,True,False,False,False,False,False,,,0,2000000,2000000,2000000,2000000,,prehashed_ordered_insert_only_2m,True,,2M
total_ref_5_avl.csv,total_ref_5_avl,89,current,,avlhashtree,prehashed_ordered_insert_only_5m,0,5000000,5000000,14753585584,2950,0-10%=2.592µs(n=500000)|10-20%=2.817µs(n=500000)|20-30%=2.871µs(n=500000)|30-40%=2.907µs(n=500000)|40-50%=2.956µs(n=500000)|50-60%=3.106µs(n=500000)|60-70%=3.018µs(n=500000)|70-80%=2.991µs(n=500000)|80-90%=3.066µs(n=500000)|90-100%=3.179µs(n=500000),964.05,1450.05,30095910,40000171,14904836,25095335,0,0,0,0,0,0,0,0,0,0,0,0.0,0.0,0,0,0,0,2,insert_only_build,prehashed_ordered_insert_only,True,True,True,False,False,False,False,False,,,0,5000000,5000000,5000000,5000000,,prehashed_ordered_insert_only_5m,True,,5M
total_ref_5_avl.csv,total_ref_5_avl,90,current,,avlhashtree,prehashed_ordered_insert_only_10m,0,10000000,10000000,30477185939,3047,0-10%=2.651µs(n=1000000)|10-20%=2.885µs(n=1000000)|20-30%=2.93µs(n=1000000)|30-40%=3.008µs(n=1000000)|40-50%=3.071µs(n=1000000)|50-60%=3.101µs(n=1000000)|60-70%=3.234µs(n=1000000)|70-80%=3.158µs(n=1000000)|80-90%=3.188µs(n=1000000)|90-100%=3.247µs(n=1000000),1913.91,2900.02,59611842,80000203,30388946,49611257,0,0,0,0,0,0,0,0,0,0,0,0.0,0.0,0,0,0,0,2,insert_only_build,prehashed_ordered_insert_only,True,True,True,False,False,False,False,False,,,0,10000000,10000000,10000000,10000000,,prehashed_ordered_insert_only_10m,True,,10M
total_ref_5_avl.csv,total_ref_5_avl,91,current,,avlhashtree,prehashed_ordered_insert_only_25m,0,25000000,25000000,81326874228,3253,0-10%=2.869µs(n=2500000)|10-20%=3.094µs(n=2500000)|20-30%=3.073µs(n=2500000)|30-40%=3.21µs(n=2500000)|40-50%=3.2µs(n=2500000)|50-60%=3.222µs(n=2500000)|60-70%=3.35µs(n=2500000)|70-80%=3.492µs(n=2500000)|80-90%=3.525µs(n=2500000)|90-100%=3.49µs(n=2500000),4789.81,7249.69,149249475,200000347,75751450,124248897,0,0,0,0,0,0,0,0,0,0,0,0.0,0.0,0,0,0,0,2,insert_only_build,prehashed_ordered_insert_only,True,True,True,False,False,False,False,False,,,0,25000000,25000000,25000000,25000000,,prehashed_ordered_insert_only_25m,True,,25M
total_ref_5_avl.csv,total_ref_5_avl,92,current,,avlhashtree,proof_only_after_10k_build_sample_5pct,10000,10000,0,0,0,,0.0,0.0,0,0,0,0,267200,534,1577,4345,0,0,0,0,0,0,0,0.0,0.0,0,0,0,0,2,proof_only_after_build,proof_only_after_build,False,False,False,True,False,False,False,False,5.0,5.0,10000,0,10000,10000,10000,,proof_only_after_10k_build_sample_5pct,True,,10K
total_ref_5_avl.csv,total_ref_5_avl,93,current,,avlhashtree,proof_only_after_50k_build_sample_5pct,50000,50000,0,0,0,,0.0,0.0,0,0,0,0,1479539,591,1857,4095,0,0,0,0,0,0,0,0.0,0.0,0,0,0,0,2,proof_only_after_build,proof_only_after_build,False,False,False,True,False,False,False,False,5.0,5.0,50000,0,50000,50000,50000,,proof_only_after_50k_build_sample_5pct,True,,50K
total_ref_5_avl.csv,total_ref_5_avl,94,current,,avlhashtree,proof_only_after_100k_build_sample_5pct,100000,100000,0,0,0,,0.0,0.0,0,0,0,0,3424339,684,1974,4590,0,0,0,0,0,0,0,0.0,0.0,0,0,0,0,2,proof_only_after_build,proof_only_after_build,False,False,False,True,False,False,False,False,5.0,5.0,100000,0,100000,100000,100000,,proof_only_after_100k_build_sample_5pct,True,,100K
total_ref_5_avl.csv,total_ref_5_avl,95,current,,avlhashtree,proof_only_after_200k_build_sample_5pct,200000,200000,0,0,0,,0.0,0.0,0,0,0,0,8303680,830,2098,4736,0,0,0,0,0,0,0,0.0,0.0,0,0,0,0,2,proof_only_after_build,proof_only_after_build,False,False,False,True,False,False,False,False,5.0,5.0,200000,0,200000,200000,200000,,proof_only_after_200k_build_sample_5pct,True,,200K
total_ref_5_avl.csv,total_ref_5_avl,96,current,,avlhashtree,proof_only_after_300k_build_sample_5pct,300000,300000,0,0,0,,0.0,0.0,0,0,0,0,15331621,1022,2167,5106,0,0,0,0,0,0,0,0.0,0.0,0,0,0,0,2,proof_only_after_build,proof_only_after_build,False,False,False,True,False,False,False,False,5.0,5.0,300000,0,300000,300000,300000,,proof_only_after_300k_build_sample_5pct,True,,300K
total_ref_5_avl.csv,total_ref_5_avl,97,current,,avlhashtree,proof_only_after_500k_build_sample_5pct,500000,500000,0,0,0,,0.0,0.0,0,0,0,0,30711900,1228,2259,5468,0,0,0,0,0,0,0,0.0,0.0,0,0,0,0,2,proof_only_after_build,proof_only_after_build,False,False,False,True,False,False,False,False,5.0,5.0,500000,0,500000,500000,500000,,proof_only_after_500k_build_sample_5pct,True,,500K
total_ref_5_avl.csv,total_ref_5_avl,98,current,,avlhashtree,proof_only_after_700k_build_sample_5pct,700000,700000,0,0,0,,0.0,0.0,0,0,0,0,51976674,1485,2315,5439,0,0,0,0,0,0,0,0.0,0.0,0,0,0,0,2,proof_only_after_build,proof_only_after_build,False,False,False,True,False,False,False,False,5.0,5.0,700000,0,700000,700000,700000,,proof_only_after_700k_build_sample_5pct,True,,700K
total_ref_5_avl.csv,total_ref_5_avl,99,current,,avlhashtree,proof_only_after_900k_build_sample_5pct,900000,900000,0,0,0,,0.0,0.0,0,0,0,0,73417133,1631,2359,5464,0,0,0,0,0,0,0,0.0,0.0,0,0,0,0,2,proof_only_after_build,proof_only_after_build,False,False,False,True,False,False,False,False,5.0,5.0,900000,0,900000,900000,900000,,proof_only_after_900k_build_sample_5pct,True,,900K
total_ref_5_avl.csv,total_ref_5_avl,100,current,,avlhashtree,proof_only_after_1m_build_sample_5pct,1000000,1000000,0,0,0,,0.0,0.0,0,0,0,0,84217410,1684,2380,5644,0,0,0,0,0,0,0,0.0,0.0,0,0,0,0,2,proof_only_after_build,proof_only_after_build,False,False,False,True,False,False,False,False,5.0,5.0,1000000,0,1000000,1000000,1000000,,proof_only_after_1m_build_sample_5pct,True,,1M
total_ref_5_avl.csv,total_ref_5_avl,101,current,,avlhashtree,proof_only_after_2m_build_sample_3pct,2000000,2000000,0,0,0,,0.0,0.0,0,0,0,0,114569559,1909,2498,6118,0,0,0,0,0,0,0,0.0,0.0,0,0,0,0,2,proof_only_after_build,proof_only_after_build,False,False,False,True,False,False,False,False,3.0,3.0,2000000,0,2000000,2000000,2000000,,proof_only_after_2m_build_sample_3pct,True,,2M
total_ref_5_avl.csv,total_ref_5_avl,102,current,,avlhashtree,proof_only_after_5m_build_sample_3pct,5000000,5000000,0,0,0,,0.0,0.0,0,0,0,0,337739609,2251,2663,6566,0,0,0,0,0,0,0,0.0,0.0,0,0,0,0,2,proof_only_after_build,proof_only_after_build,False,False,False,True,False,False,False,False,3.0,3.0,5000000,0,5000000,5000000,5000000,,proof_only_after_5m_build_sample_3pct,True,,5M
total_ref_5_avl.csv,total_ref_5_avl,103,current,,avlhashtree,proof_only_after_10m_build_sample_2pct,10000000,10000000,0,0,0,,0.0,0.0,0,0,0,0,494118408,2470,2781,6443,0,0,0,0,0,0,0,0.0,0.0,0,0,0,0,2,proof_only_after_build,proof_only_after_build,False,False,False,True,False,False,False,False,2.0,2.0,10000000,0,10000000,10000000,10000000,,proof_only_after_10m_build_sample_2pct,True,,10M
total_ref_5_avl.csv,total_ref_5_avl,104,current,,avlhashtree,proof_only_after_25m_build_sample_2pct,25000000,25000000,0,0,0,,0.0,0.0,0,0,0,0,1762949388,3525,2944,9166,0,0,0,0,0,0,0,0.0,0.0,0,0,0,0,2,proof_only_after_build,proof_only_after_build,False,False,False,True,False,False,False,False,2.0,2.0,25000000,0,25000000,25000000,25000000,,proof_only_after_25m_build_sample_2pct,True,,25M
total_ref_5_avl.csv,total_ref_5_avl,105,current,,avlhashtree,build_10k_then_add_2k_new,10000,12000,2000,4339110,2169,0-10%=2.205µs(n=200)|10-20%=2.086µs(n=200)|20-30%=2.055µs(n=200)|30-40%=2.066µs(n=200)|40-50%=2.149µs(n=200)|50-60%=2.145µs(n=200)|60-70%=2.09µs(n=200)|70-80%=2.32µs(n=200)|80-90%=2.382µs(n=200)|90-100%=2.189µs(n=200),0.59,0.59,65742,16041,1001,15040,0,0,0,0,0,0,0,0,0,0,0,0.0,0.0,0,0,0,0,2,build_then_add_new,build_then_add_new,False,False,False,False,False,True,True,False,,,10000,2000,12000,10000,10000,2000,build_10k_then_add_2k_new,True,,10K
total_ref_5_avl.csv,total_ref_5_avl,106,current,,avlhashtree,build_50k_then_add_10k_new,50000,60000,10000,25880151,2588,0-10%=2.607µs(n=1000)|10-20%=2.647µs(n=1000)|20-30%=2.464µs(n=1000)|30-40%=2.678µs(n=1000)|40-50%=2.659µs(n=1000)|50-60%=2.515µs(n=1000)|60-70%=2.619µs(n=1000)|70-80%=2.513µs(n=1000)|80-90%=2.547µs(n=1000)|90-100%=2.624µs(n=1000),2.91,2.91,325755,80039,5001,75038,0,0,0,0,0,0,0,0,0,0,0,0.0,0.0,0,0,0,0,2,build_then_add_new,build_then_add_new,False,False,False,False,False,True,True,False,,,50000,10000,60000,50000,50000,10000,build_50k_then_add_10k_new,True,,50K
total_ref_5_avl.csv,total_ref_5_avl,107,current,,avlhashtree,build_100k_then_add_20k_new,100000,120000,20000,57074435,2853,0-10%=3.015µs(n=2000)|10-20%=2.88µs(n=2000)|20-30%=2.907µs(n=2000)|30-40%=2.848µs(n=2000)|40-50%=2.787µs(n=2000)|50-60%=2.785µs(n=2000)|60-70%=2.838µs(n=2000)|70-80%=2.822µs(n=2000)|80-90%=2.809µs(n=2000)|90-100%=2.842µs(n=2000),5.81,5.81,650752,160039,10001,150038,0,0,0,0,0,0,0,0,0,0,0,0.0,0.0,0,0,0,0,2,build_then_add_new,build_then_add_new,False,False,False,False,False,True,True,False,,,100000,20000,120000,100000,100000,20000,build_100k_then_add_20k_new,True,,100K
total_ref_5_avl.csv,total_ref_5_avl,108,current,,avlhashtree,build_200k_then_add_40k_new,200000,240000,40000,128538255,3213,0-10%=3.292µs(n=4000)|10-20%=3.167µs(n=4000)|20-30%=3.112µs(n=4000)|30-40%=3.138µs(n=4000)|40-50%=3.161µs(n=4000)|50-60%=3.203µs(n=4000)|60-70%=3.244µs(n=4000)|70-80%=3.313µs(n=4000)|80-90%=3.249µs(n=4000)|90-100%=3.251µs(n=4000),11.63,11.63,1300766,320038,20001,300037,0,0,0,0,0,0,0,0,0,0,0,0.0,0.0,0,0,0,0,2,build_then_add_new,build_then_add_new,False,False,False,False,False,True,True,False,,,200000,40000,240000,200000,200000,40000,build_200k_then_add_40k_new,True,,200K
total_ref_5_avl.csv,total_ref_5_avl,109,current,,avlhashtree,build_300k_then_add_60k_new,300000,360000,60000,224079960,3734,0-10%=3.744µs(n=6000)|10-20%=3.582µs(n=6000)|20-30%=3.626µs(n=6000)|30-40%=3.512µs(n=6000)|40-50%=4.011µs(n=6000)|50-60%=4.288µs(n=6000)|60-70%=3.683µs(n=6000)|70-80%=3.664µs(n=6000)|80-90%=3.626µs(n=6000)|90-100%=3.606µs(n=6000),17.42,17.42,1950775,480048,30001,450047,0,0,0,0,0,0,0,0,0,0,0,0.0,0.0,0,0,0,0,2,build_then_add_new,build_then_add_new,False,False,False,False,False,True,True,False,,,300000,60000,360000,300000,300000,60000,build_300k_then_add_60k_new,True,,300K
total_ref_5_avl.csv,total_ref_5_avl,110,current,,avlhashtree,build_500k_then_add_100k_new,500000,600000,100000,413357805,4133,0-10%=4.588µs(n=10000)|10-20%=4.233µs(n=10000)|20-30%=4.092µs(n=10000)|30-40%=4.024µs(n=10000)|40-50%=4.017µs(n=10000)|50-60%=4.007µs(n=10000)|60-70%=4.007µs(n=10000)|70-80%=4.017µs(n=10000)|80-90%=4.147µs(n=10000)|90-100%=4.198µs(n=10000),29.03,29.03,3250782,800053,50001,750052,0,0,0,0,0,0,0,0,0,0,0,0.0,0.0,0,0,0,0,2,build_then_add_new,build_then_add_new,False,False,False,False,False,True,True,False,,,500000,100000,600000,500000,500000,100000,build_500k_then_add_100k_new,True,,500K
total_ref_5_avl.csv,total_ref_5_avl,111,current,,avlhashtree,build_700k_then_add_140k_new,700000,840000,140000,690409963,4931,0-10%=5.458µs(n=14000)|10-20%=4.9µs(n=14000)|20-30%=4.846µs(n=14000)|30-40%=4.948µs(n=14000)|40-50%=5.208µs(n=14000)|50-60%=4.929µs(n=14000)|60-70%=4.746µs(n=14000)|70-80%=4.864µs(n=14000)|80-90%=4.887µs(n=14000)|90-100%=4.524µs(n=14000),40.63,40.63,4550787,1120055,70001,1050054,0,0,0,0,0,0,0,0,0,0,0,0.0,0.0,0,0,0,0,2,build_then_add_new,build_then_add_new,False,False,False,False,False,True,True,False,,,700000,140000,840000,700000,700000,140000,build_700k_then_add_140k_new,True,,700K
total_ref_5_avl.csv,total_ref_5_avl,112,current,,avlhashtree,build_900k_then_add_180k_new,900000,1080000,180000,884515736,4913,0-10%=5.411µs(n=18000)|10-20%=4.935µs(n=18000)|20-30%=5.25µs(n=18000)|30-40%=4.739µs(n=18000)|40-50%=4.575µs(n=18000)|50-60%=4.562µs(n=18000)|60-70%=4.674µs(n=18000)|70-80%=4.597µs(n=18000)|80-90%=4.87µs(n=18000)|90-100%=5.522µs(n=18000),52.23,52.23,5850798,1440054,90001,1350053,0,0,0,0,0,0,0,0,0,0,0,0.0,0.0,0,0,0,0,2,build_then_add_new,build_then_add_new,False,False,False,False,False,True,True,False,,,900000,180000,1080000,900000,900000,180000,build_900k_then_add_180k_new,True,,900K
total_ref_5_avl.csv,total_ref_5_avl,113,current,,avlhashtree,build_1m_then_add_200k_new,1000000,1200000,200000,1029655596,5148,0-10%=5.728µs(n=20000)|10-20%=5.165µs(n=20000)|20-30%=5.321µs(n=20000)|30-40%=5.191µs(n=20000)|40-50%=5.011µs(n=20000)|50-60%=4.952µs(n=20000)|60-70%=4.988µs(n=20000)|70-80%=5.022µs(n=20000)|80-90%=5.069µs(n=20000)|90-100%=5.031µs(n=20000),58.03,58.03,6500802,1600054,100001,1500053,0,0,0,0,0,0,0,0,0,0,0,0.0,0.0,0,0,0,0,2,build_then_add_new,build_then_add_new,False,False,False,False,False,True,True,False,,,1000000,200000,1200000,1000000,1000000,200000,build_1m_then_add_200k_new,True,,1M
total_ref_5_avl.csv,total_ref_5_avl,114,current,,avlhashtree,build_2m_then_add_400k_new,2000000,2400000,400000,2368591248,5921,0-10%=6.18µs(n=40000)|10-20%=5.568µs(n=40000)|20-30%=5.523µs(n=40000)|30-40%=5.621µs(n=40000)|40-50%=6.103µs(n=40000)|50-60%=6.149µs(n=40000)|60-70%=6.036µs(n=40000)|70-80%=6.087µs(n=40000)|80-90%=6.011µs(n=40000)|90-100%=5.931µs(n=40000),116.07,116.07,13000821,3200067,200001,3000066,0,0,0,0,0,0,0,0,0,0,0,0.0,0.0,0,0,0,0,2,build_then_add_new,build_then_add_new,False,False,False,False,False,True,True,False,,,2000000,400000,2400000,2000000,2000000,400000,build_2m_then_add_400k_new,True,,2M
total_ref_5_avl.csv,total_ref_5_avl,115,current,,avlhashtree,build_5m_then_add_1m_new,5000000,6000000,1000000,6595801954,6595,0-10%=6.912µs(n=100000)|10-20%=6.622µs(n=100000)|20-30%=6.624µs(n=100000)|30-40%=6.39µs(n=100000)|40-50%=6.545µs(n=100000)|50-60%=6.593µs(n=100000)|60-70%=6.516µs(n=100000)|70-80%=6.58µs(n=100000)|80-90%=6.588µs(n=100000)|90-100%=6.583µs(n=100000),290.16,290.16,32500851,8000085,500000,7500085,0,0,0,0,0,0,0,0,0,0,0,0.0,0.0,0,0,0,0,2,build_then_add_new,build_then_add_new,False,False,False,False,False,True,True,False,,,5000000,1000000,6000000,5000000,5000000,1000000,build_5m_then_add_1m_new,True,,5M
total_ref_5_avl.csv,total_ref_5_avl,116,current,,avlhashtree,build_10m_then_add_2m_new,10000000,12000000,2000000,14841951915,7420,0-10%=7.638µs(n=200000)|10-20%=7.283µs(n=200000)|20-30%=7.4µs(n=200000)|30-40%=7.423µs(n=200000)|40-50%=7.279µs(n=200000)|50-60%=7.273µs(n=200000)|60-70%=7.29µs(n=200000)|70-80%=7.861µs(n=200000)|80-90%=7.333µs(n=200000)|90-100%=7.425µs(n=200000),580.36,580.36,65000891,16000119,1000000,15000119,0,0,0,0,0,0,0,0,0,0,0,0.0,0.0,0,0,0,0,2,build_then_add_new,build_then_add_new,False,False,False,False,False,True,True,False,,,10000000,2000000,12000000,10000000,10000000,2000000,build_10m_then_add_2m_new,True,,10M
total_ref_5_avl.csv,total_ref_5_avl,117,current,,avlhashtree,build_25m_then_add_5m_new,25000000,30000000,5000000,43836163512,8767,0-10%=9.017µs(n=500000)|10-20%=8.814µs(n=500000)|20-30%=8.766µs(n=500000)|30-40%=8.529µs(n=500000)|40-50%=8.523µs(n=500000)|50-60%=8.539µs(n=500000)|60-70%=8.6µs(n=500000)|70-80%=8.831µs(n=500000)|80-90%=8.874µs(n=500000)|90-100%=9.175µs(n=500000),1451.18,1451.18,162501027,40000255,2500001,37500254,0,0,0,0,0,0,0,0,0,0,0,0.0,0.0,0,0,0,0,2,build_then_add_new,build_then_add_new,False,False,False,False,False,True,True,False,,,25000000,5000000,30000000,25000000,25000000,5000000,build_25m_then_add_5m_new,True,,25M
total_ref_5_avl.csv,total_ref_5_avl,118,current,,avlhashtree,build_10k_then_reinsert_2k_existing,10000,10000,2000,3279208,1639,0-10%=1.359µs(n=200)|10-20%=1.482µs(n=200)|20-30%=1.503µs(n=200)|30-40%=1.525µs(n=200)|40-50%=1.53µs(n=200)|50-60%=1.696µs(n=200)|60-70%=1.736µs(n=200)|70-80%=1.819µs(n=200)|80-90%=1.982µs(n=200)|90-100%=1.756µs(n=200),0.29,0.29,61808,12041,1001,11040,0,0,0,0,0,0,0,0,0,0,0,0.0,0.0,0,0,0,0,2,build_then_reinsert_existing,build_then_reinsert_existing,False,False,False,False,False,False,False,True,,,10000,2000,10000,10000,10000,2000,build_10k_then_reinsert_2k_existing,True,,10K
total_ref_5_avl.csv,total_ref_5_avl,119,current,,avlhashtree,build_50k_then_reinsert_10k_existing,50000,50000,10000,19693574,1969,0-10%=1.782µs(n=1000)|10-20%=1.861µs(n=1000)|20-30%=1.936µs(n=1000)|30-40%=1.983µs(n=1000)|40-50%=1.964µs(n=1000)|50-60%=2.02µs(n=1000)|60-70%=2.111µs(n=1000)|70-80%=1.993µs(n=1000)|80-90%=2.019µs(n=1000)|90-100%=2.02µs(n=1000),1.39,1.39,305813,60039,5001,55038,0,0,0,0,0,0,0,0,0,0,0,0.0,0.0,0,0,0,0,2,build_then_reinsert_existing,build_then_reinsert_existing,False,False,False,False,False,False,False,True,,,50000,10000,50000,50000,50000,10000,build_50k_then_reinsert_10k_existing,True,,50K
total_ref_5_avl.csv,total_ref_5_avl,120,current,,avlhashtree,build_100k_then_reinsert_20k_existing,100000,100000,20000,44807682,2240,0-10%=2.04µs(n=2000)|10-20%=2.111µs(n=2000)|20-30%=2.192µs(n=2000)|30-40%=2.218µs(n=2000)|40-50%=2.326µs(n=2000)|50-60%=2.256µs(n=2000)|60-70%=2.269µs(n=2000)|70-80%=2.327µs(n=2000)|80-90%=2.317µs(n=2000)|90-100%=2.343µs(n=2000),2.76,2.76,610823,120041,10001,110040,0,0,0,0,0,0,0,0,0,0,0,0.0,0.0,0,0,0,0,2,build_then_reinsert_existing,build_then_reinsert_existing,False,False,False,False,False,False,False,True,,,100000,20000,100000,100000,100000,20000,build_100k_then_reinsert_20k_existing,True,,100K
total_ref_5_avl.csv,total_ref_5_avl,121,current,,avlhashtree,build_200k_then_reinsert_40k_existing,200000,200000,40000,100027524,2500,0-10%=2.232µs(n=4000)|10-20%=2.386µs(n=4000)|20-30%=2.401µs(n=4000)|30-40%=2.492µs(n=4000)|40-50%=2.535µs(n=4000)|50-60%=2.541µs(n=4000)|60-70%=2.576µs(n=4000)|70-80%=2.584µs(n=4000)|80-90%=2.601µs(n=4000)|90-100%=2.653µs(n=4000),5.51,5.51,1220824,240039,20001,220038,0,0,0,0,0,0,0,0,0,0,0,0.0,0.0,0,0,0,0,2,build_then_reinsert_existing,build_then_reinsert_existing,False,False,False,False,False,False,False,True,,,200000,40000,200000,200000,200000,40000,build_200k_then_reinsert_40k_existing,True,,200K
total_ref_5_avl.csv,total_ref_5_avl,122,current,,avlhashtree,build_300k_then_reinsert_60k_existing,300000,300000,60000,174346632,2905,0-10%=2.383µs(n=6000)|10-20%=2.657µs(n=6000)|20-30%=2.749µs(n=6000)|30-40%=3.218µs(n=6000)|40-50%=3.357µs(n=6000)|50-60%=2.893µs(n=6000)|60-70%=2.932µs(n=6000)|70-80%=2.932µs(n=6000)|80-90%=2.951µs(n=6000)|90-100%=2.98µs(n=6000),8.27,8.27,1830836,360048,30001,330047,0,0,0,0,0,0,0,0,0,0,0,0.0,0.0,0,0,0,0,2,build_then_reinsert_existing,build_then_reinsert_existing,False,False,False,False,False,False,False,True,,,300000,60000,300000,300000,300000,60000,build_300k_then_reinsert_60k_existing,True,,300K
total_ref_5_avl.csv,total_ref_5_avl,123,current,,avlhashtree,build_500k_then_reinsert_100k_existing,500000,500000,100000,318350890,3183,0-10%=2.95µs(n=10000)|10-20%=3.104µs(n=10000)|20-30%=3.092µs(n=10000)|30-40%=3.151µs(n=10000)|40-50%=3.188µs(n=10000)|50-60%=3.237µs(n=10000)|60-70%=3.254µs(n=10000)|70-80%=3.272µs(n=10000)|80-90%=3.286µs(n=10000)|90-100%=3.296µs(n=10000),13.76,13.76,3050844,600050,50001,550049,0,0,0,0,0,0,0,0,0,0,0,0.0,0.0,0,0,0,0,2,build_then_reinsert_existing,build_then_reinsert_existing,False,False,False,False,False,False,False,True,,,500000,100000,500000,500000,500000,100000,build_500k_then_reinsert_100k_existing,True,,500K
total_ref_5_avl.csv,total_ref_5_avl,124,current,,avlhashtree,build_700k_then_reinsert_140k_existing,700000,700000,140000,470676691,3361,0-10%=3.018µs(n=14000)|10-20%=3.146µs(n=14000)|20-30%=3.256µs(n=14000)|30-40%=3.332µs(n=14000)|40-50%=3.423µs(n=14000)|50-60%=3.454µs(n=14000)|60-70%=3.441µs(n=14000)|70-80%=3.468µs(n=14000)|80-90%=3.503µs(n=14000)|90-100%=3.575µs(n=14000),19.26,19.26,4270850,840050,70001,770049,0,0,0,0,0,0,0,0,0,0,0,0.0,0.0,0,0,0,0,2,build_then_reinsert_existing,build_then_reinsert_existing,False,False,False,False,False,False,False,True,,,700000,140000,700000,700000,700000,140000,build_700k_then_reinsert_140k_existing,True,,700K
total_ref_5_avl.csv,total_ref_5_avl,125,current,,avlhashtree,build_900k_then_reinsert_180k_existing,900000,900000,180000,643233828,3573,0-10%=3.323µs(n=18000)|10-20%=3.43µs(n=18000)|20-30%=3.484µs(n=18000)|30-40%=3.55µs(n=18000)|40-50%=3.506µs(n=18000)|50-60%=3.639µs(n=18000)|60-70%=3.663µs(n=18000)|70-80%=3.69µs(n=18000)|80-90%=3.717µs(n=18000)|90-100%=3.728µs(n=18000),24.76,24.76,5490863,1080047,90001,990046,0,0,0,0,0,0,0,0,0,0,0,0.0,0.0,0,0,0,0,2,build_then_reinsert_existing,build_then_reinsert_existing,False,False,False,False,False,False,False,True,,,900000,180000,900000,900000,900000,180000,build_900k_then_reinsert_180k_existing,True,,900K
total_ref_5_avl.csv,total_ref_5_avl,126,current,,avlhashtree,build_1m_then_reinsert_200k_existing,1000000,1000000,200000,757371164,3786,0-10%=3.451µs(n=20000)|10-20%=3.656µs(n=20000)|20-30%=3.774µs(n=20000)|30-40%=3.809µs(n=20000)|40-50%=3.881µs(n=20000)|50-60%=3.828µs(n=20000)|60-70%=3.917µs(n=20000)|70-80%=3.845µs(n=20000)|80-90%=3.843µs(n=20000)|90-100%=3.858µs(n=20000),27.51,27.51,6100873,1200057,100000,1100057,0,0,0,0,0,0,0,0,0,0,0,0.0,0.0,0,0,0,0,2,build_then_reinsert_existing,build_then_reinsert_existing,False,False,False,False,False,False,False,True,,,1000000,200000,1000000,1000000,1000000,200000,build_1m_then_reinsert_200k_existing,True,,1M
total_ref_5_avl.csv,total_ref_5_avl,127,current,,avlhashtree,build_2m_then_reinsert_400k_existing,2000000,2000000,400000,1706757403,4266,0-10%=3.725µs(n=40000)|10-20%=3.871µs(n=40000)|20-30%=4.053µs(n=40000)|30-40%=4.165µs(n=40000)|40-50%=4.213µs(n=40000)|50-60%=4.467µs(n=40000)|60-70%=4.434µs(n=40000)|70-80%=4.472µs(n=40000)|80-90%=4.623µs(n=40000)|90-100%=4.642µs(n=40000),55.01,55.01,12200888,2400059,200001,2200058,0,0,0,0,0,0,0,0,0,0,0,0.0,0.0,0,0,0,0,2,build_then_reinsert_existing,build_then_reinsert_existing,False,False,False,False,False,False,False,True,,,2000000,400000,2000000,2000000,2000000,400000,build_2m_then_reinsert_400k_existing,True,,2M
total_ref_5_avl.csv,total_ref_5_avl,128,current,,avlhashtree,build_5m_then_reinsert_1m_existing,5000000,5000000,1000000,5246537034,5246,0-10%=4.349µs(n=100000)|10-20%=4.822µs(n=100000)|20-30%=4.988µs(n=100000)|30-40%=5.245µs(n=100000)|40-50%=5.296µs(n=100000)|50-60%=5.484µs(n=100000)|60-70%=5.412µs(n=100000)|70-80%=5.515µs(n=100000)|80-90%=5.54µs(n=100000)|90-100%=5.81µs(n=100000),137.53,137.53,30500912,6000076,500000,5500076,0,0,0,0,0,0,0,0,0,0,0,0.0,0.0,0,0,0,0,2,build_then_reinsert_existing,build_then_reinsert_existing,False,False,False,False,False,False,False,True,,,5000000,1000000,5000000,5000000,5000000,1000000,build_5m_then_reinsert_1m_existing,True,,5M
total_ref_5_avl.csv,total_ref_5_avl,129,current,,avlhashtree,build_10m_then_reinsert_2m_existing,10000000,10000000,2000000,11860754887,5930,0-10%=4.883µs(n=200000)|10-20%=5.465µs(n=200000)|20-30%=5.667µs(n=200000)|30-40%=5.879µs(n=200000)|40-50%=5.962µs(n=200000)|50-60%=6.058µs(n=200000)|60-70%=6.29µs(n=200000)|70-80%=6.408µs(n=200000)|80-90%=6.312µs(n=200000)|90-100%=6.374µs(n=200000),275.07,275.07,61000945,12000103,1000001,11000102,0,0,0,0,0,0,0,0,0,0,0,0.0,0.0,0,0,0,0,2,build_then_reinsert_existing,build_then_reinsert_existing,False,False,False,False,False,False,False,True,,,10000000,2000000,10000000,10000000,10000000,2000000,build_10m_then_reinsert_2m_existing,True,,10M
total_ref_5_avl.csv,total_ref_5_avl,130,current,,avlhashtree,build_25m_then_reinsert_5m_existing,25000000,25000000,5000000,35441525045,7088,0-10%=5.755µs(n=500000)|10-20%=6.668µs(n=500000)|20-30%=6.766µs(n=500000)|30-40%=6.962µs(n=500000)|40-50%=7.271µs(n=500000)|50-60%=7.344µs(n=500000)|60-70%=7.325µs(n=500000)|70-80%=7.42µs(n=500000)|80-90%=7.71µs(n=500000)|90-100%=7.657µs(n=500000),687.84,687.84,152501056,30000198,2500000,27500198,0,0,0,0,0,0,0,0,0,0,0,0.0,0.0,0,0,0,0,2,build_then_reinsert_existing,build_then_reinsert_existing,False,False,False,False,False,False,False,True,,,25000000,5000000,25000000,25000000,25000000,5000000,build_25m_then_reinsert_5m_existing,True,,25M
total_ref_5_avl.csv,total_ref_5_avl,131,current,,avlhashtree,insert_only_build_10k,0,10000,10000,22750060,2275,0-10%=1.77µs(n=1000)|10-20%=1.948µs(n=1000)|20-30%=2.086µs(n=1000)|30-40%=2.155µs(n=1000)|40-50%=2.285µs(n=1000)|50-60%=2.289µs(n=1000)|60-70%=2.309µs(n=1000)|70-80%=3.17µs(n=1000)|80-90%=2.309µs(n=1000)|90-100%=2.423µs(n=1000),2.44,2.92,56374,80061,24171,55890,0,0,0,0,0,0,0,0,0,0,0,0.0,0.0,0,0,0,0,3,insert_only_build,insert_only_build,False,False,True,False,False,False,False,False,,,0,10000,10000,10000,10000,,insert_only_build_10k,True,,10K
total_ref_5_avl.csv,total_ref_5_avl,132,current,,avlhashtree,insert_only_build_50k,0,50000,50000,127032004,2540,0-10%=2.044µs(n=5000)|10-20%=2.547µs(n=5000)|20-30%=2.559µs(n=5000)|30-40%=2.775µs(n=5000)|40-50%=2.573µs(n=5000)|50-60%=2.645µs(n=5000)|60-70%=2.643µs(n=5000)|70-80%=2.658µs(n=5000)|80-90%=2.454µs(n=5000)|90-100%=2.504µs(n=5000),12.23,14.56,281133,400096,119458,280638,0,0,0,0,0,0,0,0,0,0,0,0.0,0.0,0,0,0,0,3,insert_only_build,insert_only_build,False,False,True,False,False,False,False,False,,,0,50000,50000,50000,50000,,insert_only_build_50k,True,,50K
total_ref_5_avl.csv,total_ref_5_avl,133,current,,avlhashtree,insert_only_build_100k,0,100000,100000,254162890,2541,0-10%=2.058µs(n=10000)|10-20%=2.4µs(n=10000)|20-30%=2.401µs(n=10000)|30-40%=2.594µs(n=10000)|40-50%=2.477µs(n=10000)|50-60%=2.57µs(n=10000)|60-70%=2.639µs(n=10000)|70-80%=2.817µs(n=10000)|80-90%=2.704µs(n=10000)|90-100%=2.751µs(n=10000),24.67,29.05,572204,800099,228423,571676,0,0,0,0,0,0,0,0,0,0,0,0.0,0.0,0,0,0,0,3,insert_only_build,insert_only_build,False,False,True,False,False,False,False,False,,,0,100000,100000,100000,100000,,insert_only_build_100k,True,,100K
total_ref_5_avl.csv,total_ref_5_avl,134,current,,avlhashtree,insert_only_build_200k,0,200000,200000,545925049,2729,0-10%=2.204µs(n=20000)|10-20%=2.436µs(n=20000)|20-30%=2.516µs(n=20000)|30-40%=2.676µs(n=20000)|40-50%=2.699µs(n=20000)|50-60%=2.786µs(n=20000)|60-70%=2.963µs(n=20000)|70-80%=2.917µs(n=20000)|80-90%=3.012µs(n=20000)|90-100%=3.083µs(n=20000),49.99,58.03,1172399,1600088,428243,1171845,0,0,0,0,0,0,0,0,0,0,0,0.0,0.0,0,0,0,0,3,insert_only_build,insert_only_build,False,False,True,False,False,False,False,False,,,0,200000,200000,200000,200000,,insert_only_build_200k,True,,200K
total_ref_5_avl.csv,total_ref_5_avl,135,current,,avlhashtree,insert_only_build_300k,0,300000,300000,883888318,2946,0-10%=2.243µs(n=30000)|10-20%=2.536µs(n=30000)|20-30%=2.75µs(n=30000)|30-40%=2.867µs(n=30000)|40-50%=3.031µs(n=30000)|50-60%=2.957µs(n=30000)|60-70%=3.017µs(n=30000)|70-80%=3.551µs(n=30000)|80-90%=3.252µs(n=30000)|90-100%=3.255µs(n=30000),72.77,87.04,1667459,2400097,733197,1666900,0,0,0,0,0,0,0,0,0,0,0,0.0,0.0,0,0,0,0,3,insert_only_build,insert_only_build,False,False,True,False,False,False,False,False,,,0,300000,300000,300000,300000,,insert_only_build_300k,True,,300K
total_ref_5_avl.csv,total_ref_5_avl,136,current,,avlhashtree,insert_only_build_500k,0,500000,500000,1622509815,3245,0-10%=2.338µs(n=50000)|10-20%=2.66µs(n=50000)|20-30%=2.856µs(n=50000)|30-40%=3.013µs(n=50000)|40-50%=3.219µs(n=50000)|50-60%=3.216µs(n=50000)|60-70%=3.33µs(n=50000)|70-80%=3.461µs(n=50000)|80-90%=3.814µs(n=50000)|90-100%=4.538µs(n=50000),119.61,145.05,2710116,4000103,1290556,2709547,0,0,0,0,0,0,0,0,0,0,0,0.0,0.0,0,0,0,0,3,insert_only_build,insert_only_build,False,False,True,False,False,False,False,False,,,0,500000,500000,500000,500000,,insert_only_build_500k,True,,500K
total_ref_5_avl.csv,total_ref_5_avl,137,current,,avlhashtree,insert_only_build_700k,0,700000,700000,2491847244,3559,0-10%=2.425µs(n=70000)|10-20%=2.834µs(n=70000)|20-30%=3.017µs(n=70000)|30-40%=3.291µs(n=70000)|40-50%=3.331µs(n=70000)|50-60%=3.573µs(n=70000)|60-70%=3.705µs(n=70000)|70-80%=4.097µs(n=70000)|80-90%=4.68µs(n=70000)|90-100%=4.639µs(n=70000),177.7,203.06,4213416,5600117,1387277,4212840,0,0,0,0,0,0,0,0,0,0,0,0.0,0.0,0,0,0,0,3,insert_only_build,insert_only_build,False,False,True,False,False,False,False,False,,,0,700000,700000,700000,700000,,insert_only_build_700k,True,,700K
total_ref_5_avl.csv,total_ref_5_avl,138,current,,avlhashtree,insert_only_build_900k,0,900000,900000,3333539858,3703,0-10%=2.57µs(n=90000)|10-20%=3.067µs(n=90000)|20-30%=3.223µs(n=90000)|30-40%=3.527µs(n=90000)|40-50%=3.71µs(n=90000)|50-60%=3.785µs(n=90000)|60-70%=4.008µs(n=90000)|70-80%=4.05µs(n=90000)|80-90%=4.44µs(n=90000)|90-100%=4.654µs(n=90000),217.0,261.07,4947624,7200142,2253098,4947044,0,0,0,0,0,0,0,0,0,0,0,0.0,0.0,0,0,0,0,3,insert_only_build,insert_only_build,False,False,True,False,False,False,False,False,,,0,900000,900000,900000,900000,,insert_only_build_900k,True,,900K
total_ref_5_avl.csv,total_ref_5_avl,139,current,,avlhashtree,insert_only_build_1m,0,1000000,1000000,3820722699,3820,0-10%=2.53µs(n=100000)|10-20%=3.039µs(n=100000)|20-30%=3.344µs(n=100000)|30-40%=3.427µs(n=100000)|40-50%=3.985µs(n=100000)|50-60%=3.952µs(n=100000)|60-70%=4.121µs(n=100000)|70-80%=4.583µs(n=100000)|80-90%=4.512µs(n=100000)|90-100%=4.709µs(n=100000),246.15,290.08,5703401,8000120,2297302,5702818,0,0,0,0,0,0,0,0,0,0,0,0.0,0.0,0,0,0,0,3,insert_only_build,insert_only_build,False,False,True,False,False,False,False,False,,,0,1000000,1000000,1000000,1000000,,insert_only_build_1m,True,,1M
total_ref_5_avl.csv,total_ref_5_avl,140,current,,avlhashtree,insert_only_build_2m,0,2000000,2000000,8814530646,4407,0-10%=2.744µs(n=200000)|10-20%=3.318µs(n=200000)|20-30%=3.93µs(n=200000)|30-40%=4.237µs(n=200000)|40-50%=4.529µs(n=200000)|50-60%=4.716µs(n=200000)|60-70%=5.139µs(n=200000)|70-80%=5.163µs(n=200000)|80-90%=5.135µs(n=200000)|90-100%=5.158µs(n=200000),501.3,580.19,11771782,16000174,4228973,11771201,0,0,0,0,0,0,0,0,0,0,0,0.0,0.0,0,0,0,0,3,insert_only_build,insert_only_build,False,False,True,False,False,False,False,False,,,0,2000000,2000000,2000000,2000000,,insert_only_build_2m,True,,2M
total_ref_5_avl.csv,total_ref_5_avl,141,current,,avlhashtree,insert_only_build_5m,0,5000000,5000000,26669274970,5333,0-10%=3.182µs(n=500000)|10-20%=4.332µs(n=500000)|20-30%=4.924µs(n=500000)|30-40%=5.17µs(n=500000)|40-50%=5.602µs(n=500000)|50-60%=5.673µs(n=500000)|60-70%=5.793µs(n=500000)|70-80%=5.952µs(n=500000)|80-90%=6.4µs(n=500000)|90-100%=6.304µs(n=500000),1198.48,1450.51,27182310,40000279,12818559,27181720,0,0,0,0,0,0,0,0,0,0,0,0.0,0.0,0,0,0,0,3,insert_only_build,insert_only_build,False,False,True,False,False,False,False,False,,,0,5000000,5000000,5000000,5000000,,insert_only_build_5m,True,,5M
total_ref_5_avl.csv,total_ref_5_avl,142,current,,avlhashtree,insert_only_build_10m,0,10000000,10000000,61498137906,6149,0-10%=3.744µs(n=1000000)|10-20%=5.092µs(n=1000000)|20-30%=5.756µs(n=1000000)|30-40%=5.914µs(n=1000000)|40-50%=6.426µs(n=1000000)|50-60%=6.506µs(n=1000000)|60-70%=6.631µs(n=1000000)|70-80%=7.054µs(n=1000000)|80-90%=7.131µs(n=1000000)|90-100%=7.238µs(n=1000000),2458.24,2901.23,56863854,80000414,23137155,56863259,0,0,0,0,0,0,0,0,0,0,0,0.0,0.0,0,0,0,0,3,insert_only_build,insert_only_build,False,False,True,False,False,False,False,False,,,0,10000000,10000000,10000000,10000000,,insert_only_build_10m,True,,10M
total_ref_5_avl.csv,total_ref_5_avl,143,current,,avlhashtree,insert_only_build_25m,0,25000000,25000000,182797267692,7311,0-10%=4.651µs(n=2500000)|10-20%=6.093µs(n=2500000)|20-30%=6.735µs(n=2500000)|30-40%=7.076µs(n=2500000)|40-50%=7.557µs(n=2500000)|50-60%=7.755µs(n=2500000)|60-70%=7.959µs(n=2500000)|70-80%=8.182µs(n=2500000)|80-90%=8.561µs(n=2500000)|90-100%=8.547µs(n=2500000),5964.0,7254.29,134670604,200001009,65331000,134670009,0,0,0,0,0,0,0,0,0,0,0,0.0,0.0,0,0,0,0,3,insert_only_build,insert_only_build,False,False,True,False,False,False,False,False,,,0,25000000,25000000,25000000,25000000,,insert_only_build_25m,True,,25M
total_ref_5_avl.csv,total_ref_5_avl,144,current,,avlhashtree,prehashed_ordered_insert_only_10k,0,10000,10000,19565631,1956,0-10%=1.521µs(n=1000)|10-20%=1.746µs(n=1000)|20-30%=1.832µs(n=1000)|30-40%=1.808µs(n=1000)|40-50%=1.969µs(n=1000)|50-60%=2.564µs(n=1000)|60-70%=1.973µs(n=1000)|70-80%=1.996µs(n=1000)|80-90%=2.07µs(n=1000)|90-100%=2.079µs(n=1000),1.97,2.91,62954,80054,27710,52344,0,0,0,0,0,0,0,0,0,0,0,0.0,0.0,0,0,0,0,3,insert_only_build,prehashed_ordered_insert_only,True,True,True,False,False,False,False,False,,,0,10000,10000,10000,10000,,prehashed_ordered_insert_only_10k,True,,10K
total_ref_5_avl.csv,total_ref_5_avl,145,current,,avlhashtree,prehashed_ordered_insert_only_50k,0,50000,50000,110997563,2219,0-10%=1.791µs(n=5000)|10-20%=2.073µs(n=5000)|20-30%=2.266µs(n=5000)|30-40%=2.146µs(n=5000)|40-50%=2.397µs(n=5000)|50-60%=2.189µs(n=5000)|60-70%=2.238µs(n=5000)|70-80%=2.279µs(n=5000)|80-90%=2.535µs(n=5000)|90-100%=2.281µs(n=5000),11.87,14.53,267504,400048,133106,266942,0,0,0,0,0,0,0,0,0,0,0,0.0,0.0,0,0,0,0,3,insert_only_build,prehashed_ordered_insert_only,True,True,True,False,False,False,False,False,,,0,50000,50000,50000,50000,,prehashed_ordered_insert_only_50k,True,,50K
total_ref_5_avl.csv,total_ref_5_avl,146,current,,avlhashtree,prehashed_ordered_insert_only_100k,0,100000,100000,232721196,2327,0-10%=2.06µs(n=10000)|10-20%=2.144µs(n=10000)|20-30%=2.291µs(n=10000)|30-40%=2.257µs(n=10000)|40-50%=2.424µs(n=10000)|50-60%=2.318µs(n=10000)|60-70%=2.375µs(n=10000)|70-80%=2.583µs(n=10000)|80-90%=2.402µs(n=10000)|90-100%=2.413µs(n=10000),18.09,29.03,553318,800095,347310,452785,0,0,0,0,0,0,0,0,0,0,0,0.0,0.0,0,0,0,0,3,insert_only_build,prehashed_ordered_insert_only,True,True,True,False,False,False,False,False,,,0,100000,100000,100000,100000,,prehashed_ordered_insert_only_100k,True,,100K
total_ref_5_avl.csv,total_ref_5_avl,147,current,,avlhashtree,prehashed_ordered_insert_only_200k,0,200000,200000,485464577,2427,0-10%=2.114µs(n=20000)|10-20%=2.305µs(n=20000)|20-30%=2.408µs(n=20000)|30-40%=2.331µs(n=20000)|40-50%=2.449µs(n=20000)|50-60%=2.396µs(n=20000)|60-70%=2.484µs(n=20000)|70-80%=2.621µs(n=20000)|80-90%=2.625µs(n=20000)|90-100%=2.534µs(n=20000),35.62,58.02,1083893,1600099,716742,883357,0,0,0,0,0,0,0,0,0,0,0,0.0,0.0,0,0,0,0,3,insert_only_build,prehashed_ordered_insert_only,True,True,True,False,False,False,False,False,,,0,200000,200000,200000,200000,,prehashed_ordered_insert_only_200k,True,,200K
total_ref_5_avl.csv,total_ref_5_avl,148,current,,avlhashtree,prehashed_ordered_insert_only_300k,0,300000,300000,753954724,2513,0-10%=2.162µs(n=30000)|10-20%=2.385µs(n=30000)|20-30%=2.475µs(n=30000)|30-40%=2.366µs(n=30000)|40-50%=2.539µs(n=30000)|50-60%=2.583µs(n=30000)|60-70%=2.62µs(n=30000)|70-80%=2.622µs(n=30000)|80-90%=2.689µs(n=30000)|90-100%=2.687µs(n=30000),53.44,87.01,1626196,2400056,1074427,1325629,0,0,0,0,0,0,0,0,0,0,0,0.0,0.0,0,0,0,0,3,insert_only_build,prehashed_ordered_insert_only,True,True,True,False,False,False,False,False,,,0,300000,300000,300000,300000,,prehashed_ordered_insert_only_300k,True,,300K
total_ref_5_avl.csv,total_ref_5_avl,149,current,,avlhashtree,prehashed_ordered_insert_only_500k,0,500000,500000,1290176375,2580,0-10%=2.191µs(n=50000)|10-20%=2.441µs(n=50000)|20-30%=2.412µs(n=50000)|30-40%=2.541µs(n=50000)|40-50%=2.517µs(n=50000)|50-60%=2.728µs(n=50000)|60-70%=2.807µs(n=50000)|70-80%=2.732µs(n=50000)|80-90%=2.741µs(n=50000)|90-100%=2.687µs(n=50000),95.83,145.02,2986715,4000094,1513926,2486168,0,0,0,0,0,0,0,0,0,0,0,0.0,0.0,0,0,0,0,3,insert_only_build,prehashed_ordered_insert_only,True,True,True,False,False,False,False,False,,,0,500000,500000,500000,500000,,prehashed_ordered_insert_only_500k,True,,500K
total_ref_5_avl.csv,total_ref_5_avl,150,current,,avlhashtree,prehashed_ordered_insert_only_700k,0,700000,700000,1841828871,2631,0-10%=2.24µs(n=70000)|10-20%=2.479µs(n=70000)|20-30%=2.487µs(n=70000)|30-40%=2.574µs(n=70000)|40-50%=2.629µs(n=70000)|50-60%=2.712µs(n=70000)|60-70%=2.768µs(n=70000)|70-80%=2.759µs(n=70000)|80-90%=2.852µs(n=70000)|90-100%=2.808µs(n=70000),134.34,203.03,4187914,5600104,2112742,3487362,0,0,0,0,0,0,0,0,0,0,0,0.0,0.0,0,0,0,0,3,insert_only_build,prehashed_ordered_insert_only,True,True,True,False,False,False,False,False,,,0,700000,700000,700000,700000,,prehashed_ordered_insert_only_700k,True,,700K
total_ref_5_avl.csv,total_ref_5_avl,151,current,,avlhashtree,prehashed_ordered_insert_only_900k,0,900000,900000,2430664627,2700,0-10%=2.29µs(n=90000)|10-20%=2.525µs(n=90000)|20-30%=2.534µs(n=90000)|30-40%=2.721µs(n=90000)|40-50%=2.713µs(n=90000)|50-60%=2.818µs(n=90000)|60-70%=2.874µs(n=90000)|70-80%=2.848µs(n=90000)|80-90%=2.84µs(n=90000)|90-100%=2.839µs(n=90000),173.35,261.04,5409963,7200099,2690684,4509415,0,0,0,0,0,0,0,0,0,0,0,0.0,0.0,0,0,0,0,3,insert_only_build,prehashed_ordered_insert_only,True,True,True,False,False,False,False,False,,,0,900000,900000,900000,900000,,prehashed_ordered_insert_only_900k,True,,900K
total_ref_5_avl.csv,total_ref_5_avl,152,current,,avlhashtree,prehashed_ordered_insert_only_1m,0,1000000,1000000,2675556168,2675,0-10%=2.304µs(n=100000)|10-20%=2.561µs(n=100000)|20-30%=2.594µs(n=100000)|30-40%=2.708µs(n=100000)|40-50%=2.638µs(n=100000)|50-60%=2.807µs(n=100000)|60-70%=2.832µs(n=100000)|70-80%=2.765µs(n=100000)|80-90%=2.765µs(n=100000)|90-100%=2.779µs(n=100000),192.51,290.04,6007050,8000115,2993624,5006491,0,0,0,0,0,0,0,0,0,0,0,0.0,0.0,0,0,0,0,3,insert_only_build,prehashed_ordered_insert_only,True,True,True,False,False,False,False,False,,,0,1000000,1000000,1000000,1000000,,prehashed_ordered_insert_only_1m,True,,1M
total_ref_5_avl.csv,total_ref_5_avl,153,current,,avlhashtree,prehashed_ordered_insert_only_2m,0,2000000,2000000,5616160368,2808,0-10%=2.499µs(n=200000)|10-20%=2.703µs(n=200000)|20-30%=2.667µs(n=200000)|30-40%=2.819µs(n=200000)|40-50%=2.813µs(n=200000)|50-60%=2.899µs(n=200000)|60-70%=2.98µs(n=200000)|70-80%=2.897µs(n=200000)|80-90%=2.9µs(n=200000)|90-100%=2.899µs(n=200000),383.69,580.05,11959021,16000148,6041682,9958466,0,0,0,0,0,0,0,0,0,0,0,0.0,0.0,0,0,0,0,3,insert_only_build,prehashed_ordered_insert_only,True,True,True,False,False,False,False,False,,,0,2000000,2000000,2000000,2000000,,prehashed_ordered_insert_only_2m,True,,2M
total_ref_5_avl.csv,total_ref_5_avl,154,current,,avlhashtree,prehashed_ordered_insert_only_5m,0,5000000,5000000,14709669570,2941,0-10%=2.565µs(n=500000)|10-20%=2.82µs(n=500000)|20-30%=2.852µs(n=500000)|30-40%=2.925µs(n=500000)|40-50%=2.942µs(n=500000)|50-60%=2.991µs(n=500000)|60-70%=3.098µs(n=500000)|70-80%=3.038µs(n=500000)|80-90%=3.073µs(n=500000)|90-100%=3.109µs(n=500000),956.89,1450.05,29802648,40000177,15198087,24802090,0,0,0,0,0,0,0,0,0,0,0,0.0,0.0,0,0,0,0,3,insert_only_build,prehashed_ordered_insert_only,True,True,True,False,False,False,False,False,,,0,5000000,5000000,5000000,5000000,,prehashed_ordered_insert_only_5m,True,,5M
total_ref_5_avl.csv,total_ref_5_avl,155,current,,avlhashtree,prehashed_ordered_insert_only_10m,0,10000000,10000000,30472560873,3047,0-10%=2.699µs(n=1000000)|10-20%=2.89µs(n=1000000)|20-30%=2.944µs(n=1000000)|30-40%=3.035µs(n=1000000)|40-50%=3.05µs(n=1000000)|50-60%=3.102µs(n=1000000)|60-70%=3.225µs(n=1000000)|70-80%=3.115µs(n=1000000)|80-90%=3.183µs(n=1000000)|90-100%=3.223µs(n=1000000),1913.51,2900.02,59595288,80000223,30405503,49594720,0,0,0,0,0,0,0,0,0,0,0,0.0,0.0,0,0,0,0,3,insert_only_build,prehashed_ordered_insert_only,True,True,True,False,False,False,False,False,,,0,10000000,10000000,10000000,10000000,,prehashed_ordered_insert_only_10m,True,,10M
total_ref_5_avl.csv,total_ref_5_avl,156,current,,avlhashtree,prehashed_ordered_insert_only_25m,0,25000000,25000000,81648402410,3265,0-10%=2.847µs(n=2500000)|10-20%=3.077µs(n=2500000)|20-30%=3.089µs(n=2500000)|30-40%=3.243µs(n=2500000)|40-50%=3.207µs(n=2500000)|50-60%=3.226µs(n=2500000)|60-70%=3.454µs(n=2500000)|70-80%=3.488µs(n=2500000)|80-90%=3.49µs(n=2500000)|90-100%=3.534µs(n=2500000),4775.74,7249.7,148672619,200000346,76328289,123672057,0,0,0,0,0,0,0,0,0,0,0,0.0,0.0,0,0,0,0,3,insert_only_build,prehashed_ordered_insert_only,True,True,True,False,False,False,False,False,,,0,25000000,25000000,25000000,25000000,,prehashed_ordered_insert_only_25m,True,,25M
total_ref_5_avl.csv,total_ref_5_avl,157,current,,avlhashtree,proof_only_after_10k_build_sample_5pct,10000,10000,0,0,0,,0.0,0.0,0,0,0,0,261875,523,1574,3708,0,0,0,0,0,0,0,0.0,0.0,0,0,0,0,3,proof_only_after_build,proof_only_after_build,False,False,False,True,False,False,False,False,5.0,5.0,10000,0,10000,10000,10000,,proof_only_after_10k_build_sample_5pct,True,,10K
total_ref_5_avl.csv,total_ref_5_avl,158,current,,avlhashtree,proof_only_after_50k_build_sample_5pct,50000,50000,0,0,0,,0.0,0.0,0,0,0,0,1322777,529,1859,4214,0,0,0,0,0,0,0,0.0,0.0,0,0,0,0,3,proof_only_after_build,proof_only_after_build,False,False,False,True,False,False,False,False,5.0,5.0,50000,0,50000,50000,50000,,proof_only_after_50k_build_sample_5pct,True,,50K
total_ref_5_avl.csv,total_ref_5_avl,159,current,,avlhashtree,proof_only_after_100k_build_sample_5pct,100000,100000,0,0,0,,0.0,0.0,0,0,0,0,2978935,595,1977,4351,0,0,0,0,0,0,0,0.0,0.0,0,0,0,0,3,proof_only_after_build,proof_only_after_build,False,False,False,True,False,False,False,False,5.0,5.0,100000,0,100000,100000,100000,,proof_only_after_100k_build_sample_5pct,True,,100K
total_ref_5_avl.csv,total_ref_5_avl,160,current,,avlhashtree,proof_only_after_200k_build_sample_5pct,200000,200000,0,0,0,,0.0,0.0,0,0,0,0,7724889,772,2098,4693,0,0,0,0,0,0,0,0.0,0.0,0,0,0,0,3,proof_only_after_build,proof_only_after_build,False,False,False,True,False,False,False,False,5.0,5.0,200000,0,200000,200000,200000,,proof_only_after_200k_build_sample_5pct,True,,200K
total_ref_5_avl.csv,total_ref_5_avl,161,current,,avlhashtree,proof_only_after_300k_build_sample_5pct,300000,300000,0,0,0,,0.0,0.0,0,0,0,0,13965625,931,2168,4933,0,0,0,0,0,0,0,0.0,0.0,0,0,0,0,3,proof_only_after_build,proof_only_after_build,False,False,False,True,False,False,False,False,5.0,5.0,300000,0,300000,300000,300000,,proof_only_after_300k_build_sample_5pct,True,,300K
total_ref_5_avl.csv,total_ref_5_avl,162,current,,avlhashtree,proof_only_after_500k_build_sample_5pct,500000,500000,0,0,0,,0.0,0.0,0,0,0,0,33441823,1337,2257,5283,0,0,0,0,0,0,0,0.0,0.0,0,0,0,0,3,proof_only_after_build,proof_only_after_build,False,False,False,True,False,False,False,False,5.0,5.0,500000,0,500000,500000,500000,,proof_only_after_500k_build_sample_5pct,True,,500K
total_ref_5_avl.csv,total_ref_5_avl,163,current,,avlhashtree,proof_only_after_700k_build_sample_5pct,700000,700000,0,0,0,,0.0,0.0,0,0,0,0,52291680,1494,2319,5493,0,0,0,0,0,0,0,0.0,0.0,0,0,0,0,3,proof_only_after_build,proof_only_after_build,False,False,False,True,False,False,False,False,5.0,5.0,700000,0,700000,700000,700000,,proof_only_after_700k_build_sample_5pct,True,,700K
total_ref_5_avl.csv,total_ref_5_avl,164,current,,avlhashtree,proof_only_after_900k_build_sample_5pct,900000,900000,0,0,0,,0.0,0.0,0,0,0,0,66103939,1468,2360,5416,0,0,0,0,0,0,0,0.0,0.0,0,0,0,0,3,proof_only_after_build,proof_only_after_build,False,False,False,True,False,False,False,False,5.0,5.0,900000,0,900000,900000,900000,,proof_only_after_900k_build_sample_5pct,True,,900K
total_ref_5_avl.csv,total_ref_5_avl,165,current,,avlhashtree,proof_only_after_1m_build_sample_5pct,1000000,1000000,0,0,0,,0.0,0.0,0,0,0,0,79294576,1585,2380,5577,0,0,0,0,0,0,0,0.0,0.0,0,0,0,0,3,proof_only_after_build,proof_only_after_build,False,False,False,True,False,False,False,False,5.0,5.0,1000000,0,1000000,1000000,1000000,,proof_only_after_1m_build_sample_5pct,True,,1M
total_ref_5_avl.csv,total_ref_5_avl,166,current,,avlhashtree,proof_only_after_2m_build_sample_3pct,2000000,2000000,0,0,0,,0.0,0.0,0,0,0,0,114668777,1911,2499,6192,0,0,0,0,0,0,0,0.0,0.0,0,0,0,0,3,proof_only_after_build,proof_only_after_build,False,False,False,True,False,False,False,False,3.0,3.0,2000000,0,2000000,2000000,2000000,,proof_only_after_2m_build_sample_3pct,True,,2M
total_ref_5_avl.csv,total_ref_5_avl,167,current,,avlhashtree,proof_only_after_5m_build_sample_3pct,5000000,5000000,0,0,0,,0.0,0.0,0,0,0,0,333508671,2223,2663,6600,0,0,0,0,0,0,0,0.0,0.0,0,0,0,0,3,proof_only_after_build,proof_only_after_build,False,False,False,True,False,False,False,False,3.0,3.0,5000000,0,5000000,5000000,5000000,,proof_only_after_5m_build_sample_3pct,True,,5M
total_ref_5_avl.csv,total_ref_5_avl,168,current,,avlhashtree,proof_only_after_10m_build_sample_2pct,10000000,10000000,0,0,0,,0.0,0.0,0,0,0,0,510488891,2552,2780,6724,0,0,0,0,0,0,0,0.0,0.0,0,0,0,0,3,proof_only_after_build,proof_only_after_build,False,False,False,True,False,False,False,False,2.0,2.0,10000000,0,10000000,10000000,10000000,,proof_only_after_10m_build_sample_2pct,True,,10M
total_ref_5_avl.csv,total_ref_5_avl,169,current,,avlhashtree,proof_only_after_25m_build_sample_2pct,25000000,25000000,0,0,0,,0.0,0.0,0,0,0,0,1773733600,3547,2944,9201,0,0,0,0,0,0,0,0.0,0.0,0,0,0,0,3,proof_only_after_build,proof_only_after_build,False,False,False,True,False,False,False,False,2.0,2.0,25000000,0,25000000,25000000,25000000,,proof_only_after_25m_build_sample_2pct,True,,25M
total_ref_5_avl.csv,total_ref_5_avl,170,current,,avlhashtree,build_10k_then_add_2k_new,10000,12000,2000,4296612,2148,0-10%=2.217µs(n=200)|10-20%=2.161µs(n=200)|20-30%=2.259µs(n=200)|30-40%=2.052µs(n=200)|40-50%=2.059µs(n=200)|50-60%=2.175µs(n=200)|60-70%=2.153µs(n=200)|70-80%=2.082µs(n=200)|80-90%=2.099µs(n=200)|90-100%=2.216µs(n=200),0.59,0.59,65719,16041,1001,15040,0,0,0,0,0,0,0,0,0,0,0,0.0,0.0,0,0,0,0,3,build_then_add_new,build_then_add_new,False,False,False,False,False,True,True,False,,,10000,2000,12000,10000,10000,2000,build_10k_then_add_2k_new,True,,10K
total_ref_5_avl.csv,total_ref_5_avl,171,current,,avlhashtree,build_50k_then_add_10k_new,50000,60000,10000,25652668,2565,0-10%=2.707µs(n=1000)|10-20%=2.527µs(n=1000)|20-30%=2.456µs(n=1000)|30-40%=2.591µs(n=1000)|40-50%=2.501µs(n=1000)|50-60%=2.518µs(n=1000)|60-70%=2.702µs(n=1000)|70-80%=2.512µs(n=1000)|80-90%=2.491µs(n=1000)|90-100%=2.641µs(n=1000),2.91,2.91,325723,80041,5001,75040,0,0,0,0,0,0,0,0,0,0,0,0.0,0.0,0,0,0,0,3,build_then_add_new,build_then_add_new,False,False,False,False,False,True,True,False,,,50000,10000,60000,50000,50000,10000,build_50k_then_add_10k_new,True,,50K
total_ref_5_avl.csv,total_ref_5_avl,172,current,,avlhashtree,build_100k_then_add_20k_new,100000,120000,20000,59534752,2976,0-10%=3.153µs(n=2000)|10-20%=2.995µs(n=2000)|20-30%=2.967µs(n=2000)|30-40%=3.052µs(n=2000)|40-50%=2.936µs(n=2000)|50-60%=2.932µs(n=2000)|60-70%=2.952µs(n=2000)|70-80%=2.954µs(n=2000)|80-90%=2.875µs(n=2000)|90-100%=2.945µs(n=2000),5.81,5.81,650728,160041,10001,150040,0,0,0,0,0,0,0,0,0,0,0,0.0,0.0,0,0,0,0,3,build_then_add_new,build_then_add_new,False,False,False,False,False,True,True,False,,,100000,20000,120000,100000,100000,20000,build_100k_then_add_20k_new,True,,100K
total_ref_5_avl.csv,total_ref_5_avl,173,current,,avlhashtree,build_200k_then_add_40k_new,200000,240000,40000,133920969,3348,0-10%=3.482µs(n=4000)|10-20%=3.427µs(n=4000)|20-30%=3.338µs(n=4000)|30-40%=3.327µs(n=4000)|40-50%=3.377µs(n=4000)|50-60%=3.3µs(n=4000)|60-70%=3.307µs(n=4000)|70-80%=3.308µs(n=4000)|80-90%=3.316µs(n=4000)|90-100%=3.294µs(n=4000),11.63,11.63,1300741,320048,20001,300047,0,0,0,0,0,0,0,0,0,0,0,0.0,0.0,0,0,0,0,3,build_then_add_new,build_then_add_new,False,False,False,False,False,True,True,False,,,200000,40000,240000,200000,200000,40000,build_200k_then_add_40k_new,True,,200K
total_ref_5_avl.csv,total_ref_5_avl,174,current,,avlhashtree,build_300k_then_add_60k_new,300000,360000,60000,231115389,3851,0-10%=4.107µs(n=6000)|10-20%=3.861µs(n=6000)|20-30%=3.87µs(n=6000)|30-40%=4.636µs(n=6000)|40-50%=3.975µs(n=6000)|50-60%=3.661µs(n=6000)|60-70%=3.612µs(n=6000)|70-80%=3.617µs(n=6000)|80-90%=3.591µs(n=6000)|90-100%=3.584µs(n=6000),17.43,17.43,1950747,480050,30001,450049,0,0,0,0,0,0,0,0,0,0,0,0.0,0.0,0,0,0,0,3,build_then_add_new,build_then_add_new,False,False,False,False,False,True,True,False,,,300000,60000,360000,300000,300000,60000,build_300k_then_add_60k_new,True,,300K
total_ref_5_avl.csv,total_ref_5_avl,175,current,,avlhashtree,build_500k_then_add_100k_new,500000,600000,100000,413872871,4138,0-10%=4.489µs(n=10000)|10-20%=4.388µs(n=10000)|20-30%=4.212µs(n=10000)|30-40%=4.07µs(n=10000)|40-50%=3.994µs(n=10000)|50-60%=4.031µs(n=10000)|60-70%=4.03µs(n=10000)|70-80%=4.079µs(n=10000)|80-90%=4.055µs(n=10000)|90-100%=4.034µs(n=10000),29.03,29.03,3250762,800055,50000,750055,0,0,0,0,0,0,0,0,0,0,0,0.0,0.0,0,0,0,0,3,build_then_add_new,build_then_add_new,False,False,False,False,False,True,True,False,,,500000,100000,600000,500000,500000,100000,build_500k_then_add_100k_new,True,,500K
total_ref_5_avl.csv,total_ref_5_avl,176,current,,avlhashtree,build_700k_then_add_140k_new,700000,840000,140000,649534033,4639,0-10%=5.11µs(n=14000)|10-20%=4.679µs(n=14000)|20-30%=4.578µs(n=14000)|30-40%=4.549µs(n=14000)|40-50%=4.535µs(n=14000)|50-60%=4.516µs(n=14000)|60-70%=4.491µs(n=14000)|70-80%=4.43µs(n=14000)|80-90%=4.826µs(n=14000)|90-100%=4.678µs(n=14000),40.63,40.63,4550766,1120055,70001,1050054,0,0,0,0,0,0,0,0,0,0,0,0.0,0.0,0,0,0,0,3,build_then_add_new,build_then_add_new,False,False,False,False,False,True,True,False,,,700000,140000,840000,700000,700000,140000,build_700k_then_add_140k_new,True,,700K
total_ref_5_avl.csv,total_ref_5_avl,177,current,,avlhashtree,build_900k_then_add_180k_new,900000,1080000,180000,876869713,4871,0-10%=5.57µs(n=18000)|10-20%=4.959µs(n=18000)|20-30%=5.177µs(n=18000)|30-40%=4.778µs(n=18000)|40-50%=4.664µs(n=18000)|50-60%=4.664µs(n=18000)|60-70%=4.669µs(n=18000)|70-80%=4.74µs(n=18000)|80-90%=4.732µs(n=18000)|90-100%=4.755µs(n=18000),52.23,52.23,5850775,1440056,90001,1350055,0,0,0,0,0,0,0,0,0,0,0,0.0,0.0,0,0,0,0,3,build_then_add_new,build_then_add_new,False,False,False,False,False,True,True,False,,,900000,180000,1080000,900000,900000,180000,build_900k_then_add_180k_new,True,,900K
total_ref_5_avl.csv,total_ref_5_avl,178,current,,avlhashtree,build_1m_then_add_200k_new,1000000,1200000,200000,1096098992,5480,0-10%=5.41µs(n=20000)|10-20%=5.322µs(n=20000)|20-30%=5.965µs(n=20000)|30-40%=5.683µs(n=20000)|40-50%=5.468µs(n=20000)|50-60%=5.497µs(n=20000)|60-70%=5.468µs(n=20000)|70-80%=5.352µs(n=20000)|80-90%=5.401µs(n=20000)|90-100%=5.233µs(n=20000),58.03,58.03,6500778,1600054,100001,1500053,0,0,0,0,0,0,0,0,0,0,0,0.0,0.0,0,0,0,0,3,build_then_add_new,build_then_add_new,False,False,False,False,False,True,True,False,,,1000000,200000,1200000,1000000,1000000,200000,build_1m_then_add_200k_new,True,,1M
total_ref_5_avl.csv,total_ref_5_avl,179,current,,avlhashtree,build_2m_then_add_400k_new,2000000,2400000,400000,2390155104,5975,0-10%=6.685µs(n=40000)|10-20%=6.199µs(n=40000)|20-30%=6.254µs(n=40000)|30-40%=6.133µs(n=40000)|40-50%=6.337µs(n=40000)|50-60%=5.788µs(n=40000)|60-70%=5.542µs(n=40000)|70-80%=5.443µs(n=40000)|80-90%=5.614µs(n=40000)|90-100%=5.754µs(n=40000),116.07,116.07,13000790,3200057,200001,3000056,0,0,0,0,0,0,0,0,0,0,0,0.0,0.0,0,0,0,0,3,build_then_add_new,build_then_add_new,False,False,False,False,False,True,True,False,,,2000000,400000,2400000,2000000,2000000,400000,build_2m_then_add_400k_new,True,,2M
total_ref_5_avl.csv,total_ref_5_avl,180,current,,avlhashtree,build_5m_then_add_1m_new,5000000,6000000,1000000,6588121535,6588,0-10%=6.927µs(n=100000)|10-20%=6.546µs(n=100000)|20-30%=6.624µs(n=100000)|30-40%=6.44µs(n=100000)|40-50%=6.571µs(n=100000)|50-60%=6.541µs(n=100000)|60-70%=6.487µs(n=100000)|70-80%=6.538µs(n=100000)|80-90%=6.588µs(n=100000)|90-100%=6.614µs(n=100000),290.16,290.16,32500816,8000081,500001,7500080,0,0,0,0,0,0,0,0,0,0,0,0.0,0.0,0,0,0,0,3,build_then_add_new,build_then_add_new,False,False,False,False,False,True,True,False,,,5000000,1000000,6000000,5000000,5000000,1000000,build_5m_then_add_1m_new,True,,5M
total_ref_5_avl.csv,total_ref_5_avl,181,current,,avlhashtree,build_10m_then_add_2m_new,10000000,12000000,2000000,14806699092,7403,0-10%=7.669µs(n=200000)|10-20%=7.46µs(n=200000)|20-30%=7.446µs(n=200000)|30-40%=7.501µs(n=200000)|40-50%=7.213µs(n=200000)|50-60%=7.177µs(n=200000)|60-70%=7.323µs(n=200000)|70-80%=7.443µs(n=200000)|80-90%=7.358µs(n=200000)|90-100%=7.439µs(n=200000),580.35,580.35,65000859,16000118,1000001,15000117,0,0,0,0,0,0,0,0,0,0,0,0.0,0.0,0,0,0,0,3,build_then_add_new,build_then_add_new,False,False,False,False,False,True,True,False,,,10000000,2000000,12000000,10000000,10000000,2000000,build_10m_then_add_2m_new,True,,10M
total_ref_5_avl.csv,total_ref_5_avl,182,current,,avlhashtree,build_25m_then_add_5m_new,25000000,30000000,5000000,43461344447,8692,0-10%=8.895µs(n=500000)|10-20%=8.623µs(n=500000)|20-30%=8.426µs(n=500000)|30-40%=8.624µs(n=500000)|40-50%=8.573µs(n=500000)|50-60%=8.738µs(n=500000)|60-70%=8.693µs(n=500000)|70-80%=8.782µs(n=500000)|80-90%=8.834µs(n=500000)|90-100%=8.729µs(n=500000),1451.18,1451.18,162501012,40000259,2500001,37500258,0,0,0,0,0,0,0,0,0,0,0,0.0,0.0,0,0,0,0,3,build_then_add_new,build_then_add_new,False,False,False,False,False,True,True,False,,,25000000,5000000,30000000,25000000,25000000,5000000,build_25m_then_add_5m_new,True,,25M
total_ref_5_avl.csv,total_ref_5_avl,183,current,,avlhashtree,build_10k_then_reinsert_2k_existing,10000,10000,2000,3260576,1630,0-10%=1.334µs(n=200)|10-20%=1.501µs(n=200)|20-30%=1.507µs(n=200)|30-40%=1.537µs(n=200)|40-50%=1.552µs(n=200)|50-60%=1.687µs(n=200)|60-70%=1.684µs(n=200)|70-80%=1.971µs(n=200)|80-90%=1.766µs(n=200)|90-100%=1.756µs(n=200),0.29,0.29,61781,12041,1001,11040,0,0,0,0,0,0,0,0,0,0,0,0.0,0.0,0,0,0,0,3,build_then_reinsert_existing,build_then_reinsert_existing,False,False,False,False,False,False,False,True,,,10000,2000,10000,10000,10000,2000,build_10k_then_reinsert_2k_existing,True,,10K
total_ref_5_avl.csv,total_ref_5_avl,184,current,,avlhashtree,build_50k_then_reinsert_10k_existing,50000,50000,10000,19739459,1973,0-10%=1.77µs(n=1000)|10-20%=1.901µs(n=1000)|20-30%=1.88µs(n=1000)|30-40%=2.054µs(n=1000)|40-50%=1.929µs(n=1000)|50-60%=2.013µs(n=1000)|60-70%=2.045µs(n=1000)|70-80%=2.08µs(n=1000)|80-90%=1.992µs(n=1000)|90-100%=2.068µs(n=1000),1.39,1.39,305792,60031,5001,55030,0,0,0,0,0,0,0,0,0,0,0,0.0,0.0,0,0,0,0,3,build_then_reinsert_existing,build_then_reinsert_existing,False,False,False,False,False,False,False,True,,,50000,10000,50000,50000,50000,10000,build_50k_then_reinsert_10k_existing,True,,50K
total_ref_5_avl.csv,total_ref_5_avl,185,current,,avlhashtree,build_100k_then_reinsert_20k_existing,100000,100000,20000,45367892,2268,0-10%=1.953µs(n=2000)|10-20%=2.386µs(n=2000)|20-30%=2.532µs(n=2000)|30-40%=2.208µs(n=2000)|40-50%=2.246µs(n=2000)|50-60%=2.233µs(n=2000)|60-70%=2.254µs(n=2000)|70-80%=2.293µs(n=2000)|80-90%=2.286µs(n=2000)|90-100%=2.288µs(n=2000),2.76,2.76,610799,120041,10001,110040,0,0,0,0,0,0,0,0,0,0,0,0.0,0.0,0,0,0,0,3,build_then_reinsert_existing,build_then_reinsert_existing,False,False,False,False,False,False,False,True,,,100000,20000,100000,100000,100000,20000,build_100k_then_reinsert_20k_existing,True,,100K
total_ref_5_avl.csv,total_ref_5_avl,186,current,,avlhashtree,build_200k_then_reinsert_40k_existing,200000,200000,40000,98011525,2450,0-10%=2.148µs(n=4000)|10-20%=2.322µs(n=4000)|20-30%=2.368µs(n=4000)|30-40%=2.462µs(n=4000)|40-50%=2.503µs(n=4000)|50-60%=2.53µs(n=4000)|60-70%=2.525µs(n=4000)|70-80%=2.514µs(n=4000)|80-90%=2.54µs(n=4000)|90-100%=2.587µs(n=4000),5.51,5.51,1220797,240031,20001,220030,0,0,0,0,0,0,0,0,0,0,0,0.0,0.0,0,0,0,0,3,build_then_reinsert_existing,build_then_reinsert_existing,False,False,False,False,False,False,False,True,,,200000,40000,200000,200000,200000,40000,build_200k_then_reinsert_40k_existing,True,,200K
total_ref_5_avl.csv,total_ref_5_avl,187,current,,avlhashtree,build_300k_then_reinsert_60k_existing,300000,300000,60000,178362414,2972,0-10%=2.546µs(n=6000)|10-20%=2.706µs(n=6000)|20-30%=3.602µs(n=6000)|30-40%=2.953µs(n=6000)|40-50%=2.9µs(n=6000)|50-60%=2.925µs(n=6000)|60-70%=2.979µs(n=6000)|70-80%=3.015µs(n=6000)|80-90%=3.038µs(n=6000)|90-100%=3.058µs(n=6000),8.27,8.27,1830814,360048,30001,330047,0,0,0,0,0,0,0,0,0,0,0,0.0,0.0,0,0,0,0,3,build_then_reinsert_existing,build_then_reinsert_existing,False,False,False,False,False,False,False,True,,,300000,60000,300000,300000,300000,60000,build_300k_then_reinsert_60k_existing,True,,300K
total_ref_5_avl.csv,total_ref_5_avl,188,current,,avlhashtree,build_500k_then_reinsert_100k_existing,500000,500000,100000,327339138,3273,0-10%=3.042µs(n=10000)|10-20%=3.178µs(n=10000)|20-30%=3.169µs(n=10000)|30-40%=3.23µs(n=10000)|40-50%=3.247µs(n=10000)|50-60%=3.315µs(n=10000)|60-70%=3.341µs(n=10000)|70-80%=3.366µs(n=10000)|80-90%=3.389µs(n=10000)|90-100%=3.452µs(n=10000),13.76,13.76,3050823,600050,50001,550049,0,0,0,0,0,0,0,0,0,0,0,0.0,0.0,0,0,0,0,3,build_then_reinsert_existing,build_then_reinsert_existing,False,False,False,False,False,False,False,True,,,500000,100000,500000,500000,500000,100000,build_500k_then_reinsert_100k_existing,True,,500K
total_ref_5_avl.csv,total_ref_5_avl,189,current,,avlhashtree,build_700k_then_reinsert_140k_existing,700000,700000,140000,474854347,3391,0-10%=3.022µs(n=14000)|10-20%=3.212µs(n=14000)|20-30%=3.337µs(n=14000)|30-40%=3.398µs(n=14000)|40-50%=3.452µs(n=14000)|50-60%=3.487µs(n=14000)|60-70%=3.393µs(n=14000)|70-80%=3.452µs(n=14000)|80-90%=3.579µs(n=14000)|90-100%=3.58µs(n=14000),19.26,19.26,4270833,840044,70001,770043,0,0,0,0,0,0,0,0,0,0,0,0.0,0.0,0,0,0,0,3,build_then_reinsert_existing,build_then_reinsert_existing,False,False,False,False,False,False,False,True,,,700000,140000,700000,700000,700000,140000,build_700k_then_reinsert_140k_existing,True,,700K
total_ref_5_avl.csv,total_ref_5_avl,190,current,,avlhashtree,build_900k_then_reinsert_180k_existing,900000,900000,180000,666090849,3700,0-10%=3.426µs(n=18000)|10-20%=3.556µs(n=18000)|20-30%=3.67µs(n=18000)|30-40%=3.711µs(n=18000)|40-50%=3.663µs(n=18000)|50-60%=3.705µs(n=18000)|60-70%=3.774µs(n=18000)|70-80%=3.797µs(n=18000)|80-90%=3.817µs(n=18000)|90-100%=3.881µs(n=18000),24.76,24.76,5490840,1080053,90001,990052,0,0,0,0,0,0,0,0,0,0,0,0.0,0.0,0,0,0,0,3,build_then_reinsert_existing,build_then_reinsert_existing,False,False,False,False,False,False,False,True,,,900000,180000,900000,900000,900000,180000,build_900k_then_reinsert_180k_existing,True,,900K
total_ref_5_avl.csv,total_ref_5_avl,191,current,,avlhashtree,build_1m_then_reinsert_200k_existing,1000000,1000000,200000,754294848,3771,0-10%=3.364µs(n=20000)|10-20%=3.538µs(n=20000)|20-30%=3.651µs(n=20000)|30-40%=3.79µs(n=20000)|40-50%=3.918µs(n=20000)|50-60%=3.841µs(n=20000)|60-70%=3.813µs(n=20000)|70-80%=3.854µs(n=20000)|80-90%=3.945µs(n=20000)|90-100%=3.996µs(n=20000),27.51,27.51,6100842,1200053,100001,1100052,0,0,0,0,0,0,0,0,0,0,0,0.0,0.0,0,0,0,0,3,build_then_reinsert_existing,build_then_reinsert_existing,False,False,False,False,False,False,False,True,,,1000000,200000,1000000,1000000,1000000,200000,build_1m_then_reinsert_200k_existing,True,,1M
total_ref_5_avl.csv,total_ref_5_avl,192,current,,avlhashtree,build_2m_then_reinsert_400k_existing,2000000,2000000,400000,1705242246,4263,0-10%=3.805µs(n=40000)|10-20%=3.921µs(n=40000)|20-30%=3.918µs(n=40000)|30-40%=4.044µs(n=40000)|40-50%=4.144µs(n=40000)|50-60%=4.36µs(n=40000)|60-70%=4.537µs(n=40000)|70-80%=4.549µs(n=40000)|80-90%=4.62µs(n=40000)|90-100%=4.728µs(n=40000),55.01,55.01,12200856,2400059,200001,2200058,0,0,0,0,0,0,0,0,0,0,0,0.0,0.0,0,0,0,0,3,build_then_reinsert_existing,build_then_reinsert_existing,False,False,False,False,False,False,False,True,,,2000000,400000,2000000,2000000,2000000,400000,build_2m_then_reinsert_400k_existing,True,,2M
total_ref_5_avl.csv,total_ref_5_avl,193,current,,avlhashtree,build_5m_then_reinsert_1m_existing,5000000,5000000,1000000,5118861351,5118,0-10%=4.366µs(n=100000)|10-20%=4.809µs(n=100000)|20-30%=4.911µs(n=100000)|30-40%=5.068µs(n=100000)|40-50%=5.127µs(n=100000)|50-60%=5.272µs(n=100000)|60-70%=5.314µs(n=100000)|70-80%=5.446µs(n=100000)|80-90%=5.377µs(n=100000)|90-100%=5.493µs(n=100000),137.52,137.52,30500879,6000074,500000,5500074,0,0,0,0,0,0,0,0,0,0,0,0.0,0.0,0,0,0,0,3,build_then_reinsert_existing,build_then_reinsert_existing,False,False,False,False,False,False,False,True,,,5000000,1000000,5000000,5000000,5000000,1000000,build_5m_then_reinsert_1m_existing,True,,5M
total_ref_5_avl.csv,total_ref_5_avl,194,current,,avlhashtree,build_10m_then_reinsert_2m_existing,10000000,10000000,2000000,11805023680,5902,0-10%=4.91µs(n=200000)|10-20%=5.454µs(n=200000)|20-30%=5.599µs(n=200000)|30-40%=5.965µs(n=200000)|40-50%=5.918µs(n=200000)|50-60%=5.961µs(n=200000)|60-70%=6.234µs(n=200000)|70-80%=6.36µs(n=200000)|80-90%=6.37µs(n=200000)|90-100%=6.251µs(n=200000),275.06,275.06,61000912,12000106,1000000,11000106,0,0,0,0,0,0,0,0,0,0,0,0.0,0.0,0,0,0,0,3,build_then_reinsert_existing,build_then_reinsert_existing,False,False,False,False,False,False,False,True,,,10000000,2000000,10000000,10000000,10000000,2000000,build_10m_then_reinsert_2m_existing,True,,10M
total_ref_5_avl.csv,total_ref_5_avl,195,current,,avlhashtree,build_25m_then_reinsert_5m_existing,25000000,25000000,5000000,35757604492,7151,0-10%=5.76µs(n=500000)|10-20%=6.666µs(n=500000)|20-30%=6.815µs(n=500000)|30-40%=7.1µs(n=500000)|40-50%=7.317µs(n=500000)|50-60%=7.475µs(n=500000)|60-70%=7.448µs(n=500000)|70-80%=7.529µs(n=500000)|80-90%=7.646µs(n=500000)|90-100%=7.753µs(n=500000),687.84,687.84,152501018,30000203,2500000,27500203,0,0,0,0,0,0,0,0,0,0,0,0.0,0.0,0,0,0,0,3,build_then_reinsert_existing,build_then_reinsert_existing,False,False,False,False,False,False,False,True,,,25000000,5000000,25000000,25000000,25000000,5000000,build_25m_then_reinsert_5m_existing,True,,25M
total_ref_5_avl.csv,total_ref_5_avl,196,current,,avlhashtree,insert_only_build_10k,0,10000,10000,19817911,1981,0-10%=1.553µs(n=1000)|10-20%=1.698µs(n=1000)|20-30%=1.876µs(n=1000)|30-40%=1.911µs(n=1000)|40-50%=1.895µs(n=1000)|50-60%=1.979µs(n=1000)|60-70%=1.974µs(n=1000)|70-80%=2.671µs(n=1000)|80-90%=2.161µs(n=1000)|90-100%=2.094µs(n=1000),2.43,2.92,56213,80049,24331,55718,0,0,0,0,0,0,0,0,0,0,0,0.0,0.0,0,0,0,0,4,insert_only_build,insert_only_build,False,False,True,False,False,False,False,False,,,0,10000,10000,10000,10000,,insert_only_build_10k,True,,10K
total_ref_5_avl.csv,total_ref_5_avl,197,current,,avlhashtree,insert_only_build_50k,0,50000,50000,116467466,2329,0-10%=1.802µs(n=5000)|10-20%=2.208µs(n=5000)|20-30%=2.215µs(n=5000)|30-40%=2.488µs(n=5000)|40-50%=2.319µs(n=5000)|50-60%=2.391µs(n=5000)|60-70%=2.415µs(n=5000)|70-80%=2.649µs(n=5000)|80-90%=2.383µs(n=5000)|90-100%=2.419µs(n=5000),12.2,14.56,280031,400094,120557,279537,0,0,0,0,0,0,0,0,0,0,0,0.0,0.0,0,0,0,0,4,insert_only_build,insert_only_build,False,False,True,False,False,False,False,False,,,0,50000,50000,50000,50000,,insert_only_build_50k,True,,50K
total_ref_5_avl.csv,total_ref_5_avl,198,current,,avlhashtree,insert_only_build_100k,0,100000,100000,244613135,2446,0-10%=1.98µs(n=10000)|10-20%=2.292µs(n=10000)|20-30%=2.27µs(n=10000)|30-40%=2.493µs(n=10000)|40-50%=2.412µs(n=10000)|50-60%=2.486µs(n=10000)|60-70%=2.525µs(n=10000)|70-80%=2.723µs(n=10000)|80-90%=2.618µs(n=10000)|90-100%=2.656µs(n=10000),24.64,29.05,570931,800099,229698,570401,0,0,0,0,0,0,0,0,0,0,0,0.0,0.0,0,0,0,0,4,insert_only_build,insert_only_build,False,False,True,False,False,False,False,False,,,0,100000,100000,100000,100000,,insert_only_build_100k,True,,100K
total_ref_5_avl.csv,total_ref_5_avl,199,current,,avlhashtree,insert_only_build_200k,0,200000,200000,529255718,2646,0-10%=2.109µs(n=20000)|10-20%=2.355µs(n=20000)|20-30%=2.417µs(n=20000)|30-40%=2.579µs(n=20000)|40-50%=2.642µs(n=20000)|50-60%=2.733µs(n=20000)|60-70%=2.855µs(n=20000)|70-80%=2.821µs(n=20000)|80-90%=2.913µs(n=20000)|90-100%=3.033µs(n=20000),50.03,58.03,1174088,1600091,426559,1173532,0,0,0,0,0,0,0,0,0,0,0,0.0,0.0,0,0,0,0,4,insert_only_build,insert_only_build,False,False,True,False,False,False,False,False,,,0,200000,200000,200000,200000,,insert_only_build_200k,True,,200K
total_ref_5_avl.csv,total_ref_5_avl,200,current,,avlhashtree,insert_only_build_300k,0,300000,300000,901043141,3003,0-10%=2.154µs(n=30000)|10-20%=2.435µs(n=30000)|20-30%=2.609µs(n=30000)|30-40%=2.754µs(n=30000)|40-50%=2.852µs(n=30000)|50-60%=2.895µs(n=30000)|60-70%=2.998µs(n=30000)|70-80%=3.269µs(n=30000)|80-90%=4.179µs(n=30000)|90-100%=3.885µs(n=30000),72.75,87.04,1666855,2400096,733808,1666288,0,0,0,0,0,0,0,0,0,0,0,0.0,0.0,0,0,0,0,4,insert_only_build,insert_only_build,False,False,True,False,False,False,False,False,,,0,300000,300000,300000,300000,,insert_only_build_300k,True,,300K
total_ref_5_avl.csv,total_ref_5_avl,201,current,,avlhashtree,insert_only_build_500k,0,500000,500000,1829739556,3659,0-10%=2.329µs(n=50000)|10-20%=2.71µs(n=50000)|20-30%=3.011µs(n=50000)|30-40%=3.255µs(n=50000)|40-50%=3.755µs(n=50000)|50-60%=3.891µs(n=50000)|60-70%=3.973µs(n=50000)|70-80%=4.105µs(n=50000)|80-90%=4.632µs(n=50000)|90-100%=4.928µs(n=50000),119.75,145.05,2715691,4000121,1284998,2715123,0,0,0,0,0,0,0,0,0,0,0,0.0,0.0,0,0,0,0,4,insert_only_build,insert_only_build,False,False,True,False,False,False,False,False,,,0,500000,500000,500000,500000,,insert_only_build_500k,True,,500K
total_ref_5_avl.csv,total_ref_5_avl,202,current,,avlhashtree,insert_only_build_700k,0,700000,700000,2491877713,3559,0-10%=2.462µs(n=70000)|10-20%=3.003µs(n=70000)|20-30%=3.169µs(n=70000)|30-40%=3.475µs(n=70000)|40-50%=3.526µs(n=70000)|50-60%=3.7µs(n=70000)|60-70%=3.973µs(n=70000)|70-80%=4.107µs(n=70000)|80-90%=3.993µs(n=70000)|90-100%=4.184µs(n=70000),177.94,203.07,4223168,5600130,1377534,4222596,0,0,0,0,0,0,0,0,0,0,0,0.0,0.0,0,0,0,0,4,insert_only_build,insert_only_build,False,False,True,False,False,False,False,False,,,0,700000,700000,700000,700000,,insert_only_build_700k,True,,700K
total_ref_5_avl.csv,total_ref_5_avl,203,current,,avlhashtree,insert_only_build_900k,0,900000,900000,3285253240,3650,0-10%=2.46µs(n=90000)|10-20%=2.797µs(n=90000)|20-30%=3.225µs(n=90000)|30-40%=3.538µs(n=90000)|40-50%=3.681µs(n=90000)|50-60%=3.686µs(n=90000)|60-70%=3.983µs(n=90000)|70-80%=4.283µs(n=90000)|80-90%=4.38µs(n=90000)|90-100%=4.466µs(n=90000),219.6,261.07,5053751,7200130,2146957,5053173,0,0,0,0,0,0,0,0,0,0,0,0.0,0.0,0,0,0,0,4,insert_only_build,insert_only_build,False,False,True,False,False,False,False,False,,,0,900000,900000,900000,900000,,insert_only_build_900k,True,,900K
total_ref_5_avl.csv,total_ref_5_avl,204,current,,avlhashtree,insert_only_build_1m,0,1000000,1000000,3761562313,3761,0-10%=2.473µs(n=100000)|10-20%=2.884µs(n=100000)|20-30%=3.075µs(n=100000)|30-40%=3.568µs(n=100000)|40-50%=3.944µs(n=100000)|50-60%=4.177µs(n=100000)|60-70%=4.273µs(n=100000)|70-80%=4.384µs(n=100000)|80-90%=4.47µs(n=100000)|90-100%=4.362µs(n=100000),245.37,290.08,5671283,8000150,2329443,5670707,0,0,0,0,0,0,0,0,0,0,0,0.0,0.0,0,0,0,0,4,insert_only_build,insert_only_build,False,False,True,False,False,False,False,False,,,0,1000000,1000000,1000000,1000000,,insert_only_build_1m,True,,1M
total_ref_5_avl.csv,total_ref_5_avl,205,current,,avlhashtree,insert_only_build_2m,0,2000000,2000000,8690487051,4345,0-10%=2.615µs(n=200000)|10-20%=3.186µs(n=200000)|20-30%=3.688µs(n=200000)|30-40%=4.547µs(n=200000)|40-50%=4.728µs(n=200000)|50-60%=4.622µs(n=200000)|60-70%=4.99µs(n=200000)|70-80%=4.94µs(n=200000)|80-90%=4.988µs(n=200000)|90-100%=5.143µs(n=200000),501.07,580.19,11762110,16000170,4238650,11761520,0,0,0,0,0,0,0,0,0,0,0,0.0,0.0,0,0,0,0,4,insert_only_build,insert_only_build,False,False,True,False,False,False,False,False,,,0,2000000,2000000,2000000,2000000,,insert_only_build_2m,True,,2M
total_ref_5_avl.csv,total_ref_5_avl,206,current,,avlhashtree,insert_only_build_5m,0,5000000,5000000,27054617284,5410,0-10%=3.232µs(n=500000)|10-20%=4.333µs(n=500000)|20-30%=4.925µs(n=500000)|30-40%=5.262µs(n=500000)|40-50%=5.748µs(n=500000)|50-60%=5.818µs(n=500000)|60-70%=6.025µs(n=500000)|70-80%=6.199µs(n=500000)|80-90%=6.378µs(n=500000)|90-100%=6.185µs(n=500000),1199.15,1450.53,27208769,40000276,12792098,27208178,0,0,0,0,0,0,0,0,0,0,0,0.0,0.0,0,0,0,0,4,insert_only_build,insert_only_build,False,False,True,False,False,False,False,False,,,0,5000000,5000000,5000000,5000000,,insert_only_build_5m,True,,5M
total_ref_5_avl.csv,total_ref_5_avl,207,current,,avlhashtree,insert_only_build_10m,0,10000000,10000000,58736253198,5873,0-10%=3.625µs(n=1000000)|10-20%=4.804µs(n=1000000)|20-30%=5.307µs(n=1000000)|30-40%=5.666µs(n=1000000)|40-50%=6.166µs(n=1000000)|50-60%=6.204µs(n=1000000)|60-70%=6.411µs(n=1000000)|70-80%=6.826µs(n=1000000)|80-90%=6.824µs(n=1000000)|90-100%=6.898µs(n=1000000),2459.88,2901.17,56933160,80000419,23067855,56932564,0,0,0,0,0,0,0,0,0,0,0,0.0,0.0,0,0,0,0,4,insert_only_build,insert_only_build,False,False,True,False,False,False,False,False,,,0,10000000,10000000,10000000,10000000,,insert_only_build_10m,True,,10M
total_ref_5_avl.csv,total_ref_5_avl,208,current,,avlhashtree,insert_only_build_25m,0,25000000,25000000,172883458130,6915,0-10%=4.421µs(n=2500000)|10-20%=5.889µs(n=2500000)|20-30%=6.442µs(n=2500000)|30-40%=6.825µs(n=2500000)|40-50%=7.026µs(n=2500000)|50-60%=7.405µs(n=2500000)|60-70%=7.433µs(n=2500000)|70-80%=7.63µs(n=2500000)|80-90%=7.851µs(n=2500000)|90-100%=8.225µs(n=2500000),5834.79,7254.16,129389350,200000981,70612235,129388746,0,0,0,0,0,0,0,0,0,0,0,0.0,0.0,0,0,0,0,4,insert_only_build,insert_only_build,False,False,True,False,False,False,False,False,,,0,25000000,25000000,25000000,25000000,,insert_only_build_25m,True,,25M
total_ref_5_avl.csv,total_ref_5_avl,209,current,,avlhashtree,prehashed_ordered_insert_only_10k,0,10000,10000,18833389,1883,0-10%=1.472µs(n=1000)|10-20%=1.687µs(n=1000)|20-30%=1.834µs(n=1000)|30-40%=1.76µs(n=1000)|40-50%=1.933µs(n=1000)|50-60%=2.324µs(n=1000)|60-70%=1.916µs(n=1000)|70-80%=1.864µs(n=1000)|80-90%=2.023µs(n=1000)|90-100%=2.015µs(n=1000),1.97,2.91,63097,80051,27571,52480,0,0,0,0,0,0,0,0,0,0,0,0.0,0.0,0,0,0,0,4,insert_only_build,prehashed_ordered_insert_only,True,True,True,False,False,False,False,False,,,0,10000,10000,10000,10000,,prehashed_ordered_insert_only_10k,True,,10K
total_ref_5_avl.csv,total_ref_5_avl,210,current,,avlhashtree,prehashed_ordered_insert_only_50k,0,50000,50000,108348351,2166,0-10%=1.74µs(n=5000)|10-20%=2.047µs(n=5000)|20-30%=2.207µs(n=5000)|30-40%=2.076µs(n=5000)|40-50%=2.118µs(n=5000)|50-60%=2.33µs(n=5000)|60-70%=2.169µs(n=5000)|70-80%=2.224µs(n=5000)|80-90%=2.466µs(n=5000)|90-100%=2.288µs(n=5000),11.81,14.53,265093,400060,135533,264527,0,0,0,0,0,0,0,0,0,0,0,0.0,0.0,0,0,0,0,4,insert_only_build,prehashed_ordered_insert_only,True,True,True,False,False,False,False,False,,,0,50000,50000,50000,50000,,prehashed_ordered_insert_only_50k,True,,50K
total_ref_5_avl.csv,total_ref_5_avl,211,current,,avlhashtree,prehashed_ordered_insert_only_100k,0,100000,100000,224269585,2242,0-10%=2.029µs(n=10000)|10-20%=2.032µs(n=10000)|20-30%=2.199µs(n=10000)|30-40%=2.187µs(n=10000)|40-50%=2.332µs(n=10000)|50-60%=2.236µs(n=10000)|60-70%=2.283µs(n=10000)|70-80%=2.314µs(n=10000)|80-90%=2.473µs(n=10000)|90-100%=2.338µs(n=10000),17.7,29.03,537396,800095,363236,436859,0,0,0,0,0,0,0,0,0,0,0,0.0,0.0,0,0,0,0,4,insert_only_build,prehashed_ordered_insert_only,True,True,True,False,False,False,False,False,,,0,100000,100000,100000,100000,,prehashed_ordered_insert_only_100k,True,,100K
total_ref_5_avl.csv,total_ref_5_avl,212,current,,avlhashtree,prehashed_ordered_insert_only_200k,0,200000,200000,472375047,2361,0-10%=2.011µs(n=20000)|10-20%=2.199µs(n=20000)|20-30%=2.323µs(n=20000)|30-40%=2.274µs(n=20000)|40-50%=2.401µs(n=20000)|50-60%=2.352µs(n=20000)|60-70%=2.435µs(n=20000)|70-80%=2.495µs(n=20000)|80-90%=2.596µs(n=20000)|90-100%=2.529µs(n=20000),35.41,58.03,1075071,1600106,725574,874532,0,0,0,0,0,0,0,0,0,0,0,0.0,0.0,0,0,0,0,4,insert_only_build,prehashed_ordered_insert_only,True,True,True,False,False,False,False,False,,,0,200000,200000,200000,200000,,prehashed_ordered_insert_only_200k,True,,200K
total_ref_5_avl.csv,total_ref_5_avl,213,current,,avlhashtree,prehashed_ordered_insert_only_300k,0,300000,300000,727483161,2424,0-10%=2.041µs(n=30000)|10-20%=2.255µs(n=30000)|20-30%=2.375µs(n=30000)|30-40%=2.298µs(n=30000)|40-50%=2.487µs(n=30000)|50-60%=2.501µs(n=30000)|60-70%=2.549µs(n=30000)|70-80%=2.551µs(n=30000)|80-90%=2.607µs(n=30000)|90-100%=2.581µs(n=30000),53.26,87.01,1618881,2400065,1081754,1318311,0,0,0,0,0,0,0,0,0,0,0,0.0,0.0,0,0,0,0,4,insert_only_build,prehashed_ordered_insert_only,True,True,True,False,False,False,False,False,,,0,300000,300000,300000,300000,,prehashed_ordered_insert_only_300k,True,,300K
total_ref_5_avl.csv,total_ref_5_avl,214,current,,avlhashtree,prehashed_ordered_insert_only_500k,0,500000,500000,1249812419,2499,0-10%=2.134µs(n=50000)|10-20%=2.386µs(n=50000)|20-30%=2.404µs(n=50000)|30-40%=2.498µs(n=50000)|40-50%=2.472µs(n=50000)|50-60%=2.586µs(n=50000)|60-70%=2.718µs(n=50000)|70-80%=2.608µs(n=50000)|80-90%=2.591µs(n=50000)|90-100%=2.593µs(n=50000),95.86,145.04,2987335,4000099,1513305,2486794,0,0,0,0,0,0,0,0,0,0,0,0.0,0.0,0,0,0,0,4,insert_only_build,prehashed_ordered_insert_only,True,True,True,False,False,False,False,False,,,0,500000,500000,500000,500000,,prehashed_ordered_insert_only_500k,True,,500K
total_ref_5_avl.csv,total_ref_5_avl,215,current,,avlhashtree,prehashed_ordered_insert_only_700k,0,700000,700000,1815159893,2593,0-10%=2.177µs(n=70000)|10-20%=2.407µs(n=70000)|20-30%=2.436µs(n=70000)|30-40%=2.566µs(n=70000)|40-50%=2.629µs(n=70000)|50-60%=2.667µs(n=70000)|60-70%=2.774µs(n=70000)|70-80%=2.727µs(n=70000)|80-90%=2.77µs(n=70000)|90-100%=2.772µs(n=70000),134.45,203.03,4192505,5600106,2108153,3491953,0,0,0,0,0,0,0,0,0,0,0,0.0,0.0,0,0,0,0,4,insert_only_build,prehashed_ordered_insert_only,True,True,True,False,False,False,False,False,,,0,700000,700000,700000,700000,,prehashed_ordered_insert_only_700k,True,,700K
total_ref_5_avl.csv,total_ref_5_avl,216,current,,avlhashtree,prehashed_ordered_insert_only_900k,0,900000,900000,2327242969,2585,0-10%=2.231µs(n=90000)|10-20%=2.459µs(n=90000)|20-30%=2.434µs(n=90000)|30-40%=2.62µs(n=90000)|40-50%=2.567µs(n=90000)|50-60%=2.691µs(n=90000)|60-70%=2.701µs(n=90000)|70-80%=2.717µs(n=90000)|80-90%=2.717µs(n=90000)|90-100%=2.716µs(n=90000),173.88,261.03,5432120,7200113,2668540,4531573,0,0,0,0,0,0,0,0,0,0,0,0.0,0.0,0,0,0,0,4,insert_only_build,prehashed_ordered_insert_only,True,True,True,False,False,False,False,False,,,0,900000,900000,900000,900000,,prehashed_ordered_insert_only_900k,True,,900K
total_ref_5_avl.csv,total_ref_5_avl,217,current,,avlhashtree,prehashed_ordered_insert_only_1m,0,1000000,1000000,2597780924,2597,0-10%=2.265µs(n=100000)|10-20%=2.481µs(n=100000)|20-30%=2.464µs(n=100000)|30-40%=2.6µs(n=100000)|40-50%=2.576µs(n=100000)|50-60%=2.696µs(n=100000)|60-70%=2.762µs(n=100000)|70-80%=2.722µs(n=100000)|80-90%=2.701µs(n=100000)|90-100%=2.705µs(n=100000),192.36,290.03,6000946,8000109,2999721,5000388,0,0,0,0,0,0,0,0,0,0,0,0.0,0.0,0,0,0,0,4,insert_only_build,prehashed_ordered_insert_only,True,True,True,False,False,False,False,False,,,0,1000000,1000000,1000000,1000000,,prehashed_ordered_insert_only_1m,True,,1M
total_ref_5_avl.csv,total_ref_5_avl,218,current,,avlhashtree,prehashed_ordered_insert_only_2m,0,2000000,2000000,5454545718,2727,0-10%=2.374µs(n=200000)|10-20%=2.605µs(n=200000)|20-30%=2.574µs(n=200000)|30-40%=2.777µs(n=200000)|40-50%=2.788µs(n=200000)|50-60%=2.819µs(n=200000)|60-70%=2.854µs(n=200000)|70-80%=2.823µs(n=200000)|80-90%=2.839µs(n=200000)|90-100%=2.814µs(n=200000),384.94,580.05,12010293,16000125,5990384,10009741,0,0,0,0,0,0,0,0,0,0,0,0.0,0.0,0,0,0,0,4,insert_only_build,prehashed_ordered_insert_only,True,True,True,False,False,False,False,False,,,0,2000000,2000000,2000000,2000000,,prehashed_ordered_insert_only_2m,True,,2M
total_ref_5_avl.csv,total_ref_5_avl,219,current,,avlhashtree,prehashed_ordered_insert_only_5m,0,5000000,5000000,14385877332,2877,0-10%=2.535µs(n=500000)|10-20%=2.719µs(n=500000)|20-30%=2.771µs(n=500000)|30-40%=2.874µs(n=500000)|40-50%=2.884µs(n=500000)|50-60%=2.928µs(n=500000)|60-70%=3.015µs(n=500000)|70-80%=2.926µs(n=500000)|80-90%=3.013µs(n=500000)|90-100%=3.102µs(n=500000),960.87,1450.05,29965777,40000163,15034940,24965223,0,0,0,0,0,0,0,0,0,0,0,0.0,0.0,0,0,0,0,4,insert_only_build,prehashed_ordered_insert_only,True,True,True,False,False,False,False,False,,,0,5000000,5000000,5000000,5000000,,prehashed_ordered_insert_only_5m,True,,5M
total_ref_5_avl.csv,total_ref_5_avl,220,current,,avlhashtree,prehashed_ordered_insert_only_10m,0,10000000,10000000,29731903995,2973,0-10%=2.605µs(n=1000000)|10-20%=2.853µs(n=1000000)|20-30%=2.884µs(n=1000000)|30-40%=2.942µs(n=1000000)|40-50%=2.988µs(n=1000000)|50-60%=3.041µs(n=1000000)|60-70%=3.124µs(n=1000000)|70-80%=3.049µs(n=1000000)|80-90%=3.089µs(n=1000000)|90-100%=3.151µs(n=1000000),1909.48,2900.02,59430448,80000227,30570336,49429891,0,0,0,0,0,0,0,0,0,0,0,0.0,0.0,0,0,0,0,4,insert_only_build,prehashed_ordered_insert_only,True,True,True,False,False,False,False,False,,,0,10000000,10000000,10000000,10000000,,prehashed_ordered_insert_only_10m,True,,10M
total_ref_5_avl.csv,total_ref_5_avl,221,current,,avlhashtree,prehashed_ordered_insert_only_25m,0,25000000,25000000,79502986679,3180,0-10%=2.743µs(n=2500000)|10-20%=2.97µs(n=2500000)|20-30%=2.995µs(n=2500000)|30-40%=3.189µs(n=2500000)|40-50%=3.092µs(n=2500000)|50-60%=3.25µs(n=2500000)|60-70%=3.334µs(n=2500000)|70-80%=3.418µs(n=2500000)|80-90%=3.399µs(n=2500000)|90-100%=3.406µs(n=2500000),4769.88,7249.69,148432996,200000355,76567918,123432437,0,0,0,0,0,0,0,0,0,0,0,0.0,0.0,0,0,0,0,4,insert_only_build,prehashed_ordered_insert_only,True,True,True,False,False,False,False,False,,,0,25000000,25000000,25000000,25000000,,prehashed_ordered_insert_only_25m,True,,25M
total_ref_5_avl.csv,total_ref_5_avl,222,current,,avlhashtree,proof_only_after_10k_build_sample_5pct,10000,10000,0,0,0,,0.0,0.0,0,0,0,0,316249,632,1577,5276,0,0,0,0,0,0,0,0.0,0.0,0,0,0,0,4,proof_only_after_build,proof_only_after_build,False,False,False,True,False,False,False,False,5.0,5.0,10000,0,10000,10000,10000,,proof_only_after_10k_build_sample_5pct,True,,10K
total_ref_5_avl.csv,total_ref_5_avl,223,current,,avlhashtree,proof_only_after_50k_build_sample_5pct,50000,50000,0,0,0,,0.0,0.0,0,0,0,0,1233460,493,1854,3978,0,0,0,0,0,0,0,0.0,0.0,0,0,0,0,4,proof_only_after_build,proof_only_after_build,False,False,False,True,False,False,False,False,5.0,5.0,50000,0,50000,50000,50000,,proof_only_after_50k_build_sample_5pct,True,,50K
total_ref_5_avl.csv,total_ref_5_avl,224,current,,avlhashtree,proof_only_after_100k_build_sample_5pct,100000,100000,0,0,0,,0.0,0.0,0,0,0,0,2959547,591,1975,4334,0,0,0,0,0,0,0,0.0,0.0,0,0,0,0,4,proof_only_after_build,proof_only_after_build,False,False,False,True,False,False,False,False,5.0,5.0,100000,0,100000,100000,100000,,proof_only_after_100k_build_sample_5pct,True,,100K
total_ref_5_avl.csv,total_ref_5_avl,225,current,,avlhashtree,proof_only_after_200k_build_sample_5pct,200000,200000,0,0,0,,0.0,0.0,0,0,0,0,8225663,822,2093,4734,0,0,0,0,0,0,0,0.0,0.0,0,0,0,0,4,proof_only_after_build,proof_only_after_build,False,False,False,True,False,False,False,False,5.0,5.0,200000,0,200000,200000,200000,,proof_only_after_200k_build_sample_5pct,True,,200K
total_ref_5_avl.csv,total_ref_5_avl,226,current,,avlhashtree,proof_only_after_300k_build_sample_5pct,300000,300000,0,0,0,,0.0,0.0,0,0,0,0,14361532,957,2169,4835,0,0,0,0,0,0,0,0.0,0.0,0,0,0,0,4,proof_only_after_build,proof_only_after_build,False,False,False,True,False,False,False,False,5.0,5.0,300000,0,300000,300000,300000,,proof_only_after_300k_build_sample_5pct,True,,300K
total_ref_5_avl.csv,total_ref_5_avl,227,current,,avlhashtree,proof_only_after_500k_build_sample_5pct,500000,500000,0,0,0,,0.0,0.0,0,0,0,0,32691460,1307,2257,5253,0,0,0,0,0,0,0,0.0,0.0,0,0,0,0,4,proof_only_after_build,proof_only_after_build,False,False,False,True,False,False,False,False,5.0,5.0,500000,0,500000,500000,500000,,proof_only_after_500k_build_sample_5pct,True,,500K
total_ref_5_avl.csv,total_ref_5_avl,228,current,,avlhashtree,proof_only_after_700k_build_sample_5pct,700000,700000,0,0,0,,0.0,0.0,0,0,0,0,46820604,1337,2317,5254,0,0,0,0,0,0,0,0.0,0.0,0,0,0,0,4,proof_only_after_build,proof_only_after_build,False,False,False,True,False,False,False,False,5.0,5.0,700000,0,700000,700000,700000,,proof_only_after_700k_build_sample_5pct,True,,700K
total_ref_5_avl.csv,total_ref_5_avl,229,current,,avlhashtree,proof_only_after_900k_build_sample_5pct,900000,900000,0,0,0,,0.0,0.0,0,0,0,0,69835930,1551,2358,5355,0,0,0,0,0,0,0,0.0,0.0,0,0,0,0,4,proof_only_after_build,proof_only_after_build,False,False,False,True,False,False,False,False,5.0,5.0,900000,0,900000,900000,900000,,proof_only_after_900k_build_sample_5pct,True,,900K
total_ref_5_avl.csv,total_ref_5_avl,230,current,,avlhashtree,proof_only_after_1m_build_sample_5pct,1000000,1000000,0,0,0,,0.0,0.0,0,0,0,0,78343831,1566,2378,5336,0,0,0,0,0,0,0,0.0,0.0,0,0,0,0,4,proof_only_after_build,proof_only_after_build,False,False,False,True,False,False,False,False,5.0,5.0,1000000,0,1000000,1000000,1000000,,proof_only_after_1m_build_sample_5pct,True,,1M
total_ref_5_avl.csv,total_ref_5_avl,231,current,,avlhashtree,proof_only_after_2m_build_sample_3pct,2000000,2000000,0,0,0,,0.0,0.0,0,0,0,0,109773306,1829,2497,6065,0,0,0,0,0,0,0,0.0,0.0,0,0,0,0,4,proof_only_after_build,proof_only_after_build,False,False,False,True,False,False,False,False,3.0,3.0,2000000,0,2000000,2000000,2000000,,proof_only_after_2m_build_sample_3pct,True,,2M
total_ref_5_avl.csv,total_ref_5_avl,232,current,,avlhashtree,proof_only_after_5m_build_sample_3pct,5000000,5000000,0,0,0,,0.0,0.0,0,0,0,0,322277952,2148,2663,6304,0,0,0,0,0,0,0,0.0,0.0,0,0,0,0,4,proof_only_after_build,proof_only_after_build,False,False,False,True,False,False,False,False,3.0,3.0,5000000,0,5000000,5000000,5000000,,proof_only_after_5m_build_sample_3pct,True,,5M
total_ref_5_avl.csv,total_ref_5_avl,233,current,,avlhashtree,proof_only_after_10m_build_sample_2pct,10000000,10000000,0,0,0,,0.0,0.0,0,0,0,0,520894654,2604,2780,7196,0,0,0,0,0,0,0,0.0,0.0,0,0,0,0,4,proof_only_after_build,proof_only_after_build,False,False,False,True,False,False,False,False,2.0,2.0,10000000,0,10000000,10000000,10000000,,proof_only_after_10m_build_sample_2pct,True,,10M
total_ref_5_avl.csv,total_ref_5_avl,234,current,,avlhashtree,proof_only_after_25m_build_sample_2pct,25000000,25000000,0,0,0,,0.0,0.0,0,0,0,0,1680221341,3360,2944,8795,0,0,0,0,0,0,0,0.0,0.0,0,0,0,0,4,proof_only_after_build,proof_only_after_build,False,False,False,True,False,False,False,False,2.0,2.0,25000000,0,25000000,25000000,25000000,,proof_only_after_25m_build_sample_2pct,True,,25M
total_ref_5_avl.csv,total_ref_5_avl,235,current,,avlhashtree,build_10k_then_add_2k_new,10000,12000,2000,4211986,2105,0-10%=2.128µs(n=200)|10-20%=2.067µs(n=200)|20-30%=1.995µs(n=200)|30-40%=2.284µs(n=200)|40-50%=2.043µs(n=200)|50-60%=2.2µs(n=200)|60-70%=2.166µs(n=200)|70-80%=2.031µs(n=200)|80-90%=2.095µs(n=200)|90-100%=2.044µs(n=200),0.59,0.59,65723,16041,1001,15040,0,0,0,0,0,0,0,0,0,0,0,0.0,0.0,0,0,0,0,4,build_then_add_new,build_then_add_new,False,False,False,False,False,True,True,False,,,10000,2000,12000,10000,10000,2000,build_10k_then_add_2k_new,True,,10K
total_ref_5_avl.csv,total_ref_5_avl,236,current,,avlhashtree,build_50k_then_add_10k_new,50000,60000,10000,25470526,2547,0-10%=2.662µs(n=1000)|10-20%=2.562µs(n=1000)|20-30%=2.537µs(n=1000)|30-40%=2.554µs(n=1000)|40-50%=2.444µs(n=1000)|50-60%=2.497µs(n=1000)|60-70%=2.609µs(n=1000)|70-80%=2.489µs(n=1000)|80-90%=2.499µs(n=1000)|90-100%=2.611µs(n=1000),2.91,2.91,325730,80041,5001,75040,0,0,0,0,0,0,0,0,0,0,0,0.0,0.0,0,0,0,0,4,build_then_add_new,build_then_add_new,False,False,False,False,False,True,True,False,,,50000,10000,60000,50000,50000,10000,build_50k_then_add_10k_new,True,,50K
total_ref_5_avl.csv,total_ref_5_avl,237,current,,avlhashtree,build_100k_then_add_20k_new,100000,120000,20000,56095883,2804,0-10%=2.947µs(n=2000)|10-20%=2.877µs(n=2000)|20-30%=2.827µs(n=2000)|30-40%=2.74µs(n=2000)|40-50%=2.798µs(n=2000)|50-60%=2.751µs(n=2000)|60-70%=2.776µs(n=2000)|70-80%=2.777µs(n=2000)|80-90%=2.762µs(n=2000)|90-100%=2.789µs(n=2000),5.81,5.81,650729,160039,10001,150038,0,0,0,0,0,0,0,0,0,0,0,0.0,0.0,0,0,0,0,4,build_then_add_new,build_then_add_new,False,False,False,False,False,True,True,False,,,100000,20000,120000,100000,100000,20000,build_100k_then_add_20k_new,True,,100K
total_ref_5_avl.csv,total_ref_5_avl,238,current,,avlhashtree,build_200k_then_add_40k_new,200000,240000,40000,125824102,3145,0-10%=3.3µs(n=4000)|10-20%=3.152µs(n=4000)|20-30%=3.101µs(n=4000)|30-40%=3.091µs(n=4000)|40-50%=3.13µs(n=4000)|50-60%=3.127µs(n=4000)|60-70%=3.127µs(n=4000)|70-80%=3.137µs(n=4000)|80-90%=3.141µs(n=4000)|90-100%=3.145µs(n=4000),11.63,11.63,1300742,320046,20001,300045,0,0,0,0,0,0,0,0,0,0,0,0.0,0.0,0,0,0,0,4,build_then_add_new,build_then_add_new,False,False,False,False,False,True,True,False,,,200000,40000,240000,200000,200000,40000,build_200k_then_add_40k_new,True,,200K
total_ref_5_avl.csv,total_ref_5_avl,239,current,,avlhashtree,build_300k_then_add_60k_new,300000,360000,60000,214883553,3581,0-10%=3.677µs(n=6000)|10-20%=3.524µs(n=6000)|20-30%=3.468µs(n=6000)|30-40%=3.48µs(n=6000)|40-50%=3.403µs(n=6000)|50-60%=3.399µs(n=6000)|60-70%=3.383µs(n=6000)|70-80%=3.412µs(n=6000)|80-90%=3.78µs(n=6000)|90-100%=4.283µs(n=6000),17.42,17.42,1950749,480048,30001,450047,0,0,0,0,0,0,0,0,0,0,0,0.0,0.0,0,0,0,0,4,build_then_add_new,build_then_add_new,False,False,False,False,False,True,True,False,,,300000,60000,360000,300000,300000,60000,build_300k_then_add_60k_new,True,,300K
total_ref_5_avl.csv,total_ref_5_avl,240,current,,avlhashtree,build_500k_then_add_100k_new,500000,600000,100000,412339203,4123,0-10%=5.268µs(n=10000)|10-20%=4.345µs(n=10000)|20-30%=4.091µs(n=10000)|30-40%=3.956µs(n=10000)|40-50%=3.92µs(n=10000)|50-60%=3.917µs(n=10000)|60-70%=3.982µs(n=10000)|70-80%=3.964µs(n=10000)|80-90%=3.876µs(n=10000)|90-100%=3.909µs(n=10000),29.03,29.03,3250763,800055,50001,750054,0,0,0,0,0,0,0,0,0,0,0,0.0,0.0,0,0,0,0,4,build_then_add_new,build_then_add_new,False,False,False,False,False,True,True,False,,,500000,100000,600000,500000,500000,100000,build_500k_then_add_100k_new,True,,500K
total_ref_5_avl.csv,total_ref_5_avl,241,current,,avlhashtree,build_700k_then_add_140k_new,700000,840000,140000,609850294,4356,0-10%=4.719µs(n=14000)|10-20%=4.417µs(n=14000)|20-30%=4.381µs(n=14000)|30-40%=4.486µs(n=14000)|40-50%=4.418µs(n=14000)|50-60%=4.311µs(n=14000)|60-70%=4.211µs(n=14000)|70-80%=4.21µs(n=14000)|80-90%=4.179µs(n=14000)|90-100%=4.224µs(n=14000),40.63,40.63,4550767,1120055,70001,1050054,0,0,0,0,0,0,0,0,0,0,0,0.0,0.0,0,0,0,0,4,build_then_add_new,build_then_add_new,False,False,False,False,False,True,True,False,,,700000,140000,840000,700000,700000,140000,build_700k_then_add_140k_new,True,,700K
total_ref_5_avl.csv,total_ref_5_avl,242,current,,avlhashtree,build_900k_then_add_180k_new,900000,1080000,180000,868774090,4826,0-10%=5.313µs(n=18000)|10-20%=4.894µs(n=18000)|20-30%=4.801µs(n=18000)|30-40%=4.678µs(n=18000)|40-50%=4.598µs(n=18000)|50-60%=4.573µs(n=18000)|60-70%=5.058µs(n=18000)|70-80%=4.83µs(n=18000)|80-90%=4.785µs(n=18000)|90-100%=4.731µs(n=18000),52.23,52.23,5850769,1440054,90001,1350053,0,0,0,0,0,0,0,0,0,0,0,0.0,0.0,0,0,0,0,4,build_then_add_new,build_then_add_new,False,False,False,False,False,True,True,False,,,900000,180000,1080000,900000,900000,180000,build_900k_then_add_180k_new,True,,900K
total_ref_5_avl.csv,total_ref_5_avl,243,current,,avlhashtree,build_1m_then_add_200k_new,1000000,1200000,200000,1044229193,5221,0-10%=5.443µs(n=20000)|10-20%=5.012µs(n=20000)|20-30%=5.254µs(n=20000)|30-40%=5.383µs(n=20000)|40-50%=5.117µs(n=20000)|50-60%=5.028µs(n=20000)|60-70%=4.886µs(n=20000)|70-80%=4.787µs(n=20000)|80-90%=6.572µs(n=20000)|90-100%=4.726µs(n=20000),58.03,58.03,6500779,1600054,100001,1500053,0,0,0,0,0,0,0,0,0,0,0,0.0,0.0,0,0,0,0,4,build_then_add_new,build_then_add_new,False,False,False,False,False,True,True,False,,,1000000,200000,1200000,1000000,1000000,200000,build_1m_then_add_200k_new,True,,1M
total_ref_5_avl.csv,total_ref_5_avl,244,current,,avlhashtree,build_2m_then_add_400k_new,2000000,2400000,400000,2182672650,5456,0-10%=5.937µs(n=40000)|10-20%=5.418µs(n=40000)|20-30%=5.378µs(n=40000)|30-40%=5.407µs(n=40000)|40-50%=5.412µs(n=40000)|50-60%=5.39µs(n=40000)|60-70%=5.311µs(n=40000)|70-80%=5.52µs(n=40000)|80-90%=5.381µs(n=40000)|90-100%=5.408µs(n=40000),116.06,116.06,13000791,3200061,200001,3000060,0,0,0,0,0,0,0,0,0,0,0,0.0,0.0,0,0,0,0,4,build_then_add_new,build_then_add_new,False,False,False,False,False,True,True,False,,,2000000,400000,2400000,2000000,2000000,400000,build_2m_then_add_400k_new,True,,2M
total_ref_5_avl.csv,total_ref_5_avl,245,current,,avlhashtree,build_5m_then_add_1m_new,5000000,6000000,1000000,6416054350,6416,0-10%=6.81µs(n=100000)|10-20%=6.341µs(n=100000)|20-30%=6.425µs(n=100000)|30-40%=6.375µs(n=100000)|40-50%=6.319µs(n=100000)|50-60%=6.373µs(n=100000)|60-70%=6.36µs(n=100000)|70-80%=6.456µs(n=100000)|80-90%=6.291µs(n=100000)|90-100%=6.406µs(n=100000),290.16,290.16,32500815,8000087,500001,7500086,0,0,0,0,0,0,0,0,0,0,0,0.0,0.0,0,0,0,0,4,build_then_add_new,build_then_add_new,False,False,False,False,False,True,True,False,,,5000000,1000000,6000000,5000000,5000000,1000000,build_5m_then_add_1m_new,True,,5M
total_ref_5_avl.csv,total_ref_5_avl,246,current,,avlhashtree,build_10m_then_add_2m_new,10000000,12000000,2000000,14710063410,7355,0-10%=7.556µs(n=200000)|10-20%=7.298µs(n=200000)|20-30%=7.432µs(n=200000)|30-40%=7.363µs(n=200000)|40-50%=7.239µs(n=200000)|50-60%=7.287µs(n=200000)|60-70%=7.142µs(n=200000)|70-80%=7.358µs(n=200000)|80-90%=7.45µs(n=200000)|90-100%=7.421µs(n=200000),580.36,580.36,65000860,16000121,1000000,15000121,0,0,0,0,0,0,0,0,0,0,0,0.0,0.0,0,0,0,0,4,build_then_add_new,build_then_add_new,False,False,False,False,False,True,True,False,,,10000000,2000000,12000000,10000000,10000000,2000000,build_10m_then_add_2m_new,True,,10M
total_ref_5_avl.csv,total_ref_5_avl,247,current,,avlhashtree,build_25m_then_add_5m_new,25000000,30000000,5000000,42779282007,8555,0-10%=8.611µs(n=500000)|10-20%=8.519µs(n=500000)|20-30%=8.489µs(n=500000)|30-40%=8.457µs(n=500000)|40-50%=8.581µs(n=500000)|50-60%=8.505µs(n=500000)|60-70%=8.606µs(n=500000)|70-80%=8.677µs(n=500000)|80-90%=8.497µs(n=500000)|90-100%=8.611µs(n=500000),1451.17,1451.17,162501004,40000252,2500000,37500252,0,0,0,0,0,0,0,0,0,0,0,0.0,0.0,0,0,0,0,4,build_then_add_new,build_then_add_new,False,False,False,False,False,True,True,False,,,25000000,5000000,30000000,25000000,25000000,5000000,build_25m_then_add_5m_new,True,,25M
total_ref_5_avl.csv,total_ref_5_avl,248,current,,avlhashtree,build_10k_then_reinsert_2k_existing,10000,10000,2000,3300988,1650,0-10%=1.366µs(n=200)|10-20%=1.508µs(n=200)|20-30%=1.547µs(n=200)|30-40%=1.793µs(n=200)|40-50%=1.619µs(n=200)|50-60%=1.601µs(n=200)|60-70%=1.746µs(n=200)|70-80%=1.955µs(n=200)|80-90%=1.715µs(n=200)|90-100%=1.649µs(n=200),0.29,0.29,61776,12039,1001,11038,0,0,0,0,0,0,0,0,0,0,0,0.0,0.0,0,0,0,0,4,build_then_reinsert_existing,build_then_reinsert_existing,False,False,False,False,False,False,False,True,,,10000,2000,10000,10000,10000,2000,build_10k_then_reinsert_2k_existing,True,,10K
total_ref_5_avl.csv,total_ref_5_avl,249,current,,avlhashtree,build_50k_then_reinsert_10k_existing,50000,50000,10000,19879502,1987,0-10%=1.783µs(n=1000)|10-20%=1.899µs(n=1000)|20-30%=2.01µs(n=1000)|30-40%=1.918µs(n=1000)|40-50%=1.977µs(n=1000)|50-60%=2.079µs(n=1000)|60-70%=2.001µs(n=1000)|70-80%=1.988µs(n=1000)|80-90%=2.064µs(n=1000)|90-100%=2.155µs(n=1000),1.39,1.39,305791,60041,5001,55040,0,0,0,0,0,0,0,0,0,0,0,0.0,0.0,0,0,0,0,4,build_then_reinsert_existing,build_then_reinsert_existing,False,False,False,False,False,False,False,True,,,50000,10000,50000,50000,50000,10000,build_50k_then_reinsert_10k_existing,True,,50K
total_ref_5_avl.csv,total_ref_5_avl,250,current,,avlhashtree,build_100k_then_reinsert_20k_existing,100000,100000,20000,43416607,2170,0-10%=1.962µs(n=2000)|10-20%=2.08µs(n=2000)|20-30%=2.133µs(n=2000)|30-40%=2.164µs(n=2000)|40-50%=2.182µs(n=2000)|50-60%=2.202µs(n=2000)|60-70%=2.235µs(n=2000)|70-80%=2.257µs(n=2000)|80-90%=2.228µs(n=2000)|90-100%=2.261µs(n=2000),2.76,2.76,610792,120039,10001,110038,0,0,0,0,0,0,0,0,0,0,0,0.0,0.0,0,0,0,0,4,build_then_reinsert_existing,build_then_reinsert_existing,False,False,False,False,False,False,False,True,,,100000,20000,100000,100000,100000,20000,build_100k_then_reinsert_20k_existing,True,,100K
total_ref_5_avl.csv,total_ref_5_avl,251,current,,avlhashtree,build_200k_then_reinsert_40k_existing,200000,200000,40000,99062264,2476,0-10%=2.201µs(n=4000)|10-20%=2.364µs(n=4000)|20-30%=2.4µs(n=4000)|30-40%=2.464µs(n=4000)|40-50%=2.501µs(n=4000)|50-60%=2.521µs(n=4000)|60-70%=2.544µs(n=4000)|70-80%=2.551µs(n=4000)|80-90%=2.576µs(n=4000)|90-100%=2.638µs(n=4000),5.51,5.51,1220796,240039,20001,220038,0,0,0,0,0,0,0,0,0,0,0,0.0,0.0,0,0,0,0,4,build_then_reinsert_existing,build_then_reinsert_existing,False,False,False,False,False,False,False,True,,,200000,40000,200000,200000,200000,40000,build_200k_then_reinsert_40k_existing,True,,200K
total_ref_5_avl.csv,total_ref_5_avl,252,current,,avlhashtree,build_300k_then_reinsert_60k_existing,300000,300000,60000,168041790,2800,0-10%=2.404µs(n=6000)|10-20%=2.586µs(n=6000)|20-30%=2.63µs(n=6000)|30-40%=2.678µs(n=6000)|40-50%=2.675µs(n=6000)|50-60%=2.713µs(n=6000)|60-70%=2.756µs(n=6000)|70-80%=2.877µs(n=6000)|80-90%=3.633µs(n=6000)|90-100%=3.049µs(n=6000),8.27,8.27,1830811,360046,30001,330045,0,0,0,0,0,0,0,0,0,0,0,0.0,0.0,0,0,0,0,4,build_then_reinsert_existing,build_then_reinsert_existing,False,False,False,False,False,False,False,True,,,300000,60000,300000,300000,300000,60000,build_300k_then_reinsert_60k_existing,True,,300K
total_ref_5_avl.csv,total_ref_5_avl,253,current,,avlhashtree,build_500k_then_reinsert_100k_existing,500000,500000,100000,328026207,3280,0-10%=3.522µs(n=10000)|10-20%=3.242µs(n=10000)|20-30%=3.226µs(n=10000)|30-40%=3.24µs(n=10000)|40-50%=3.203µs(n=10000)|50-60%=3.224µs(n=10000)|60-70%=3.25µs(n=10000)|70-80%=3.3µs(n=10000)|80-90%=3.316µs(n=10000)|90-100%=3.275µs(n=10000),13.76,13.76,3050823,600050,50001,550049,0,0,0,0,0,0,0,0,0,0,0,0.0,0.0,0,0,0,0,4,build_then_reinsert_existing,build_then_reinsert_existing,False,False,False,False,False,False,False,True,,,500000,100000,500000,500000,500000,100000,build_500k_then_reinsert_100k_existing,True,,500K
total_ref_5_avl.csv,total_ref_5_avl,254,current,,avlhashtree,build_700k_then_reinsert_140k_existing,700000,700000,140000,477036269,3407,0-10%=3.093µs(n=14000)|10-20%=3.749µs(n=14000)|20-30%=3.322µs(n=14000)|30-40%=3.36µs(n=14000)|40-50%=3.341µs(n=14000)|50-60%=3.37µs(n=14000)|60-70%=3.331µs(n=14000)|70-80%=3.435µs(n=14000)|80-90%=3.487µs(n=14000)|90-100%=3.581µs(n=14000),19.26,19.26,4270834,840052,70001,770051,0,0,0,0,0,0,0,0,0,0,0,0.0,0.0,0,0,0,0,4,build_then_reinsert_existing,build_then_reinsert_existing,False,False,False,False,False,False,False,True,,,700000,140000,700000,700000,700000,140000,build_700k_then_reinsert_140k_existing,True,,700K
total_ref_5_avl.csv,total_ref_5_avl,255,current,,avlhashtree,build_900k_then_reinsert_180k_existing,900000,900000,180000,635825115,3532,0-10%=3.246µs(n=18000)|10-20%=3.44µs(n=18000)|20-30%=3.483µs(n=18000)|30-40%=3.555µs(n=18000)|40-50%=3.474µs(n=18000)|50-60%=3.478µs(n=18000)|60-70%=3.549µs(n=18000)|70-80%=3.633µs(n=18000)|80-90%=3.726µs(n=18000)|90-100%=3.735µs(n=18000),24.76,24.76,5490838,1080055,90001,990054,0,0,0,0,0,0,0,0,0,0,0,0.0,0.0,0,0,0,0,4,build_then_reinsert_existing,build_then_reinsert_existing,False,False,False,False,False,False,False,True,,,900000,180000,900000,900000,900000,180000,build_900k_then_reinsert_180k_existing,True,,900K
total_ref_5_avl.csv,total_ref_5_avl,256,current,,avlhashtree,build_1m_then_reinsert_200k_existing,1000000,1000000,200000,722588070,3612,0-10%=3.319µs(n=20000)|10-20%=3.507µs(n=20000)|20-30%=3.526µs(n=20000)|30-40%=3.569µs(n=20000)|40-50%=3.637µs(n=20000)|50-60%=3.605µs(n=20000)|60-70%=3.625µs(n=20000)|70-80%=3.693µs(n=20000)|80-90%=3.837µs(n=20000)|90-100%=3.806µs(n=20000),27.51,27.51,6100842,1200055,100001,1100054,0,0,0,0,0,0,0,0,0,0,0,0.0,0.0,0,0,0,0,4,build_then_reinsert_existing,build_then_reinsert_existing,False,False,False,False,False,False,False,True,,,1000000,200000,1000000,1000000,1000000,200000,build_1m_then_reinsert_200k_existing,True,,1M
total_ref_5_avl.csv,total_ref_5_avl,257,current,,avlhashtree,build_2m_then_reinsert_400k_existing,2000000,2000000,400000,1657934085,4144,0-10%=3.636µs(n=40000)|10-20%=3.804µs(n=40000)|20-30%=3.935µs(n=40000)|30-40%=4.065µs(n=40000)|40-50%=4.147µs(n=40000)|50-60%=4.237µs(n=40000)|60-70%=4.255µs(n=40000)|70-80%=4.321µs(n=40000)|80-90%=4.515µs(n=40000)|90-100%=4.528µs(n=40000),55.01,55.01,12200857,2400059,200001,2200058,0,0,0,0,0,0,0,0,0,0,0,0.0,0.0,0,0,0,0,4,build_then_reinsert_existing,build_then_reinsert_existing,False,False,False,False,False,False,False,True,,,2000000,400000,2000000,2000000,2000000,400000,build_2m_then_reinsert_400k_existing,True,,2M
total_ref_5_avl.csv,total_ref_5_avl,258,current,,avlhashtree,build_5m_then_reinsert_1m_existing,5000000,5000000,1000000,5039988700,5039,0-10%=4.313µs(n=100000)|10-20%=4.756µs(n=100000)|20-30%=4.926µs(n=100000)|30-40%=5.058µs(n=100000)|40-50%=5.087µs(n=100000)|50-60%=5.134µs(n=100000)|60-70%=5.244µs(n=100000)|70-80%=5.207µs(n=100000)|80-90%=5.354µs(n=100000)|90-100%=5.316µs(n=100000),137.52,137.52,30500883,6000074,500000,5500074,0,0,0,0,0,0,0,0,0,0,0,0.0,0.0,0,0,0,0,4,build_then_reinsert_existing,build_then_reinsert_existing,False,False,False,False,False,False,False,True,,,5000000,1000000,5000000,5000000,5000000,1000000,build_5m_then_reinsert_1m_existing,True,,5M
total_ref_5_avl.csv,total_ref_5_avl,259,current,,avlhashtree,build_10m_then_reinsert_2m_existing,10000000,10000000,2000000,11301492042,5650,0-10%=4.684µs(n=200000)|10-20%=5.247µs(n=200000)|20-30%=5.346µs(n=200000)|30-40%=5.622µs(n=200000)|40-50%=5.737µs(n=200000)|50-60%=5.872µs(n=200000)|60-70%=5.923µs(n=200000)|70-80%=5.963µs(n=200000)|80-90%=6.021µs(n=200000)|90-100%=6.086µs(n=200000),275.06,275.06,61000926,12000106,1000001,11000105,0,0,0,0,0,0,0,0,0,0,0,0.0,0.0,0,0,0,0,4,build_then_reinsert_existing,build_then_reinsert_existing,False,False,False,False,False,False,False,True,,,10000000,2000000,10000000,10000000,10000000,2000000,build_10m_then_reinsert_2m_existing,True,,10M
total_ref_5_avl.csv,total_ref_5_avl,260,current,,avlhashtree,build_25m_then_reinsert_5m_existing,25000000,25000000,5000000,34664738988,6932,0-10%=5.553µs(n=500000)|10-20%=6.42µs(n=500000)|20-30%=6.481µs(n=500000)|30-40%=6.928µs(n=500000)|40-50%=7.096µs(n=500000)|50-60%=7.253µs(n=500000)|60-70%=7.335µs(n=500000)|70-80%=7.402µs(n=500000)|80-90%=7.497µs(n=500000)|90-100%=7.36µs(n=500000),687.83,687.83,152501016,30000204,2500000,27500204,0,0,0,0,0,0,0,0,0,0,0,0.0,0.0,0,0,0,0,4,build_then_reinsert_existing,build_then_reinsert_existing,False,False,False,False,False,False,False,True,,,25000000,5000000,25000000,25000000,25000000,5000000,build_25m_then_reinsert_5m_existing,True,,25M
total_ref_5_avl.csv,total_ref_5_avl,261,current,,avlhashtree,insert_only_build_10k,0,10000,10000,22713844,2271,0-10%=1.895µs(n=1000)|10-20%=1.909µs(n=1000)|20-30%=2.081µs(n=1000)|30-40%=2.122µs(n=1000)|40-50%=2.25µs(n=1000)|50-60%=2.23µs(n=1000)|60-70%=2.249µs(n=1000)|70-80%=3.324µs(n=1000)|80-90%=2.298µs(n=1000)|90-100%=2.35µs(n=1000),2.44,2.92,56372,80060,24174,55886,0,0,0,0,0,0,0,0,0,0,0,0.0,0.0,0,0,0,0,5,insert_only_build,insert_only_build,False,False,True,False,False,False,False,False,,,0,10000,10000,10000,10000,,insert_only_build_10k,True,,10K
total_ref_5_avl.csv,total_ref_5_avl,262,current,,avlhashtree,insert_only_build_50k,0,50000,50000,123220878,2464,0-10%=1.958µs(n=5000)|10-20%=2.461µs(n=5000)|20-30%=2.42µs(n=5000)|30-40%=2.743µs(n=5000)|40-50%=2.522µs(n=5000)|50-60%=2.538µs(n=5000)|60-70%=2.374µs(n=5000)|70-80%=2.639µs(n=5000)|80-90%=2.452µs(n=5000)|90-100%=2.532µs(n=5000),12.23,14.56,281321,400091,119257,280834,0,0,0,0,0,0,0,0,0,0,0,0.0,0.0,0,0,0,0,5,insert_only_build,insert_only_build,False,False,True,False,False,False,False,False,,,0,50000,50000,50000,50000,,insert_only_build_50k,True,,50K
total_ref_5_avl.csv,total_ref_5_avl,263,current,,avlhashtree,insert_only_build_100k,0,100000,100000,247285011,2472,0-10%=2.031µs(n=10000)|10-20%=2.287µs(n=10000)|20-30%=2.305µs(n=10000)|30-40%=2.491µs(n=10000)|40-50%=2.442µs(n=10000)|50-60%=2.513µs(n=10000)|60-70%=2.577µs(n=10000)|70-80%=2.725µs(n=10000)|80-90%=2.645µs(n=10000)|90-100%=2.708µs(n=10000),24.67,29.05,571974,800099,228650,571449,0,0,0,0,0,0,0,0,0,0,0,0.0,0.0,0,0,0,0,5,insert_only_build,insert_only_build,False,False,True,False,False,False,False,False,,,0,100000,100000,100000,100000,,insert_only_build_100k,True,,100K
total_ref_5_avl.csv,total_ref_5_avl,264,current,,avlhashtree,insert_only_build_200k,0,200000,200000,530354143,2651,0-10%=2.134µs(n=20000)|10-20%=2.37µs(n=20000)|20-30%=2.44µs(n=20000)|30-40%=2.637µs(n=20000)|40-50%=2.638µs(n=20000)|50-60%=2.722µs(n=20000)|60-70%=2.873µs(n=20000)|70-80%=2.836µs(n=20000)|80-90%=2.907µs(n=20000)|90-100%=2.955µs(n=20000),50.01,58.03,1173071,1600082,427572,1172510,0,0,0,0,0,0,0,0,0,0,0,0.0,0.0,0,0,0,0,5,insert_only_build,insert_only_build,False,False,True,False,False,False,False,False,,,0,200000,200000,200000,200000,,insert_only_build_200k,True,,200K
total_ref_5_avl.csv,total_ref_5_avl,265,current,,avlhashtree,insert_only_build_300k,0,300000,300000,868815542,2896,0-10%=2.169µs(n=30000)|10-20%=2.472µs(n=30000)|20-30%=2.637µs(n=30000)|30-40%=2.72µs(n=30000)|40-50%=2.877µs(n=30000)|50-60%=2.889µs(n=30000)|60-70%=2.965µs(n=30000)|70-80%=3.229µs(n=30000)|80-90%=3.643µs(n=30000)|90-100%=3.355µs(n=30000),72.62,87.04,1661345,2400098,739311,1660787,0,0,0,0,0,0,0,0,0,0,0,0.0,0.0,0,0,0,0,5,insert_only_build,insert_only_build,False,False,True,False,False,False,False,False,,,0,300000,300000,300000,300000,,insert_only_build_300k,True,,300K
total_ref_5_avl.csv,total_ref_5_avl,266,current,,avlhashtree,insert_only_build_500k,0,500000,500000,1740302311,3480,0-10%=2.344µs(n=50000)|10-20%=2.692µs(n=50000)|20-30%=3.067µs(n=50000)|30-40%=3.276µs(n=50000)|40-50%=3.437µs(n=50000)|50-60%=3.676µs(n=50000)|60-70%=3.907µs(n=50000)|70-80%=3.944µs(n=50000)|80-90%=4.283µs(n=50000)|90-100%=4.175µs(n=50000),119.6,145.05,2709921,4000094,1290746,2709348,0,0,0,0,0,0,0,0,0,0,0,0.0,0.0,0,0,0,0,5,insert_only_build,insert_only_build,False,False,True,False,False,False,False,False,,,0,500000,500000,500000,500000,,insert_only_build_500k,True,,500K
total_ref_5_avl.csv,total_ref_5_avl,267,current,,avlhashtree,insert_only_build_700k,0,700000,700000,2355694719,3365,0-10%=2.35µs(n=70000)|10-20%=2.728µs(n=70000)|20-30%=2.905µs(n=70000)|30-40%=3.093µs(n=70000)|40-50%=3.302µs(n=70000)|50-60%=3.535µs(n=70000)|60-70%=3.695µs(n=70000)|70-80%=3.903µs(n=70000)|80-90%=4.013µs(n=70000)|90-100%=4.123µs(n=70000),177.91,203.06,4222015,5600122,1378678,4221444,0,0,0,0,0,0,0,0,0,0,0,0.0,0.0,0,0,0,0,5,insert_only_build,insert_only_build,False,False,True,False,False,False,False,False,,,0,700000,700000,700000,700000,,insert_only_build_700k,True,,700K
total_ref_5_avl.csv,total_ref_5_avl,268,current,,avlhashtree,insert_only_build_900k,0,900000,900000,3247625600,3608,0-10%=2.408µs(n=90000)|10-20%=2.821µs(n=90000)|20-30%=3.043µs(n=90000)|30-40%=3.289µs(n=90000)|40-50%=3.819µs(n=90000)|50-60%=3.771µs(n=90000)|60-70%=3.895µs(n=90000)|70-80%=4.231µs(n=90000)|80-90%=4.421µs(n=90000)|90-100%=4.382µs(n=90000),217.67,261.07,4974834,7200144,2225886,4974258,0,0,0,0,0,0,0,0,0,0,0,0.0,0.0,0,0,0,0,5,insert_only_build,insert_only_build,False,False,True,False,False,False,False,False,,,0,900000,900000,900000,900000,,insert_only_build_900k,True,,900K
total_ref_5_avl.csv,total_ref_5_avl,269,current,,avlhashtree,insert_only_build_1m,0,1000000,1000000,3940910280,3940,0-10%=2.49µs(n=100000)|10-20%=2.923µs(n=100000)|20-30%=3.264µs(n=100000)|30-40%=3.479µs(n=100000)|40-50%=3.815µs(n=100000)|50-60%=4.079µs(n=100000)|60-70%=4.638µs(n=100000)|70-80%=5.02µs(n=100000)|80-90%=4.865µs(n=100000)|90-100%=4.831µs(n=100000),245.89,290.08,5692405,8000133,2308309,5691824,0,0,0,0,0,0,0,0,0,0,0,0.0,0.0,0,0,0,0,5,insert_only_build,insert_only_build,False,False,True,False,False,False,False,False,,,0,1000000,1000000,1000000,1000000,,insert_only_build_1m,True,,1M
total_ref_5_avl.csv,total_ref_5_avl,270,current,,avlhashtree,insert_only_build_2m,0,2000000,2000000,8921407109,4460,0-10%=2.772µs(n=200000)|10-20%=3.428µs(n=200000)|20-30%=4.145µs(n=200000)|30-40%=4.479µs(n=200000)|40-50%=4.564µs(n=200000)|50-60%=4.673µs(n=200000)|60-70%=5.118µs(n=200000)|70-80%=5.088µs(n=200000)|80-90%=5.183µs(n=200000)|90-100%=5.153µs(n=200000),501.65,580.19,11786054,16000167,4214697,11785470,0,0,0,0,0,0,0,0,0,0,0,0.0,0.0,0,0,0,0,5,insert_only_build,insert_only_build,False,False,True,False,False,False,False,False,,,0,2000000,2000000,2000000,2000000,,insert_only_build_2m,True,,2M
total_ref_5_avl.csv,total_ref_5_avl,271,current,,avlhashtree,insert_only_build_5m,0,5000000,5000000,26410365779,5282,0-10%=3.175µs(n=500000)|10-20%=4.199µs(n=500000)|20-30%=4.862µs(n=500000)|30-40%=5.073µs(n=500000)|40-50%=5.446µs(n=500000)|50-60%=5.65µs(n=500000)|60-70%=5.773µs(n=500000)|70-80%=5.87µs(n=500000)|80-90%=6.34µs(n=500000)|90-100%=6.428µs(n=500000),1198.92,1450.52,27199848,40000273,12801016,27199257,0,0,0,0,0,0,0,0,0,0,0,0.0,0.0,0,0,0,0,5,insert_only_build,insert_only_build,False,False,True,False,False,False,False,False,,,0,5000000,5000000,5000000,5000000,,insert_only_build_5m,True,,5M
total_ref_5_avl.csv,total_ref_5_avl,272,current,,avlhashtree,insert_only_build_10m,0,10000000,10000000,62118788367,6211,0-10%=3.795µs(n=1000000)|10-20%=5.091µs(n=1000000)|20-30%=5.689µs(n=1000000)|30-40%=5.94µs(n=1000000)|40-50%=6.347µs(n=1000000)|50-60%=6.739µs(n=1000000)|60-70%=6.845µs(n=1000000)|70-80%=7.144µs(n=1000000)|80-90%=7.281µs(n=1000000)|90-100%=7.243µs(n=1000000),2457.74,2901.24,56843003,80000432,23158024,56842408,0,0,0,0,0,0,0,0,0,0,0,0.0,0.0,0,0,0,0,5,insert_only_build,insert_only_build,False,False,True,False,False,False,False,False,,,0,10000000,10000000,10000000,10000000,,insert_only_build_10m,True,,10M
total_ref_5_avl.csv,total_ref_5_avl,273,current,,avlhashtree,insert_only_build_25m,0,25000000,25000000,179650174977,7186,0-10%=4.61µs(n=2500000)|10-20%=5.975µs(n=2500000)|20-30%=6.582µs(n=2500000)|30-40%=6.971µs(n=2500000)|40-50%=7.373µs(n=2500000)|50-60%=7.67µs(n=2500000)|60-70%=7.8µs(n=2500000)|70-80%=7.955µs(n=2500000)|80-90%=8.298µs(n=2500000)|90-100%=8.621µs(n=2500000),5852.17,7254.2,130099638,200000988,69901954,130099034,0,0,0,0,0,0,0,0,0,0,0,0.0,0.0,0,0,0,0,5,insert_only_build,insert_only_build,False,False,True,False,False,False,False,False,,,0,25000000,25000000,25000000,25000000,,insert_only_build_25m,True,,25M
total_ref_5_avl.csv,total_ref_5_avl,274,current,,avlhashtree,prehashed_ordered_insert_only_10k,0,10000,10000,19727404,1972,0-10%=1.519µs(n=1000)|10-20%=1.725µs(n=1000)|20-30%=1.82µs(n=1000)|30-40%=1.876µs(n=1000)|40-50%=1.952µs(n=1000)|50-60%=2.714µs(n=1000)|60-70%=1.973µs(n=1000)|70-80%=1.979µs(n=1000)|80-90%=2.06µs(n=1000)|90-100%=2.104µs(n=1000),1.97,2.91,62956,80050,27710,52340,0,0,0,0,0,0,0,0,0,0,0,0.0,0.0,0,0,0,0,5,insert_only_build,prehashed_ordered_insert_only,True,True,True,False,False,False,False,False,,,0,10000,10000,10000,10000,,prehashed_ordered_insert_only_10k,True,,10K
total_ref_5_avl.csv,total_ref_5_avl,275,current,,avlhashtree,prehashed_ordered_insert_only_50k,0,50000,50000,112032832,2240,0-10%=1.845µs(n=5000)|10-20%=2.124µs(n=5000)|20-30%=2.264µs(n=5000)|30-40%=2.147µs(n=5000)|40-50%=2.398µs(n=5000)|50-60%=2.21µs(n=5000)|60-70%=2.24µs(n=5000)|70-80%=2.292µs(n=5000)|80-90%=2.566µs(n=5000)|90-100%=2.316µs(n=5000),11.87,14.53,267668,400061,132954,267107,0,0,0,0,0,0,0,0,0,0,0,0.0,0.0,0,0,0,0,5,insert_only_build,prehashed_ordered_insert_only,True,True,True,False,False,False,False,False,,,0,50000,50000,50000,50000,,prehashed_ordered_insert_only_50k,True,,50K
total_ref_5_avl.csv,total_ref_5_avl,276,current,,avlhashtree,prehashed_ordered_insert_only_100k,0,100000,100000,232431293,2324,0-10%=2.041µs(n=10000)|10-20%=2.179µs(n=10000)|20-30%=2.177µs(n=10000)|30-40%=2.385µs(n=10000)|40-50%=2.288µs(n=10000)|50-60%=2.285µs(n=10000)|60-70%=2.328µs(n=10000)|70-80%=2.597µs(n=10000)|80-90%=2.456µs(n=10000)|90-100%=2.502µs(n=10000),18.5,29.03,570202,800102,330438,469664,0,0,0,0,0,0,0,0,0,0,0,0.0,0.0,0,0,0,0,5,insert_only_build,prehashed_ordered_insert_only,True,True,True,False,False,False,False,False,,,0,100000,100000,100000,100000,,prehashed_ordered_insert_only_100k,True,,100K
total_ref_5_avl.csv,total_ref_5_avl,277,current,,avlhashtree,prehashed_ordered_insert_only_200k,0,200000,200000,488406611,2442,0-10%=2.056µs(n=20000)|10-20%=2.254µs(n=20000)|20-30%=2.399µs(n=20000)|30-40%=2.383µs(n=20000)|40-50%=2.503µs(n=20000)|50-60%=2.462µs(n=20000)|60-70%=2.557µs(n=20000)|70-80%=2.61µs(n=20000)|80-90%=2.656µs(n=20000)|90-100%=2.535µs(n=20000),35.43,58.02,1076002,1600102,724642,875460,0,0,0,0,0,0,0,0,0,0,0,0.0,0.0,0,0,0,0,5,insert_only_build,prehashed_ordered_insert_only,True,True,True,False,False,False,False,False,,,0,200000,200000,200000,200000,,prehashed_ordered_insert_only_200k,True,,200K
total_ref_5_avl.csv,total_ref_5_avl,278,current,,avlhashtree,prehashed_ordered_insert_only_300k,0,300000,300000,751175918,2503,0-10%=2.105µs(n=30000)|10-20%=2.317µs(n=30000)|20-30%=2.484µs(n=30000)|30-40%=2.42µs(n=30000)|40-50%=2.572µs(n=30000)|50-60%=2.57µs(n=30000)|60-70%=2.613µs(n=30000)|70-80%=2.614µs(n=30000)|80-90%=2.678µs(n=30000)|90-100%=2.662µs(n=30000),53.3,87.01,1620335,2400071,1080307,1319764,0,0,0,0,0,0,0,0,0,0,0,0.0,0.0,0,0,0,0,5,insert_only_build,prehashed_ordered_insert_only,True,True,True,False,False,False,False,False,,,0,300000,300000,300000,300000,,prehashed_ordered_insert_only_300k,True,,300K
total_ref_5_avl.csv,total_ref_5_avl,279,current,,avlhashtree,prehashed_ordered_insert_only_500k,0,500000,500000,1278051636,2556,0-10%=2.247µs(n=50000)|10-20%=2.463µs(n=50000)|20-30%=2.397µs(n=50000)|30-40%=2.521µs(n=50000)|40-50%=2.527µs(n=50000)|50-60%=2.7µs(n=50000)|60-70%=2.728µs(n=50000)|70-80%=2.669µs(n=50000)|80-90%=2.657µs(n=50000)|90-100%=2.647µs(n=50000),95.82,145.02,2986403,4000101,1514247,2485854,0,0,0,0,0,0,0,0,0,0,0,0.0,0.0,0,0,0,0,5,insert_only_build,prehashed_ordered_insert_only,True,True,True,False,False,False,False,False,,,0,500000,500000,500000,500000,,prehashed_ordered_insert_only_500k,True,,500K
total_ref_5_avl.csv,total_ref_5_avl,280,current,,avlhashtree,prehashed_ordered_insert_only_700k,0,700000,700000,1832378471,2617,0-10%=2.234µs(n=70000)|10-20%=2.487µs(n=70000)|20-30%=2.535µs(n=70000)|30-40%=2.565µs(n=70000)|40-50%=2.622µs(n=70000)|50-60%=2.716µs(n=70000)|60-70%=2.752µs(n=70000)|70-80%=2.723µs(n=70000)|80-90%=2.77µs(n=70000)|90-100%=2.768µs(n=70000),134.56,203.03,4197036,5600103,2103621,3496482,0,0,0,0,0,0,0,0,0,0,0,0.0,0.0,0,0,0,0,5,insert_only_build,prehashed_ordered_insert_only,True,True,True,False,False,False,False,False,,,0,700000,700000,700000,700000,,prehashed_ordered_insert_only_700k,True,,700K
total_ref_5_avl.csv,total_ref_5_avl,281,current,,avlhashtree,prehashed_ordered_insert_only_900k,0,900000,900000,2389965068,2655,0-10%=2.272µs(n=90000)|10-20%=2.524µs(n=90000)|20-30%=2.583µs(n=90000)|30-40%=2.675µs(n=90000)|40-50%=2.639µs(n=90000)|50-60%=2.686µs(n=90000)|60-70%=2.857µs(n=90000)|70-80%=2.771µs(n=90000)|80-90%=2.77µs(n=90000)|90-100%=2.773µs(n=90000),172.79,261.03,5387188,7200107,2713477,4486630,0,0,0,0,0,0,0,0,0,0,0,0.0,0.0,0,0,0,0,5,insert_only_build,prehashed_ordered_insert_only,True,True,True,False,False,False,False,False,,,0,900000,900000,900000,900000,,prehashed_ordered_insert_only_900k,True,,900K
total_ref_5_avl.csv,total_ref_5_avl,282,current,,avlhashtree,prehashed_ordered_insert_only_1m,0,1000000,1000000,2648962053,2648,0-10%=2.332µs(n=100000)|10-20%=2.577µs(n=100000)|20-30%=2.52µs(n=100000)|30-40%=2.651µs(n=100000)|40-50%=2.611µs(n=100000)|50-60%=2.77µs(n=100000)|60-70%=2.8µs(n=100000)|70-80%=2.744µs(n=100000)|80-90%=2.741µs(n=100000)|90-100%=2.738µs(n=100000),192.54,290.04,6008291,8000112,2992381,5007731,0,0,0,0,0,0,0,0,0,0,0,0.0,0.0,0,0,0,0,5,insert_only_build,prehashed_ordered_insert_only,True,True,True,False,False,False,False,False,,,0,1000000,1000000,1000000,1000000,,prehashed_ordered_insert_only_1m,True,,1M
total_ref_5_avl.csv,total_ref_5_avl,283,current,,avlhashtree,prehashed_ordered_insert_only_2m,0,2000000,2000000,5532971479,2766,0-10%=2.422µs(n=200000)|10-20%=2.646µs(n=200000)|20-30%=2.68µs(n=200000)|30-40%=2.819µs(n=200000)|40-50%=2.777µs(n=200000)|50-60%=2.873µs(n=200000)|60-70%=2.879µs(n=200000)|70-80%=2.86µs(n=200000)|80-90%=2.851µs(n=200000)|90-100%=2.852µs(n=200000),385.35,580.04,12027169,16000134,5973520,10026614,0,0,0,0,0,0,0,0,0,0,0,0.0,0.0,0,0,0,0,5,insert_only_build,prehashed_ordered_insert_only,True,True,True,False,False,False,False,False,,,0,2000000,2000000,2000000,2000000,,prehashed_ordered_insert_only_2m,True,,2M
total_ref_5_avl.csv,total_ref_5_avl,284,current,,avlhashtree,prehashed_ordered_insert_only_5m,0,5000000,5000000,14780542147,2956,0-10%=2.527µs(n=500000)|10-20%=2.76µs(n=500000)|20-30%=2.795µs(n=500000)|30-40%=2.883µs(n=500000)|40-50%=3.011µs(n=500000)|50-60%=3.055µs(n=500000)|60-70%=3.163µs(n=500000)|70-80%=3.044µs(n=500000)|80-90%=3.145µs(n=500000)|90-100%=3.172µs(n=500000),952.46,1450.04,29621644,40000158,15379072,24621086,0,0,0,0,0,0,0,0,0,0,0,0.0,0.0,0,0,0,0,5,insert_only_build,prehashed_ordered_insert_only,True,True,True,False,False,False,False,False,,,0,5000000,5000000,5000000,5000000,,prehashed_ordered_insert_only_5m,True,,5M
total_ref_5_avl.csv,total_ref_5_avl,285,current,,avlhashtree,prehashed_ordered_insert_only_10m,0,10000000,10000000,30458706860,3045,0-10%=2.649µs(n=1000000)|10-20%=2.88µs(n=1000000)|20-30%=2.914µs(n=1000000)|30-40%=3.011µs(n=1000000)|40-50%=3.047µs(n=1000000)|50-60%=3.084µs(n=1000000)|60-70%=3.23µs(n=1000000)|70-80%=3.203µs(n=1000000)|80-90%=3.189µs(n=1000000)|90-100%=3.247µs(n=1000000),1918.52,2900.02,59800786,80000237,30200016,49800221,0,0,0,0,0,0,0,0,0,0,0,0.0,0.0,0,0,0,0,5,insert_only_build,prehashed_ordered_insert_only,True,True,True,False,False,False,False,False,,,0,10000000,10000000,10000000,10000000,,prehashed_ordered_insert_only_10m,True,,10M
total_ref_5_avl.csv,total_ref_5_avl,286,current,,avlhashtree,prehashed_ordered_insert_only_25m,0,25000000,25000000,81135053776,3245,0-10%=2.811µs(n=2500000)|10-20%=3.071µs(n=2500000)|20-30%=3.057µs(n=2500000)|30-40%=3.189µs(n=2500000)|40-50%=3.169µs(n=2500000)|50-60%=3.285µs(n=2500000)|60-70%=3.412µs(n=2500000)|70-80%=3.474µs(n=2500000)|80-90%=3.468µs(n=2500000)|90-100%=3.513µs(n=2500000),4784.37,7249.68,149025928,200000342,75974981,124025361,0,0,0,0,0,0,0,0,0,0,0,0.0,0.0,0,0,0,0,5,insert_only_build,prehashed_ordered_insert_only,True,True,True,False,False,False,False,False,,,0,25000000,25000000,25000000,25000000,,prehashed_ordered_insert_only_25m,True,,25M
total_ref_5_avl.csv,total_ref_5_avl,287,current,,avlhashtree,proof_only_after_10k_build_sample_5pct,10000,10000,0,0,0,,0.0,0.0,0,0,0,0,260748,521,1574,4105,0,0,0,0,0,0,0,0.0,0.0,0,0,0,0,5,proof_only_after_build,proof_only_after_build,False,False,False,True,False,False,False,False,5.0,5.0,10000,0,10000,10000,10000,,proof_only_after_10k_build_sample_5pct,True,,10K
total_ref_5_avl.csv,total_ref_5_avl,288,current,,avlhashtree,proof_only_after_50k_build_sample_5pct,50000,50000,0,0,0,,0.0,0.0,0,0,0,0,1568870,627,1855,4102,0,0,0,0,0,0,0,0.0,0.0,0,0,0,0,5,proof_only_after_build,proof_only_after_build,False,False,False,True,False,False,False,False,5.0,5.0,50000,0,50000,50000,50000,,proof_only_after_50k_build_sample_5pct,True,,50K
total_ref_5_avl.csv,total_ref_5_avl,289,current,,avlhashtree,proof_only_after_100k_build_sample_5pct,100000,100000,0,0,0,,0.0,0.0,0,0,0,0,3112701,622,1976,4532,0,0,0,0,0,0,0,0.0,0.0,0,0,0,0,5,proof_only_after_build,proof_only_after_build,False,False,False,True,False,False,False,False,5.0,5.0,100000,0,100000,100000,100000,,proof_only_after_100k_build_sample_5pct,True,,100K
total_ref_5_avl.csv,total_ref_5_avl,290,current,,avlhashtree,proof_only_after_200k_build_sample_5pct,200000,200000,0,0,0,,0.0,0.0,0,0,0,0,7547713,754,2098,4728,0,0,0,0,0,0,0,0.0,0.0,0,0,0,0,5,proof_only_after_build,proof_only_after_build,False,False,False,True,False,False,False,False,5.0,5.0,200000,0,200000,200000,200000,,proof_only_after_200k_build_sample_5pct,True,,200K
total_ref_5_avl.csv,total_ref_5_avl,291,current,,avlhashtree,proof_only_after_300k_build_sample_5pct,300000,300000,0,0,0,,0.0,0.0,0,0,0,0,13521845,901,2166,4915,0,0,0,0,0,0,0,0.0,0.0,0,0,0,0,5,proof_only_after_build,proof_only_after_build,False,False,False,True,False,False,False,False,5.0,5.0,300000,0,300000,300000,300000,,proof_only_after_300k_build_sample_5pct,True,,300K
total_ref_5_avl.csv,total_ref_5_avl,292,current,,avlhashtree,proof_only_after_500k_build_sample_5pct,500000,500000,0,0,0,,0.0,0.0,0,0,0,0,32216965,1288,2257,5251,0,0,0,0,0,0,0,0.0,0.0,0,0,0,0,5,proof_only_after_build,proof_only_after_build,False,False,False,True,False,False,False,False,5.0,5.0,500000,0,500000,500000,500000,,proof_only_after_500k_build_sample_5pct,True,,500K
total_ref_5_avl.csv,total_ref_5_avl,293,current,,avlhashtree,proof_only_after_700k_build_sample_5pct,700000,700000,0,0,0,,0.0,0.0,0,0,0,0,47486077,1356,2316,5324,0,0,0,0,0,0,0,0.0,0.0,0,0,0,0,5,proof_only_after_build,proof_only_after_build,False,False,False,True,False,False,False,False,5.0,5.0,700000,0,700000,700000,700000,,proof_only_after_700k_build_sample_5pct,True,,700K
total_ref_5_avl.csv,total_ref_5_avl,294,current,,avlhashtree,proof_only_after_900k_build_sample_5pct,900000,900000,0,0,0,,0.0,0.0,0,0,0,0,73626994,1636,2361,5537,0,0,0,0,0,0,0,0.0,0.0,0,0,0,0,5,proof_only_after_build,proof_only_after_build,False,False,False,True,False,False,False,False,5.0,5.0,900000,0,900000,900000,900000,,proof_only_after_900k_build_sample_5pct,True,,900K
total_ref_5_avl.csv,total_ref_5_avl,295,current,,avlhashtree,proof_only_after_1m_build_sample_5pct,1000000,1000000,0,0,0,,0.0,0.0,0,0,0,0,82022426,1640,2377,5602,0,0,0,0,0,0,0,0.0,0.0,0,0,0,0,5,proof_only_after_build,proof_only_after_build,False,False,False,True,False,False,False,False,5.0,5.0,1000000,0,1000000,1000000,1000000,,proof_only_after_1m_build_sample_5pct,True,,1M
total_ref_5_avl.csv,total_ref_5_avl,296,current,,avlhashtree,proof_only_after_2m_build_sample_3pct,2000000,2000000,0,0,0,,0.0,0.0,0,0,0,0,114422035,1907,2498,6159,0,0,0,0,0,0,0,0.0,0.0,0,0,0,0,5,proof_only_after_build,proof_only_after_build,False,False,False,True,False,False,False,False,3.0,3.0,2000000,0,2000000,2000000,2000000,,proof_only_after_2m_build_sample_3pct,True,,2M
total_ref_5_avl.csv,total_ref_5_avl,297,current,,avlhashtree,proof_only_after_5m_build_sample_3pct,5000000,5000000,0,0,0,,0.0,0.0,0,0,0,0,333964531,2226,2662,6588,0,0,0,0,0,0,0,0.0,0.0,0,0,0,0,5,proof_only_after_build,proof_only_after_build,False,False,False,True,False,False,False,False,3.0,3.0,5000000,0,5000000,5000000,5000000,,proof_only_after_5m_build_sample_3pct,True,,5M
total_ref_5_avl.csv,total_ref_5_avl,298,current,,avlhashtree,proof_only_after_10m_build_sample_2pct,10000000,10000000,0,0,0,,0.0,0.0,0,0,0,0,501248811,2506,2781,6777,0,0,0,0,0,0,0,0.0,0.0,0,0,0,0,5,proof_only_after_build,proof_only_after_build,False,False,False,True,False,False,False,False,2.0,2.0,10000000,0,10000000,10000000,10000000,,proof_only_after_10m_build_sample_2pct,True,,10M
total_ref_5_avl.csv,total_ref_5_avl,299,current,,avlhashtree,proof_only_after_25m_build_sample_2pct,25000000,25000000,0,0,0,,0.0,0.0,0,0,0,0,1777256088,3554,2944,9151,0,0,0,0,0,0,0,0.0,0.0,0,0,0,0,5,proof_only_after_build,proof_only_after_build,False,False,False,True,False,False,False,False,2.0,2.0,25000000,0,25000000,25000000,25000000,,proof_only_after_25m_build_sample_2pct,True,,25M
total_ref_5_avl.csv,total_ref_5_avl,300,current,,avlhashtree,build_10k_then_add_2k_new,10000,12000,2000,4402674,2201,0-10%=2.175µs(n=200)|10-20%=2.385µs(n=200)|20-30%=2.148µs(n=200)|30-40%=2.119µs(n=200)|40-50%=2.164µs(n=200)|50-60%=2.178µs(n=200)|60-70%=2.195µs(n=200)|70-80%=2.188µs(n=200)|80-90%=2.083µs(n=200)|90-100%=2.369µs(n=200),0.59,0.59,65732,16039,1001,15038,0,0,0,0,0,0,0,0,0,0,0,0.0,0.0,0,0,0,0,5,build_then_add_new,build_then_add_new,False,False,False,False,False,True,True,False,,,10000,2000,12000,10000,10000,2000,build_10k_then_add_2k_new,True,,10K
total_ref_5_avl.csv,total_ref_5_avl,301,current,,avlhashtree,build_50k_then_add_10k_new,50000,60000,10000,26293442,2629,0-10%=2.8µs(n=1000)|10-20%=2.707µs(n=1000)|20-30%=2.576µs(n=1000)|30-40%=2.621µs(n=1000)|40-50%=2.604µs(n=1000)|50-60%=2.529µs(n=1000)|60-70%=2.666µs(n=1000)|70-80%=2.591µs(n=1000)|80-90%=2.533µs(n=1000)|90-100%=2.66µs(n=1000),2.91,2.91,325741,80041,5001,75040,0,0,0,0,0,0,0,0,0,0,0,0.0,0.0,0,0,0,0,5,build_then_add_new,build_then_add_new,False,False,False,False,False,True,True,False,,,50000,10000,60000,50000,50000,10000,build_50k_then_add_10k_new,True,,50K
total_ref_5_avl.csv,total_ref_5_avl,302,current,,avlhashtree,build_100k_then_add_20k_new,100000,120000,20000,59306717,2965,0-10%=3.126µs(n=2000)|10-20%=3.01µs(n=2000)|20-30%=2.987µs(n=2000)|30-40%=2.988µs(n=2000)|40-50%=2.961µs(n=2000)|50-60%=2.925µs(n=2000)|60-70%=2.917µs(n=2000)|70-80%=2.935µs(n=2000)|80-90%=2.934µs(n=2000)|90-100%=2.864µs(n=2000),5.81,5.81,650747,160041,10001,150040,0,0,0,0,0,0,0,0,0,0,0,0.0,0.0,0,0,0,0,5,build_then_add_new,build_then_add_new,False,False,False,False,False,True,True,False,,,100000,20000,120000,100000,100000,20000,build_100k_then_add_20k_new,True,,100K
total_ref_5_avl.csv,total_ref_5_avl,303,current,,avlhashtree,build_200k_then_add_40k_new,200000,240000,40000,126185405,3154,0-10%=3.246µs(n=4000)|10-20%=3.128µs(n=4000)|20-30%=3.101µs(n=4000)|30-40%=3.14µs(n=4000)|40-50%=3.169µs(n=4000)|50-60%=3.121µs(n=4000)|60-70%=3.141µs(n=4000)|70-80%=3.126µs(n=4000)|80-90%=3.172µs(n=4000)|90-100%=3.197µs(n=4000),11.63,11.63,1300754,320046,20001,300045,0,0,0,0,0,0,0,0,0,0,0,0.0,0.0,0,0,0,0,5,build_then_add_new,build_then_add_new,False,False,False,False,False,True,True,False,,,200000,40000,240000,200000,200000,40000,build_200k_then_add_40k_new,True,,200K
total_ref_5_avl.csv,total_ref_5_avl,304,current,,avlhashtree,build_300k_then_add_60k_new,300000,360000,60000,222487257,3708,0-10%=3.769µs(n=6000)|10-20%=3.593µs(n=6000)|20-30%=3.547µs(n=6000)|30-40%=4.366µs(n=6000)|40-50%=4.094µs(n=6000)|50-60%=3.565µs(n=6000)|60-70%=3.544µs(n=6000)|70-80%=3.539µs(n=6000)|80-90%=3.541µs(n=6000)|90-100%=3.518µs(n=6000),17.42,17.42,1950759,480048,30001,450047,0,0,0,0,0,0,0,0,0,0,0,0.0,0.0,0,0,0,0,5,build_then_add_new,build_then_add_new,False,False,False,False,False,True,True,False,,,300000,60000,360000,300000,300000,60000,build_300k_then_add_60k_new,True,,300K
total_ref_5_avl.csv,total_ref_5_avl,305,current,,avlhashtree,build_500k_then_add_100k_new,500000,600000,100000,414911551,4149,0-10%=4.359µs(n=10000)|10-20%=4.258µs(n=10000)|20-30%=4.219µs(n=10000)|30-40%=4.093µs(n=10000)|40-50%=4.054µs(n=10000)|50-60%=4.054µs(n=10000)|60-70%=4.047µs(n=10000)|70-80%=4.052µs(n=10000)|80-90%=4.093µs(n=10000)|90-100%=4.257µs(n=10000),29.02,29.02,3250770,800052,50001,750051,0,0,0,0,0,0,0,0,0,0,0,0.0,0.0,0,0,0,0,5,build_then_add_new,build_then_add_new,False,False,False,False,False,True,True,False,,,500000,100000,600000,500000,500000,100000,build_500k_then_add_100k_new,True,,500K
total_ref_5_avl.csv,total_ref_5_avl,306,current,,avlhashtree,build_700k_then_add_140k_new,700000,840000,140000,688786632,4919,0-10%=5.188µs(n=14000)|10-20%=4.791µs(n=14000)|20-30%=4.625µs(n=14000)|30-40%=4.721µs(n=14000)|40-50%=4.644µs(n=14000)|50-60%=4.634µs(n=14000)|60-70%=4.84µs(n=14000)|70-80%=4.888µs(n=14000)|80-90%=5.939µs(n=14000)|90-100%=4.922µs(n=14000),40.63,40.63,4550786,1120055,70001,1050054,0,0,0,0,0,0,0,0,0,0,0,0.0,0.0,0,0,0,0,5,build_then_add_new,build_then_add_new,False,False,False,False,False,True,True,False,,,700000,140000,840000,700000,700000,140000,build_700k_then_add_140k_new,True,,700K
total_ref_5_avl.csv,total_ref_5_avl,307,current,,avlhashtree,build_900k_then_add_180k_new,900000,1080000,180000,869407269,4830,0-10%=5.336µs(n=18000)|10-20%=5.31µs(n=18000)|20-30%=4.815µs(n=18000)|30-40%=4.619µs(n=18000)|40-50%=4.572µs(n=18000)|50-60%=4.744µs(n=18000)|60-70%=4.73µs(n=18000)|70-80%=4.687µs(n=18000)|80-90%=4.761µs(n=18000)|90-100%=4.722µs(n=18000),52.23,52.23,5850788,1440056,90001,1350055,0,0,0,0,0,0,0,0,0,0,0,0.0,0.0,0,0,0,0,5,build_then_add_new,build_then_add_new,False,False,False,False,False,True,True,False,,,900000,180000,1080000,900000,900000,180000,build_900k_then_add_180k_new,True,,900K
total_ref_5_avl.csv,total_ref_5_avl,308,current,,avlhashtree,build_1m_then_add_200k_new,1000000,1200000,200000,969462248,4847,0-10%=5.475µs(n=20000)|10-20%=4.962µs(n=20000)|20-30%=4.829µs(n=20000)|30-40%=4.886µs(n=20000)|40-50%=4.787µs(n=20000)|50-60%=4.699µs(n=20000)|60-70%=4.726µs(n=20000)|70-80%=4.707µs(n=20000)|80-90%=4.702µs(n=20000)|90-100%=4.696µs(n=20000),58.03,58.03,6500793,1600056,100001,1500055,0,0,0,0,0,0,0,0,0,0,0,0.0,0.0,0,0,0,0,5,build_then_add_new,build_then_add_new,False,False,False,False,False,True,True,False,,,1000000,200000,1200000,1000000,1000000,200000,build_1m_then_add_200k_new,True,,1M
total_ref_5_avl.csv,total_ref_5_avl,309,current,,avlhashtree,build_2m_then_add_400k_new,2000000,2400000,400000,2244299383,5610,0-10%=6.087µs(n=40000)|10-20%=5.572µs(n=40000)|20-30%=5.552µs(n=40000)|30-40%=5.572µs(n=40000)|40-50%=5.83µs(n=40000)|50-60%=5.526µs(n=40000)|60-70%=5.45µs(n=40000)|70-80%=5.439µs(n=40000)|80-90%=5.514µs(n=40000)|90-100%=5.56µs(n=40000),116.06,116.06,13000811,3200063,200001,3000062,0,0,0,0,0,0,0,0,0,0,0,0.0,0.0,0,0,0,0,5,build_then_add_new,build_then_add_new,False,False,False,False,False,True,True,False,,,2000000,400000,2400000,2000000,2000000,400000,build_2m_then_add_400k_new,True,,2M
total_ref_5_avl.csv,total_ref_5_avl,310,current,,avlhashtree,build_5m_then_add_1m_new,5000000,6000000,1000000,6634765614,6634,0-10%=7.033µs(n=100000)|10-20%=6.661µs(n=100000)|20-30%=6.565µs(n=100000)|30-40%=6.536µs(n=100000)|40-50%=6.621µs(n=100000)|50-60%=6.469µs(n=100000)|60-70%=6.501µs(n=100000)|70-80%=6.561µs(n=100000)|80-90%=6.648µs(n=100000)|90-100%=6.747µs(n=100000),290.16,290.16,32500838,8000081,500001,7500080,0,0,0,0,0,0,0,0,0,0,0,0.0,0.0,0,0,0,0,5,build_then_add_new,build_then_add_new,False,False,False,False,False,True,True,False,,,5000000,1000000,6000000,5000000,5000000,1000000,build_5m_then_add_1m_new,True,,5M
total_ref_5_avl.csv,total_ref_5_avl,311,current,,avlhashtree,build_10m_then_add_2m_new,10000000,12000000,2000000,14891424123,7445,0-10%=7.557µs(n=200000)|10-20%=7.415µs(n=200000)|20-30%=7.616µs(n=200000)|30-40%=7.566µs(n=200000)|40-50%=7.223µs(n=200000)|50-60%=7.33µs(n=200000)|60-70%=7.497µs(n=200000)|70-80%=7.495µs(n=200000)|80-90%=7.503µs(n=200000)|90-100%=7.25µs(n=200000),580.36,580.36,65000876,16000117,1000001,15000116,0,0,0,0,0,0,0,0,0,0,0,0.0,0.0,0,0,0,0,5,build_then_add_new,build_then_add_new,False,False,False,False,False,True,True,False,,,10000000,2000000,12000000,10000000,10000000,2000000,build_10m_then_add_2m_new,True,,10M
total_ref_5_avl.csv,total_ref_5_avl,312,current,,avlhashtree,build_25m_then_add_5m_new,25000000,30000000,5000000,43927939309,8785,0-10%=8.898µs(n=500000)|10-20%=8.77µs(n=500000)|20-30%=8.499µs(n=500000)|30-40%=8.749µs(n=500000)|40-50%=8.841µs(n=500000)|50-60%=8.755µs(n=500000)|60-70%=8.691µs(n=500000)|70-80%=8.966µs(n=500000)|80-90%=8.902µs(n=500000)|90-100%=8.781µs(n=500000),1451.18,1451.18,162501022,40000257,2500001,37500256,0,0,0,0,0,0,0,0,0,0,0,0.0,0.0,0,0,0,0,5,build_then_add_new,build_then_add_new,False,False,False,False,False,True,True,False,,,25000000,5000000,30000000,25000000,25000000,5000000,build_25m_then_add_5m_new,True,,25M
total_ref_5_avl.csv,total_ref_5_avl,313,current,,avlhashtree,build_10k_then_reinsert_2k_existing,10000,10000,2000,3199102,1599,0-10%=1.333µs(n=200)|10-20%=1.555µs(n=200)|20-30%=1.57µs(n=200)|30-40%=1.532µs(n=200)|40-50%=1.596µs(n=200)|50-60%=1.673µs(n=200)|60-70%=1.625µs(n=200)|70-80%=1.697µs(n=200)|80-90%=1.695µs(n=200)|90-100%=1.709µs(n=200),0.29,0.29,61805,12041,1001,11040,0,0,0,0,0,0,0,0,0,0,0,0.0,0.0,0,0,0,0,5,build_then_reinsert_existing,build_then_reinsert_existing,False,False,False,False,False,False,False,True,,,10000,2000,10000,10000,10000,2000,build_10k_then_reinsert_2k_existing,True,,10K
total_ref_5_avl.csv,total_ref_5_avl,314,current,,avlhashtree,build_50k_then_reinsert_10k_existing,50000,50000,10000,20230500,2023,0-10%=1.826µs(n=1000)|10-20%=1.91µs(n=1000)|20-30%=1.941µs(n=1000)|30-40%=2.056µs(n=1000)|40-50%=2.031µs(n=1000)|50-60%=2µs(n=1000)|60-70%=2.161µs(n=1000)|70-80%=2.015µs(n=1000)|80-90%=2.065µs(n=1000)|90-100%=2.22µs(n=1000),1.39,1.39,305818,60041,5001,55040,0,0,0,0,0,0,0,0,0,0,0,0.0,0.0,0,0,0,0,5,build_then_reinsert_existing,build_then_reinsert_existing,False,False,False,False,False,False,False,True,,,50000,10000,50000,50000,50000,10000,build_50k_then_reinsert_10k_existing,True,,50K
total_ref_5_avl.csv,total_ref_5_avl,315,current,,avlhashtree,build_100k_then_reinsert_20k_existing,100000,100000,20000,42762247,2138,0-10%=1.878µs(n=2000)|10-20%=2.036µs(n=2000)|20-30%=2.069µs(n=2000)|30-40%=2.137µs(n=2000)|40-50%=2.173µs(n=2000)|50-60%=2.175µs(n=2000)|60-70%=2.166µs(n=2000)|70-80%=2.204µs(n=2000)|80-90%=2.265µs(n=2000)|90-100%=2.272µs(n=2000),2.76,2.76,610821,120041,10001,110040,0,0,0,0,0,0,0,0,0,0,0,0.0,0.0,0,0,0,0,5,build_then_reinsert_existing,build_then_reinsert_existing,False,False,False,False,False,False,False,True,,,100000,20000,100000,100000,100000,20000,build_100k_then_reinsert_20k_existing,True,,100K
total_ref_5_avl.csv,total_ref_5_avl,316,current,,avlhashtree,build_200k_then_reinsert_40k_existing,200000,200000,40000,102429453,2560,0-10%=2.186µs(n=4000)|10-20%=2.443µs(n=4000)|20-30%=2.51µs(n=4000)|30-40%=2.57µs(n=4000)|40-50%=2.652µs(n=4000)|50-60%=2.662µs(n=4000)|60-70%=2.637µs(n=4000)|70-80%=2.645µs(n=4000)|80-90%=2.633µs(n=4000)|90-100%=2.665µs(n=4000),5.52,5.52,1220833,240048,20001,220047,0,0,0,0,0,0,0,0,0,0,0,0.0,0.0,0,0,0,0,5,build_then_reinsert_existing,build_then_reinsert_existing,False,False,False,False,False,False,False,True,,,200000,40000,200000,200000,200000,40000,build_200k_then_reinsert_40k_existing,True,,200K
total_ref_5_avl.csv,total_ref_5_avl,317,current,,avlhashtree,build_300k_then_reinsert_60k_existing,300000,300000,60000,173821911,2897,0-10%=2.659µs(n=6000)|10-20%=2.77µs(n=6000)|20-30%=2.823µs(n=6000)|30-40%=2.874µs(n=6000)|40-50%=2.9µs(n=6000)|50-60%=2.904µs(n=6000)|60-70%=2.992µs(n=6000)|70-80%=2.991µs(n=6000)|80-90%=3.003µs(n=6000)|90-100%=3.048µs(n=6000),8.27,8.27,1830840,360048,30001,330047,0,0,0,0,0,0,0,0,0,0,0,0.0,0.0,0,0,0,0,5,build_then_reinsert_existing,build_then_reinsert_existing,False,False,False,False,False,False,False,True,,,300000,60000,300000,300000,300000,60000,build_300k_then_reinsert_60k_existing,True,,300K
total_ref_5_avl.csv,total_ref_5_avl,318,current,,avlhashtree,build_500k_then_reinsert_100k_existing,500000,500000,100000,323620865,3236,0-10%=2.879µs(n=10000)|10-20%=3.174µs(n=10000)|20-30%=3.263µs(n=10000)|30-40%=3.244µs(n=10000)|40-50%=3.206µs(n=10000)|50-60%=3.269µs(n=10000)|60-70%=3.302µs(n=10000)|70-80%=3.313µs(n=10000)|80-90%=3.349µs(n=10000)|90-100%=3.359µs(n=10000),13.76,13.76,3050849,600050,50001,550049,0,0,0,0,0,0,0,0,0,0,0,0.0,0.0,0,0,0,0,5,build_then_reinsert_existing,build_then_reinsert_existing,False,False,False,False,False,False,False,True,,,500000,100000,500000,500000,500000,100000,build_500k_then_reinsert_100k_existing,True,,500K
total_ref_5_avl.csv,total_ref_5_avl,319,current,,avlhashtree,build_700k_then_reinsert_140k_existing,700000,700000,140000,493008141,3521,0-10%=3.165µs(n=14000)|10-20%=3.389µs(n=14000)|20-30%=3.483µs(n=14000)|30-40%=3.562µs(n=14000)|40-50%=3.593µs(n=14000)|50-60%=3.595µs(n=14000)|60-70%=3.525µs(n=14000)|70-80%=3.584µs(n=14000)|80-90%=3.631µs(n=14000)|90-100%=3.684µs(n=14000),19.26,19.26,4270851,840050,70001,770049,0,0,0,0,0,0,0,0,0,0,0,0.0,0.0,0,0,0,0,5,build_then_reinsert_existing,build_then_reinsert_existing,False,False,False,False,False,False,False,True,,,700000,140000,700000,700000,700000,140000,build_700k_then_reinsert_140k_existing,True,,700K
total_ref_5_avl.csv,total_ref_5_avl,320,current,,avlhashtree,build_900k_then_reinsert_180k_existing,900000,900000,180000,662893047,3682,0-10%=3.395µs(n=18000)|10-20%=3.513µs(n=18000)|20-30%=3.554µs(n=18000)|30-40%=3.642µs(n=18000)|40-50%=3.611µs(n=18000)|50-60%=3.664µs(n=18000)|60-70%=3.761µs(n=18000)|70-80%=3.808µs(n=18000)|80-90%=3.93µs(n=18000)|90-100%=3.944µs(n=18000),24.76,24.76,5490861,1080055,90001,990054,0,0,0,0,0,0,0,0,0,0,0,0.0,0.0,0,0,0,0,5,build_then_reinsert_existing,build_then_reinsert_existing,False,False,False,False,False,False,False,True,,,900000,180000,900000,900000,900000,180000,build_900k_then_reinsert_180k_existing,True,,900K
total_ref_5_avl.csv,total_ref_5_avl,321,current,,avlhashtree,build_1m_then_reinsert_200k_existing,1000000,1000000,200000,733436278,3667,0-10%=3.291µs(n=20000)|10-20%=3.501µs(n=20000)|20-30%=3.632µs(n=20000)|30-40%=3.647µs(n=20000)|40-50%=3.702µs(n=20000)|50-60%=3.659µs(n=20000)|60-70%=3.684µs(n=20000)|70-80%=3.752µs(n=20000)|80-90%=3.855µs(n=20000)|90-100%=3.944µs(n=20000),27.51,27.51,6100860,1200053,100001,1100052,0,0,0,0,0,0,0,0,0,0,0,0.0,0.0,0,0,0,0,5,build_then_reinsert_existing,build_then_reinsert_existing,False,False,False,False,False,False,False,True,,,1000000,200000,1000000,1000000,1000000,200000,build_1m_then_reinsert_200k_existing,True,,1M
total_ref_5_avl.csv,total_ref_5_avl,322,current,,avlhashtree,build_2m_then_reinsert_400k_existing,2000000,2000000,400000,1730545907,4326,0-10%=3.813µs(n=40000)|10-20%=4.014µs(n=40000)|20-30%=4.153µs(n=40000)|30-40%=4.419µs(n=40000)|40-50%=4.47µs(n=40000)|50-60%=4.428µs(n=40000)|60-70%=4.411µs(n=40000)|70-80%=4.385µs(n=40000)|80-90%=4.526µs(n=40000)|90-100%=4.639µs(n=40000),55.01,55.01,12200876,2400059,200001,2200058,0,0,0,0,0,0,0,0,0,0,0,0.0,0.0,0,0,0,0,5,build_then_reinsert_existing,build_then_reinsert_existing,False,False,False,False,False,False,False,True,,,2000000,400000,2000000,2000000,2000000,400000,build_2m_then_reinsert_400k_existing,True,,2M
total_ref_5_avl.csv,total_ref_5_avl,323,current,,avlhashtree,build_5m_then_reinsert_1m_existing,5000000,5000000,1000000,5129919880,5129,0-10%=4.378µs(n=100000)|10-20%=4.66µs(n=100000)|20-30%=4.901µs(n=100000)|30-40%=5.111µs(n=100000)|40-50%=5.327µs(n=100000)|50-60%=5.292µs(n=100000)|60-70%=5.408µs(n=100000)|70-80%=5.318µs(n=100000)|80-90%=5.449µs(n=100000)|90-100%=5.45µs(n=100000),137.52,137.52,30500910,6000080,500001,5500079,0,0,0,0,0,0,0,0,0,0,0,0.0,0.0,0,0,0,0,5,build_then_reinsert_existing,build_then_reinsert_existing,False,False,False,False,False,False,False,True,,,5000000,1000000,5000000,5000000,5000000,1000000,build_5m_then_reinsert_1m_existing,True,,5M
total_ref_5_avl.csv,total_ref_5_avl,324,current,,avlhashtree,build_10m_then_reinsert_2m_existing,10000000,10000000,2000000,11882565675,5941,0-10%=4.766µs(n=200000)|10-20%=5.451µs(n=200000)|20-30%=5.631µs(n=200000)|30-40%=5.834µs(n=200000)|40-50%=5.953µs(n=200000)|50-60%=5.974µs(n=200000)|60-70%=6.228µs(n=200000)|70-80%=6.394µs(n=200000)|80-90%=6.591µs(n=200000)|90-100%=6.585µs(n=200000),275.08,275.08,61000933,12000104,1000000,11000104,0,0,0,0,0,0,0,0,0,0,0,0.0,0.0,0,0,0,0,5,build_then_reinsert_existing,build_then_reinsert_existing,False,False,False,False,False,False,False,True,,,10000000,2000000,10000000,10000000,10000000,2000000,build_10m_then_reinsert_2m_existing,True,,10M
total_ref_5_avl.csv,total_ref_5_avl,325,current,,avlhashtree,build_25m_then_reinsert_5m_existing,25000000,25000000,5000000,35208422226,7041,0-10%=5.67µs(n=500000)|10-20%=6.556µs(n=500000)|20-30%=6.848µs(n=500000)|30-40%=7.081µs(n=500000)|40-50%=7.172µs(n=500000)|50-60%=7.191µs(n=500000)|60-70%=7.249µs(n=500000)|70-80%=7.567µs(n=500000)|80-90%=7.508µs(n=500000)|90-100%=7.571µs(n=500000),687.8,687.8,152501032,30000198,2500001,27500197,0,0,0,0,0,0,0,0,0,0,0,0.0,0.0,0,0,0,0,5,build_then_reinsert_existing,build_then_reinsert_existing,False,False,False,False,False,False,False,True,,,25000000,5000000,25000000,25000000,25000000,5000000,build_25m_then_reinsert_5m_existing,True,,25M
total_ref_5_avl.csv,total_ref_5_avl,326,current,,avlhashtree,insert_only_build_10k,0,10000,10000,20168669,2016,0-10%=1.698µs(n=1000)|10-20%=1.802µs(n=1000)|20-30%=1.843µs(n=1000)|30-40%=1.941µs(n=1000)|40-50%=1.932µs(n=1000)|50-60%=2.049µs(n=1000)|60-70%=2.005µs(n=1000)|70-80%=2.685µs(n=1000)|80-90%=2.08µs(n=1000)|90-100%=2.127µs(n=1000),2.44,2.93,56216,80057,24331,55726,0,0,0,0,0,0,0,0,0,0,0,0.0,0.0,0,0,0,0,6,insert_only_build,insert_only_build,False,False,True,False,False,False,False,False,,,0,10000,10000,10000,10000,,insert_only_build_10k,True,,10K
total_ref_5_avl.csv,total_ref_5_avl,327,current,,avlhashtree,insert_only_build_50k,0,50000,50000,116338867,2326,0-10%=1.824µs(n=5000)|10-20%=2.169µs(n=5000)|20-30%=2.166µs(n=5000)|30-40%=2.405µs(n=5000)|40-50%=2.295µs(n=5000)|50-60%=2.32µs(n=5000)|60-70%=2.359µs(n=5000)|70-80%=2.586µs(n=5000)|80-90%=2.558µs(n=5000)|90-100%=2.58µs(n=5000),12.22,14.56,280818,400093,119770,280323,0,0,0,0,0,0,0,0,0,0,0,0.0,0.0,0,0,0,0,6,insert_only_build,insert_only_build,False,False,True,False,False,False,False,False,,,0,50000,50000,50000,50000,,insert_only_build_50k,True,,50K
total_ref_5_avl.csv,total_ref_5_avl,328,current,,avlhashtree,insert_only_build_100k,0,100000,100000,253373628,2533,0-10%=2.032µs(n=10000)|10-20%=2.364µs(n=10000)|20-30%=2.335µs(n=10000)|30-40%=2.494µs(n=10000)|40-50%=2.481µs(n=10000)|50-60%=2.58µs(n=10000)|60-70%=2.712µs(n=10000)|70-80%=2.716µs(n=10000)|80-90%=2.785µs(n=10000)|90-100%=2.833µs(n=10000),24.63,29.05,570800,800090,229828,570262,0,0,0,0,0,0,0,0,0,0,0,0.0,0.0,0,0,0,0,6,insert_only_build,insert_only_build,False,False,True,False,False,False,False,False,,,0,100000,100000,100000,100000,,insert_only_build_100k,True,,100K
total_ref_5_avl.csv,total_ref_5_avl,329,current,,avlhashtree,insert_only_build_200k,0,200000,200000,599034388,2995,0-10%=2.188µs(n=20000)|10-20%=2.467µs(n=20000)|20-30%=2.517µs(n=20000)|30-40%=2.667µs(n=20000)|40-50%=2.71µs(n=20000)|50-60%=2.988µs(n=20000)|60-70%=3.194µs(n=20000)|70-80%=3.722µs(n=20000)|80-90%=3.685µs(n=20000)|90-100%=3.809µs(n=20000),50.18,58.03,1180003,1600093,420648,1179445,0,0,0,0,0,0,0,0,0,0,0,0.0,0.0,0,0,0,0,6,insert_only_build,insert_only_build,False,False,True,False,False,False,False,False,,,0,200000,200000,200000,200000,,insert_only_build_200k,True,,200K
total_ref_5_avl.csv,total_ref_5_avl,330,current,,avlhashtree,insert_only_build_300k,0,300000,300000,895325245,2984,0-10%=2.274µs(n=30000)|10-20%=2.624µs(n=30000)|20-30%=2.775µs(n=30000)|30-40%=2.82µs(n=30000)|40-50%=2.888µs(n=30000)|50-60%=2.925µs(n=30000)|60-70%=3.108µs(n=30000)|70-80%=3.328µs(n=30000)|80-90%=3.42µs(n=30000)|90-100%=3.679µs(n=30000),72.79,87.04,1668542,2400106,732129,1667977,0,0,0,0,0,0,0,0,0,0,0,0.0,0.0,0,0,0,0,6,insert_only_build,insert_only_build,False,False,True,False,False,False,False,False,,,0,300000,300000,300000,300000,,insert_only_build_300k,True,,300K
total_ref_5_avl.csv,total_ref_5_avl,331,current,,avlhashtree,insert_only_build_500k,0,500000,500000,1663293335,3326,0-10%=2.34µs(n=50000)|10-20%=2.642µs(n=50000)|20-30%=2.875µs(n=50000)|30-40%=3.041µs(n=50000)|40-50%=3.337µs(n=50000)|50-60%=3.93µs(n=50000)|60-70%=3.799µs(n=50000)|70-80%=3.743µs(n=50000)|80-90%=3.755µs(n=50000)|90-100%=3.799µs(n=50000),119.7,145.06,2713469,4000119,1287219,2712900,0,0,0,0,0,0,0,0,0,0,0,0.0,0.0,0,0,0,0,6,insert_only_build,insert_only_build,False,False,True,False,False,False,False,False,,,0,500000,500000,500000,500000,,insert_only_build_500k,True,,500K
total_ref_5_avl.csv,total_ref_5_avl,332,current,,avlhashtree,insert_only_build_700k,0,700000,700000,2425641406,3465,0-10%=2.391µs(n=70000)|10-20%=2.74µs(n=70000)|20-30%=2.996µs(n=70000)|30-40%=3.418µs(n=70000)|40-50%=3.428µs(n=70000)|50-60%=3.578µs(n=70000)|60-70%=3.777µs(n=70000)|70-80%=4.059µs(n=70000)|80-90%=4.102µs(n=70000)|90-100%=4.158µs(n=70000),177.39,203.06,4200623,5600118,1400081,4200037,0,0,0,0,0,0,0,0,0,0,0,0.0,0.0,0,0,0,0,6,insert_only_build,insert_only_build,False,False,True,False,False,False,False,False,,,0,700000,700000,700000,700000,,insert_only_build_700k,True,,700K
total_ref_5_avl.csv,total_ref_5_avl,333,current,,avlhashtree,insert_only_build_900k,0,900000,900000,3126148611,3473,0-10%=2.485µs(n=90000)|10-20%=2.841µs(n=90000)|20-30%=3.03µs(n=90000)|30-40%=3.235µs(n=90000)|40-50%=3.597µs(n=90000)|50-60%=3.597µs(n=90000)|60-70%=3.872µs(n=90000)|70-80%=3.864µs(n=90000)|80-90%=4.08µs(n=90000)|90-100%=4.129µs(n=90000),216.35,261.07,4920992,7200132,2279724,4920408,0,0,0,0,0,0,0,0,0,0,0,0.0,0.0,0,0,0,0,6,insert_only_build,insert_only_build,False,False,True,False,False,False,False,False,,,0,900000,900000,900000,900000,,insert_only_build_900k,True,,900K
total_ref_5_avl.csv,total_ref_5_avl,334,current,,avlhashtree,insert_only_build_1m,0,1000000,1000000,3445761859,3445,0-10%=2.273µs(n=100000)|10-20%=2.616µs(n=100000)|20-30%=2.822µs(n=100000)|30-40%=2.996µs(n=100000)|40-50%=3.468µs(n=100000)|50-60%=3.749µs(n=100000)|60-70%=3.782µs(n=100000)|70-80%=4.261µs(n=100000)|80-90%=4.089µs(n=100000)|90-100%=4.397µs(n=100000),244.92,290.08,5653110,8000123,2347609,5652514,0,0,0,0,0,0,0,0,0,0,0,0.0,0.0,0,0,0,0,6,insert_only_build,insert_only_build,False,False,True,False,False,False,False,False,,,0,1000000,1000000,1000000,1000000,,insert_only_build_1m,True,,1M
total_ref_5_avl.csv,total_ref_5_avl,335,current,,avlhashtree,insert_only_build_2m,0,2000000,2000000,9295357376,4647,0-10%=2.523µs(n=200000)|10-20%=3.167µs(n=200000)|20-30%=3.84µs(n=200000)|30-40%=4.383µs(n=200000)|40-50%=4.844µs(n=200000)|50-60%=5.266µs(n=200000)|60-70%=5.51µs(n=200000)|70-80%=5.801µs(n=200000)|80-90%=5.497µs(n=200000)|90-100%=5.642µs(n=200000),500.7,580.2,11746597,16000182,4254177,11746005,0,0,0,0,0,0,0,0,0,0,0,0.0,0.0,0,0,0,0,6,insert_only_build,insert_only_build,False,False,True,False,False,False,False,False,,,0,2000000,2000000,2000000,2000000,,insert_only_build_2m,True,,2M
total_ref_5_avl.csv,total_ref_5_avl,336,current,,avlhashtree,insert_only_build_5m,0,5000000,5000000,26487926893,5297,0-10%=3.386µs(n=500000)|10-20%=4.332µs(n=500000)|20-30%=4.489µs(n=500000)|30-40%=4.955µs(n=500000)|40-50%=5.535µs(n=500000)|50-60%=5.648µs(n=500000)|60-70%=5.804µs(n=500000)|70-80%=6.295µs(n=500000)|80-90%=6.292µs(n=500000)|90-100%=6.236µs(n=500000),1203.3,1450.53,27379113,40000290,12621771,27378519,0,0,0,0,0,0,0,0,0,0,0,0.0,0.0,0,0,0,0,6,insert_only_build,insert_only_build,False,False,True,False,False,False,False,False,,,0,5000000,5000000,5000000,5000000,,insert_only_build_5m,True,,5M
total_ref_5_avl.csv,total_ref_5_avl,337,current,,avlhashtree,insert_only_build_10m,0,10000000,10000000,59736404875,5973,0-10%=3.735µs(n=1000000)|10-20%=4.743µs(n=1000000)|20-30%=5.179µs(n=1000000)|30-40%=5.777µs(n=1000000)|40-50%=6.305µs(n=1000000)|50-60%=6.516µs(n=1000000)|60-70%=6.555µs(n=1000000)|70-80%=6.981µs(n=1000000)|80-90%=6.953µs(n=1000000)|90-100%=6.987µs(n=1000000),2451.46,2901.19,56587713,80000414,23413308,56587106,0,0,0,0,0,0,0,0,0,0,0,0.0,0.0,0,0,0,0,6,insert_only_build,insert_only_build,False,False,True,False,False,False,False,False,,,0,10000000,10000000,10000000,10000000,,insert_only_build_10m,True,,10M
total_ref_5_avl.csv,total_ref_5_avl,338,current,,avlhashtree,insert_only_build_25m,0,25000000,25000000,174211499691,6968,0-10%=4.49µs(n=2500000)|10-20%=5.793µs(n=2500000)|20-30%=6.253µs(n=2500000)|30-40%=6.922µs(n=2500000)|40-50%=7.17µs(n=2500000)|50-60%=7.359µs(n=2500000)|60-70%=7.558µs(n=2500000)|70-80%=7.646µs(n=2500000)|80-90%=8.027µs(n=2500000)|90-100%=8.462µs(n=2500000),5834.61,7254.15,129382497,200000996,70619102,129381894,0,0,0,0,0,0,0,0,0,0,0,0.0,0.0,0,0,0,0,6,insert_only_build,insert_only_build,False,False,True,False,False,False,False,False,,,0,25000000,25000000,25000000,25000000,,insert_only_build_25m,True,,25M
total_ref_5_avl.csv,total_ref_5_avl,339,current,,avlhashtree,prehashed_ordered_insert_only_10k,0,10000,10000,18634275,1863,0-10%=1.459µs(n=1000)|10-20%=1.638µs(n=1000)|20-30%=1.785µs(n=1000)|30-40%=1.774µs(n=1000)|40-50%=1.84µs(n=1000)|50-60%=2.336µs(n=1000)|60-70%=1.938µs(n=1000)|70-80%=1.868µs(n=1000)|80-90%=2.005µs(n=1000)|90-100%=1.986µs(n=1000),1.97,2.91,62954,80048,27710,52338,0,0,0,0,0,0,0,0,0,0,0,0.0,0.0,0,0,0,0,6,insert_only_build,prehashed_ordered_insert_only,True,True,True,False,False,False,False,False,,,0,10000,10000,10000,10000,,prehashed_ordered_insert_only_10k,True,,10K
total_ref_5_avl.csv,total_ref_5_avl,340,current,,avlhashtree,prehashed_ordered_insert_only_50k,0,50000,50000,107021653,2140,0-10%=1.725µs(n=5000)|10-20%=1.952µs(n=5000)|20-30%=2.212µs(n=5000)|30-40%=2.086µs(n=5000)|40-50%=2.096µs(n=5000)|50-60%=2.347µs(n=5000)|60-70%=2.151µs(n=5000)|70-80%=2.227µs(n=5000)|80-90%=2.218µs(n=5000)|90-100%=2.385µs(n=5000),8.52,14.52,255650,400054,194969,205085,0,0,0,0,0,0,0,0,0,0,0,0.0,0.0,0,0,0,0,6,insert_only_build,prehashed_ordered_insert_only,True,True,True,False,False,False,False,False,,,0,50000,50000,50000,50000,,prehashed_ordered_insert_only_50k,True,,50K
total_ref_5_avl.csv,total_ref_5_avl,341,current,,avlhashtree,prehashed_ordered_insert_only_100k,0,100000,100000,225450029,2254,0-10%=1.99µs(n=10000)|10-20%=2.038µs(n=10000)|20-30%=2.228µs(n=10000)|30-40%=2.27µs(n=10000)|40-50%=2.363µs(n=10000)|50-60%=2.23µs(n=10000)|60-70%=2.287µs(n=10000)|70-80%=2.339µs(n=10000)|80-90%=2.447µs(n=10000)|90-100%=2.349µs(n=10000),17.68,29.03,536543,800102,364094,436008,0,0,0,0,0,0,0,0,0,0,0,0.0,0.0,0,0,0,0,6,insert_only_build,prehashed_ordered_insert_only,True,True,True,False,False,False,False,False,,,0,100000,100000,100000,100000,,prehashed_ordered_insert_only_100k,True,,100K
total_ref_5_avl.csv,total_ref_5_avl,342,current,,avlhashtree,prehashed_ordered_insert_only_200k,0,200000,200000,468903458,2344,0-10%=1.972µs(n=20000)|10-20%=2.178µs(n=20000)|20-30%=2.278µs(n=20000)|30-40%=2.254µs(n=20000)|40-50%=2.375µs(n=20000)|50-60%=2.38µs(n=20000)|60-70%=2.478µs(n=20000)|70-80%=2.541µs(n=20000)|80-90%=2.541µs(n=20000)|90-100%=2.444µs(n=20000),35.66,58.03,1085025,1600095,715611,884484,0,0,0,0,0,0,0,0,0,0,0,0.0,0.0,0,0,0,0,6,insert_only_build,prehashed_ordered_insert_only,True,True,True,False,False,False,False,False,,,0,200000,200000,200000,200000,,prehashed_ordered_insert_only_200k,True,,200K
total_ref_5_avl.csv,total_ref_5_avl,343,current,,avlhashtree,prehashed_ordered_insert_only_300k,0,300000,300000,722502434,2408,0-10%=2.049µs(n=30000)|10-20%=2.272µs(n=30000)|20-30%=2.397µs(n=30000)|30-40%=2.34µs(n=30000)|40-50%=2.455µs(n=30000)|50-60%=2.445µs(n=30000)|60-70%=2.482µs(n=30000)|70-80%=2.482µs(n=30000)|80-90%=2.57µs(n=30000)|90-100%=2.587µs(n=30000),53.49,87.02,1627618,2400091,1073020,1327071,0,0,0,0,0,0,0,0,0,0,0,0.0,0.0,0,0,0,0,6,insert_only_build,prehashed_ordered_insert_only,True,True,True,False,False,False,False,False,,,0,300000,300000,300000,300000,,prehashed_ordered_insert_only_300k,True,,300K
total_ref_5_avl.csv,total_ref_5_avl,344,current,,avlhashtree,prehashed_ordered_insert_only_500k,0,500000,500000,1269463657,2538,0-10%=2.183µs(n=50000)|10-20%=2.44µs(n=50000)|20-30%=2.457µs(n=50000)|30-40%=2.542µs(n=50000)|40-50%=2.53µs(n=50000)|50-60%=2.716µs(n=50000)|60-70%=2.692µs(n=50000)|70-80%=2.609µs(n=50000)|80-90%=2.608µs(n=50000)|90-100%=2.607µs(n=50000),96.11,145.02,2998059,4000106,1502600,2497506,0,0,0,0,0,0,0,0,0,0,0,0.0,0.0,0,0,0,0,6,insert_only_build,prehashed_ordered_insert_only,True,True,True,False,False,False,False,False,,,0,500000,500000,500000,500000,,prehashed_ordered_insert_only_500k,True,,500K
total_ref_5_avl.csv,total_ref_5_avl,345,current,,avlhashtree,prehashed_ordered_insert_only_700k,0,700000,700000,1790898775,2558,0-10%=2.204µs(n=70000)|10-20%=2.436µs(n=70000)|20-30%=2.465µs(n=70000)|30-40%=2.513µs(n=70000)|40-50%=2.57µs(n=70000)|50-60%=2.642µs(n=70000)|60-70%=2.689µs(n=70000)|70-80%=2.654µs(n=70000)|80-90%=2.702µs(n=70000)|90-100%=2.704µs(n=70000),134.58,203.03,4197846,5600089,2102801,3497288,0,0,0,0,0,0,0,0,0,0,0,0.0,0.0,0,0,0,0,6,insert_only_build,prehashed_ordered_insert_only,True,True,True,False,False,False,False,False,,,0,700000,700000,700000,700000,,prehashed_ordered_insert_only_700k,True,,700K
total_ref_5_avl.csv,total_ref_5_avl,346,current,,avlhashtree,prehashed_ordered_insert_only_900k,0,900000,900000,2345476327,2606,0-10%=2.248µs(n=90000)|10-20%=2.498µs(n=90000)|20-30%=2.503µs(n=90000)|30-40%=2.665µs(n=90000)|40-50%=2.588µs(n=90000)|50-60%=2.647µs(n=90000)|60-70%=2.759µs(n=90000)|70-80%=2.718µs(n=90000)|80-90%=2.715µs(n=90000)|90-100%=2.715µs(n=90000),173.15,261.03,5402135,7200121,2698540,4501581,0,0,0,0,0,0,0,0,0,0,0,0.0,0.0,0,0,0,0,6,insert_only_build,prehashed_ordered_insert_only,True,True,True,False,False,False,False,False,,,0,900000,900000,900000,900000,,prehashed_ordered_insert_only_900k,True,,900K
total_ref_5_avl.csv,total_ref_5_avl,347,current,,avlhashtree,prehashed_ordered_insert_only_1m,0,1000000,1000000,2597295661,2597,0-10%=2.263µs(n=100000)|10-20%=2.503µs(n=100000)|20-30%=2.479µs(n=100000)|30-40%=2.612µs(n=100000)|40-50%=2.575µs(n=100000)|50-60%=2.682µs(n=100000)|60-70%=2.794µs(n=100000)|70-80%=2.725µs(n=100000)|80-90%=2.667µs(n=100000)|90-100%=2.667µs(n=100000),192.26,290.04,5996907,8000123,3003772,4996351,0,0,0,0,0,0,0,0,0,0,0,0.0,0.0,0,0,0,0,6,insert_only_build,prehashed_ordered_insert_only,True,True,True,False,False,False,False,False,,,0,1000000,1000000,1000000,1000000,,prehashed_ordered_insert_only_1m,True,,1M
total_ref_5_avl.csv,total_ref_5_avl,348,current,,avlhashtree,prehashed_ordered_insert_only_2m,0,2000000,2000000,5447701342,2723,0-10%=2.331µs(n=200000)|10-20%=2.541µs(n=200000)|20-30%=2.545µs(n=200000)|30-40%=2.681µs(n=200000)|40-50%=2.72µs(n=200000)|50-60%=2.863µs(n=200000)|60-70%=2.871µs(n=200000)|70-80%=2.879µs(n=200000)|80-90%=2.94µs(n=200000)|90-100%=2.862µs(n=200000),387.39,580.04,12110877,16000134,5889827,10110307,0,0,0,0,0,0,0,0,0,0,0,0.0,0.0,0,0,0,0,6,insert_only_build,prehashed_ordered_insert_only,True,True,True,False,False,False,False,False,,,0,2000000,2000000,2000000,2000000,,prehashed_ordered_insert_only_2m,True,,2M
total_ref_5_avl.csv,total_ref_5_avl,349,current,,avlhashtree,prehashed_ordered_insert_only_5m,0,5000000,5000000,14531603222,2906,0-10%=2.533µs(n=500000)|10-20%=2.783µs(n=500000)|20-30%=2.826µs(n=500000)|30-40%=2.91µs(n=500000)|40-50%=2.989µs(n=500000)|50-60%=2.939µs(n=500000)|60-70%=2.995µs(n=500000)|70-80%=2.95µs(n=500000)|80-90%=3.023µs(n=500000)|90-100%=3.109µs(n=500000),958.15,1450.05,29854167,40000170,15146577,24853593,0,0,0,0,0,0,0,0,0,0,0,0.0,0.0,0,0,0,0,6,insert_only_build,prehashed_ordered_insert_only,True,True,True,False,False,False,False,False,,,0,5000000,5000000,5000000,5000000,,prehashed_ordered_insert_only_5m,True,,5M
total_ref_5_avl.csv,total_ref_5_avl,350,current,,avlhashtree,prehashed_ordered_insert_only_10m,0,10000000,10000000,29881062016,2988,0-10%=2.619µs(n=1000000)|10-20%=2.868µs(n=1000000)|20-30%=2.875µs(n=1000000)|30-40%=2.998µs(n=1000000)|40-50%=3.018µs(n=1000000)|50-60%=3.086µs(n=1000000)|60-70%=3.132µs(n=1000000)|70-80%=3.01µs(n=1000000)|80-90%=3.151µs(n=1000000)|90-100%=3.12µs(n=1000000),1903.97,2900.04,59203756,80000214,30797027,49203187,0,0,0,0,0,0,0,0,0,0,0,0.0,0.0,0,0,0,0,6,insert_only_build,prehashed_ordered_insert_only,True,True,True,False,False,False,False,False,,,0,10000000,10000000,10000000,10000000,,prehashed_ordered_insert_only_10m,True,,10M
total_ref_5_avl.csv,total_ref_5_avl,351,current,,avlhashtree,prehashed_ordered_insert_only_25m,0,25000000,25000000,79599055281,3183,0-10%=2.78µs(n=2500000)|10-20%=2.943µs(n=2500000)|20-30%=2.977µs(n=2500000)|30-40%=3.153µs(n=2500000)|40-50%=3.19µs(n=2500000)|50-60%=3.312µs(n=2500000)|60-70%=3.27µs(n=2500000)|70-80%=3.399µs(n=2500000)|80-90%=3.438µs(n=2500000)|90-100%=3.372µs(n=2500000),4834.94,7249.74,151095306,200000362,73905628,126094734,0,0,0,0,0,0,0,0,0,0,0,0.0,0.0,0,0,0,0,6,insert_only_build,prehashed_ordered_insert_only,True,True,True,False,False,False,False,False,,,0,25000000,25000000,25000000,25000000,,prehashed_ordered_insert_only_25m,True,,25M
total_ref_5_avl.csv,total_ref_5_avl,352,current,,avlhashtree,proof_only_after_10k_build_sample_5pct,10000,10000,0,0,0,,0.0,0.0,0,0,0,0,207596,415,1587,3477,0,0,0,0,0,0,0,0.0,0.0,0,0,0,0,6,proof_only_after_build,proof_only_after_build,False,False,False,True,False,False,False,False,5.0,5.0,10000,0,10000,10000,10000,,proof_only_after_10k_build_sample_5pct,True,,10K
total_ref_5_avl.csv,total_ref_5_avl,353,current,,avlhashtree,proof_only_after_50k_build_sample_5pct,50000,50000,0,0,0,,0.0,0.0,0,0,0,0,1450706,580,1855,4210,0,0,0,0,0,0,0,0.0,0.0,0,0,0,0,6,proof_only_after_build,proof_only_after_build,False,False,False,True,False,False,False,False,5.0,5.0,50000,0,50000,50000,50000,,proof_only_after_50k_build_sample_5pct,True,,50K
total_ref_5_avl.csv,total_ref_5_avl,354,current,,avlhashtree,proof_only_after_100k_build_sample_5pct,100000,100000,0,0,0,,0.0,0.0,0,0,0,0,2845492,569,1978,4336,0,0,0,0,0,0,0,0.0,0.0,0,0,0,0,6,proof_only_after_build,proof_only_after_build,False,False,False,True,False,False,False,False,5.0,5.0,100000,0,100000,100000,100000,,proof_only_after_100k_build_sample_5pct,True,,100K
total_ref_5_avl.csv,total_ref_5_avl,355,current,,avlhashtree,proof_only_after_200k_build_sample_5pct,200000,200000,0,0,0,,0.0,0.0,0,0,0,0,6853520,685,2098,4340,0,0,0,0,0,0,0,0.0,0.0,0,0,0,0,6,proof_only_after_build,proof_only_after_build,False,False,False,True,False,False,False,False,5.0,5.0,200000,0,200000,200000,200000,,proof_only_after_200k_build_sample_5pct,True,,200K
total_ref_5_avl.csv,total_ref_5_avl,356,current,,avlhashtree,proof_only_after_300k_build_sample_5pct,300000,300000,0,0,0,,0.0,0.0,0,0,0,0,12465236,831,2166,4577,0,0,0,0,0,0,0,0.0,0.0,0,0,0,0,6,proof_only_after_build,proof_only_after_build,False,False,False,True,False,False,False,False,5.0,5.0,300000,0,300000,300000,300000,,proof_only_after_300k_build_sample_5pct,True,,300K
total_ref_5_avl.csv,total_ref_5_avl,357,current,,avlhashtree,proof_only_after_500k_build_sample_5pct,500000,500000,0,0,0,,0.0,0.0,0,0,0,0,30672802,1226,2257,5231,0,0,0,0,0,0,0,0.0,0.0,0,0,0,0,6,proof_only_after_build,proof_only_after_build,False,False,False,True,False,False,False,False,5.0,5.0,500000,0,500000,500000,500000,,proof_only_after_500k_build_sample_5pct,True,,500K
total_ref_5_avl.csv,total_ref_5_avl,358,current,,avlhashtree,proof_only_after_700k_build_sample_5pct,700000,700000,0,0,0,,0.0,0.0,0,0,0,0,50758152,1450,2317,5378,0,0,0,0,0,0,0,0.0,0.0,0,0,0,0,6,proof_only_after_build,proof_only_after_build,False,False,False,True,False,False,False,False,5.0,5.0,700000,0,700000,700000,700000,,proof_only_after_700k_build_sample_5pct,True,,700K
total_ref_5_avl.csv,total_ref_5_avl,359,current,,avlhashtree,proof_only_after_900k_build_sample_5pct,900000,900000,0,0,0,,0.0,0.0,0,0,0,0,70416986,1564,2359,5525,0,0,0,0,0,0,0,0.0,0.0,0,0,0,0,6,proof_only_after_build,proof_only_after_build,False,False,False,True,False,False,False,False,5.0,5.0,900000,0,900000,900000,900000,,proof_only_after_900k_build_sample_5pct,True,,900K
total_ref_5_avl.csv,total_ref_5_avl,360,current,,avlhashtree,proof_only_after_1m_build_sample_5pct,1000000,1000000,0,0,0,,0.0,0.0,0,0,0,0,75419278,1508,2380,5411,0,0,0,0,0,0,0,0.0,0.0,0,0,0,0,6,proof_only_after_build,proof_only_after_build,False,False,False,True,False,False,False,False,5.0,5.0,1000000,0,1000000,1000000,1000000,,proof_only_after_1m_build_sample_5pct,True,,1M
total_ref_5_avl.csv,total_ref_5_avl,361,current,,avlhashtree,proof_only_after_2m_build_sample_3pct,2000000,2000000,0,0,0,,0.0,0.0,0,0,0,0,101537763,1692,2498,5624,0,0,0,0,0,0,0,0.0,0.0,0,0,0,0,6,proof_only_after_build,proof_only_after_build,False,False,False,True,False,False,False,False,3.0,3.0,2000000,0,2000000,2000000,2000000,,proof_only_after_2m_build_sample_3pct,True,,2M
total_ref_5_avl.csv,total_ref_5_avl,362,current,,avlhashtree,proof_only_after_5m_build_sample_3pct,5000000,5000000,0,0,0,,0.0,0.0,0,0,0,0,337144115,2247,2663,6379,0,0,0,0,0,0,0,0.0,0.0,0,0,0,0,6,proof_only_after_build,proof_only_after_build,False,False,False,True,False,False,False,False,3.0,3.0,5000000,0,5000000,5000000,5000000,,proof_only_after_5m_build_sample_3pct,True,,5M
total_ref_5_avl.csv,total_ref_5_avl,363,current,,avlhashtree,proof_only_after_10m_build_sample_2pct,10000000,10000000,0,0,0,,0.0,0.0,0,0,0,0,520882877,2604,2781,7228,0,0,0,0,0,0,0,0.0,0.0,0,0,0,0,6,proof_only_after_build,proof_only_after_build,False,False,False,True,False,False,False,False,2.0,2.0,10000000,0,10000000,10000000,10000000,,proof_only_after_10m_build_sample_2pct,True,,10M
total_ref_5_avl.csv,total_ref_5_avl,364,current,,avlhashtree,proof_only_after_25m_build_sample_2pct,25000000,25000000,0,0,0,,0.0,0.0,0,0,0,0,1702184263,3404,2944,8886,0,0,0,0,0,0,0,0.0,0.0,0,0,0,0,6,proof_only_after_build,proof_only_after_build,False,False,False,True,False,False,False,False,2.0,2.0,25000000,0,25000000,25000000,25000000,,proof_only_after_25m_build_sample_2pct,True,,25M
total_ref_5_avl.csv,total_ref_5_avl,365,current,,avlhashtree,build_10k_then_add_2k_new,10000,12000,2000,4107675,2053,0-10%=2.123µs(n=200)|10-20%=1.997µs(n=200)|20-30%=2.186µs(n=200)|30-40%=2.05µs(n=200)|40-50%=1.977µs(n=200)|50-60%=2.036µs(n=200)|60-70%=2.028µs(n=200)|70-80%=1.992µs(n=200)|80-90%=2.092µs(n=200)|90-100%=2.05µs(n=200),0.59,0.59,65740,16041,1001,15040,0,0,0,0,0,0,0,0,0,0,0,0.0,0.0,0,0,0,0,6,build_then_add_new,build_then_add_new,False,False,False,False,False,True,True,False,,,10000,2000,12000,10000,10000,2000,build_10k_then_add_2k_new,True,,10K
total_ref_5_avl.csv,total_ref_5_avl,366,current,,avlhashtree,build_50k_then_add_10k_new,50000,60000,10000,25607633,2560,0-10%=2.63µs(n=1000)|10-20%=2.654µs(n=1000)|20-30%=2.467µs(n=1000)|30-40%=2.611µs(n=1000)|40-50%=2.452µs(n=1000)|50-60%=2.491µs(n=1000)|60-70%=2.609µs(n=1000)|70-80%=2.524µs(n=1000)|80-90%=2.511µs(n=1000)|90-100%=2.652µs(n=1000),2.91,2.91,325746,80039,5001,75038,0,0,0,0,0,0,0,0,0,0,0,0.0,0.0,0,0,0,0,6,build_then_add_new,build_then_add_new,False,False,False,False,False,True,True,False,,,50000,10000,60000,50000,50000,10000,build_50k_then_add_10k_new,True,,50K
total_ref_5_avl.csv,total_ref_5_avl,367,current,,avlhashtree,build_100k_then_add_20k_new,100000,120000,20000,55961549,2798,0-10%=2.851µs(n=2000)|10-20%=2.728µs(n=2000)|20-30%=2.699µs(n=2000)|30-40%=2.939µs(n=2000)|40-50%=2.936µs(n=2000)|50-60%=2.789µs(n=2000)|60-70%=2.749µs(n=2000)|70-80%=2.797µs(n=2000)|80-90%=2.779µs(n=2000)|90-100%=2.708µs(n=2000),5.81,5.81,650751,160039,10001,150038,0,0,0,0,0,0,0,0,0,0,0,0.0,0.0,0,0,0,0,6,build_then_add_new,build_then_add_new,False,False,False,False,False,True,True,False,,,100000,20000,120000,100000,100000,20000,build_100k_then_add_20k_new,True,,100K
total_ref_5_avl.csv,total_ref_5_avl,368,current,,avlhashtree,build_200k_then_add_40k_new,200000,240000,40000,121632696,3040,0-10%=3.205µs(n=4000)|10-20%=3.012µs(n=4000)|20-30%=3.031µs(n=4000)|30-40%=3.035µs(n=4000)|40-50%=3.029µs(n=4000)|50-60%=2.998µs(n=4000)|60-70%=3.008µs(n=4000)|70-80%=3.029µs(n=4000)|80-90%=3.018µs(n=4000)|90-100%=3.037µs(n=4000),11.63,11.63,1300765,320048,20001,300047,0,0,0,0,0,0,0,0,0,0,0,0.0,0.0,0,0,0,0,6,build_then_add_new,build_then_add_new,False,False,False,False,False,True,True,False,,,200000,40000,240000,200000,200000,40000,build_200k_then_add_40k_new,True,,200K
total_ref_5_avl.csv,total_ref_5_avl,369,current,,avlhashtree,build_300k_then_add_60k_new,300000,360000,60000,215184374,3586,0-10%=3.63µs(n=6000)|10-20%=3.533µs(n=6000)|20-30%=3.596µs(n=6000)|30-40%=3.489µs(n=6000)|40-50%=3.454µs(n=6000)|50-60%=3.462µs(n=6000)|60-70%=3.441µs(n=6000)|70-80%=3.462µs(n=6000)|80-90%=3.75µs(n=6000)|90-100%=4.042µs(n=6000),17.43,17.43,1950774,480050,30001,450049,0,0,0,0,0,0,0,0,0,0,0,0.0,0.0,0,0,0,0,6,build_then_add_new,build_then_add_new,False,False,False,False,False,True,True,False,,,300000,60000,360000,300000,300000,60000,build_300k_then_add_60k_new,True,,300K
total_ref_5_avl.csv,total_ref_5_avl,370,current,,avlhashtree,build_500k_then_add_100k_new,500000,600000,100000,416495845,4164,0-10%=5.224µs(n=10000)|10-20%=4.316µs(n=10000)|20-30%=4.162µs(n=10000)|30-40%=4.02µs(n=10000)|40-50%=3.982µs(n=10000)|50-60%=3.979µs(n=10000)|60-70%=3.952µs(n=10000)|70-80%=3.948µs(n=10000)|80-90%=4.087µs(n=10000)|90-100%=3.975µs(n=10000),29.03,29.03,3250786,800053,50001,750052,0,0,0,0,0,0,0,0,0,0,0,0.0,0.0,0,0,0,0,6,build_then_add_new,build_then_add_new,False,False,False,False,False,True,True,False,,,500000,100000,600000,500000,500000,100000,build_500k_then_add_100k_new,True,,500K
total_ref_5_avl.csv,total_ref_5_avl,371,current,,avlhashtree,build_700k_then_add_140k_new,700000,840000,140000,594517199,4246,0-10%=4.633µs(n=14000)|10-20%=4.33µs(n=14000)|20-30%=4.272µs(n=14000)|30-40%=4.266µs(n=14000)|40-50%=4.226µs(n=14000)|50-60%=4.109µs(n=14000)|60-70%=4.124µs(n=14000)|70-80%=4.134µs(n=14000)|80-90%=4.187µs(n=14000)|90-100%=4.18µs(n=14000),40.63,40.63,4550787,1120051,70001,1050050,0,0,0,0,0,0,0,0,0,0,0,0.0,0.0,0,0,0,0,6,build_then_add_new,build_then_add_new,False,False,False,False,False,True,True,False,,,700000,140000,840000,700000,700000,140000,build_700k_then_add_140k_new,True,,700K
total_ref_5_avl.csv,total_ref_5_avl,372,current,,avlhashtree,build_900k_then_add_180k_new,900000,1080000,180000,872478753,4847,0-10%=5.594µs(n=18000)|10-20%=5.154µs(n=18000)|20-30%=5.048µs(n=18000)|30-40%=4.764µs(n=18000)|40-50%=4.713µs(n=18000)|50-60%=4.63µs(n=18000)|60-70%=4.867µs(n=18000)|70-80%=4.597µs(n=18000)|80-90%=4.55µs(n=18000)|90-100%=4.548µs(n=18000),52.23,52.23,5850795,1440048,90001,1350047,0,0,0,0,0,0,0,0,0,0,0,0.0,0.0,0,0,0,0,6,build_then_add_new,build_then_add_new,False,False,False,False,False,True,True,False,,,900000,180000,1080000,900000,900000,180000,build_900k_then_add_180k_new,True,,900K
total_ref_5_avl.csv,total_ref_5_avl,373,current,,avlhashtree,build_1m_then_add_200k_new,1000000,1200000,200000,934118856,4670,0-10%=5.519µs(n=20000)|10-20%=4.882µs(n=20000)|20-30%=4.702µs(n=20000)|30-40%=4.624µs(n=20000)|40-50%=4.504µs(n=20000)|50-60%=4.504µs(n=20000)|60-70%=4.506µs(n=20000)|70-80%=4.499µs(n=20000)|80-90%=4.482µs(n=20000)|90-100%=4.48µs(n=20000),58.03,58.03,6500799,1600054,100001,1500053,0,0,0,0,0,0,0,0,0,0,0,0.0,0.0,0,0,0,0,6,build_then_add_new,build_then_add_new,False,False,False,False,False,True,True,False,,,1000000,200000,1200000,1000000,1000000,200000,build_1m_then_add_200k_new,True,,1M
total_ref_5_avl.csv,total_ref_5_avl,374,current,,avlhashtree,build_2m_then_add_400k_new,2000000,2400000,400000,2244042573,5610,0-10%=5.87µs(n=40000)|10-20%=5.442µs(n=40000)|20-30%=5.554µs(n=40000)|30-40%=5.643µs(n=40000)|40-50%=5.692µs(n=40000)|50-60%=5.575µs(n=40000)|60-70%=5.432µs(n=40000)|70-80%=5.619µs(n=40000)|80-90%=5.732µs(n=40000)|90-100%=5.537µs(n=40000),116.06,116.06,13000812,3200061,200001,3000060,0,0,0,0,0,0,0,0,0,0,0,0.0,0.0,0,0,0,0,6,build_then_add_new,build_then_add_new,False,False,False,False,False,True,True,False,,,2000000,400000,2400000,2000000,2000000,400000,build_2m_then_add_400k_new,True,,2M
total_ref_5_avl.csv,total_ref_5_avl,375,current,,avlhashtree,build_5m_then_add_1m_new,5000000,6000000,1000000,6415937899,6415,0-10%=6.831µs(n=100000)|10-20%=6.297µs(n=100000)|20-30%=6.466µs(n=100000)|30-40%=6.436µs(n=100000)|40-50%=6.409µs(n=100000)|50-60%=6.434µs(n=100000)|60-70%=6.419µs(n=100000)|70-80%=6.268µs(n=100000)|80-90%=6.26µs(n=100000)|90-100%=6.333µs(n=100000),290.16,290.16,32500845,8000085,500001,7500084,0,0,0,0,0,0,0,0,0,0,0,0.0,0.0,0,0,0,0,6,build_then_add_new,build_then_add_new,False,False,False,False,False,True,True,False,,,5000000,1000000,6000000,5000000,5000000,1000000,build_5m_then_add_1m_new,True,,5M
total_ref_5_avl.csv,total_ref_5_avl,376,current,,avlhashtree,build_10m_then_add_2m_new,10000000,12000000,2000000,14260755051,7130,0-10%=7.605µs(n=200000)|10-20%=7.239µs(n=200000)|20-30%=7.245µs(n=200000)|30-40%=7.189µs(n=200000)|40-50%=7.079µs(n=200000)|50-60%=6.948µs(n=200000)|60-70%=6.954µs(n=200000)|70-80%=6.8µs(n=200000)|80-90%=7.115µs(n=200000)|90-100%=7.124µs(n=200000),580.35,580.35,65000882,16000116,1000002,15000114,0,0,0,0,0,0,0,0,0,0,0,0.0,0.0,0,0,0,0,6,build_then_add_new,build_then_add_new,False,False,False,False,False,True,True,False,,,10000000,2000000,12000000,10000000,10000000,2000000,build_10m_then_add_2m_new,True,,10M
total_ref_5_avl.csv,total_ref_5_avl,377,current,,avlhashtree,build_25m_then_add_5m_new,25000000,30000000,5000000,41734569612,8346,0-10%=8.573µs(n=500000)|10-20%=8.48µs(n=500000)|20-30%=8.324µs(n=500000)|30-40%=7.749µs(n=500000)|40-50%=8.204µs(n=500000)|50-60%=8.324µs(n=500000)|60-70%=8.339µs(n=500000)|70-80%=8.375µs(n=500000)|80-90%=8.448µs(n=500000)|90-100%=8.648µs(n=500000),1451.15,1451.15,162501034,40000253,2500001,37500252,0,0,0,0,0,0,0,0,0,0,0,0.0,0.0,0,0,0,0,6,build_then_add_new,build_then_add_new,False,False,False,False,False,True,True,False,,,25000000,5000000,30000000,25000000,25000000,5000000,build_25m_then_add_5m_new,True,,25M
total_ref_5_avl.csv,total_ref_5_avl,378,current,,avlhashtree,build_10k_then_reinsert_2k_existing,10000,10000,2000,3894785,1947,0-10%=2.561µs(n=200)|10-20%=3.035µs(n=200)|20-30%=1.863µs(n=200)|30-40%=1.952µs(n=200)|40-50%=1.588µs(n=200)|50-60%=1.604µs(n=200)|60-70%=1.616µs(n=200)|70-80%=1.809µs(n=200)|80-90%=1.712µs(n=200)|90-100%=1.724µs(n=200),0.29,0.29,61802,12036,1001,11035,0,0,0,0,0,0,0,0,0,0,0,0.0,0.0,0,0,0,0,6,build_then_reinsert_existing,build_then_reinsert_existing,False,False,False,False,False,False,False,True,,,10000,2000,10000,10000,10000,2000,build_10k_then_reinsert_2k_existing,True,,10K
total_ref_5_avl.csv,total_ref_5_avl,379,current,,avlhashtree,build_50k_then_reinsert_10k_existing,50000,50000,10000,19513665,1951,0-10%=1.658µs(n=1000)|10-20%=1.858µs(n=1000)|20-30%=1.986µs(n=1000)|30-40%=1.91µs(n=1000)|40-50%=1.895µs(n=1000)|50-60%=1.965µs(n=1000)|60-70%=2.107µs(n=1000)|70-80%=2.004µs(n=1000)|80-90%=1.955µs(n=1000)|90-100%=2.17µs(n=1000),1.39,1.39,305819,60039,5001,55038,0,0,0,0,0,0,0,0,0,0,0,0.0,0.0,0,0,0,0,6,build_then_reinsert_existing,build_then_reinsert_existing,False,False,False,False,False,False,False,True,,,50000,10000,50000,50000,50000,10000,build_50k_then_reinsert_10k_existing,True,,50K
total_ref_5_avl.csv,total_ref_5_avl,380,current,,avlhashtree,build_100k_then_reinsert_20k_existing,100000,100000,20000,42150189,2107,0-10%=1.86µs(n=2000)|10-20%=1.984µs(n=2000)|20-30%=2.052µs(n=2000)|30-40%=2.11µs(n=2000)|40-50%=2.145µs(n=2000)|50-60%=2.152µs(n=2000)|60-70%=2.181µs(n=2000)|70-80%=2.184µs(n=2000)|80-90%=2.16µs(n=2000)|90-100%=2.243µs(n=2000),2.76,2.76,610819,120039,10001,110038,0,0,0,0,0,0,0,0,0,0,0,0.0,0.0,0,0,0,0,6,build_then_reinsert_existing,build_then_reinsert_existing,False,False,False,False,False,False,False,True,,,100000,20000,100000,100000,100000,20000,build_100k_then_reinsert_20k_existing,True,,100K
total_ref_5_avl.csv,total_ref_5_avl,381,current,,avlhashtree,build_200k_then_reinsert_40k_existing,200000,200000,40000,95876517,2396,0-10%=2.086µs(n=4000)|10-20%=2.255µs(n=4000)|20-30%=2.324µs(n=4000)|30-40%=2.388µs(n=4000)|40-50%=2.425µs(n=4000)|50-60%=2.45µs(n=4000)|60-70%=2.485µs(n=4000)|70-80%=2.499µs(n=4000)|80-90%=2.514µs(n=4000)|90-100%=2.537µs(n=4000),5.51,5.51,1220830,240039,20001,220038,0,0,0,0,0,0,0,0,0,0,0,0.0,0.0,0,0,0,0,6,build_then_reinsert_existing,build_then_reinsert_existing,False,False,False,False,False,False,False,True,,,200000,40000,200000,200000,200000,40000,build_200k_then_reinsert_40k_existing,True,,200K
total_ref_5_avl.csv,total_ref_5_avl,382,current,,avlhashtree,build_300k_then_reinsert_60k_existing,300000,300000,60000,167116669,2785,0-10%=2.303µs(n=6000)|10-20%=2.478µs(n=6000)|20-30%=2.591µs(n=6000)|30-40%=2.631µs(n=6000)|40-50%=2.643µs(n=6000)|50-60%=2.674µs(n=6000)|60-70%=2.712µs(n=6000)|70-80%=2.952µs(n=6000)|80-90%=3.578µs(n=6000)|90-100%=3.286µs(n=6000),8.27,8.27,1830839,360048,30001,330047,0,0,0,0,0,0,0,0,0,0,0,0.0,0.0,0,0,0,0,6,build_then_reinsert_existing,build_then_reinsert_existing,False,False,False,False,False,False,False,True,,,300000,60000,300000,300000,300000,60000,build_300k_then_reinsert_60k_existing,True,,300K
total_ref_5_avl.csv,total_ref_5_avl,383,current,,avlhashtree,build_500k_then_reinsert_100k_existing,500000,500000,100000,319843476,3198,0-10%=3.484µs(n=10000)|10-20%=3.249µs(n=10000)|20-30%=3.08µs(n=10000)|30-40%=3.118µs(n=10000)|40-50%=3.114µs(n=10000)|50-60%=3.149µs(n=10000)|60-70%=3.166µs(n=10000)|70-80%=3.181µs(n=10000)|80-90%=3.215µs(n=10000)|90-100%=3.224µs(n=10000),13.76,13.76,3050844,600050,50001,550049,0,0,0,0,0,0,0,0,0,0,0,0.0,0.0,0,0,0,0,6,build_then_reinsert_existing,build_then_reinsert_existing,False,False,False,False,False,False,False,True,,,500000,100000,500000,500000,500000,100000,build_500k_then_reinsert_100k_existing,True,,500K
total_ref_5_avl.csv,total_ref_5_avl,384,current,,avlhashtree,build_700k_then_reinsert_140k_existing,700000,700000,140000,463084710,3307,0-10%=2.941µs(n=14000)|10-20%=3.086µs(n=14000)|20-30%=3.229µs(n=14000)|30-40%=3.283µs(n=14000)|40-50%=3.341µs(n=14000)|50-60%=3.36µs(n=14000)|60-70%=3.393µs(n=14000)|70-80%=3.438µs(n=14000)|80-90%=3.479µs(n=14000)|90-100%=3.522µs(n=14000),19.26,19.26,4270851,840052,70001,770051,0,0,0,0,0,0,0,0,0,0,0,0.0,0.0,0,0,0,0,6,build_then_reinsert_existing,build_then_reinsert_existing,False,False,False,False,False,False,False,True,,,700000,140000,700000,700000,700000,140000,build_700k_then_reinsert_140k_existing,True,,700K
total_ref_5_avl.csv,total_ref_5_avl,385,current,,avlhashtree,build_900k_then_reinsert_180k_existing,900000,900000,180000,637039381,3539,0-10%=3.217µs(n=18000)|10-20%=3.314µs(n=18000)|20-30%=3.325µs(n=18000)|30-40%=3.377µs(n=18000)|40-50%=3.373µs(n=18000)|50-60%=3.61µs(n=18000)|60-70%=3.89µs(n=18000)|70-80%=3.904µs(n=18000)|80-90%=3.713µs(n=18000)|90-100%=3.662µs(n=18000),24.76,24.76,5490859,1080053,90001,990052,0,0,0,0,0,0,0,0,0,0,0,0.0,0.0,0,0,0,0,6,build_then_reinsert_existing,build_then_reinsert_existing,False,False,False,False,False,False,False,True,,,900000,180000,900000,900000,900000,180000,build_900k_then_reinsert_180k_existing,True,,900K
total_ref_5_avl.csv,total_ref_5_avl,386,current,,avlhashtree,build_1m_then_reinsert_200k_existing,1000000,1000000,200000,715324376,3576,0-10%=3.284µs(n=20000)|10-20%=3.379µs(n=20000)|20-30%=3.464µs(n=20000)|30-40%=3.486µs(n=20000)|40-50%=3.52µs(n=20000)|50-60%=3.577µs(n=20000)|60-70%=3.614µs(n=20000)|70-80%=3.779µs(n=20000)|80-90%=3.831µs(n=20000)|90-100%=3.828µs(n=20000),27.51,27.51,6100860,1200045,100001,1100044,0,0,0,0,0,0,0,0,0,0,0,0.0,0.0,0,0,0,0,6,build_then_reinsert_existing,build_then_reinsert_existing,False,False,False,False,False,False,False,True,,,1000000,200000,1000000,1000000,1000000,200000,build_1m_then_reinsert_200k_existing,True,,1M
total_ref_5_avl.csv,total_ref_5_avl,387,current,,avlhashtree,build_2m_then_reinsert_400k_existing,2000000,2000000,400000,1695766342,4239,0-10%=3.719µs(n=40000)|10-20%=3.902µs(n=40000)|20-30%=4.111µs(n=40000)|30-40%=4.381µs(n=40000)|40-50%=4.358µs(n=40000)|50-60%=4.363µs(n=40000)|60-70%=4.307µs(n=40000)|70-80%=4.307µs(n=40000)|80-90%=4.531µs(n=40000)|90-100%=4.409µs(n=40000),55.01,55.01,12200873,2400059,200001,2200058,0,0,0,0,0,0,0,0,0,0,0,0.0,0.0,0,0,0,0,6,build_then_reinsert_existing,build_then_reinsert_existing,False,False,False,False,False,False,False,True,,,2000000,400000,2000000,2000000,2000000,400000,build_2m_then_reinsert_400k_existing,True,,2M
total_ref_5_avl.csv,total_ref_5_avl,388,current,,avlhashtree,build_5m_then_reinsert_1m_existing,5000000,5000000,1000000,4994691632,4994,0-10%=4.161µs(n=100000)|10-20%=4.538µs(n=100000)|20-30%=4.813µs(n=100000)|30-40%=4.831µs(n=100000)|40-50%=5.046µs(n=100000)|50-60%=5.088µs(n=100000)|60-70%=5.239µs(n=100000)|70-80%=5.311µs(n=100000)|80-90%=5.42µs(n=100000)|90-100%=5.494µs(n=100000),137.52,137.52,30500902,6000074,500001,5500073,0,0,0,0,0,0,0,0,0,0,0,0.0,0.0,0,0,0,0,6,build_then_reinsert_existing,build_then_reinsert_existing,False,False,False,False,False,False,False,True,,,5000000,1000000,5000000,5000000,5000000,1000000,build_5m_then_reinsert_1m_existing,True,,5M
total_ref_5_avl.csv,total_ref_5_avl,389,current,,avlhashtree,build_10m_then_reinsert_2m_existing,10000000,10000000,2000000,11355009793,5677,0-10%=4.607µs(n=200000)|10-20%=5.15µs(n=200000)|20-30%=5.523µs(n=200000)|30-40%=5.727µs(n=200000)|40-50%=5.955µs(n=200000)|50-60%=5.862µs(n=200000)|60-70%=5.88µs(n=200000)|70-80%=5.968µs(n=200000)|80-90%=5.965µs(n=200000)|90-100%=6.133µs(n=200000),275.06,275.06,61000938,12000102,1000001,11000101,0,0,0,0,0,0,0,0,0,0,0,0.0,0.0,0,0,0,0,6,build_then_reinsert_existing,build_then_reinsert_existing,False,False,False,False,False,False,False,True,,,10000000,2000000,10000000,10000000,10000000,2000000,build_10m_then_reinsert_2m_existing,True,,10M
total_ref_5_avl.csv,total_ref_5_avl,390,current,,avlhashtree,build_25m_then_reinsert_5m_existing,25000000,25000000,5000000,35213859971,7042,0-10%=5.615µs(n=500000)|10-20%=6.473µs(n=500000)|20-30%=6.671µs(n=500000)|30-40%=7.087µs(n=500000)|40-50%=7.154µs(n=500000)|50-60%=7.266µs(n=500000)|60-70%=7.221µs(n=500000)|70-80%=7.355µs(n=500000)|80-90%=7.528µs(n=500000)|90-100%=8.053µs(n=500000),687.84,687.84,152501050,30000210,2500001,27500209,0,0,0,0,0,0,0,0,0,0,0,0.0,0.0,0,0,0,0,6,build_then_reinsert_existing,build_then_reinsert_existing,False,False,False,False,False,False,False,True,,,25000000,5000000,25000000,25000000,25000000,5000000,build_25m_then_reinsert_5m_existing,True,,25M
total_ref_5_avl.csv,total_ref_5_avl,391,current,,avlhashtree,insert_only_build_10k,0,10000,10000,22606235,2260,0-10%=1.721µs(n=1000)|10-20%=1.975µs(n=1000)|20-30%=2.064µs(n=1000)|30-40%=2.195µs(n=1000)|40-50%=2.24µs(n=1000)|50-60%=2.308µs(n=1000)|60-70%=2.228µs(n=1000)|70-80%=3.163µs(n=1000)|80-90%=2.354µs(n=1000)|90-100%=2.351µs(n=1000),2.44,2.93,56241,80066,24305,55761,0,0,0,0,0,0,0,0,0,0,0,0.0,0.0,0,0,0,0,7,insert_only_build,insert_only_build,False,False,True,False,False,False,False,False,,,0,10000,10000,10000,10000,,insert_only_build_10k,True,,10K
total_ref_5_avl.csv,total_ref_5_avl,392,current,,avlhashtree,insert_only_build_50k,0,50000,50000,124005623,2480,0-10%=2.072µs(n=5000)|10-20%=2.441µs(n=5000)|20-30%=2.452µs(n=5000)|30-40%=2.68µs(n=5000)|40-50%=2.566µs(n=5000)|50-60%=2.601µs(n=5000)|60-70%=2.461µs(n=5000)|70-80%=2.581µs(n=5000)|80-90%=2.442µs(n=5000)|90-100%=2.5µs(n=5000),12.24,14.57,281188,400104,119404,280700,0,0,0,0,0,0,0,0,0,0,0,0.0,0.0,0,0,0,0,7,insert_only_build,insert_only_build,False,False,True,False,False,False,False,False,,,0,50000,50000,50000,50000,,insert_only_build_50k,True,,50K
total_ref_5_avl.csv,total_ref_5_avl,393,current,,avlhashtree,insert_only_build_100k,0,100000,100000,251189676,2511,0-10%=2.011µs(n=10000)|10-20%=2.319µs(n=10000)|20-30%=2.314µs(n=10000)|30-40%=2.505µs(n=10000)|40-50%=2.516µs(n=10000)|50-60%=2.613µs(n=10000)|60-70%=2.672µs(n=10000)|70-80%=2.777µs(n=10000)|80-90%=2.669µs(n=10000)|90-100%=2.719µs(n=10000),24.67,29.04,572878,800083,227735,572348,0,0,0,0,0,0,0,0,0,0,0,0.0,0.0,0,0,0,0,7,insert_only_build,insert_only_build,False,False,True,False,False,False,False,False,,,0,100000,100000,100000,100000,,insert_only_build_100k,True,,100K
total_ref_5_avl.csv,total_ref_5_avl,394,current,,avlhashtree,insert_only_build_200k,0,200000,200000,551285302,2756,0-10%=2.168µs(n=20000)|10-20%=2.421µs(n=20000)|20-30%=2.501µs(n=20000)|30-40%=2.716µs(n=20000)|40-50%=2.779µs(n=20000)|50-60%=2.864µs(n=20000)|60-70%=3.005µs(n=20000)|70-80%=2.957µs(n=20000)|80-90%=3.05µs(n=20000)|90-100%=3.098µs(n=20000),50.08,58.04,1175590,1600093,425051,1175042,0,0,0,0,0,0,0,0,0,0,0,0.0,0.0,0,0,0,0,7,insert_only_build,insert_only_build,False,False,True,False,False,False,False,False,,,0,200000,200000,200000,200000,,insert_only_build_200k,True,,200K
total_ref_5_avl.csv,total_ref_5_avl,395,current,,avlhashtree,insert_only_build_300k,0,300000,300000,884528603,2948,0-10%=2.212µs(n=30000)|10-20%=2.521µs(n=30000)|20-30%=2.69µs(n=30000)|30-40%=2.809µs(n=30000)|40-50%=2.949µs(n=30000)|50-60%=3.022µs(n=30000)|60-70%=3.091µs(n=30000)|70-80%=3.612µs(n=30000)|80-90%=3.279µs(n=30000)|90-100%=3.295µs(n=30000),72.7,87.04,1664865,2400100,735802,1664298,0,0,0,0,0,0,0,0,0,0,0,0.0,0.0,0,0,0,0,7,insert_only_build,insert_only_build,False,False,True,False,False,False,False,False,,,0,300000,300000,300000,300000,,insert_only_build_300k,True,,300K
total_ref_5_avl.csv,total_ref_5_avl,396,current,,avlhashtree,insert_only_build_500k,0,500000,500000,1602355497,3204,0-10%=2.33µs(n=50000)|10-20%=2.675µs(n=50000)|20-30%=2.986µs(n=50000)|30-40%=2.973µs(n=50000)|40-50%=3.109µs(n=50000)|50-60%=3.14µs(n=50000)|60-70%=3.291µs(n=50000)|70-80%=3.67µs(n=50000)|80-90%=3.861µs(n=50000)|90-100%=4.008µs(n=50000),119.9,145.04,2722098,4000110,1278584,2721526,0,0,0,0,0,0,0,0,0,0,0,0.0,0.0,0,0,0,0,7,insert_only_build,insert_only_build,False,False,True,False,False,False,False,False,,,0,500000,500000,500000,500000,,insert_only_build_500k,True,,500K
total_ref_5_avl.csv,total_ref_5_avl,397,current,,avlhashtree,insert_only_build_700k,0,700000,700000,2579154045,3684,0-10%=2.431µs(n=70000)|10-20%=2.825µs(n=70000)|20-30%=3.108µs(n=70000)|30-40%=3.673µs(n=70000)|40-50%=3.864µs(n=70000)|50-60%=4.159µs(n=70000)|60-70%=4.337µs(n=70000)|70-80%=4.359µs(n=70000)|80-90%=4.007µs(n=70000)|90-100%=4.077µs(n=70000),178.1,203.07,4229720,5600112,1370979,4229133,0,0,0,0,0,0,0,0,0,0,0,0.0,0.0,0,0,0,0,7,insert_only_build,insert_only_build,False,False,True,False,False,False,False,False,,,0,700000,700000,700000,700000,,insert_only_build_700k,True,,700K
total_ref_5_avl.csv,total_ref_5_avl,398,current,,avlhashtree,insert_only_build_900k,0,900000,900000,3335329633,3705,0-10%=2.478µs(n=90000)|10-20%=2.926µs(n=90000)|20-30%=3.215µs(n=90000)|30-40%=3.439µs(n=90000)|40-50%=3.762µs(n=90000)|50-60%=3.897µs(n=90000)|60-70%=4.014µs(n=90000)|70-80%=4.181µs(n=90000)|80-90%=4.594µs(n=90000)|90-100%=4.547µs(n=90000),216.9,261.07,4943328,7200128,2257386,4942742,0,0,0,0,0,0,0,0,0,0,0,0.0,0.0,0,0,0,0,7,insert_only_build,insert_only_build,False,False,True,False,False,False,False,False,,,0,900000,900000,900000,900000,,insert_only_build_900k,True,,900K
total_ref_5_avl.csv,total_ref_5_avl,399,current,,avlhashtree,insert_only_build_1m,0,1000000,1000000,3744546006,3744,0-10%=2.516µs(n=100000)|10-20%=2.957µs(n=100000)|20-30%=3.241µs(n=100000)|30-40%=3.517µs(n=100000)|40-50%=3.864µs(n=100000)|50-60%=3.992µs(n=100000)|60-70%=4.152µs(n=100000)|70-80%=4.41µs(n=100000)|80-90%=4.314µs(n=100000)|90-100%=4.476µs(n=100000),245.47,290.08,5675257,8000153,2325484,5674669,0,0,0,0,0,0,0,0,0,0,0,0.0,0.0,0,0,0,0,7,insert_only_build,insert_only_build,False,False,True,False,False,False,False,False,,,0,1000000,1000000,1000000,1000000,,insert_only_build_1m,True,,1M
total_ref_5_avl.csv,total_ref_5_avl,400,current,,avlhashtree,insert_only_build_2m,0,2000000,2000000,8588578848,4294,0-10%=2.839µs(n=200000)|10-20%=3.316µs(n=200000)|20-30%=3.889µs(n=200000)|30-40%=4.205µs(n=200000)|40-50%=4.334µs(n=200000)|50-60%=4.519µs(n=200000)|60-70%=4.948µs(n=200000)|70-80%=4.902µs(n=200000)|80-90%=4.929µs(n=200000)|90-100%=5.056µs(n=200000),501.7,580.14,11790259,16000171,4210506,11789665,0,0,0,0,0,0,0,0,0,0,0,0.0,0.0,0,0,0,0,7,insert_only_build,insert_only_build,False,False,True,False,False,False,False,False,,,0,2000000,2000000,2000000,2000000,,insert_only_build_2m,True,,2M
total_ref_5_avl.csv,total_ref_5_avl,401,current,,avlhashtree,insert_only_build_5m,0,5000000,5000000,26646975934,5329,0-10%=3.172µs(n=500000)|10-20%=4.313µs(n=500000)|20-30%=4.895µs(n=500000)|30-40%=5.119µs(n=500000)|40-50%=5.539µs(n=500000)|50-60%=5.722µs(n=500000)|60-70%=5.936µs(n=500000)|70-80%=5.91µs(n=500000)|80-90%=6.382µs(n=500000)|90-100%=6.302µs(n=500000),1199.06,1450.52,27205627,40000263,12795232,27205031,0,0,0,0,0,0,0,0,0,0,0,0.0,0.0,0,0,0,0,7,insert_only_build,insert_only_build,False,False,True,False,False,False,False,False,,,0,5000000,5000000,5000000,5000000,,insert_only_build_5m,True,,5M
total_ref_5_avl.csv,total_ref_5_avl,402,current,,avlhashtree,insert_only_build_10m,0,10000000,10000000,61133904511,6113,0-10%=3.681µs(n=1000000)|10-20%=5.018µs(n=1000000)|20-30%=5.666µs(n=1000000)|30-40%=5.854µs(n=1000000)|40-50%=6.282µs(n=1000000)|50-60%=6.337µs(n=1000000)|60-70%=6.78µs(n=1000000)|70-80%=7.124µs(n=1000000)|80-90%=7.123µs(n=1000000)|90-100%=7.264µs(n=1000000),2457.55,2901.22,56836303,80000441,23164739,56835702,0,0,0,0,0,0,0,0,0,0,0,0.0,0.0,0,0,0,0,7,insert_only_build,insert_only_build,False,False,True,False,False,False,False,False,,,0,10000000,10000000,10000000,10000000,,insert_only_build_10m,True,,10M
total_ref_5_avl.csv,total_ref_5_avl,403,current,,avlhashtree,insert_only_build_25m,0,25000000,25000000,180530395001,7221,0-10%=4.594µs(n=2500000)|10-20%=6.01µs(n=2500000)|20-30%=6.524µs(n=2500000)|30-40%=7.045µs(n=2500000)|40-50%=7.402µs(n=2500000)|50-60%=7.734µs(n=2500000)|60-70%=7.861µs(n=2500000)|70-80%=8.106µs(n=2500000)|80-90%=8.258µs(n=2500000)|90-100%=8.674µs(n=2500000),5860.86,7254.23,130453441,200001012,69548173,130452839,0,0,0,0,0,0,0,0,0,0,0,0.0,0.0,0,0,0,0,7,insert_only_build,insert_only_build,False,False,True,False,False,False,False,False,,,0,25000000,25000000,25000000,25000000,,insert_only_build_25m,True,,25M
total_ref_5_avl.csv,total_ref_5_avl,404,current,,avlhashtree,prehashed_ordered_insert_only_10k,0,10000,10000,19498825,1949,0-10%=1.517µs(n=1000)|10-20%=1.72µs(n=1000)|20-30%=1.821µs(n=1000)|30-40%=1.8µs(n=1000)|40-50%=1.946µs(n=1000)|50-60%=2.615µs(n=1000)|60-70%=1.965µs(n=1000)|70-80%=1.905µs(n=1000)|80-90%=2.194µs(n=1000)|90-100%=2.009µs(n=1000),1.97,2.91,62958,80050,27711,52339,0,0,0,0,0,0,0,0,0,0,0,0.0,0.0,0,0,0,0,7,insert_only_build,prehashed_ordered_insert_only,True,True,True,False,False,False,False,False,,,0,10000,10000,10000,10000,,prehashed_ordered_insert_only_10k,True,,10K
total_ref_5_avl.csv,total_ref_5_avl,405,current,,avlhashtree,prehashed_ordered_insert_only_50k,0,50000,50000,111587022,2231,0-10%=1.806µs(n=5000)|10-20%=2.138µs(n=5000)|20-30%=2.218µs(n=5000)|30-40%=2.118µs(n=5000)|40-50%=2.377µs(n=5000)|50-60%=2.242µs(n=5000)|60-70%=2.261µs(n=5000)|70-80%=2.315µs(n=5000)|80-90%=2.548µs(n=5000)|90-100%=2.29µs(n=5000),11.85,14.52,266664,400049,133954,266095,0,0,0,0,0,0,0,0,0,0,0,0.0,0.0,0,0,0,0,7,insert_only_build,prehashed_ordered_insert_only,True,True,True,False,False,False,False,False,,,0,50000,50000,50000,50000,,prehashed_ordered_insert_only_50k,True,,50K
total_ref_5_avl.csv,total_ref_5_avl,406,current,,avlhashtree,prehashed_ordered_insert_only_100k,0,100000,100000,232061104,2320,0-10%=2.045µs(n=10000)|10-20%=2.098µs(n=10000)|20-30%=2.277µs(n=10000)|30-40%=2.257µs(n=10000)|40-50%=2.41µs(n=10000)|50-60%=2.305µs(n=10000)|60-70%=2.379µs(n=10000)|70-80%=2.439µs(n=10000)|80-90%=2.572µs(n=10000)|90-100%=2.418µs(n=10000),17.76,29.03,539929,800099,360711,439388,0,0,0,0,0,0,0,0,0,0,0,0.0,0.0,0,0,0,0,7,insert_only_build,prehashed_ordered_insert_only,True,True,True,False,False,False,False,False,,,0,100000,100000,100000,100000,,prehashed_ordered_insert_only_100k,True,,100K
total_ref_5_avl.csv,total_ref_5_avl,407,current,,avlhashtree,prehashed_ordered_insert_only_200k,0,200000,200000,484592061,2422,0-10%=2.067µs(n=20000)|10-20%=2.266µs(n=20000)|20-30%=2.39µs(n=20000)|30-40%=2.344µs(n=20000)|40-50%=2.468µs(n=20000)|50-60%=2.411µs(n=20000)|60-70%=2.504µs(n=20000)|70-80%=2.565µs(n=20000)|80-90%=2.642µs(n=20000)|90-100%=2.568µs(n=20000),35.55,58.02,1081096,1600093,719549,880544,0,0,0,0,0,0,0,0,0,0,0,0.0,0.0,0,0,0,0,7,insert_only_build,prehashed_ordered_insert_only,True,True,True,False,False,False,False,False,,,0,200000,200000,200000,200000,,prehashed_ordered_insert_only_200k,True,,200K
total_ref_5_avl.csv,total_ref_5_avl,408,current,,avlhashtree,prehashed_ordered_insert_only_300k,0,300000,300000,748599553,2495,0-10%=2.113µs(n=30000)|10-20%=2.33µs(n=30000)|20-30%=2.495µs(n=30000)|30-40%=2.429µs(n=30000)|40-50%=2.551µs(n=30000)|50-60%=2.548µs(n=30000)|60-70%=2.579µs(n=30000)|70-80%=2.578µs(n=30000)|80-90%=2.668µs(n=30000)|90-100%=2.657µs(n=30000),53.53,87.02,1629277,2400086,1071355,1328731,0,0,0,0,0,0,0,0,0,0,0,0.0,0.0,0,0,0,0,7,insert_only_build,prehashed_ordered_insert_only,True,True,True,False,False,False,False,False,,,0,300000,300000,300000,300000,,prehashed_ordered_insert_only_300k,True,,300K
total_ref_5_avl.csv,total_ref_5_avl,409,current,,avlhashtree,prehashed_ordered_insert_only_500k,0,500000,500000,1288437848,2576,0-10%=2.204µs(n=50000)|10-20%=2.455µs(n=50000)|20-30%=2.484µs(n=50000)|30-40%=2.544µs(n=50000)|40-50%=2.558µs(n=50000)|50-60%=2.738µs(n=50000)|60-70%=2.688µs(n=50000)|70-80%=2.696µs(n=50000)|80-90%=2.695µs(n=50000)|90-100%=2.702µs(n=50000),96.33,145.03,3006719,4000100,1493933,2506167,0,0,0,0,0,0,0,0,0,0,0,0.0,0.0,0,0,0,0,7,insert_only_build,prehashed_ordered_insert_only,True,True,True,False,False,False,False,False,,,0,500000,500000,500000,500000,,prehashed_ordered_insert_only_500k,True,,500K
total_ref_5_avl.csv,total_ref_5_avl,410,current,,avlhashtree,prehashed_ordered_insert_only_700k,0,700000,700000,1848400006,2640,0-10%=2.251µs(n=70000)|10-20%=2.499µs(n=70000)|20-30%=2.502µs(n=70000)|30-40%=2.582µs(n=70000)|40-50%=2.633µs(n=70000)|50-60%=2.716µs(n=70000)|60-70%=2.792µs(n=70000)|70-80%=2.739µs(n=70000)|80-90%=2.847µs(n=70000)|90-100%=2.841µs(n=70000),134.53,203.03,4196013,5600114,2104650,3495464,0,0,0,0,0,0,0,0,0,0,0,0.0,0.0,0,0,0,0,7,insert_only_build,prehashed_ordered_insert_only,True,True,True,False,False,False,False,False,,,0,700000,700000,700000,700000,,prehashed_ordered_insert_only_700k,True,,700K
total_ref_5_avl.csv,total_ref_5_avl,411,current,,avlhashtree,prehashed_ordered_insert_only_900k,0,900000,900000,2401571979,2668,0-10%=2.288µs(n=90000)|10-20%=2.55µs(n=90000)|20-30%=2.563µs(n=90000)|30-40%=2.711µs(n=90000)|40-50%=2.699µs(n=90000)|50-60%=2.817µs(n=90000)|60-70%=2.761µs(n=90000)|70-80%=2.765µs(n=90000)|80-90%=2.763µs(n=90000)|90-100%=2.762µs(n=90000),173.77,261.03,5427487,7200122,2673188,4526934,0,0,0,0,0,0,0,0,0,0,0,0.0,0.0,0,0,0,0,7,insert_only_build,prehashed_ordered_insert_only,True,True,True,False,False,False,False,False,,,0,900000,900000,900000,900000,,prehashed_ordered_insert_only_900k,True,,900K
total_ref_5_avl.csv,total_ref_5_avl,412,current,,avlhashtree,prehashed_ordered_insert_only_1m,0,1000000,1000000,2674104836,2674,0-10%=2.302µs(n=100000)|10-20%=2.547µs(n=100000)|20-30%=2.541µs(n=100000)|30-40%=2.677µs(n=100000)|40-50%=2.651µs(n=100000)|50-60%=2.814µs(n=100000)|60-70%=2.817µs(n=100000)|70-80%=2.762µs(n=100000)|80-90%=2.805µs(n=100000)|90-100%=2.819µs(n=100000),192.56,290.04,6009073,8000121,2991613,5008508,0,0,0,0,0,0,0,0,0,0,0,0.0,0.0,0,0,0,0,7,insert_only_build,prehashed_ordered_insert_only,True,True,True,False,False,False,False,False,,,0,1000000,1000000,1000000,1000000,,prehashed_ordered_insert_only_1m,True,,1M
total_ref_5_avl.csv,total_ref_5_avl,413,current,,avlhashtree,prehashed_ordered_insert_only_2m,0,2000000,2000000,5589583262,2794,0-10%=2.433µs(n=200000)|10-20%=2.653µs(n=200000)|20-30%=2.686µs(n=200000)|30-40%=2.856µs(n=200000)|40-50%=2.799µs(n=200000)|50-60%=2.99µs(n=200000)|60-70%=2.892µs(n=200000)|70-80%=2.879µs(n=200000)|80-90%=2.87µs(n=200000)|90-100%=2.884µs(n=200000),388.64,580.04,12162065,16000129,5838625,10161504,0,0,0,0,0,0,0,0,0,0,0,0.0,0.0,0,0,0,0,7,insert_only_build,prehashed_ordered_insert_only,True,True,True,False,False,False,False,False,,,0,2000000,2000000,2000000,2000000,,prehashed_ordered_insert_only_2m,True,,2M
total_ref_5_avl.csv,total_ref_5_avl,414,current,,avlhashtree,prehashed_ordered_insert_only_5m,0,5000000,5000000,14649052978,2929,0-10%=2.596µs(n=500000)|10-20%=2.761µs(n=500000)|20-30%=2.794µs(n=500000)|30-40%=2.925µs(n=500000)|40-50%=2.966µs(n=500000)|50-60%=3.056µs(n=500000)|60-70%=2.988µs(n=500000)|70-80%=2.983µs(n=500000)|80-90%=3.091µs(n=500000)|90-100%=3.132µs(n=500000),968.28,1450.04,30269077,40000153,14731649,25268504,0,0,0,0,0,0,0,0,0,0,0,0.0,0.0,0,0,0,0,7,insert_only_build,prehashed_ordered_insert_only,True,True,True,False,False,False,False,False,,,0,5000000,5000000,5000000,5000000,,prehashed_ordered_insert_only_5m,True,,5M
total_ref_5_avl.csv,total_ref_5_avl,415,current,,avlhashtree,prehashed_ordered_insert_only_10m,0,10000000,10000000,30560300742,3056,0-10%=2.688µs(n=1000000)|10-20%=2.936µs(n=1000000)|20-30%=2.936µs(n=1000000)|30-40%=2.994µs(n=1000000)|40-50%=3.062µs(n=1000000)|50-60%=3.087µs(n=1000000)|60-70%=3.236µs(n=1000000)|70-80%=3.155µs(n=1000000)|80-90%=3.2µs(n=1000000)|90-100%=3.262µs(n=1000000),1912.18,2900.02,59540936,80000226,30459858,49540368,0,0,0,0,0,0,0,0,0,0,0,0.0,0.0,0,0,0,0,7,insert_only_build,prehashed_ordered_insert_only,True,True,True,False,False,False,False,False,,,0,10000000,10000000,10000000,10000000,,prehashed_ordered_insert_only_10m,True,,10M
total_ref_5_avl.csv,total_ref_5_avl,416,current,,avlhashtree,prehashed_ordered_insert_only_25m,0,25000000,25000000,81209601316,3248,0-10%=2.804µs(n=2500000)|10-20%=3.073µs(n=2500000)|20-30%=3.081µs(n=2500000)|30-40%=3.218µs(n=2500000)|40-50%=3.213µs(n=2500000)|50-60%=3.232µs(n=2500000)|60-70%=3.428µs(n=2500000)|70-80%=3.481µs(n=2500000)|80-90%=3.477µs(n=2500000)|90-100%=3.473µs(n=2500000),4773.04,7249.7,148560855,200000350,76440067,123560283,0,0,0,0,0,0,0,0,0,0,0,0.0,0.0,0,0,0,0,7,insert_only_build,prehashed_ordered_insert_only,True,True,True,False,False,False,False,False,,,0,25000000,25000000,25000000,25000000,,prehashed_ordered_insert_only_25m,True,,25M
total_ref_5_avl.csv,total_ref_5_avl,417,current,,avlhashtree,proof_only_after_10k_build_sample_5pct,10000,10000,0,0,0,,0.0,0.0,0,0,0,0,209575,419,1580,3371,0,0,0,0,0,0,0,0.0,0.0,0,0,0,0,7,proof_only_after_build,proof_only_after_build,False,False,False,True,False,False,False,False,5.0,5.0,10000,0,10000,10000,10000,,proof_only_after_10k_build_sample_5pct,True,,10K
total_ref_5_avl.csv,total_ref_5_avl,418,current,,avlhashtree,proof_only_after_50k_build_sample_5pct,50000,50000,0,0,0,,0.0,0.0,0,0,0,0,1326359,530,1863,4088,0,0,0,0,0,0,0,0.0,0.0,0,0,0,0,7,proof_only_after_build,proof_only_after_build,False,False,False,True,False,False,False,False,5.0,5.0,50000,0,50000,50000,50000,,proof_only_after_50k_build_sample_5pct,True,,50K
total_ref_5_avl.csv,total_ref_5_avl,419,current,,avlhashtree,proof_only_after_100k_build_sample_5pct,100000,100000,0,0,0,,0.0,0.0,0,0,0,0,3059895,611,1975,4445,0,0,0,0,0,0,0,0.0,0.0,0,0,0,0,7,proof_only_after_build,proof_only_after_build,False,False,False,True,False,False,False,False,5.0,5.0,100000,0,100000,100000,100000,,proof_only_after_100k_build_sample_5pct,True,,100K
total_ref_5_avl.csv,total_ref_5_avl,420,current,,avlhashtree,proof_only_after_200k_build_sample_5pct,200000,200000,0,0,0,,0.0,0.0,0,0,0,0,7845394,784,2098,4678,0,0,0,0,0,0,0,0.0,0.0,0,0,0,0,7,proof_only_after_build,proof_only_after_build,False,False,False,True,False,False,False,False,5.0,5.0,200000,0,200000,200000,200000,,proof_only_after_200k_build_sample_5pct,True,,200K
total_ref_5_avl.csv,total_ref_5_avl,421,current,,avlhashtree,proof_only_after_300k_build_sample_5pct,300000,300000,0,0,0,,0.0,0.0,0,0,0,0,14758322,983,2167,4965,0,0,0,0,0,0,0,0.0,0.0,0,0,0,0,7,proof_only_after_build,proof_only_after_build,False,False,False,True,False,False,False,False,5.0,5.0,300000,0,300000,300000,300000,,proof_only_after_300k_build_sample_5pct,True,,300K
total_ref_5_avl.csv,total_ref_5_avl,422,current,,avlhashtree,proof_only_after_500k_build_sample_5pct,500000,500000,0,0,0,,0.0,0.0,0,0,0,0,33915099,1356,2258,5371,0,0,0,0,0,0,0,0.0,0.0,0,0,0,0,7,proof_only_after_build,proof_only_after_build,False,False,False,True,False,False,False,False,5.0,5.0,500000,0,500000,500000,500000,,proof_only_after_500k_build_sample_5pct,True,,500K
total_ref_5_avl.csv,total_ref_5_avl,423,current,,avlhashtree,proof_only_after_700k_build_sample_5pct,700000,700000,0,0,0,,0.0,0.0,0,0,0,0,50562407,1444,2316,5389,0,0,0,0,0,0,0,0.0,0.0,0,0,0,0,7,proof_only_after_build,proof_only_after_build,False,False,False,True,False,False,False,False,5.0,5.0,700000,0,700000,700000,700000,,proof_only_after_700k_build_sample_5pct,True,,700K
total_ref_5_avl.csv,total_ref_5_avl,424,current,,avlhashtree,proof_only_after_900k_build_sample_5pct,900000,900000,0,0,0,,0.0,0.0,0,0,0,0,66682478,1481,2361,5459,0,0,0,0,0,0,0,0.0,0.0,0,0,0,0,7,proof_only_after_build,proof_only_after_build,False,False,False,True,False,False,False,False,5.0,5.0,900000,0,900000,900000,900000,,proof_only_after_900k_build_sample_5pct,True,,900K
total_ref_5_avl.csv,total_ref_5_avl,425,current,,avlhashtree,proof_only_after_1m_build_sample_5pct,1000000,1000000,0,0,0,,0.0,0.0,0,0,0,0,78458483,1569,2378,5525,0,0,0,0,0,0,0,0.0,0.0,0,0,0,0,7,proof_only_after_build,proof_only_after_build,False,False,False,True,False,False,False,False,5.0,5.0,1000000,0,1000000,1000000,1000000,,proof_only_after_1m_build_sample_5pct,True,,1M
total_ref_5_avl.csv,total_ref_5_avl,426,current,,avlhashtree,proof_only_after_2m_build_sample_3pct,2000000,2000000,0,0,0,,0.0,0.0,0,0,0,0,113320574,1888,2499,6164,0,0,0,0,0,0,0,0.0,0.0,0,0,0,0,7,proof_only_after_build,proof_only_after_build,False,False,False,True,False,False,False,False,3.0,3.0,2000000,0,2000000,2000000,2000000,,proof_only_after_2m_build_sample_3pct,True,,2M
total_ref_5_avl.csv,total_ref_5_avl,427,current,,avlhashtree,proof_only_after_5m_build_sample_3pct,5000000,5000000,0,0,0,,0.0,0.0,0,0,0,0,350822657,2338,2662,6687,0,0,0,0,0,0,0,0.0,0.0,0,0,0,0,7,proof_only_after_build,proof_only_after_build,False,False,False,True,False,False,False,False,3.0,3.0,5000000,0,5000000,5000000,5000000,,proof_only_after_5m_build_sample_3pct,True,,5M
total_ref_5_avl.csv,total_ref_5_avl,428,current,,avlhashtree,proof_only_after_10m_build_sample_2pct,10000000,10000000,0,0,0,,0.0,0.0,0,0,0,0,514567283,2572,2780,6802,0,0,0,0,0,0,0,0.0,0.0,0,0,0,0,7,proof_only_after_build,proof_only_after_build,False,False,False,True,False,False,False,False,2.0,2.0,10000000,0,10000000,10000000,10000000,,proof_only_after_10m_build_sample_2pct,True,,10M
total_ref_5_avl.csv,total_ref_5_avl,429,current,,avlhashtree,proof_only_after_25m_build_sample_2pct,25000000,25000000,0,0,0,,0.0,0.0,0,0,0,0,1777911504,3555,2944,9199,0,0,0,0,0,0,0,0.0,0.0,0,0,0,0,7,proof_only_after_build,proof_only_after_build,False,False,False,True,False,False,False,False,2.0,2.0,25000000,0,25000000,25000000,25000000,,proof_only_after_25m_build_sample_2pct,True,,25M
total_ref_5_avl.csv,total_ref_5_avl,430,current,,avlhashtree,build_10k_then_add_2k_new,10000,12000,2000,4525050,2262,0-10%=2.279µs(n=200)|10-20%=2.231µs(n=200)|20-30%=2.271µs(n=200)|30-40%=2.302µs(n=200)|40-50%=2.244µs(n=200)|50-60%=2.244µs(n=200)|60-70%=2.372µs(n=200)|70-80%=2.196µs(n=200)|80-90%=2.321µs(n=200)|90-100%=2.155µs(n=200),0.59,0.59,65718,16036,1001,15035,0,0,0,0,0,0,0,0,0,0,0,0.0,0.0,0,0,0,0,7,build_then_add_new,build_then_add_new,False,False,False,False,False,True,True,False,,,10000,2000,12000,10000,10000,2000,build_10k_then_add_2k_new,True,,10K
total_ref_5_avl.csv,total_ref_5_avl,431,current,,avlhashtree,build_50k_then_add_10k_new,50000,60000,10000,25824978,2582,0-10%=2.758µs(n=1000)|10-20%=2.495µs(n=1000)|20-30%=2.595µs(n=1000)|30-40%=2.52µs(n=1000)|40-50%=2.485µs(n=1000)|50-60%=2.696µs(n=1000)|60-70%=2.578µs(n=1000)|70-80%=2.475µs(n=1000)|80-90%=2.658µs(n=1000)|90-100%=2.559µs(n=1000),2.91,2.91,325730,80039,5001,75038,0,0,0,0,0,0,0,0,0,0,0,0.0,0.0,0,0,0,0,7,build_then_add_new,build_then_add_new,False,False,False,False,False,True,True,False,,,50000,10000,60000,50000,50000,10000,build_50k_then_add_10k_new,True,,50K
total_ref_5_avl.csv,total_ref_5_avl,432,current,,avlhashtree,build_100k_then_add_20k_new,100000,120000,20000,57424862,2871,0-10%=3.002µs(n=2000)|10-20%=2.913µs(n=2000)|20-30%=2.87µs(n=2000)|30-40%=2.913µs(n=2000)|40-50%=2.859µs(n=2000)|50-60%=2.831µs(n=2000)|60-70%=2.849µs(n=2000)|70-80%=2.787µs(n=2000)|80-90%=2.829µs(n=2000)|90-100%=2.854µs(n=2000),5.81,5.81,650735,160041,10001,150040,0,0,0,0,0,0,0,0,0,0,0,0.0,0.0,0,0,0,0,7,build_then_add_new,build_then_add_new,False,False,False,False,False,True,True,False,,,100000,20000,120000,100000,100000,20000,build_100k_then_add_20k_new,True,,100K
total_ref_5_avl.csv,total_ref_5_avl,433,current,,avlhashtree,build_200k_then_add_40k_new,200000,240000,40000,130765585,3269,0-10%=3.49µs(n=4000)|10-20%=3.296µs(n=4000)|20-30%=3.264µs(n=4000)|30-40%=3.273µs(n=4000)|40-50%=3.276µs(n=4000)|50-60%=3.204µs(n=4000)|60-70%=3.204µs(n=4000)|70-80%=3.245µs(n=4000)|80-90%=3.206µs(n=4000)|90-100%=3.23µs(n=4000),11.63,11.63,1300742,320046,20001,300045,0,0,0,0,0,0,0,0,0,0,0,0.0,0.0,0,0,0,0,7,build_then_add_new,build_then_add_new,False,False,False,False,False,True,True,False,,,200000,40000,240000,200000,200000,40000,build_200k_then_add_40k_new,True,,200K
total_ref_5_avl.csv,total_ref_5_avl,434,current,,avlhashtree,build_300k_then_add_60k_new,300000,360000,60000,235380155,3923,0-10%=4.057µs(n=6000)|10-20%=3.797µs(n=6000)|20-30%=3.783µs(n=6000)|30-40%=3.646µs(n=6000)|40-50%=4.012µs(n=6000)|50-60%=4.577µs(n=6000)|60-70%=3.875µs(n=6000)|70-80%=3.877µs(n=6000)|80-90%=3.815µs(n=6000)|90-100%=3.786µs(n=6000),17.43,17.43,1950753,480050,30001,450049,0,0,0,0,0,0,0,0,0,0,0,0.0,0.0,0,0,0,0,7,build_then_add_new,build_then_add_new,False,False,False,False,False,True,True,False,,,300000,60000,360000,300000,300000,60000,build_300k_then_add_60k_new,True,,300K
total_ref_5_avl.csv,total_ref_5_avl,435,current,,avlhashtree,build_500k_then_add_100k_new,500000,600000,100000,425235413,4252,0-10%=5.128µs(n=10000)|10-20%=4.427µs(n=10000)|20-30%=4.257µs(n=10000)|30-40%=4.135µs(n=10000)|40-50%=4.118µs(n=10000)|50-60%=4.095µs(n=10000)|60-70%=4.076µs(n=10000)|70-80%=4.085µs(n=10000)|80-90%=4.094µs(n=10000)|90-100%=4.102µs(n=10000),29.03,29.03,3250751,800051,50001,750050,0,0,0,0,0,0,0,0,0,0,0,0.0,0.0,0,0,0,0,7,build_then_add_new,build_then_add_new,False,False,False,False,False,True,True,False,,,500000,100000,600000,500000,500000,100000,build_500k_then_add_100k_new,True,,500K
total_ref_5_avl.csv,total_ref_5_avl,436,current,,avlhashtree,build_700k_then_add_140k_new,700000,840000,140000,626197823,4472,0-10%=4.981µs(n=14000)|10-20%=4.524µs(n=14000)|20-30%=4.431µs(n=14000)|30-40%=4.439µs(n=14000)|40-50%=4.421µs(n=14000)|50-60%=4.376µs(n=14000)|60-70%=4.331µs(n=14000)|70-80%=4.344µs(n=14000)|80-90%=4.384µs(n=14000)|90-100%=4.494µs(n=14000),40.63,40.63,4550762,1120053,70001,1050052,0,0,0,0,0,0,0,0,0,0,0,0.0,0.0,0,0,0,0,7,build_then_add_new,build_then_add_new,False,False,False,False,False,True,True,False,,,700000,140000,840000,700000,700000,140000,build_700k_then_add_140k_new,True,,700K
total_ref_5_avl.csv,total_ref_5_avl,437,current,,avlhashtree,build_900k_then_add_180k_new,900000,1080000,180000,892042080,4955,0-10%=5.739µs(n=18000)|10-20%=5.142µs(n=18000)|20-30%=5.423µs(n=18000)|30-40%=4.843µs(n=18000)|40-50%=4.726µs(n=18000)|50-60%=4.703µs(n=18000)|60-70%=4.726µs(n=18000)|70-80%=4.733µs(n=18000)|80-90%=4.75µs(n=18000)|90-100%=4.767µs(n=18000),52.23,52.23,5850777,1440058,90000,1350058,0,0,0,0,0,0,0,0,0,0,0,0.0,0.0,0,0,0,0,7,build_then_add_new,build_then_add_new,False,False,False,False,False,True,True,False,,,900000,180000,1080000,900000,900000,180000,build_900k_then_add_180k_new,True,,900K
total_ref_5_avl.csv,total_ref_5_avl,438,current,,avlhashtree,build_1m_then_add_200k_new,1000000,1200000,200000,959341814,4796,0-10%=5.375µs(n=20000)|10-20%=4.881µs(n=20000)|20-30%=4.805µs(n=20000)|30-40%=4.763µs(n=20000)|40-50%=4.616µs(n=20000)|50-60%=4.582µs(n=20000)|60-70%=4.627µs(n=20000)|70-80%=4.636µs(n=20000)|80-90%=4.786µs(n=20000)|90-100%=4.892µs(n=20000),58.03,58.03,6500780,1600054,100001,1500053,0,0,0,0,0,0,0,0,0,0,0,0.0,0.0,0,0,0,0,7,build_then_add_new,build_then_add_new,False,False,False,False,False,True,True,False,,,1000000,200000,1200000,1000000,1000000,200000,build_1m_then_add_200k_new,True,,1M
total_ref_5_avl.csv,total_ref_5_avl,439,current,,avlhashtree,build_2m_then_add_400k_new,2000000,2400000,400000,2301875816,5754,0-10%=6.044µs(n=40000)|10-20%=5.545µs(n=40000)|20-30%=5.606µs(n=40000)|30-40%=5.656µs(n=40000)|40-50%=5.617µs(n=40000)|50-60%=5.635µs(n=40000)|60-70%=5.529µs(n=40000)|70-80%=5.66µs(n=40000)|80-90%=6.169µs(n=40000)|90-100%=6.079µs(n=40000),116.06,116.06,13000792,3200061,200001,3000060,0,0,0,0,0,0,0,0,0,0,0,0.0,0.0,0,0,0,0,7,build_then_add_new,build_then_add_new,False,False,False,False,False,True,True,False,,,2000000,400000,2400000,2000000,2000000,400000,build_2m_then_add_400k_new,True,,2M
total_ref_5_avl.csv,total_ref_5_avl,440,current,,avlhashtree,build_5m_then_add_1m_new,5000000,6000000,1000000,6624725662,6624,0-10%=6.929µs(n=100000)|10-20%=6.468µs(n=100000)|20-30%=6.547µs(n=100000)|30-40%=6.603µs(n=100000)|40-50%=6.49µs(n=100000)|50-60%=6.434µs(n=100000)|60-70%=6.497µs(n=100000)|70-80%=6.735µs(n=100000)|80-90%=6.767µs(n=100000)|90-100%=6.772µs(n=100000),290.16,290.16,32500821,8000087,500001,7500086,0,0,0,0,0,0,0,0,0,0,0,0.0,0.0,0,0,0,0,7,build_then_add_new,build_then_add_new,False,False,False,False,False,True,True,False,,,5000000,1000000,6000000,5000000,5000000,1000000,build_5m_then_add_1m_new,True,,5M
total_ref_5_avl.csv,total_ref_5_avl,441,current,,avlhashtree,build_10m_then_add_2m_new,10000000,12000000,2000000,14648576908,7324,0-10%=7.689µs(n=200000)|10-20%=7.361µs(n=200000)|20-30%=7.397µs(n=200000)|30-40%=7.415µs(n=200000)|40-50%=7.13µs(n=200000)|50-60%=7.144µs(n=200000)|60-70%=7.246µs(n=200000)|70-80%=7.253µs(n=200000)|80-90%=7.278µs(n=200000)|90-100%=7.325µs(n=200000),580.35,580.35,65000865,16000116,1000001,15000115,0,0,0,0,0,0,0,0,0,0,0,0.0,0.0,0,0,0,0,7,build_then_add_new,build_then_add_new,False,False,False,False,False,True,True,False,,,10000000,2000000,12000000,10000000,10000000,2000000,build_10m_then_add_2m_new,True,,10M
total_ref_5_avl.csv,total_ref_5_avl,442,current,,avlhashtree,build_25m_then_add_5m_new,25000000,30000000,5000000,43599247721,8719,0-10%=8.868µs(n=500000)|10-20%=8.548µs(n=500000)|20-30%=8.422µs(n=500000)|30-40%=8.488µs(n=500000)|40-50%=8.541µs(n=500000)|50-60%=8.689µs(n=500000)|60-70%=8.895µs(n=500000)|70-80%=9.174µs(n=500000)|80-90%=8.76µs(n=500000)|90-100%=8.807µs(n=500000),1451.17,1451.17,162501005,40000252,2500001,37500251,0,0,0,0,0,0,0,0,0,0,0,0.0,0.0,0,0,0,0,7,build_then_add_new,build_then_add_new,False,False,False,False,False,True,True,False,,,25000000,5000000,30000000,25000000,25000000,5000000,build_25m_then_add_5m_new,True,,25M
total_ref_5_avl.csv,total_ref_5_avl,443,current,,avlhashtree,build_10k_then_reinsert_2k_existing,10000,10000,2000,3360927,1680,0-10%=1.389µs(n=200)|10-20%=1.667µs(n=200)|20-30%=1.689µs(n=200)|30-40%=1.578µs(n=200)|40-50%=1.634µs(n=200)|50-60%=1.765µs(n=200)|60-70%=1.685µs(n=200)|70-80%=1.719µs(n=200)|80-90%=1.91µs(n=200)|90-100%=1.759µs(n=200),0.29,0.29,61786,12039,1001,11038,0,0,0,0,0,0,0,0,0,0,0,0.0,0.0,0,0,0,0,7,build_then_reinsert_existing,build_then_reinsert_existing,False,False,False,False,False,False,False,True,,,10000,2000,10000,10000,10000,2000,build_10k_then_reinsert_2k_existing,True,,10K
total_ref_5_avl.csv,total_ref_5_avl,444,current,,avlhashtree,build_50k_then_reinsert_10k_existing,50000,50000,10000,19315250,1931,0-10%=1.726µs(n=1000)|10-20%=1.817µs(n=1000)|20-30%=1.868µs(n=1000)|30-40%=2.004µs(n=1000)|40-50%=1.952µs(n=1000)|50-60%=1.918µs(n=1000)|60-70%=1.927µs(n=1000)|70-80%=2.137µs(n=1000)|80-90%=1.941µs(n=1000)|90-100%=2.019µs(n=1000),1.39,1.39,305799,60041,5001,55040,0,0,0,0,0,0,0,0,0,0,0,0.0,0.0,0,0,0,0,7,build_then_reinsert_existing,build_then_reinsert_existing,False,False,False,False,False,False,False,True,,,50000,10000,50000,50000,50000,10000,build_50k_then_reinsert_10k_existing,True,,50K
total_ref_5_avl.csv,total_ref_5_avl,445,current,,avlhashtree,build_100k_then_reinsert_20k_existing,100000,100000,20000,42596024,2129,0-10%=1.868µs(n=2000)|10-20%=1.987µs(n=2000)|20-30%=2.098µs(n=2000)|30-40%=2.117µs(n=2000)|40-50%=2.184µs(n=2000)|50-60%=2.156µs(n=2000)|60-70%=2.2µs(n=2000)|70-80%=2.191µs(n=2000)|80-90%=2.242µs(n=2000)|90-100%=2.25µs(n=2000),2.76,2.76,610801,120039,10001,110038,0,0,0,0,0,0,0,0,0,0,0,0.0,0.0,0,0,0,0,7,build_then_reinsert_existing,build_then_reinsert_existing,False,False,False,False,False,False,False,True,,,100000,20000,100000,100000,100000,20000,build_100k_then_reinsert_20k_existing,True,,100K
total_ref_5_avl.csv,total_ref_5_avl,446,current,,avlhashtree,build_200k_then_reinsert_40k_existing,200000,200000,40000,101243277,2531,0-10%=2.169µs(n=4000)|10-20%=2.363µs(n=4000)|20-30%=2.455µs(n=4000)|30-40%=2.52µs(n=4000)|40-50%=2.57µs(n=4000)|50-60%=2.615µs(n=4000)|60-70%=2.606µs(n=4000)|70-80%=2.611µs(n=4000)|80-90%=2.674µs(n=4000)|90-100%=2.723µs(n=4000),5.52,5.52,1220808,240046,20001,220045,0,0,0,0,0,0,0,0,0,0,0,0.0,0.0,0,0,0,0,7,build_then_reinsert_existing,build_then_reinsert_existing,False,False,False,False,False,False,False,True,,,200000,40000,200000,200000,200000,40000,build_200k_then_reinsert_40k_existing,True,,200K
total_ref_5_avl.csv,total_ref_5_avl,447,current,,avlhashtree,build_300k_then_reinsert_60k_existing,300000,300000,60000,170620791,2843,0-10%=2.426µs(n=6000)|10-20%=2.586µs(n=6000)|20-30%=2.643µs(n=6000)|30-40%=2.698µs(n=6000)|40-50%=3.048µs(n=6000)|50-60%=3.408µs(n=6000)|60-70%=2.867µs(n=6000)|70-80%=2.914µs(n=6000)|80-90%=2.907µs(n=6000)|90-100%=2.934µs(n=6000),8.27,8.27,1830810,360048,30001,330047,0,0,0,0,0,0,0,0,0,0,0,0.0,0.0,0,0,0,0,7,build_then_reinsert_existing,build_then_reinsert_existing,False,False,False,False,False,False,False,True,,,300000,60000,300000,300000,300000,60000,build_300k_then_reinsert_60k_existing,True,,300K
total_ref_5_avl.csv,total_ref_5_avl,448,current,,avlhashtree,build_500k_then_reinsert_100k_existing,500000,500000,100000,327632178,3276,0-10%=2.958µs(n=10000)|10-20%=3.135µs(n=10000)|20-30%=3.2µs(n=10000)|30-40%=3.281µs(n=10000)|40-50%=3.299µs(n=10000)|50-60%=3.342µs(n=10000)|60-70%=3.347µs(n=10000)|70-80%=3.373µs(n=10000)|80-90%=3.416µs(n=10000)|90-100%=3.407µs(n=10000),13.76,13.76,3050824,600050,50001,550049,0,0,0,0,0,0,0,0,0,0,0,0.0,0.0,0,0,0,0,7,build_then_reinsert_existing,build_then_reinsert_existing,False,False,False,False,False,False,False,True,,,500000,100000,500000,500000,500000,100000,build_500k_then_reinsert_100k_existing,True,,500K
total_ref_5_avl.csv,total_ref_5_avl,449,current,,avlhashtree,build_700k_then_reinsert_140k_existing,700000,700000,140000,477676819,3411,0-10%=3.041µs(n=14000)|10-20%=3.239µs(n=14000)|20-30%=3.348µs(n=14000)|30-40%=3.406µs(n=14000)|40-50%=3.496µs(n=14000)|50-60%=3.451µs(n=14000)|60-70%=3.417µs(n=14000)|70-80%=3.473µs(n=14000)|80-90%=3.605µs(n=14000)|90-100%=3.638µs(n=14000),19.26,19.26,4270830,840050,70001,770049,0,0,0,0,0,0,0,0,0,0,0,0.0,0.0,0,0,0,0,7,build_then_reinsert_existing,build_then_reinsert_existing,False,False,False,False,False,False,False,True,,,700000,140000,700000,700000,700000,140000,build_700k_then_reinsert_140k_existing,True,,700K
total_ref_5_avl.csv,total_ref_5_avl,450,current,,avlhashtree,build_900k_then_reinsert_180k_existing,900000,900000,180000,645883008,3588,0-10%=3.29µs(n=18000)|10-20%=3.431µs(n=18000)|20-30%=3.476µs(n=18000)|30-40%=3.565µs(n=18000)|40-50%=3.556µs(n=18000)|50-60%=3.52µs(n=18000)|60-70%=3.6µs(n=18000)|70-80%=3.666µs(n=18000)|80-90%=3.856µs(n=18000)|90-100%=3.916µs(n=18000),24.76,24.76,5490835,1080053,90000,990053,0,0,0,0,0,0,0,0,0,0,0,0.0,0.0,0,0,0,0,7,build_then_reinsert_existing,build_then_reinsert_existing,False,False,False,False,False,False,False,True,,,900000,180000,900000,900000,900000,180000,build_900k_then_reinsert_180k_existing,True,,900K
total_ref_5_avl.csv,total_ref_5_avl,451,current,,avlhashtree,build_1m_then_reinsert_200k_existing,1000000,1000000,200000,737366140,3686,0-10%=3.363µs(n=20000)|10-20%=3.474µs(n=20000)|20-30%=3.536µs(n=20000)|30-40%=3.595µs(n=20000)|40-50%=3.65µs(n=20000)|50-60%=3.721µs(n=20000)|60-70%=3.74µs(n=20000)|70-80%=3.816µs(n=20000)|80-90%=3.951µs(n=20000)|90-100%=4.017µs(n=20000),27.51,27.51,6100836,1200053,100001,1100052,0,0,0,0,0,0,0,0,0,0,0,0.0,0.0,0,0,0,0,7,build_then_reinsert_existing,build_then_reinsert_existing,False,False,False,False,False,False,False,True,,,1000000,200000,1000000,1000000,1000000,200000,build_1m_then_reinsert_200k_existing,True,,1M
total_ref_5_avl.csv,total_ref_5_avl,452,current,,avlhashtree,build_2m_then_reinsert_400k_existing,2000000,2000000,400000,1689978456,4224,0-10%=3.682µs(n=40000)|10-20%=3.862µs(n=40000)|20-30%=3.981µs(n=40000)|30-40%=4.257µs(n=40000)|40-50%=4.415µs(n=40000)|50-60%=4.371µs(n=40000)|60-70%=4.251µs(n=40000)|70-80%=4.323µs(n=40000)|80-90%=4.443µs(n=40000)|90-100%=4.659µs(n=40000),55.01,55.01,12200854,2400053,200001,2200052,0,0,0,0,0,0,0,0,0,0,0,0.0,0.0,0,0,0,0,7,build_then_reinsert_existing,build_then_reinsert_existing,False,False,False,False,False,False,False,True,,,2000000,400000,2000000,2000000,2000000,400000,build_2m_then_reinsert_400k_existing,True,,2M
total_ref_5_avl.csv,total_ref_5_avl,453,current,,avlhashtree,build_5m_then_reinsert_1m_existing,5000000,5000000,1000000,5184876291,5184,0-10%=4.289µs(n=100000)|10-20%=4.716µs(n=100000)|20-30%=4.925µs(n=100000)|30-40%=5.031µs(n=100000)|40-50%=5.244µs(n=100000)|50-60%=5.432µs(n=100000)|60-70%=5.543µs(n=100000)|70-80%=5.61µs(n=100000)|80-90%=5.512µs(n=100000)|90-100%=5.542µs(n=100000),137.52,137.52,30500872,6000074,500001,5500073,0,0,0,0,0,0,0,0,0,0,0,0.0,0.0,0,0,0,0,7,build_then_reinsert_existing,build_then_reinsert_existing,False,False,False,False,False,False,False,True,,,5000000,1000000,5000000,5000000,5000000,1000000,build_5m_then_reinsert_1m_existing,True,,5M
total_ref_5_avl.csv,total_ref_5_avl,454,current,,avlhashtree,build_10m_then_reinsert_2m_existing,10000000,10000000,2000000,11913265693,5956,0-10%=4.848µs(n=200000)|10-20%=5.459µs(n=200000)|20-30%=5.751µs(n=200000)|30-40%=5.95µs(n=200000)|40-50%=6.115µs(n=200000)|50-60%=6.159µs(n=200000)|60-70%=6.228µs(n=200000)|70-80%=6.291µs(n=200000)|80-90%=6.362µs(n=200000)|90-100%=6.399µs(n=200000),275.08,275.08,61000913,12000106,1000001,11000105,0,0,0,0,0,0,0,0,0,0,0,0.0,0.0,0,0,0,0,7,build_then_reinsert_existing,build_then_reinsert_existing,False,False,False,False,False,False,False,True,,,10000000,2000000,10000000,10000000,10000000,2000000,build_10m_then_reinsert_2m_existing,True,,10M
total_ref_5_avl.csv,total_ref_5_avl,455,current,,avlhashtree,build_25m_then_reinsert_5m_existing,25000000,25000000,5000000,35981975805,7196,0-10%=5.884µs(n=500000)|10-20%=6.752µs(n=500000)|20-30%=6.852µs(n=500000)|30-40%=7.163µs(n=500000)|40-50%=7.36µs(n=500000)|50-60%=7.346µs(n=500000)|60-70%=7.556µs(n=500000)|70-80%=7.63µs(n=500000)|80-90%=7.678µs(n=500000)|90-100%=7.737µs(n=500000),687.84,687.84,152501021,30000204,2500001,27500203,0,0,0,0,0,0,0,0,0,0,0,0.0,0.0,0,0,0,0,7,build_then_reinsert_existing,build_then_reinsert_existing,False,False,False,False,False,False,False,True,,,25000000,5000000,25000000,25000000,25000000,5000000,build_25m_then_reinsert_5m_existing,True,,25M
total_ref_5_avl.csv,total_ref_5_avl,456,current,,avlhashtree,insert_only_build_10k,0,10000,10000,21921024,2192,0-10%=1.739µs(n=1000)|10-20%=1.915µs(n=1000)|20-30%=2µs(n=1000)|30-40%=2.069µs(n=1000)|40-50%=2.171µs(n=1000)|50-60%=2.189µs(n=1000)|60-70%=2.219µs(n=1000)|70-80%=2.994µs(n=1000)|80-90%=2.268µs(n=1000)|90-100%=2.35µs(n=1000),2.43,2.92,56216,80052,24330,55722,0,0,0,0,0,0,0,0,0,0,0,0.0,0.0,0,0,0,0,8,insert_only_build,insert_only_build,False,False,True,False,False,False,False,False,,,0,10000,10000,10000,10000,,insert_only_build_10k,True,,10K
total_ref_5_avl.csv,total_ref_5_avl,457,current,,avlhashtree,insert_only_build_50k,0,50000,50000,122927682,2458,0-10%=2.072µs(n=5000)|10-20%=2.427µs(n=5000)|20-30%=2.367µs(n=5000)|30-40%=2.671µs(n=5000)|40-50%=2.476µs(n=5000)|50-60%=2.567µs(n=5000)|60-70%=2.565µs(n=5000)|70-80%=2.627µs(n=5000)|80-90%=2.385µs(n=5000)|90-100%=2.424µs(n=5000),12.19,14.55,280057,400079,120524,279555,0,0,0,0,0,0,0,0,0,0,0,0.0,0.0,0,0,0,0,8,insert_only_build,insert_only_build,False,False,True,False,False,False,False,False,,,0,50000,50000,50000,50000,,insert_only_build_50k,True,,50K
total_ref_5_avl.csv,total_ref_5_avl,458,current,,avlhashtree,insert_only_build_100k,0,100000,100000,246637255,2466,0-10%=1.952µs(n=10000)|10-20%=2.279µs(n=10000)|20-30%=2.349µs(n=10000)|30-40%=2.532µs(n=10000)|40-50%=2.401µs(n=10000)|50-60%=2.483µs(n=10000)|60-70%=2.539µs(n=10000)|70-80%=2.726µs(n=10000)|80-90%=2.661µs(n=10000)|90-100%=2.737µs(n=10000),24.66,29.06,571368,800109,229261,570848,0,0,0,0,0,0,0,0,0,0,0,0.0,0.0,0,0,0,0,8,insert_only_build,insert_only_build,False,False,True,False,False,False,False,False,,,0,100000,100000,100000,100000,,insert_only_build_100k,True,,100K
total_ref_5_avl.csv,total_ref_5_avl,459,current,,avlhashtree,insert_only_build_200k,0,200000,200000,526768060,2633,0-10%=2.107µs(n=20000)|10-20%=2.473µs(n=20000)|20-30%=2.446µs(n=20000)|30-40%=2.605µs(n=20000)|40-50%=2.611µs(n=20000)|50-60%=2.681µs(n=20000)|60-70%=2.821µs(n=20000)|70-80%=2.785µs(n=20000)|80-90%=2.887µs(n=20000)|90-100%=2.917µs(n=20000),50.05,58.03,1174620,1600086,426015,1174071,0,0,0,0,0,0,0,0,0,0,0,0.0,0.0,0,0,0,0,8,insert_only_build,insert_only_build,False,False,True,False,False,False,False,False,,,0,200000,200000,200000,200000,,insert_only_build_200k,True,,200K
total_ref_5_avl.csv,total_ref_5_avl,460,current,,avlhashtree,insert_only_build_300k,0,300000,300000,868086224,2893,0-10%=2.169µs(n=30000)|10-20%=2.439µs(n=30000)|20-30%=2.577µs(n=30000)|30-40%=2.667µs(n=30000)|40-50%=2.841µs(n=30000)|50-60%=2.852µs(n=30000)|60-70%=2.93µs(n=30000)|70-80%=3.137µs(n=30000)|80-90%=3.778µs(n=30000)|90-100%=3.542µs(n=30000),72.78,87.04,1667925,2400101,732736,1667365,0,0,0,0,0,0,0,0,0,0,0,0.0,0.0,0,0,0,0,8,insert_only_build,insert_only_build,False,False,True,False,False,False,False,False,,,0,300000,300000,300000,300000,,insert_only_build_300k,True,,300K
total_ref_5_avl.csv,total_ref_5_avl,461,current,,avlhashtree,insert_only_build_500k,0,500000,500000,1678972621,3357,0-10%=2.304µs(n=50000)|10-20%=2.603µs(n=50000)|20-30%=2.747µs(n=50000)|30-40%=3.015µs(n=50000)|40-50%=3.42µs(n=50000)|50-60%=3.534µs(n=50000)|60-70%=3.659µs(n=50000)|70-80%=3.923µs(n=50000)|80-90%=4.212µs(n=50000)|90-100%=4.157µs(n=50000),119.63,145.05,2711087,4000106,1289589,2710517,0,0,0,0,0,0,0,0,0,0,0,0.0,0.0,0,0,0,0,8,insert_only_build,insert_only_build,False,False,True,False,False,False,False,False,,,0,500000,500000,500000,500000,,insert_only_build_500k,True,,500K
total_ref_5_avl.csv,total_ref_5_avl,462,current,,avlhashtree,insert_only_build_700k,0,700000,700000,2379717883,3399,0-10%=2.422µs(n=70000)|10-20%=2.889µs(n=70000)|20-30%=3.268µs(n=70000)|30-40%=3.308µs(n=70000)|40-50%=3.291µs(n=70000)|50-60%=3.577µs(n=70000)|60-70%=3.642µs(n=70000)|70-80%=3.689µs(n=70000)|80-90%=3.929µs(n=70000)|90-100%=3.975µs(n=70000),177.85,203.06,4219724,5600118,1380971,4219147,0,0,0,0,0,0,0,0,0,0,0,0.0,0.0,0,0,0,0,8,insert_only_build,insert_only_build,False,False,True,False,False,False,False,False,,,0,700000,700000,700000,700000,,insert_only_build_700k,True,,700K
total_ref_5_avl.csv,total_ref_5_avl,463,current,,avlhashtree,insert_only_build_900k,0,900000,900000,3190746222,3545,0-10%=2.384µs(n=90000)|10-20%=2.777µs(n=90000)|20-30%=3.159µs(n=90000)|30-40%=3.327µs(n=90000)|40-50%=3.715µs(n=90000)|50-60%=3.744µs(n=90000)|60-70%=3.757µs(n=90000)|70-80%=3.9µs(n=90000)|80-90%=4.442µs(n=90000)|90-100%=4.242µs(n=90000),216.39,261.07,4922345,7200132,2278367,4921765,0,0,0,0,0,0,0,0,0,0,0,0.0,0.0,0,0,0,0,8,insert_only_build,insert_only_build,False,False,True,False,False,False,False,False,,,0,900000,900000,900000,900000,,insert_only_build_900k,True,,900K
total_ref_5_avl.csv,total_ref_5_avl,464,current,,avlhashtree,insert_only_build_1m,0,1000000,1000000,3575816485,3575,0-10%=2.424µs(n=100000)|10-20%=2.8µs(n=100000)|20-30%=3.102µs(n=100000)|30-40%=3.4µs(n=100000)|40-50%=3.637µs(n=100000)|50-60%=3.795µs(n=100000)|60-70%=4.07µs(n=100000)|70-80%=4.158µs(n=100000)|80-90%=4.159µs(n=100000)|90-100%=4.208µs(n=100000),246.92,290.07,5734962,8000151,2265771,5734380,0,0,0,0,0,0,0,0,0,0,0,0.0,0.0,0,0,0,0,8,insert_only_build,insert_only_build,False,False,True,False,False,False,False,False,,,0,1000000,1000000,1000000,1000000,,insert_only_build_1m,True,,1M
total_ref_5_avl.csv,total_ref_5_avl,465,current,,avlhashtree,insert_only_build_2m,0,2000000,2000000,8554526799,4277,0-10%=2.697µs(n=200000)|10-20%=3.214µs(n=200000)|20-30%=3.655µs(n=200000)|30-40%=4.666µs(n=200000)|40-50%=4.486µs(n=200000)|50-60%=4.395µs(n=200000)|60-70%=4.774µs(n=200000)|70-80%=4.782µs(n=200000)|80-90%=4.914µs(n=200000)|90-100%=5.184µs(n=200000),501.25,580.19,11769718,16000171,4231043,11769128,0,0,0,0,0,0,0,0,0,0,0,0.0,0.0,0,0,0,0,8,insert_only_build,insert_only_build,False,False,True,False,False,False,False,False,,,0,2000000,2000000,2000000,2000000,,insert_only_build_2m,True,,2M
total_ref_5_avl.csv,total_ref_5_avl,466,current,,avlhashtree,insert_only_build_5m,0,5000000,5000000,25749151597,5149,0-10%=3.065µs(n=500000)|10-20%=4.079µs(n=500000)|20-30%=4.728µs(n=500000)|30-40%=4.98µs(n=500000)|40-50%=5.344µs(n=500000)|50-60%=5.491µs(n=500000)|60-70%=5.595µs(n=500000)|70-80%=5.758µs(n=500000)|80-90%=6.183µs(n=500000)|90-100%=6.269µs(n=500000),1199.05,1450.5,27205895,40000267,12794969,27205298,0,0,0,0,0,0,0,0,0,0,0,0.0,0.0,0,0,0,0,8,insert_only_build,insert_only_build,False,False,True,False,False,False,False,False,,,0,5000000,5000000,5000000,5000000,,insert_only_build_5m,True,,5M
total_ref_5_avl.csv,total_ref_5_avl,467,current,,avlhashtree,insert_only_build_10m,0,10000000,10000000,58737310514,5873,0-10%=3.63µs(n=1000000)|10-20%=4.853µs(n=1000000)|20-30%=5.414µs(n=1000000)|30-40%=5.625µs(n=1000000)|40-50%=6.094µs(n=1000000)|50-60%=6.346µs(n=1000000)|60-70%=6.431µs(n=1000000)|70-80%=6.769µs(n=1000000)|80-90%=6.751µs(n=1000000)|90-100%=6.818µs(n=1000000),2459.52,2901.18,56917892,80000411,23083124,56917287,0,0,0,0,0,0,0,0,0,0,0,0.0,0.0,0,0,0,0,8,insert_only_build,insert_only_build,False,False,True,False,False,False,False,False,,,0,10000000,10000000,10000000,10000000,,insert_only_build_10m,True,,10M
total_ref_5_avl.csv,total_ref_5_avl,468,current,,avlhashtree,insert_only_build_25m,0,25000000,25000000,177041259927,7081,0-10%=4.576µs(n=2500000)|10-20%=5.901µs(n=2500000)|20-30%=6.431µs(n=2500000)|30-40%=6.939µs(n=2500000)|40-50%=7.336µs(n=2500000)|50-60%=7.451µs(n=2500000)|60-70%=7.682µs(n=2500000)|70-80%=7.872µs(n=2500000)|80-90%=8.337µs(n=2500000)|90-100%=8.286µs(n=2500000),5922.69,7254.22,132984941,200001003,67016672,132984331,0,0,0,0,0,0,0,0,0,0,0,0.0,0.0,0,0,0,0,8,insert_only_build,insert_only_build,False,False,True,False,False,False,False,False,,,0,25000000,25000000,25000000,25000000,,insert_only_build_25m,True,,25M
total_ref_5_avl.csv,total_ref_5_avl,469,current,,avlhashtree,prehashed_ordered_insert_only_10k,0,10000,10000,19267082,1926,0-10%=1.566µs(n=1000)|10-20%=1.795µs(n=1000)|20-30%=1.831µs(n=1000)|30-40%=1.819µs(n=1000)|40-50%=1.917µs(n=1000)|50-60%=2.452µs(n=1000)|60-70%=1.931µs(n=1000)|70-80%=1.923µs(n=1000)|80-90%=2.018µs(n=1000)|90-100%=2.01µs(n=1000),1.97,2.91,63019,80046,27658,52388,0,0,0,0,0,0,0,0,0,0,0,0.0,0.0,0,0,0,0,8,insert_only_build,prehashed_ordered_insert_only,True,True,True,False,False,False,False,False,,,0,10000,10000,10000,10000,,prehashed_ordered_insert_only_10k,True,,10K
total_ref_5_avl.csv,total_ref_5_avl,470,current,,avlhashtree,prehashed_ordered_insert_only_50k,0,50000,50000,107734076,2154,0-10%=1.774µs(n=5000)|10-20%=2.07µs(n=5000)|20-30%=2.144µs(n=5000)|30-40%=2.098µs(n=5000)|40-50%=2.124µs(n=5000)|50-60%=2.316µs(n=5000)|60-70%=2.154µs(n=5000)|70-80%=2.201µs(n=5000)|80-90%=2.416µs(n=5000)|90-100%=2.245µs(n=5000),11.84,14.53,266403,400056,134237,265819,0,0,0,0,0,0,0,0,0,0,0,0.0,0.0,0,0,0,0,8,insert_only_build,prehashed_ordered_insert_only,True,True,True,False,False,False,False,False,,,0,50000,50000,50000,50000,,prehashed_ordered_insert_only_50k,True,,50K
total_ref_5_avl.csv,total_ref_5_avl,471,current,,avlhashtree,prehashed_ordered_insert_only_100k,0,100000,100000,227181643,2271,0-10%=2.017µs(n=10000)|10-20%=2.044µs(n=10000)|20-30%=2.257µs(n=10000)|30-40%=2.211µs(n=10000)|40-50%=2.354µs(n=10000)|50-60%=2.21µs(n=10000)|60-70%=2.303µs(n=10000)|70-80%=2.361µs(n=10000)|80-90%=2.532µs(n=10000)|90-100%=2.424µs(n=10000),17.66,29.03,535597,800092,365051,435041,0,0,0,0,0,0,0,0,0,0,0,0.0,0.0,0,0,0,0,8,insert_only_build,prehashed_ordered_insert_only,True,True,True,False,False,False,False,False,,,0,100000,100000,100000,100000,,prehashed_ordered_insert_only_100k,True,,100K
total_ref_5_avl.csv,total_ref_5_avl,472,current,,avlhashtree,prehashed_ordered_insert_only_200k,0,200000,200000,470783302,2353,0-10%=1.996µs(n=20000)|10-20%=2.194µs(n=20000)|20-30%=2.306µs(n=20000)|30-40%=2.284µs(n=20000)|40-50%=2.428µs(n=20000)|50-60%=2.305µs(n=20000)|60-70%=2.42µs(n=20000)|70-80%=2.487µs(n=20000)|80-90%=2.581µs(n=20000)|90-100%=2.533µs(n=20000),35.56,58.03,1081127,1600083,719523,880560,0,0,0,0,0,0,0,0,0,0,0,0.0,0.0,0,0,0,0,8,insert_only_build,prehashed_ordered_insert_only,True,True,True,False,False,False,False,False,,,0,200000,200000,200000,200000,,prehashed_ordered_insert_only_200k,True,,200K
total_ref_5_avl.csv,total_ref_5_avl,473,current,,avlhashtree,prehashed_ordered_insert_only_300k,0,300000,300000,738262508,2460,0-10%=2.099µs(n=30000)|10-20%=2.325µs(n=30000)|20-30%=2.442µs(n=30000)|30-40%=2.35µs(n=30000)|40-50%=2.484µs(n=30000)|50-60%=2.516µs(n=30000)|60-70%=2.545µs(n=30000)|70-80%=2.553µs(n=30000)|80-90%=2.641µs(n=30000)|90-100%=2.649µs(n=30000),53.46,87.01,1626908,2400061,1073743,1326318,0,0,0,0,0,0,0,0,0,0,0,0.0,0.0,0,0,0,0,8,insert_only_build,prehashed_ordered_insert_only,True,True,True,False,False,False,False,False,,,0,300000,300000,300000,300000,,prehashed_ordered_insert_only_300k,True,,300K
total_ref_5_avl.csv,total_ref_5_avl,474,current,,avlhashtree,prehashed_ordered_insert_only_500k,0,500000,500000,1248012953,2496,0-10%=2.153µs(n=50000)|10-20%=2.391µs(n=50000)|20-30%=2.396µs(n=50000)|30-40%=2.475µs(n=50000)|40-50%=2.469µs(n=50000)|50-60%=2.645µs(n=50000)|60-70%=2.668µs(n=50000)|70-80%=2.591µs(n=50000)|80-90%=2.584µs(n=50000)|90-100%=2.583µs(n=50000),95.9,145.04,2988880,4000095,1511784,2488311,0,0,0,0,0,0,0,0,0,0,0,0.0,0.0,0,0,0,0,8,insert_only_build,prehashed_ordered_insert_only,True,True,True,False,False,False,False,False,,,0,500000,500000,500000,500000,,prehashed_ordered_insert_only_500k,True,,500K
total_ref_5_avl.csv,total_ref_5_avl,475,current,,avlhashtree,prehashed_ordered_insert_only_700k,0,700000,700000,1786111012,2551,0-10%=2.179µs(n=70000)|10-20%=2.417µs(n=70000)|20-30%=2.415µs(n=70000)|30-40%=2.493µs(n=70000)|40-50%=2.559µs(n=70000)|50-60%=2.622µs(n=70000)|60-70%=2.671µs(n=70000)|70-80%=2.657µs(n=70000)|80-90%=2.747µs(n=70000)|90-100%=2.753µs(n=70000),134.4,203.03,4190648,5600106,2110031,3490075,0,0,0,0,0,0,0,0,0,0,0,0.0,0.0,0,0,0,0,8,insert_only_build,prehashed_ordered_insert_only,True,True,True,False,False,False,False,False,,,0,700000,700000,700000,700000,,prehashed_ordered_insert_only_700k,True,,700K
total_ref_5_avl.csv,total_ref_5_avl,476,current,,avlhashtree,prehashed_ordered_insert_only_900k,0,900000,900000,2348861782,2609,0-10%=2.296µs(n=90000)|10-20%=2.495µs(n=90000)|20-30%=2.453µs(n=90000)|30-40%=2.588µs(n=90000)|40-50%=2.554µs(n=90000)|50-60%=2.607µs(n=90000)|60-70%=2.829µs(n=90000)|70-80%=2.758µs(n=90000)|80-90%=2.756µs(n=90000)|90-100%=2.758µs(n=90000),172.94,261.04,5393038,7200104,2707641,4492463,0,0,0,0,0,0,0,0,0,0,0,0.0,0.0,0,0,0,0,8,insert_only_build,prehashed_ordered_insert_only,True,True,True,False,False,False,False,False,,,0,900000,900000,900000,900000,,prehashed_ordered_insert_only_900k,True,,900K
total_ref_5_avl.csv,total_ref_5_avl,477,current,,avlhashtree,prehashed_ordered_insert_only_1m,0,1000000,1000000,2602241032,2602,0-10%=2.239µs(n=100000)|10-20%=2.488µs(n=100000)|20-30%=2.525µs(n=100000)|30-40%=2.635µs(n=100000)|40-50%=2.559µs(n=100000)|50-60%=2.668µs(n=100000)|60-70%=2.781µs(n=100000)|70-80%=2.713µs(n=100000)|80-90%=2.701µs(n=100000)|90-100%=2.71µs(n=100000),192.27,290.03,5997020,8000103,3003660,4996443,0,0,0,0,0,0,0,0,0,0,0,0.0,0.0,0,0,0,0,8,insert_only_build,prehashed_ordered_insert_only,True,True,True,False,False,False,False,False,,,0,1000000,1000000,1000000,1000000,,prehashed_ordered_insert_only_1m,True,,1M
total_ref_5_avl.csv,total_ref_5_avl,478,current,,avlhashtree,prehashed_ordered_insert_only_2m,0,2000000,2000000,5466317134,2733,0-10%=2.411µs(n=200000)|10-20%=2.62µs(n=200000)|20-30%=2.598µs(n=200000)|30-40%=2.746µs(n=200000)|40-50%=2.731µs(n=200000)|50-60%=2.802µs(n=200000)|60-70%=2.913µs(n=200000)|70-80%=2.829µs(n=200000)|80-90%=2.846µs(n=200000)|90-100%=2.829µs(n=200000),384.26,580.04,11982485,16000125,6018220,9981905,0,0,0,0,0,0,0,0,0,0,0,0.0,0.0,0,0,0,0,8,insert_only_build,prehashed_ordered_insert_only,True,True,True,False,False,False,False,False,,,0,2000000,2000000,2000000,2000000,,prehashed_ordered_insert_only_2m,True,,2M
total_ref_5_avl.csv,total_ref_5_avl,479,current,,avlhashtree,prehashed_ordered_insert_only_5m,0,5000000,5000000,14508475308,2901,0-10%=2.595µs(n=500000)|10-20%=2.84µs(n=500000)|20-30%=2.854µs(n=500000)|30-40%=2.928µs(n=500000)|40-50%=2.884µs(n=500000)|50-60%=2.932µs(n=500000)|60-70%=3.021µs(n=500000)|70-80%=2.924µs(n=500000)|80-90%=2.988µs(n=500000)|90-100%=3.046µs(n=500000),953.45,1450.05,29661681,40000163,15339066,24661097,0,0,0,0,0,0,0,0,0,0,0,0.0,0.0,0,0,0,0,8,insert_only_build,prehashed_ordered_insert_only,True,True,True,False,False,False,False,False,,,0,5000000,5000000,5000000,5000000,,prehashed_ordered_insert_only_5m,True,,5M
total_ref_5_avl.csv,total_ref_5_avl,480,current,,avlhashtree,prehashed_ordered_insert_only_10m,0,10000000,10000000,29852447872,2985,0-10%=2.582µs(n=1000000)|10-20%=2.833µs(n=1000000)|20-30%=2.922µs(n=1000000)|30-40%=2.982µs(n=1000000)|40-50%=3.034µs(n=1000000)|50-60%=3.079µs(n=1000000)|60-70%=3.102µs(n=1000000)|70-80%=3.046µs(n=1000000)|80-90%=3.115µs(n=1000000)|90-100%=3.154µs(n=1000000),1925.3,2900.04,60077610,80000230,29923199,50077031,0,0,0,0,0,0,0,0,0,0,0,0.0,0.0,0,0,0,0,8,insert_only_build,prehashed_ordered_insert_only,True,True,True,False,False,False,False,False,,,0,10000000,10000000,10000000,10000000,,prehashed_ordered_insert_only_10m,True,,10M
total_ref_5_avl.csv,total_ref_5_avl,481,current,,avlhashtree,prehashed_ordered_insert_only_25m,0,25000000,25000000,79705889580,3188,0-10%=2.75µs(n=2500000)|10-20%=2.993µs(n=2500000)|20-30%=3.005µs(n=2500000)|30-40%=3.152µs(n=2500000)|40-50%=3.141µs(n=2500000)|50-60%=3.215µs(n=2500000)|60-70%=3.345µs(n=2500000)|70-80%=3.435µs(n=2500000)|80-90%=3.434µs(n=2500000)|90-100%=3.408µs(n=2500000),4775.59,7249.77,148665031,200000361,76335913,123664448,0,0,0,0,0,0,0,0,0,0,0,0.0,0.0,0,0,0,0,8,insert_only_build,prehashed_ordered_insert_only,True,True,True,False,False,False,False,False,,,0,25000000,25000000,25000000,25000000,,prehashed_ordered_insert_only_25m,True,,25M
total_ref_5_avl.csv,total_ref_5_avl,482,current,,avlhashtree,proof_only_after_10k_build_sample_5pct,10000,10000,0,0,0,,0.0,0.0,0,0,0,0,325647,651,1589,3837,0,0,0,0,0,0,0,0.0,0.0,0,0,0,0,8,proof_only_after_build,proof_only_after_build,False,False,False,True,False,False,False,False,5.0,5.0,10000,0,10000,10000,10000,,proof_only_after_10k_build_sample_5pct,True,,10K
total_ref_5_avl.csv,total_ref_5_avl,483,current,,avlhashtree,proof_only_after_50k_build_sample_5pct,50000,50000,0,0,0,,0.0,0.0,0,0,0,0,1282717,513,1855,4087,0,0,0,0,0,0,0,0.0,0.0,0,0,0,0,8,proof_only_after_build,proof_only_after_build,False,False,False,True,False,False,False,False,5.0,5.0,50000,0,50000,50000,50000,,proof_only_after_50k_build_sample_5pct,True,,50K
total_ref_5_avl.csv,total_ref_5_avl,484,current,,avlhashtree,proof_only_after_100k_build_sample_5pct,100000,100000,0,0,0,,0.0,0.0,0,0,0,0,3104965,620,1974,4254,0,0,0,0,0,0,0,0.0,0.0,0,0,0,0,8,proof_only_after_build,proof_only_after_build,False,False,False,True,False,False,False,False,5.0,5.0,100000,0,100000,100000,100000,,proof_only_after_100k_build_sample_5pct,True,,100K
total_ref_5_avl.csv,total_ref_5_avl,485,current,,avlhashtree,proof_only_after_200k_build_sample_5pct,200000,200000,0,0,0,,0.0,0.0,0,0,0,0,7789592,778,2091,4641,0,0,0,0,0,0,0,0.0,0.0,0,0,0,0,8,proof_only_after_build,proof_only_after_build,False,False,False,True,False,False,False,False,5.0,5.0,200000,0,200000,200000,200000,,proof_only_after_200k_build_sample_5pct,True,,200K
total_ref_5_avl.csv,total_ref_5_avl,486,current,,avlhashtree,proof_only_after_300k_build_sample_5pct,300000,300000,0,0,0,,0.0,0.0,0,0,0,0,15021051,1001,2168,4900,0,0,0,0,0,0,0,0.0,0.0,0,0,0,0,8,proof_only_after_build,proof_only_after_build,False,False,False,True,False,False,False,False,5.0,5.0,300000,0,300000,300000,300000,,proof_only_after_300k_build_sample_5pct,True,,300K
total_ref_5_avl.csv,total_ref_5_avl,487,current,,avlhashtree,proof_only_after_500k_build_sample_5pct,500000,500000,0,0,0,,0.0,0.0,0,0,0,0,31040001,1241,2256,5110,0,0,0,0,0,0,0,0.0,0.0,0,0,0,0,8,proof_only_after_build,proof_only_after_build,False,False,False,True,False,False,False,False,5.0,5.0,500000,0,500000,500000,500000,,proof_only_after_500k_build_sample_5pct,True,,500K
total_ref_5_avl.csv,total_ref_5_avl,488,current,,avlhashtree,proof_only_after_700k_build_sample_5pct,700000,700000,0,0,0,,0.0,0.0,0,0,0,0,45680902,1305,2316,5216,0,0,0,0,0,0,0,0.0,0.0,0,0,0,0,8,proof_only_after_build,proof_only_after_build,False,False,False,True,False,False,False,False,5.0,5.0,700000,0,700000,700000,700000,,proof_only_after_700k_build_sample_5pct,True,,700K
total_ref_5_avl.csv,total_ref_5_avl,489,current,,avlhashtree,proof_only_after_900k_build_sample_5pct,900000,900000,0,0,0,,0.0,0.0,0,0,0,0,65654901,1458,2359,5374,0,0,0,0,0,0,0,0.0,0.0,0,0,0,0,8,proof_only_after_build,proof_only_after_build,False,False,False,True,False,False,False,False,5.0,5.0,900000,0,900000,900000,900000,,proof_only_after_900k_build_sample_5pct,True,,900K
total_ref_5_avl.csv,total_ref_5_avl,490,current,,avlhashtree,proof_only_after_1m_build_sample_5pct,1000000,1000000,0,0,0,,0.0,0.0,0,0,0,0,76415908,1528,2378,5397,0,0,0,0,0,0,0,0.0,0.0,0,0,0,0,8,proof_only_after_build,proof_only_after_build,False,False,False,True,False,False,False,False,5.0,5.0,1000000,0,1000000,1000000,1000000,,proof_only_after_1m_build_sample_5pct,True,,1M
total_ref_5_avl.csv,total_ref_5_avl,491,current,,avlhashtree,proof_only_after_2m_build_sample_3pct,2000000,2000000,0,0,0,,0.0,0.0,0,0,0,0,113341601,1889,2499,5837,0,0,0,0,0,0,0,0.0,0.0,0,0,0,0,8,proof_only_after_build,proof_only_after_build,False,False,False,True,False,False,False,False,3.0,3.0,2000000,0,2000000,2000000,2000000,,proof_only_after_2m_build_sample_3pct,True,,2M
total_ref_5_avl.csv,total_ref_5_avl,492,current,,avlhashtree,proof_only_after_5m_build_sample_3pct,5000000,5000000,0,0,0,,0.0,0.0,0,0,0,0,331452121,2209,2663,6430,0,0,0,0,0,0,0,0.0,0.0,0,0,0,0,8,proof_only_after_build,proof_only_after_build,False,False,False,True,False,False,False,False,3.0,3.0,5000000,0,5000000,5000000,5000000,,proof_only_after_5m_build_sample_3pct,True,,5M
total_ref_5_avl.csv,total_ref_5_avl,493,current,,avlhashtree,proof_only_after_10m_build_sample_2pct,10000000,10000000,0,0,0,,0.0,0.0,0,0,0,0,487361257,2436,2780,6594,0,0,0,0,0,0,0,0.0,0.0,0,0,0,0,8,proof_only_after_build,proof_only_after_build,False,False,False,True,False,False,False,False,2.0,2.0,10000000,0,10000000,10000000,10000000,,proof_only_after_10m_build_sample_2pct,True,,10M
total_ref_5_avl.csv,total_ref_5_avl,494,current,,avlhashtree,proof_only_after_25m_build_sample_2pct,25000000,25000000,0,0,0,,0.0,0.0,0,0,0,0,1728024430,3456,2945,9018,0,0,0,0,0,0,0,0.0,0.0,0,0,0,0,8,proof_only_after_build,proof_only_after_build,False,False,False,True,False,False,False,False,2.0,2.0,25000000,0,25000000,25000000,25000000,,proof_only_after_25m_build_sample_2pct,True,,25M
total_ref_5_avl.csv,total_ref_5_avl,495,current,,avlhashtree,build_10k_then_add_2k_new,10000,12000,2000,4848907,2424,0-10%=3.588µs(n=200)|10-20%=2.41µs(n=200)|20-30%=2.657µs(n=200)|30-40%=2.332µs(n=200)|40-50%=2.311µs(n=200)|50-60%=2.31µs(n=200)|60-70%=2.255µs(n=200)|70-80%=2.136µs(n=200)|80-90%=2.135µs(n=200)|90-100%=2.102µs(n=200),0.59,0.59,65753,16041,1001,15040,0,0,0,0,0,0,0,0,0,0,0,0.0,0.0,0,0,0,0,8,build_then_add_new,build_then_add_new,False,False,False,False,False,True,True,False,,,10000,2000,12000,10000,10000,2000,build_10k_then_add_2k_new,True,,10K
total_ref_5_avl.csv,total_ref_5_avl,496,current,,avlhashtree,build_50k_then_add_10k_new,50000,60000,10000,25277119,2527,0-10%=2.627µs(n=1000)|10-20%=2.464µs(n=1000)|20-30%=2.636µs(n=1000)|30-40%=2.502µs(n=1000)|40-50%=2.494µs(n=1000)|50-60%=2.547µs(n=1000)|60-70%=2.444µs(n=1000)|70-80%=2.617µs(n=1000)|80-90%=2.504µs(n=1000)|90-100%=2.434µs(n=1000),2.91,2.91,325767,80041,5001,75040,0,0,0,0,0,0,0,0,0,0,0,0.0,0.0,0,0,0,0,8,build_then_add_new,build_then_add_new,False,False,False,False,False,True,True,False,,,50000,10000,60000,50000,50000,10000,build_50k_then_add_10k_new,True,,50K
total_ref_5_avl.csv,total_ref_5_avl,497,current,,avlhashtree,build_100k_then_add_20k_new,100000,120000,20000,58210606,2910,0-10%=2.904µs(n=2000)|10-20%=2.867µs(n=2000)|20-30%=2.9µs(n=2000)|30-40%=3.032µs(n=2000)|40-50%=2.9µs(n=2000)|50-60%=2.902µs(n=2000)|60-70%=2.929µs(n=2000)|70-80%=2.906µs(n=2000)|80-90%=2.856µs(n=2000)|90-100%=2.905µs(n=2000),5.81,5.81,650775,160043,10000,150043,0,0,0,0,0,0,0,0,0,0,0,0.0,0.0,0,0,0,0,8,build_then_add_new,build_then_add_new,False,False,False,False,False,True,True,False,,,100000,20000,120000,100000,100000,20000,build_100k_then_add_20k_new,True,,100K
total_ref_5_avl.csv,total_ref_5_avl,498,current,,avlhashtree,build_200k_then_add_40k_new,200000,240000,40000,129751155,3243,0-10%=3.354µs(n=4000)|10-20%=3.22µs(n=4000)|20-30%=3.187µs(n=4000)|30-40%=3.219µs(n=4000)|40-50%=3.19µs(n=4000)|50-60%=3.21µs(n=4000)|60-70%=3.247µs(n=4000)|70-80%=3.257µs(n=4000)|80-90%=3.359µs(n=4000)|90-100%=3.19µs(n=4000),11.63,11.63,1300785,320048,20001,300047,0,0,0,0,0,0,0,0,0,0,0,0.0,0.0,0,0,0,0,8,build_then_add_new,build_then_add_new,False,False,False,False,False,True,True,False,,,200000,40000,240000,200000,200000,40000,build_200k_then_add_40k_new,True,,200K
total_ref_5_avl.csv,total_ref_5_avl,499,current,,avlhashtree,build_300k_then_add_60k_new,300000,360000,60000,222201809,3703,0-10%=3.755µs(n=6000)|10-20%=3.684µs(n=6000)|20-30%=3.814µs(n=6000)|30-40%=3.57µs(n=6000)|40-50%=3.517µs(n=6000)|50-60%=3.569µs(n=6000)|60-70%=4.379µs(n=6000)|70-80%=3.745µs(n=6000)|80-90%=3.508µs(n=6000)|90-100%=3.487µs(n=6000),17.43,17.43,1950797,480050,30000,450050,0,0,0,0,0,0,0,0,0,0,0,0.0,0.0,0,0,0,0,8,build_then_add_new,build_then_add_new,False,False,False,False,False,True,True,False,,,300000,60000,360000,300000,300000,60000,build_300k_then_add_60k_new,True,,300K
total_ref_5_avl.csv,total_ref_5_avl,500,current,,avlhashtree,build_500k_then_add_100k_new,500000,600000,100000,413833106,4138,0-10%=4.664µs(n=10000)|10-20%=4.347µs(n=10000)|20-30%=4.227µs(n=10000)|30-40%=4.089µs(n=10000)|40-50%=4.065µs(n=10000)|50-60%=4.07µs(n=10000)|60-70%=4.054µs(n=10000)|70-80%=4.007µs(n=10000)|80-90%=3.932µs(n=10000)|90-100%=3.923µs(n=10000),29.03,29.03,3250801,800055,50001,750054,0,0,0,0,0,0,0,0,0,0,0,0.0,0.0,0,0,0,0,8,build_then_add_new,build_then_add_new,False,False,False,False,False,True,True,False,,,500000,100000,600000,500000,500000,100000,build_500k_then_add_100k_new,True,,500K
total_ref_5_avl.csv,total_ref_5_avl,501,current,,avlhashtree,build_700k_then_add_140k_new,700000,840000,140000,629086979,4493,0-10%=4.936µs(n=14000)|10-20%=4.578µs(n=14000)|20-30%=4.497µs(n=14000)|30-40%=4.492µs(n=14000)|40-50%=4.391µs(n=14000)|50-60%=4.306µs(n=14000)|60-70%=4.519µs(n=14000)|70-80%=4.451µs(n=14000)|80-90%=4.394µs(n=14000)|90-100%=4.364µs(n=14000),40.63,40.63,4550810,1120053,70001,1050052,0,0,0,0,0,0,0,0,0,0,0,0.0,0.0,0,0,0,0,8,build_then_add_new,build_then_add_new,False,False,False,False,False,True,True,False,,,700000,140000,840000,700000,700000,140000,build_700k_then_add_140k_new,True,,700K
total_ref_5_avl.csv,total_ref_5_avl,502,current,,avlhashtree,build_900k_then_add_180k_new,900000,1080000,180000,871066472,4839,0-10%=6.025µs(n=18000)|10-20%=5.243µs(n=18000)|20-30%=4.884µs(n=18000)|30-40%=4.667µs(n=18000)|40-50%=4.939µs(n=18000)|50-60%=4.502µs(n=18000)|60-70%=4.487µs(n=18000)|70-80%=4.538µs(n=18000)|80-90%=4.553µs(n=18000)|90-100%=4.549µs(n=18000),52.23,52.23,5850819,1440054,90001,1350053,0,0,0,0,0,0,0,0,0,0,0,0.0,0.0,0,0,0,0,8,build_then_add_new,build_then_add_new,False,False,False,False,False,True,True,False,,,900000,180000,1080000,900000,900000,180000,build_900k_then_add_180k_new,True,,900K
total_ref_5_avl.csv,total_ref_5_avl,503,current,,avlhashtree,build_1m_then_add_200k_new,1000000,1200000,200000,994959859,4974,0-10%=5.476µs(n=20000)|10-20%=4.995µs(n=20000)|20-30%=4.893µs(n=20000)|30-40%=4.841µs(n=20000)|40-50%=4.731µs(n=20000)|50-60%=4.828µs(n=20000)|60-70%=4.894µs(n=20000)|70-80%=5.069µs(n=20000)|80-90%=5.04µs(n=20000)|90-100%=4.978µs(n=20000),58.03,58.03,6500823,1600054,100001,1500053,0,0,0,0,0,0,0,0,0,0,0,0.0,0.0,0,0,0,0,8,build_then_add_new,build_then_add_new,False,False,False,False,False,True,True,False,,,1000000,200000,1200000,1000000,1000000,200000,build_1m_then_add_200k_new,True,,1M
total_ref_5_avl.csv,total_ref_5_avl,504,current,,avlhashtree,build_2m_then_add_400k_new,2000000,2400000,400000,2252523627,5631,0-10%=6.162µs(n=40000)|10-20%=5.598µs(n=40000)|20-30%=5.755µs(n=40000)|30-40%=5.785µs(n=40000)|40-50%=5.906µs(n=40000)|50-60%=5.687µs(n=40000)|60-70%=5.383µs(n=40000)|70-80%=5.509µs(n=40000)|80-90%=5.249µs(n=40000)|90-100%=5.274µs(n=40000),116.06,116.06,13000828,3200061,200001,3000060,0,0,0,0,0,0,0,0,0,0,0,0.0,0.0,0,0,0,0,8,build_then_add_new,build_then_add_new,False,False,False,False,False,True,True,False,,,2000000,400000,2400000,2000000,2000000,400000,build_2m_then_add_400k_new,True,,2M
total_ref_5_avl.csv,total_ref_5_avl,505,current,,avlhashtree,build_5m_then_add_1m_new,5000000,6000000,1000000,6520198326,6520,0-10%=6.824µs(n=100000)|10-20%=6.521µs(n=100000)|20-30%=6.521µs(n=100000)|30-40%=6.454µs(n=100000)|40-50%=6.461µs(n=100000)|50-60%=6.426µs(n=100000)|60-70%=6.475µs(n=100000)|70-80%=6.505µs(n=100000)|80-90%=6.482µs(n=100000)|90-100%=6.529µs(n=100000),290.16,290.16,32500873,8000085,500001,7500084,0,0,0,0,0,0,0,0,0,0,0,0.0,0.0,0,0,0,0,8,build_then_add_new,build_then_add_new,False,False,False,False,False,True,True,False,,,5000000,1000000,6000000,5000000,5000000,1000000,build_5m_then_add_1m_new,True,,5M
total_ref_5_avl.csv,total_ref_5_avl,506,current,,avlhashtree,build_10m_then_add_2m_new,10000000,12000000,2000000,14628613303,7314,0-10%=7.694µs(n=200000)|10-20%=7.44µs(n=200000)|20-30%=7.304µs(n=200000)|30-40%=7.277µs(n=200000)|40-50%=7.147µs(n=200000)|50-60%=7.222µs(n=200000)|60-70%=7.261µs(n=200000)|70-80%=7.27µs(n=200000)|80-90%=7.201µs(n=200000)|90-100%=7.322µs(n=200000),580.35,580.35,65000907,16000116,1000001,15000115,0,0,0,0,0,0,0,0,0,0,0,0.0,0.0,0,0,0,0,8,build_then_add_new,build_then_add_new,False,False,False,False,False,True,True,False,,,10000000,2000000,12000000,10000000,10000000,2000000,build_10m_then_add_2m_new,True,,10M
total_ref_5_avl.csv,total_ref_5_avl,507,current,,avlhashtree,build_25m_then_add_5m_new,25000000,30000000,5000000,43050858034,8610,0-10%=8.868µs(n=500000)|10-20%=8.409µs(n=500000)|20-30%=8.468µs(n=500000)|30-40%=8.486µs(n=500000)|40-50%=8.549µs(n=500000)|50-60%=8.534µs(n=500000)|60-70%=8.602µs(n=500000)|70-80%=8.678µs(n=500000)|80-90%=8.751µs(n=500000)|90-100%=8.751µs(n=500000),1451.16,1451.16,162501060,40000259,2500001,37500258,0,0,0,0,0,0,0,0,0,0,0,0.0,0.0,0,0,0,0,8,build_then_add_new,build_then_add_new,False,False,False,False,False,True,True,False,,,25000000,5000000,30000000,25000000,25000000,5000000,build_25m_then_add_5m_new,True,,25M
total_ref_5_avl.csv,total_ref_5_avl,508,current,,avlhashtree,build_10k_then_reinsert_2k_existing,10000,10000,2000,3220987,1610,0-10%=1.431µs(n=200)|10-20%=1.481µs(n=200)|20-30%=1.658µs(n=200)|30-40%=1.502µs(n=200)|40-50%=1.51µs(n=200)|50-60%=1.673µs(n=200)|60-70%=1.734µs(n=200)|70-80%=1.671µs(n=200)|80-90%=1.681µs(n=200)|90-100%=1.757µs(n=200),0.29,0.29,61831,12039,1001,11038,0,0,0,0,0,0,0,0,0,0,0,0.0,0.0,0,0,0,0,8,build_then_reinsert_existing,build_then_reinsert_existing,False,False,False,False,False,False,False,True,,,10000,2000,10000,10000,10000,2000,build_10k_then_reinsert_2k_existing,True,,10K
total_ref_5_avl.csv,total_ref_5_avl,509,current,,avlhashtree,build_50k_then_reinsert_10k_existing,50000,50000,10000,19768839,1976,0-10%=1.726µs(n=1000)|10-20%=1.932µs(n=1000)|20-30%=1.943µs(n=1000)|30-40%=1.987µs(n=1000)|40-50%=1.961µs(n=1000)|50-60%=1.97µs(n=1000)|60-70%=2.11µs(n=1000)|70-80%=2.036µs(n=1000)|80-90%=2.058µs(n=1000)|90-100%=2.039µs(n=1000),1.39,1.39,305840,60039,5001,55038,0,0,0,0,0,0,0,0,0,0,0,0.0,0.0,0,0,0,0,8,build_then_reinsert_existing,build_then_reinsert_existing,False,False,False,False,False,False,False,True,,,50000,10000,50000,50000,50000,10000,build_50k_then_reinsert_10k_existing,True,,50K
total_ref_5_avl.csv,total_ref_5_avl,510,current,,avlhashtree,build_100k_then_reinsert_20k_existing,100000,100000,20000,41949574,2097,0-10%=1.885µs(n=2000)|10-20%=1.974µs(n=2000)|20-30%=2.028µs(n=2000)|30-40%=2.082µs(n=2000)|40-50%=2.137µs(n=2000)|50-60%=2.124µs(n=2000)|60-70%=2.145µs(n=2000)|70-80%=2.202µs(n=2000)|80-90%=2.175µs(n=2000)|90-100%=2.218µs(n=2000),2.76,2.76,610843,120041,10001,110040,0,0,0,0,0,0,0,0,0,0,0,0.0,0.0,0,0,0,0,8,build_then_reinsert_existing,build_then_reinsert_existing,False,False,False,False,False,False,False,True,,,100000,20000,100000,100000,100000,20000,build_100k_then_reinsert_20k_existing,True,,100K
total_ref_5_avl.csv,total_ref_5_avl,511,current,,avlhashtree,build_200k_then_reinsert_40k_existing,200000,200000,40000,100583324,2514,0-10%=2.114µs(n=4000)|10-20%=2.305µs(n=4000)|20-30%=2.368µs(n=4000)|30-40%=2.526µs(n=4000)|40-50%=2.599µs(n=4000)|50-60%=2.664µs(n=4000)|60-70%=2.643µs(n=4000)|70-80%=2.634µs(n=4000)|80-90%=2.619µs(n=4000)|90-100%=2.668µs(n=4000),5.52,5.52,1220858,240046,20001,220045,0,0,0,0,0,0,0,0,0,0,0,0.0,0.0,0,0,0,0,8,build_then_reinsert_existing,build_then_reinsert_existing,False,False,False,False,False,False,False,True,,,200000,40000,200000,200000,200000,40000,build_200k_then_reinsert_40k_existing,True,,200K
total_ref_5_avl.csv,total_ref_5_avl,512,current,,avlhashtree,build_300k_then_reinsert_60k_existing,300000,300000,60000,173524698,2892,0-10%=2.414µs(n=6000)|10-20%=2.606µs(n=6000)|20-30%=2.686µs(n=6000)|30-40%=2.77µs(n=6000)|40-50%=2.793µs(n=6000)|50-60%=2.779µs(n=6000)|60-70%=3.381µs(n=6000)|70-80%=3.374µs(n=6000)|80-90%=3.097µs(n=6000)|90-100%=3.014µs(n=6000),8.27,8.27,1830864,360046,30001,330045,0,0,0,0,0,0,0,0,0,0,0,0.0,0.0,0,0,0,0,8,build_then_reinsert_existing,build_then_reinsert_existing,False,False,False,False,False,False,False,True,,,300000,60000,300000,300000,300000,60000,build_300k_then_reinsert_60k_existing,True,,300K
total_ref_5_avl.csv,total_ref_5_avl,513,current,,avlhashtree,build_500k_then_reinsert_100k_existing,500000,500000,100000,316577595,3165,0-10%=3.108µs(n=10000)|10-20%=3.115µs(n=10000)|20-30%=3.124µs(n=10000)|30-40%=3.142µs(n=10000)|40-50%=3.124µs(n=10000)|50-60%=3.17µs(n=10000)|60-70%=3.182µs(n=10000)|70-80%=3.209µs(n=10000)|80-90%=3.235µs(n=10000)|90-100%=3.243µs(n=10000),13.76,13.76,3050874,600044,50001,550043,0,0,0,0,0,0,0,0,0,0,0,0.0,0.0,0,0,0,0,8,build_then_reinsert_existing,build_then_reinsert_existing,False,False,False,False,False,False,False,True,,,500000,100000,500000,500000,500000,100000,build_500k_then_reinsert_100k_existing,True,,500K
total_ref_5_avl.csv,total_ref_5_avl,514,current,,avlhashtree,build_700k_then_reinsert_140k_existing,700000,700000,140000,472437460,3374,0-10%=3.037µs(n=14000)|10-20%=3.183µs(n=14000)|20-30%=3.299µs(n=14000)|30-40%=3.373µs(n=14000)|40-50%=3.536µs(n=14000)|50-60%=3.494µs(n=14000)|60-70%=3.458µs(n=14000)|70-80%=3.429µs(n=14000)|80-90%=3.458µs(n=14000)|90-100%=3.473µs(n=14000),19.26,19.26,4270875,840050,70001,770049,0,0,0,0,0,0,0,0,0,0,0,0.0,0.0,0,0,0,0,8,build_then_reinsert_existing,build_then_reinsert_existing,False,False,False,False,False,False,False,True,,,700000,140000,700000,700000,700000,140000,build_700k_then_reinsert_140k_existing,True,,700K
total_ref_5_avl.csv,total_ref_5_avl,515,current,,avlhashtree,build_900k_then_reinsert_180k_existing,900000,900000,180000,638061373,3544,0-10%=3.32µs(n=18000)|10-20%=3.495µs(n=18000)|20-30%=3.55µs(n=18000)|30-40%=3.577µs(n=18000)|40-50%=3.474µs(n=18000)|50-60%=3.507µs(n=18000)|60-70%=3.562µs(n=18000)|70-80%=3.61µs(n=18000)|80-90%=3.66µs(n=18000)|90-100%=3.687µs(n=18000),24.76,24.76,5490891,1080057,90001,990056,0,0,0,0,0,0,0,0,0,0,0,0.0,0.0,0,0,0,0,8,build_then_reinsert_existing,build_then_reinsert_existing,False,False,False,False,False,False,False,True,,,900000,180000,900000,900000,900000,180000,build_900k_then_reinsert_180k_existing,True,,900K
total_ref_5_avl.csv,total_ref_5_avl,516,current,,avlhashtree,build_1m_then_reinsert_200k_existing,1000000,1000000,200000,725279898,3626,0-10%=3.458µs(n=20000)|10-20%=3.545µs(n=20000)|20-30%=3.601µs(n=20000)|30-40%=3.569µs(n=20000)|40-50%=3.61µs(n=20000)|50-60%=3.603µs(n=20000)|60-70%=3.63µs(n=20000)|70-80%=3.698µs(n=20000)|80-90%=3.732µs(n=20000)|90-100%=3.812µs(n=20000),27.51,27.51,6100893,1200045,100001,1100044,0,0,0,0,0,0,0,0,0,0,0,0.0,0.0,0,0,0,0,8,build_then_reinsert_existing,build_then_reinsert_existing,False,False,False,False,False,False,False,True,,,1000000,200000,1000000,1000000,1000000,200000,build_1m_then_reinsert_200k_existing,True,,1M
total_ref_5_avl.csv,total_ref_5_avl,517,current,,avlhashtree,build_2m_then_reinsert_400k_existing,2000000,2000000,400000,1668975788,4172,0-10%=3.707µs(n=40000)|10-20%=3.85µs(n=40000)|20-30%=3.97µs(n=40000)|30-40%=4.082µs(n=40000)|40-50%=4.176µs(n=40000)|50-60%=4.39µs(n=40000)|60-70%=4.464µs(n=40000)|70-80%=4.296µs(n=40000)|80-90%=4.302µs(n=40000)|90-100%=4.481µs(n=40000),55.01,55.01,12200912,2400051,200001,2200050,0,0,0,0,0,0,0,0,0,0,0,0.0,0.0,0,0,0,0,8,build_then_reinsert_existing,build_then_reinsert_existing,False,False,False,False,False,False,False,True,,,2000000,400000,2000000,2000000,2000000,400000,build_2m_then_reinsert_400k_existing,True,,2M
total_ref_5_avl.csv,total_ref_5_avl,518,current,,avlhashtree,build_5m_then_reinsert_1m_existing,5000000,5000000,1000000,4997607416,4997,0-10%=4.26µs(n=100000)|10-20%=4.488µs(n=100000)|20-30%=4.786µs(n=100000)|30-40%=4.969µs(n=100000)|40-50%=5.08µs(n=100000)|50-60%=5.123µs(n=100000)|60-70%=5.192µs(n=100000)|70-80%=5.262µs(n=100000)|80-90%=5.391µs(n=100000)|90-100%=5.421µs(n=100000),137.52,137.52,30500934,6000076,500002,5500074,0,0,0,0,0,0,0,0,0,0,0,0.0,0.0,0,0,0,0,8,build_then_reinsert_existing,build_then_reinsert_existing,False,False,False,False,False,False,False,True,,,5000000,1000000,5000000,5000000,5000000,1000000,build_5m_then_reinsert_1m_existing,True,,5M
total_ref_5_avl.csv,total_ref_5_avl,519,current,,avlhashtree,build_10m_then_reinsert_2m_existing,10000000,10000000,2000000,11599897907,5799,0-10%=4.695µs(n=200000)|10-20%=5.276µs(n=200000)|20-30%=5.652µs(n=200000)|30-40%=5.873µs(n=200000)|40-50%=6.023µs(n=200000)|50-60%=5.891µs(n=200000)|60-70%=6.12µs(n=200000)|70-80%=6.171µs(n=200000)|80-90%=6.103µs(n=200000)|90-100%=6.189µs(n=200000),275.06,275.06,61000970,12000100,1000001,11000099,0,0,0,0,0,0,0,0,0,0,0,0.0,0.0,0,0,0,0,8,build_then_reinsert_existing,build_then_reinsert_existing,False,False,False,False,False,False,False,True,,,10000000,2000000,10000000,10000000,10000000,2000000,build_10m_then_reinsert_2m_existing,True,,10M
total_ref_5_avl.csv,total_ref_5_avl,520,current,,avlhashtree,build_25m_then_reinsert_5m_existing,25000000,25000000,5000000,34835875487,6967,0-10%=5.635µs(n=500000)|10-20%=6.405µs(n=500000)|20-30%=6.583µs(n=500000)|30-40%=6.775µs(n=500000)|40-50%=7.159µs(n=500000)|50-60%=7.169µs(n=500000)|60-70%=7.445µs(n=500000)|70-80%=7.483µs(n=500000)|80-90%=7.414µs(n=500000)|90-100%=7.598µs(n=500000),687.78,687.78,152501076,30000200,2500000,27500200,0,0,0,0,0,0,0,0,0,0,0,0.0,0.0,0,0,0,0,8,build_then_reinsert_existing,build_then_reinsert_existing,False,False,False,False,False,False,False,True,,,25000000,5000000,25000000,25000000,25000000,5000000,build_25m_then_reinsert_5m_existing,True,,25M
total_ref_5_avl.csv,total_ref_5_avl,521,current,,avlhashtree,insert_only_build_10k,0,10000,10000,23076295,2307,0-10%=2.122µs(n=1000)|10-20%=1.972µs(n=1000)|20-30%=2.151µs(n=1000)|30-40%=2.15µs(n=1000)|40-50%=2.277µs(n=1000)|50-60%=2.307µs(n=1000)|60-70%=2.323µs(n=1000)|70-80%=3.022µs(n=1000)|80-90%=2.38µs(n=1000)|90-100%=2.367µs(n=1000),2.43,2.93,56113,80056,24434,55622,0,0,0,0,0,0,0,0,0,0,0,0.0,0.0,0,0,0,0,9,insert_only_build,insert_only_build,False,False,True,False,False,False,False,False,,,0,10000,10000,10000,10000,,insert_only_build_10k,True,,10K
total_ref_5_avl.csv,total_ref_5_avl,522,current,,avlhashtree,insert_only_build_50k,0,50000,50000,125444998,2508,0-10%=2.044µs(n=5000)|10-20%=2.495µs(n=5000)|20-30%=2.552µs(n=5000)|30-40%=2.759µs(n=5000)|40-50%=2.584µs(n=5000)|50-60%=2.614µs(n=5000)|60-70%=2.465µs(n=5000)|70-80%=2.625µs(n=5000)|80-90%=2.446µs(n=5000)|90-100%=2.499µs(n=5000),12.23,14.56,281447,400093,119142,280951,0,0,0,0,0,0,0,0,0,0,0,0.0,0.0,0,0,0,0,9,insert_only_build,insert_only_build,False,False,True,False,False,False,False,False,,,0,50000,50000,50000,50000,,insert_only_build_50k,True,,50K
total_ref_5_avl.csv,total_ref_5_avl,523,current,,avlhashtree,insert_only_build_100k,0,100000,100000,252779188,2527,0-10%=1.998µs(n=10000)|10-20%=2.322µs(n=10000)|20-30%=2.385µs(n=10000)|30-40%=2.587µs(n=10000)|40-50%=2.524µs(n=10000)|50-60%=2.609µs(n=10000)|60-70%=2.696µs(n=10000)|70-80%=2.748µs(n=10000)|80-90%=2.662µs(n=10000)|90-100%=2.742µs(n=10000),24.69,29.05,572742,800102,227882,572220,0,0,0,0,0,0,0,0,0,0,0,0.0,0.0,0,0,0,0,9,insert_only_build,insert_only_build,False,False,True,False,False,False,False,False,,,0,100000,100000,100000,100000,,insert_only_build_100k,True,,100K
total_ref_5_avl.csv,total_ref_5_avl,524,current,,avlhashtree,insert_only_build_200k,0,200000,200000,544679295,2723,0-10%=2.179µs(n=20000)|10-20%=2.447µs(n=20000)|20-30%=2.566µs(n=20000)|30-40%=2.707µs(n=20000)|40-50%=2.698µs(n=20000)|50-60%=2.77µs(n=20000)|60-70%=2.926µs(n=20000)|70-80%=2.903µs(n=20000)|80-90%=2.987µs(n=20000)|90-100%=3.045µs(n=20000),50.09,58.03,1176487,1600088,424157,1175931,0,0,0,0,0,0,0,0,0,0,0,0.0,0.0,0,0,0,0,9,insert_only_build,insert_only_build,False,False,True,False,False,False,False,False,,,0,200000,200000,200000,200000,,insert_only_build_200k,True,,200K
total_ref_5_avl.csv,total_ref_5_avl,525,current,,avlhashtree,insert_only_build_300k,0,300000,300000,878264316,2927,0-10%=2.214µs(n=30000)|10-20%=2.555µs(n=30000)|20-30%=2.686µs(n=30000)|30-40%=2.753µs(n=30000)|40-50%=2.947µs(n=30000)|50-60%=3.019µs(n=30000)|60-70%=3.105µs(n=30000)|70-80%=3.59µs(n=30000)|80-90%=3.176µs(n=30000)|90-100%=3.226µs(n=30000),72.76,87.04,1667103,2400110,733570,1666540,0,0,0,0,0,0,0,0,0,0,0,0.0,0.0,0,0,0,0,9,insert_only_build,insert_only_build,False,False,True,False,False,False,False,False,,,0,300000,300000,300000,300000,,insert_only_build_300k,True,,300K
total_ref_5_avl.csv,total_ref_5_avl,526,current,,avlhashtree,insert_only_build_500k,0,500000,500000,1603681593,3207,0-10%=2.354µs(n=50000)|10-20%=2.669µs(n=50000)|20-30%=2.843µs(n=50000)|30-40%=2.957µs(n=50000)|40-50%=3.146µs(n=50000)|50-60%=3.272µs(n=50000)|60-70%=3.415µs(n=50000)|70-80%=3.617µs(n=50000)|80-90%=3.816µs(n=50000)|90-100%=3.98µs(n=50000),119.58,145.04,2708973,4000119,1291715,2708404,0,0,0,0,0,0,0,0,0,0,0,0.0,0.0,0,0,0,0,9,insert_only_build,insert_only_build,False,False,True,False,False,False,False,False,,,0,500000,500000,500000,500000,,insert_only_build_500k,True,,500K
total_ref_5_avl.csv,total_ref_5_avl,527,current,,avlhashtree,insert_only_build_700k,0,700000,700000,2406060397,3437,0-10%=2.38µs(n=70000)|10-20%=2.906µs(n=70000)|20-30%=3.015µs(n=70000)|30-40%=3.24µs(n=70000)|40-50%=3.385µs(n=70000)|50-60%=3.615µs(n=70000)|60-70%=3.768µs(n=70000)|70-80%=3.936µs(n=70000)|80-90%=3.99µs(n=70000)|90-100%=4.132µs(n=70000),177.77,203.06,4216126,5600125,1384582,4215543,0,0,0,0,0,0,0,0,0,0,0,0.0,0.0,0,0,0,0,9,insert_only_build,insert_only_build,False,False,True,False,False,False,False,False,,,0,700000,700000,700000,700000,,insert_only_build_700k,True,,700K
total_ref_5_avl.csv,total_ref_5_avl,528,current,,avlhashtree,insert_only_build_900k,0,900000,900000,3425621386,3806,0-10%=2.565µs(n=90000)|10-20%=3.087µs(n=90000)|20-30%=3.623µs(n=90000)|30-40%=3.817µs(n=90000)|40-50%=3.881µs(n=90000)|50-60%=3.873µs(n=90000)|60-70%=3.961µs(n=90000)|70-80%=4.073µs(n=90000)|80-90%=4.643µs(n=90000)|90-100%=4.534µs(n=90000),216.37,261.08,4921233,7200132,2279496,4920636,0,0,0,0,0,0,0,0,0,0,0,0.0,0.0,0,0,0,0,9,insert_only_build,insert_only_build,False,False,True,False,False,False,False,False,,,0,900000,900000,900000,900000,,insert_only_build_900k,True,,900K
total_ref_5_avl.csv,total_ref_5_avl,529,current,,avlhashtree,insert_only_build_1m,0,1000000,1000000,3706405388,3706,0-10%=2.554µs(n=100000)|10-20%=3.016µs(n=100000)|20-30%=3.205µs(n=100000)|30-40%=3.564µs(n=100000)|40-50%=3.715µs(n=100000)|50-60%=3.963µs(n=100000)|60-70%=4.093µs(n=100000)|70-80%=4.26µs(n=100000)|80-90%=4.294µs(n=100000)|90-100%=4.395µs(n=100000),247.43,290.07,5756213,8000133,2244510,5755623,0,0,0,0,0,0,0,0,0,0,0,0.0,0.0,0,0,0,0,9,insert_only_build,insert_only_build,False,False,True,False,False,False,False,False,,,0,1000000,1000000,1000000,1000000,,insert_only_build_1m,True,,1M
total_ref_5_avl.csv,total_ref_5_avl,530,current,,avlhashtree,insert_only_build_2m,0,2000000,2000000,8833505615,4416,0-10%=2.749µs(n=200000)|10-20%=3.399µs(n=200000)|20-30%=3.893µs(n=200000)|30-40%=4.727µs(n=200000)|40-50%=4.763µs(n=200000)|50-60%=4.529µs(n=200000)|60-70%=4.924µs(n=200000)|70-80%=4.964µs(n=200000)|80-90%=5.033µs(n=200000)|90-100%=5.182µs(n=200000),500.27,580.19,11729297,16000167,4271460,11728707,0,0,0,0,0,0,0,0,0,0,0,0.0,0.0,0,0,0,0,9,insert_only_build,insert_only_build,False,False,True,False,False,False,False,False,,,0,2000000,2000000,2000000,2000000,,insert_only_build_2m,True,,2M
total_ref_5_avl.csv,total_ref_5_avl,531,current,,avlhashtree,insert_only_build_5m,0,5000000,5000000,26874845927,5374,0-10%=3.224µs(n=500000)|10-20%=4.523µs(n=500000)|20-30%=4.905µs(n=500000)|30-40%=5.101µs(n=500000)|40-50%=5.586µs(n=500000)|50-60%=5.707µs(n=500000)|60-70%=5.929µs(n=500000)|70-80%=6.059µs(n=500000)|80-90%=6.406µs(n=500000)|90-100%=6.303µs(n=500000),1200.15,1450.52,27250030,40000268,12750833,27249435,0,0,0,0,0,0,0,0,0,0,0,0.0,0.0,0,0,0,0,9,insert_only_build,insert_only_build,False,False,True,False,False,False,False,False,,,0,5000000,5000000,5000000,5000000,,insert_only_build_5m,True,,5M
total_ref_5_avl.csv,total_ref_5_avl,532,current,,avlhashtree,insert_only_build_10m,0,10000000,10000000,60795971526,6079,0-10%=3.705µs(n=1000000)|10-20%=4.996µs(n=1000000)|20-30%=5.643µs(n=1000000)|30-40%=5.857µs(n=1000000)|40-50%=6.315µs(n=1000000)|50-60%=6.423µs(n=1000000)|60-70%=6.593µs(n=1000000)|70-80%=6.996µs(n=1000000)|80-90%=7.068µs(n=1000000)|90-100%=7.195µs(n=1000000),2465.85,2901.21,57176013,80000426,22825018,57175408,0,0,0,0,0,0,0,0,0,0,0,0.0,0.0,0,0,0,0,9,insert_only_build,insert_only_build,False,False,True,False,False,False,False,False,,,0,10000000,10000000,10000000,10000000,,insert_only_build_10m,True,,10M
total_ref_5_avl.csv,total_ref_5_avl,533,current,,avlhashtree,insert_only_build_25m,0,25000000,25000000,180294063065,7211,0-10%=4.61µs(n=2500000)|10-20%=6.018µs(n=2500000)|20-30%=6.6µs(n=2500000)|30-40%=7.022µs(n=2500000)|40-50%=7.513µs(n=2500000)|50-60%=7.609µs(n=2500000)|60-70%=7.837µs(n=2500000)|70-80%=8.052µs(n=2500000)|80-90%=8.441µs(n=2500000)|90-100%=8.411µs(n=2500000),5984.72,7254.21,135519146,200001005,64482472,135518533,0,0,0,0,0,0,0,0,0,0,0,0.0,0.0,0,0,0,0,9,insert_only_build,insert_only_build,False,False,True,False,False,False,False,False,,,0,25000000,25000000,25000000,25000000,,insert_only_build_25m,True,,25M
total_ref_5_avl.csv,total_ref_5_avl,534,current,,avlhashtree,prehashed_ordered_insert_only_10k,0,10000,10000,19501942,1950,0-10%=1.538µs(n=1000)|10-20%=1.727µs(n=1000)|20-30%=1.844µs(n=1000)|30-40%=1.84µs(n=1000)|40-50%=1.923µs(n=1000)|50-60%=2.58µs(n=1000)|60-70%=2.023µs(n=1000)|70-80%=1.929µs(n=1000)|80-90%=2.062µs(n=1000)|90-100%=2.03µs(n=1000),1.97,2.91,62987,80046,27679,52367,0,0,0,0,0,0,0,0,0,0,0,0.0,0.0,0,0,0,0,9,insert_only_build,prehashed_ordered_insert_only,True,True,True,False,False,False,False,False,,,0,10000,10000,10000,10000,,prehashed_ordered_insert_only_10k,True,,10K
total_ref_5_avl.csv,total_ref_5_avl,535,current,,avlhashtree,prehashed_ordered_insert_only_50k,0,50000,50000,112251394,2245,0-10%=1.794µs(n=5000)|10-20%=2.152µs(n=5000)|20-30%=2.269µs(n=5000)|30-40%=2.19µs(n=5000)|40-50%=2.4µs(n=5000)|50-60%=2.244µs(n=5000)|60-70%=2.23µs(n=5000)|70-80%=2.286µs(n=5000)|80-90%=2.538µs(n=5000)|90-100%=2.342µs(n=5000),11.84,14.53,266469,400059,134164,265895,0,0,0,0,0,0,0,0,0,0,0,0.0,0.0,0,0,0,0,9,insert_only_build,prehashed_ordered_insert_only,True,True,True,False,False,False,False,False,,,0,50000,50000,50000,50000,,prehashed_ordered_insert_only_50k,True,,50K
total_ref_5_avl.csv,total_ref_5_avl,536,current,,avlhashtree,prehashed_ordered_insert_only_100k,0,100000,100000,229986238,2299,0-10%=2.001µs(n=10000)|10-20%=2.154µs(n=10000)|20-30%=2.196µs(n=10000)|30-40%=2.338µs(n=10000)|40-50%=2.307µs(n=10000)|50-60%=2.317µs(n=10000)|60-70%=2.32µs(n=10000)|70-80%=2.534µs(n=10000)|80-90%=2.397µs(n=10000)|90-100%=2.43µs(n=10000),18.52,29.03,571108,800095,329534,470561,0,0,0,0,0,0,0,0,0,0,0,0.0,0.0,0,0,0,0,9,insert_only_build,prehashed_ordered_insert_only,True,True,True,False,False,False,False,False,,,0,100000,100000,100000,100000,,prehashed_ordered_insert_only_100k,True,,100K
total_ref_5_avl.csv,total_ref_5_avl,537,current,,avlhashtree,prehashed_ordered_insert_only_200k,0,200000,200000,484628859,2423,0-10%=2.12µs(n=20000)|10-20%=2.311µs(n=20000)|20-30%=2.389µs(n=20000)|30-40%=2.342µs(n=20000)|40-50%=2.448µs(n=20000)|50-60%=2.398µs(n=20000)|60-70%=2.488µs(n=20000)|70-80%=2.546µs(n=20000)|80-90%=2.637µs(n=20000)|90-100%=2.546µs(n=20000),35.68,58.03,1086283,1600090,714361,885729,0,0,0,0,0,0,0,0,0,0,0,0.0,0.0,0,0,0,0,9,insert_only_build,prehashed_ordered_insert_only,True,True,True,False,False,False,False,False,,,0,200000,200000,200000,200000,,prehashed_ordered_insert_only_200k,True,,200K
total_ref_5_avl.csv,total_ref_5_avl,538,current,,avlhashtree,prehashed_ordered_insert_only_300k,0,300000,300000,745482086,2484,0-10%=2.157µs(n=30000)|10-20%=2.379µs(n=30000)|20-30%=2.472µs(n=30000)|30-40%=2.371µs(n=30000)|40-50%=2.512µs(n=30000)|50-60%=2.506µs(n=30000)|60-70%=2.546µs(n=30000)|70-80%=2.576µs(n=30000)|80-90%=2.663µs(n=30000)|90-100%=2.662µs(n=30000),53.93,87.01,1646014,2400066,1054635,1345431,0,0,0,0,0,0,0,0,0,0,0,0.0,0.0,0,0,0,0,9,insert_only_build,prehashed_ordered_insert_only,True,True,True,False,False,False,False,False,,,0,300000,300000,300000,300000,,prehashed_ordered_insert_only_300k,True,,300K
total_ref_5_avl.csv,total_ref_5_avl,539,current,,avlhashtree,prehashed_ordered_insert_only_500k,0,500000,500000,1287932306,2575,0-10%=2.188µs(n=50000)|10-20%=2.435µs(n=50000)|20-30%=2.411µs(n=50000)|30-40%=2.528µs(n=50000)|40-50%=2.518µs(n=50000)|50-60%=2.68µs(n=50000)|60-70%=2.785µs(n=50000)|70-80%=2.737µs(n=50000)|80-90%=2.735µs(n=50000)|90-100%=2.737µs(n=50000),95.84,145.03,2986779,4000103,1513878,2486225,0,0,0,0,0,0,0,0,0,0,0,0.0,0.0,0,0,0,0,9,insert_only_build,prehashed_ordered_insert_only,True,True,True,False,False,False,False,False,,,0,500000,500000,500000,500000,,prehashed_ordered_insert_only_500k,True,,500K
total_ref_5_avl.csv,total_ref_5_avl,540,current,,avlhashtree,prehashed_ordered_insert_only_700k,0,700000,700000,1854974631,2649,0-10%=2.235µs(n=70000)|10-20%=2.518µs(n=70000)|20-30%=2.493µs(n=70000)|30-40%=2.604µs(n=70000)|40-50%=2.724µs(n=70000)|50-60%=2.734µs(n=70000)|60-70%=2.802µs(n=70000)|70-80%=2.774µs(n=70000)|80-90%=2.805µs(n=70000)|90-100%=2.806µs(n=70000),134.44,203.03,4192272,5600100,2108384,3491716,0,0,0,0,0,0,0,0,0,0,0,0.0,0.0,0,0,0,0,9,insert_only_build,prehashed_ordered_insert_only,True,True,True,False,False,False,False,False,,,0,700000,700000,700000,700000,,prehashed_ordered_insert_only_700k,True,,700K
total_ref_5_avl.csv,total_ref_5_avl,541,current,,avlhashtree,prehashed_ordered_insert_only_900k,0,900000,900000,2392663635,2658,0-10%=2.347µs(n=90000)|10-20%=2.544µs(n=90000)|20-30%=2.534µs(n=90000)|30-40%=2.663µs(n=90000)|40-50%=2.627µs(n=90000)|50-60%=2.698µs(n=90000)|60-70%=2.861µs(n=90000)|70-80%=2.772µs(n=90000)|80-90%=2.765µs(n=90000)|90-100%=2.769µs(n=90000),173.12,261.03,5400675,7200102,2699994,4500108,0,0,0,0,0,0,0,0,0,0,0,0.0,0.0,0,0,0,0,9,insert_only_build,prehashed_ordered_insert_only,True,True,True,False,False,False,False,False,,,0,900000,900000,900000,900000,,prehashed_ordered_insert_only_900k,True,,900K
total_ref_5_avl.csv,total_ref_5_avl,542,current,,avlhashtree,prehashed_ordered_insert_only_1m,0,1000000,1000000,2670171909,2670,0-10%=2.298µs(n=100000)|10-20%=2.539µs(n=100000)|20-30%=2.532µs(n=100000)|30-40%=2.662µs(n=100000)|40-50%=2.632µs(n=100000)|50-60%=2.777µs(n=100000)|60-70%=2.884µs(n=100000)|70-80%=2.783µs(n=100000)|80-90%=2.767µs(n=100000)|90-100%=2.825µs(n=100000),192.37,290.04,6001142,8000110,2999530,5000580,0,0,0,0,0,0,0,0,0,0,0,0.0,0.0,0,0,0,0,9,insert_only_build,prehashed_ordered_insert_only,True,True,True,False,False,False,False,False,,,0,1000000,1000000,1000000,1000000,,prehashed_ordered_insert_only_1m,True,,1M
total_ref_5_avl.csv,total_ref_5_avl,543,current,,avlhashtree,prehashed_ordered_insert_only_2m,0,2000000,2000000,5583554816,2791,0-10%=2.427µs(n=200000)|10-20%=2.639µs(n=200000)|20-30%=2.66µs(n=200000)|30-40%=2.799µs(n=200000)|40-50%=2.767µs(n=200000)|50-60%=2.869µs(n=200000)|60-70%=2.972µs(n=200000)|70-80%=2.911µs(n=200000)|80-90%=2.907µs(n=200000)|90-100%=2.963µs(n=200000),383.92,580.04,11968565,16000128,6032140,9967988,0,0,0,0,0,0,0,0,0,0,0,0.0,0.0,0,0,0,0,9,insert_only_build,prehashed_ordered_insert_only,True,True,True,False,False,False,False,False,,,0,2000000,2000000,2000000,2000000,,prehashed_ordered_insert_only_2m,True,,2M
total_ref_5_avl.csv,total_ref_5_avl,544,current,,avlhashtree,prehashed_ordered_insert_only_5m,0,5000000,5000000,14827964675,2965,0-10%=2.609µs(n=500000)|10-20%=2.838µs(n=500000)|20-30%=2.847µs(n=500000)|30-40%=2.961µs(n=500000)|40-50%=2.996µs(n=500000)|50-60%=3.027µs(n=500000)|60-70%=3.15µs(n=500000)|70-80%=3.032µs(n=500000)|80-90%=3.078µs(n=500000)|90-100%=3.112µs(n=500000),955.02,1450.05,29725889,40000175,15274865,24725310,0,0,0,0,0,0,0,0,0,0,0,0.0,0.0,0,0,0,0,9,insert_only_build,prehashed_ordered_insert_only,True,True,True,False,False,False,False,False,,,0,5000000,5000000,5000000,5000000,,prehashed_ordered_insert_only_5m,True,,5M
total_ref_5_avl.csv,total_ref_5_avl,545,current,,avlhashtree,prehashed_ordered_insert_only_10m,0,10000000,10000000,30321983642,3032,0-10%=2.65µs(n=1000000)|10-20%=2.879µs(n=1000000)|20-30%=2.936µs(n=1000000)|30-40%=3.007µs(n=1000000)|40-50%=3.048µs(n=1000000)|50-60%=3.106µs(n=1000000)|60-70%=3.196µs(n=1000000)|70-80%=3.108µs(n=1000000)|80-90%=3.174µs(n=1000000)|90-100%=3.213µs(n=1000000),1906.01,2900.01,59288521,80000224,30712277,49287947,0,0,0,0,0,0,0,0,0,0,0,0.0,0.0,0,0,0,0,9,insert_only_build,prehashed_ordered_insert_only,True,True,True,False,False,False,False,False,,,0,10000000,10000000,10000000,10000000,,prehashed_ordered_insert_only_10m,True,,10M
total_ref_5_avl.csv,total_ref_5_avl,546,current,,avlhashtree,prehashed_ordered_insert_only_25m,0,25000000,25000000,81759791440,3270,0-10%=2.836µs(n=2500000)|10-20%=3.096µs(n=2500000)|20-30%=3.078µs(n=2500000)|30-40%=3.226µs(n=2500000)|40-50%=3.228µs(n=2500000)|50-60%=3.244µs(n=2500000)|60-70%=3.425µs(n=2500000)|70-80%=3.523µs(n=2500000)|80-90%=3.523µs(n=2500000)|90-100%=3.519µs(n=2500000),4779.85,7249.7,148840954,200000344,76159966,123840378,0,0,0,0,0,0,0,0,0,0,0,0.0,0.0,0,0,0,0,9,insert_only_build,prehashed_ordered_insert_only,True,True,True,False,False,False,False,False,,,0,25000000,25000000,25000000,25000000,,prehashed_ordered_insert_only_25m,True,,25M
total_ref_5_avl.csv,total_ref_5_avl,547,current,,avlhashtree,proof_only_after_10k_build_sample_5pct,10000,10000,0,0,0,,0.0,0.0,0,0,0,0,300694,601,1562,3478,0,0,0,0,0,0,0,0.0,0.0,0,0,0,0,9,proof_only_after_build,proof_only_after_build,False,False,False,True,False,False,False,False,5.0,5.0,10000,0,10000,10000,10000,,proof_only_after_10k_build_sample_5pct,True,,10K
total_ref_5_avl.csv,total_ref_5_avl,548,current,,avlhashtree,proof_only_after_50k_build_sample_5pct,50000,50000,0,0,0,,0.0,0.0,0,0,0,0,1414656,565,1855,4169,0,0,0,0,0,0,0,0.0,0.0,0,0,0,0,9,proof_only_after_build,proof_only_after_build,False,False,False,True,False,False,False,False,5.0,5.0,50000,0,50000,50000,50000,,proof_only_after_50k_build_sample_5pct,True,,50K
total_ref_5_avl.csv,total_ref_5_avl,549,current,,avlhashtree,proof_only_after_100k_build_sample_5pct,100000,100000,0,0,0,,0.0,0.0,0,0,0,0,3032265,606,1977,4377,0,0,0,0,0,0,0,0.0,0.0,0,0,0,0,9,proof_only_after_build,proof_only_after_build,False,False,False,True,False,False,False,False,5.0,5.0,100000,0,100000,100000,100000,,proof_only_after_100k_build_sample_5pct,True,,100K
total_ref_5_avl.csv,total_ref_5_avl,550,current,,avlhashtree,proof_only_after_200k_build_sample_5pct,200000,200000,0,0,0,,0.0,0.0,0,0,0,0,8014142,801,2096,4647,0,0,0,0,0,0,0,0.0,0.0,0,0,0,0,9,proof_only_after_build,proof_only_after_build,False,False,False,True,False,False,False,False,5.0,5.0,200000,0,200000,200000,200000,,proof_only_after_200k_build_sample_5pct,True,,200K
total_ref_5_avl.csv,total_ref_5_avl,551,current,,avlhashtree,proof_only_after_300k_build_sample_5pct,300000,300000,0,0,0,,0.0,0.0,0,0,0,0,14574216,971,2168,4944,0,0,0,0,0,0,0,0.0,0.0,0,0,0,0,9,proof_only_after_build,proof_only_after_build,False,False,False,True,False,False,False,False,5.0,5.0,300000,0,300000,300000,300000,,proof_only_after_300k_build_sample_5pct,True,,300K
total_ref_5_avl.csv,total_ref_5_avl,552,current,,avlhashtree,proof_only_after_500k_build_sample_5pct,500000,500000,0,0,0,,0.0,0.0,0,0,0,0,34199847,1367,2258,5363,0,0,0,0,0,0,0,0.0,0.0,0,0,0,0,9,proof_only_after_build,proof_only_after_build,False,False,False,True,False,False,False,False,5.0,5.0,500000,0,500000,500000,500000,,proof_only_after_500k_build_sample_5pct,True,,500K
total_ref_5_avl.csv,total_ref_5_avl,553,current,,avlhashtree,proof_only_after_700k_build_sample_5pct,700000,700000,0,0,0,,0.0,0.0,0,0,0,0,50160898,1433,2314,5370,0,0,0,0,0,0,0,0.0,0.0,0,0,0,0,9,proof_only_after_build,proof_only_after_build,False,False,False,True,False,False,False,False,5.0,5.0,700000,0,700000,700000,700000,,proof_only_after_700k_build_sample_5pct,True,,700K
total_ref_5_avl.csv,total_ref_5_avl,554,current,,avlhashtree,proof_only_after_900k_build_sample_5pct,900000,900000,0,0,0,,0.0,0.0,0,0,0,0,71054610,1578,2361,5453,0,0,0,0,0,0,0,0.0,0.0,0,0,0,0,9,proof_only_after_build,proof_only_after_build,False,False,False,True,False,False,False,False,5.0,5.0,900000,0,900000,900000,900000,,proof_only_after_900k_build_sample_5pct,True,,900K
total_ref_5_avl.csv,total_ref_5_avl,555,current,,avlhashtree,proof_only_after_1m_build_sample_5pct,1000000,1000000,0,0,0,,0.0,0.0,0,0,0,0,82283981,1645,2379,5545,0,0,0,0,0,0,0,0.0,0.0,0,0,0,0,9,proof_only_after_build,proof_only_after_build,False,False,False,True,False,False,False,False,5.0,5.0,1000000,0,1000000,1000000,1000000,,proof_only_after_1m_build_sample_5pct,True,,1M
total_ref_5_avl.csv,total_ref_5_avl,556,current,,avlhashtree,proof_only_after_2m_build_sample_3pct,2000000,2000000,0,0,0,,0.0,0.0,0,0,0,0,115031346,1917,2500,6243,0,0,0,0,0,0,0,0.0,0.0,0,0,0,0,9,proof_only_after_build,proof_only_after_build,False,False,False,True,False,False,False,False,3.0,3.0,2000000,0,2000000,2000000,2000000,,proof_only_after_2m_build_sample_3pct,True,,2M
total_ref_5_avl.csv,total_ref_5_avl,557,current,,avlhashtree,proof_only_after_5m_build_sample_3pct,5000000,5000000,0,0,0,,0.0,0.0,0,0,0,0,331072781,2207,2664,6528,0,0,0,0,0,0,0,0.0,0.0,0,0,0,0,9,proof_only_after_build,proof_only_after_build,False,False,False,True,False,False,False,False,3.0,3.0,5000000,0,5000000,5000000,5000000,,proof_only_after_5m_build_sample_3pct,True,,5M
total_ref_5_avl.csv,total_ref_5_avl,558,current,,avlhashtree,proof_only_after_10m_build_sample_2pct,10000000,10000000,0,0,0,,0.0,0.0,0,0,0,0,491792768,2458,2781,6435,0,0,0,0,0,0,0,0.0,0.0,0,0,0,0,9,proof_only_after_build,proof_only_after_build,False,False,False,True,False,False,False,False,2.0,2.0,10000000,0,10000000,10000000,10000000,,proof_only_after_10m_build_sample_2pct,True,,10M
total_ref_5_avl.csv,total_ref_5_avl,559,current,,avlhashtree,proof_only_after_25m_build_sample_2pct,25000000,25000000,0,0,0,,0.0,0.0,0,0,0,0,1758026103,3516,2944,9071,0,0,0,0,0,0,0,0.0,0.0,0,0,0,0,9,proof_only_after_build,proof_only_after_build,False,False,False,True,False,False,False,False,2.0,2.0,25000000,0,25000000,25000000,25000000,,proof_only_after_25m_build_sample_2pct,True,,25M
total_ref_5_avl.csv,total_ref_5_avl,560,current,,avlhashtree,build_10k_then_add_2k_new,10000,12000,2000,4355751,2177,0-10%=2.345µs(n=200)|10-20%=2.08µs(n=200)|20-30%=2.04µs(n=200)|30-40%=2.193µs(n=200)|40-50%=2.138µs(n=200)|50-60%=2.262µs(n=200)|60-70%=2.232µs(n=200)|70-80%=2.095µs(n=200)|80-90%=2.167µs(n=200)|90-100%=2.219µs(n=200),0.59,0.59,65727,16036,1001,15035,0,0,0,0,0,0,0,0,0,0,0,0.0,0.0,0,0,0,0,9,build_then_add_new,build_then_add_new,False,False,False,False,False,True,True,False,,,10000,2000,12000,10000,10000,2000,build_10k_then_add_2k_new,True,,10K
total_ref_5_avl.csv,total_ref_5_avl,561,current,,avlhashtree,build_50k_then_add_10k_new,50000,60000,10000,25677792,2567,0-10%=2.771µs(n=1000)|10-20%=2.491µs(n=1000)|20-30%=2.582µs(n=1000)|30-40%=2.609µs(n=1000)|40-50%=2.432µs(n=1000)|50-60%=2.651µs(n=1000)|60-70%=2.51µs(n=1000)|70-80%=2.611µs(n=1000)|80-90%=2.513µs(n=1000)|90-100%=2.501µs(n=1000),2.91,2.91,325739,80039,5001,75038,0,0,0,0,0,0,0,0,0,0,0,0.0,0.0,0,0,0,0,9,build_then_add_new,build_then_add_new,False,False,False,False,False,True,True,False,,,50000,10000,60000,50000,50000,10000,build_50k_then_add_10k_new,True,,50K
total_ref_5_avl.csv,total_ref_5_avl,562,current,,avlhashtree,build_100k_then_add_20k_new,100000,120000,20000,60095254,3004,0-10%=3.209µs(n=2000)|10-20%=3.015µs(n=2000)|20-30%=3.097µs(n=2000)|30-40%=2.984µs(n=2000)|40-50%=2.916µs(n=2000)|50-60%=2.948µs(n=2000)|60-70%=2.983µs(n=2000)|70-80%=2.948µs(n=2000)|80-90%=3.003µs(n=2000)|90-100%=2.94µs(n=2000),5.81,5.81,650748,160039,10001,150038,0,0,0,0,0,0,0,0,0,0,0,0.0,0.0,0,0,0,0,9,build_then_add_new,build_then_add_new,False,False,False,False,False,True,True,False,,,100000,20000,120000,100000,100000,20000,build_100k_then_add_20k_new,True,,100K
total_ref_5_avl.csv,total_ref_5_avl,563,current,,avlhashtree,build_200k_then_add_40k_new,200000,240000,40000,130655205,3266,0-10%=3.483µs(n=4000)|10-20%=3.346µs(n=4000)|20-30%=3.262µs(n=4000)|30-40%=3.263µs(n=4000)|40-50%=3.236µs(n=4000)|50-60%=3.167µs(n=4000)|60-70%=3.197µs(n=4000)|70-80%=3.218µs(n=4000)|80-90%=3.258µs(n=4000)|90-100%=3.231µs(n=4000),11.63,11.63,1300759,320046,20001,300045,0,0,0,0,0,0,0,0,0,0,0,0.0,0.0,0,0,0,0,9,build_then_add_new,build_then_add_new,False,False,False,False,False,True,True,False,,,200000,40000,240000,200000,200000,40000,build_200k_then_add_40k_new,True,,200K
total_ref_5_avl.csv,total_ref_5_avl,564,current,,avlhashtree,build_300k_then_add_60k_new,300000,360000,60000,225532962,3758,0-10%=3.77µs(n=6000)|10-20%=3.583µs(n=6000)|20-30%=3.546µs(n=6000)|30-40%=3.497µs(n=6000)|40-50%=4.53µs(n=6000)|50-60%=4.023µs(n=6000)|60-70%=3.727µs(n=6000)|70-80%=3.679µs(n=6000)|80-90%=3.621µs(n=6000)|90-100%=3.607µs(n=6000),17.42,17.42,1950767,480048,30001,450047,0,0,0,0,0,0,0,0,0,0,0,0.0,0.0,0,0,0,0,9,build_then_add_new,build_then_add_new,False,False,False,False,False,True,True,False,,,300000,60000,360000,300000,300000,60000,build_300k_then_add_60k_new,True,,300K
total_ref_5_avl.csv,total_ref_5_avl,565,current,,avlhashtree,build_500k_then_add_100k_new,500000,600000,100000,431917429,4319,0-10%=5.045µs(n=10000)|10-20%=4.54µs(n=10000)|20-30%=4.418µs(n=10000)|30-40%=4.23µs(n=10000)|40-50%=4.175µs(n=10000)|50-60%=4.163µs(n=10000)|60-70%=4.191µs(n=10000)|70-80%=4.188µs(n=10000)|80-90%=4.165µs(n=10000)|90-100%=4.071µs(n=10000),29.03,29.03,3250779,800055,50001,750054,0,0,0,0,0,0,0,0,0,0,0,0.0,0.0,0,0,0,0,9,build_then_add_new,build_then_add_new,False,False,False,False,False,True,True,False,,,500000,100000,600000,500000,500000,100000,build_500k_then_add_100k_new,True,,500K
total_ref_5_avl.csv,total_ref_5_avl,566,current,,avlhashtree,build_700k_then_add_140k_new,700000,840000,140000,623317198,4452,0-10%=5.007µs(n=14000)|10-20%=4.568µs(n=14000)|20-30%=4.482µs(n=14000)|30-40%=4.475µs(n=14000)|40-50%=4.405µs(n=14000)|50-60%=4.29µs(n=14000)|60-70%=4.299µs(n=14000)|70-80%=4.316µs(n=14000)|80-90%=4.322µs(n=14000)|90-100%=4.355µs(n=14000),40.63,40.63,4550783,1120053,70001,1050052,0,0,0,0,0,0,0,0,0,0,0,0.0,0.0,0,0,0,0,9,build_then_add_new,build_then_add_new,False,False,False,False,False,True,True,False,,,700000,140000,840000,700000,700000,140000,build_700k_then_add_140k_new,True,,700K
total_ref_5_avl.csv,total_ref_5_avl,567,current,,avlhashtree,build_900k_then_add_180k_new,900000,1080000,180000,910318031,5057,0-10%=5.28µs(n=18000)|10-20%=4.798µs(n=18000)|20-30%=4.691µs(n=18000)|30-40%=4.795µs(n=18000)|40-50%=5.01µs(n=18000)|50-60%=4.624µs(n=18000)|60-70%=4.718µs(n=18000)|70-80%=5.59µs(n=18000)|80-90%=5.669µs(n=18000)|90-100%=5.394µs(n=18000),52.23,52.23,5850792,1440054,90001,1350053,0,0,0,0,0,0,0,0,0,0,0,0.0,0.0,0,0,0,0,9,build_then_add_new,build_then_add_new,False,False,False,False,False,True,True,False,,,900000,180000,1080000,900000,900000,180000,build_900k_then_add_180k_new,True,,900K
total_ref_5_avl.csv,total_ref_5_avl,568,current,,avlhashtree,build_1m_then_add_200k_new,1000000,1200000,200000,1025610906,5128,0-10%=5.717µs(n=20000)|10-20%=5.276µs(n=20000)|20-30%=5.173µs(n=20000)|30-40%=5.122µs(n=20000)|40-50%=5.021µs(n=20000)|50-60%=5.023µs(n=20000)|60-70%=4.959µs(n=20000)|70-80%=4.968µs(n=20000)|80-90%=4.993µs(n=20000)|90-100%=5.023µs(n=20000),58.03,58.03,6500797,1600054,100001,1500053,0,0,0,0,0,0,0,0,0,0,0,0.0,0.0,0,0,0,0,9,build_then_add_new,build_then_add_new,False,False,False,False,False,True,True,False,,,1000000,200000,1200000,1000000,1000000,200000,build_1m_then_add_200k_new,True,,1M
total_ref_5_avl.csv,total_ref_5_avl,569,current,,avlhashtree,build_2m_then_add_400k_new,2000000,2400000,400000,2256955095,5642,0-10%=6.037µs(n=40000)|10-20%=5.581µs(n=40000)|20-30%=5.684µs(n=40000)|30-40%=5.782µs(n=40000)|40-50%=5.624µs(n=40000)|50-60%=5.478µs(n=40000)|60-70%=5.596µs(n=40000)|70-80%=5.543µs(n=40000)|80-90%=5.543µs(n=40000)|90-100%=5.551µs(n=40000),116.06,116.06,13000812,3200063,200001,3000062,0,0,0,0,0,0,0,0,0,0,0,0.0,0.0,0,0,0,0,9,build_then_add_new,build_then_add_new,False,False,False,False,False,True,True,False,,,2000000,400000,2400000,2000000,2000000,400000,build_2m_then_add_400k_new,True,,2M
total_ref_5_avl.csv,total_ref_5_avl,570,current,,avlhashtree,build_5m_then_add_1m_new,5000000,6000000,1000000,6611183613,6611,0-10%=6.929µs(n=100000)|10-20%=6.565µs(n=100000)|20-30%=6.554µs(n=100000)|30-40%=6.431µs(n=100000)|40-50%=6.612µs(n=100000)|50-60%=6.451µs(n=100000)|60-70%=6.545µs(n=100000)|70-80%=6.569µs(n=100000)|80-90%=6.735µs(n=100000)|90-100%=6.716µs(n=100000),290.16,290.16,32500837,8000081,500001,7500080,0,0,0,0,0,0,0,0,0,0,0,0.0,0.0,0,0,0,0,9,build_then_add_new,build_then_add_new,False,False,False,False,False,True,True,False,,,5000000,1000000,6000000,5000000,5000000,1000000,build_5m_then_add_1m_new,True,,5M
total_ref_5_avl.csv,total_ref_5_avl,571,current,,avlhashtree,build_10m_then_add_2m_new,10000000,12000000,2000000,14503187861,7251,0-10%=7.532µs(n=200000)|10-20%=7.189µs(n=200000)|20-30%=7.243µs(n=200000)|30-40%=7.217µs(n=200000)|40-50%=7.045µs(n=200000)|50-60%=7.129µs(n=200000)|60-70%=7.296µs(n=200000)|70-80%=7.304µs(n=200000)|80-90%=7.248µs(n=200000)|90-100%=7.308µs(n=200000),580.34,580.34,65000884,16000119,1000001,15000118,0,0,0,0,0,0,0,0,0,0,0,0.0,0.0,0,0,0,0,9,build_then_add_new,build_then_add_new,False,False,False,False,False,True,True,False,,,10000000,2000000,12000000,10000000,10000000,2000000,build_10m_then_add_2m_new,True,,10M
total_ref_5_avl.csv,total_ref_5_avl,572,current,,avlhashtree,build_25m_then_add_5m_new,25000000,30000000,5000000,43389051379,8677,0-10%=8.877µs(n=500000)|10-20%=8.619µs(n=500000)|20-30%=8.428µs(n=500000)|30-40%=8.503µs(n=500000)|40-50%=8.582µs(n=500000)|50-60%=8.65µs(n=500000)|60-70%=8.715µs(n=500000)|70-80%=8.755µs(n=500000)|80-90%=8.831µs(n=500000)|90-100%=8.813µs(n=500000),1451.16,1451.16,162501029,40000251,2500001,37500250,0,0,0,0,0,0,0,0,0,0,0,0.0,0.0,0,0,0,0,9,build_then_add_new,build_then_add_new,False,False,False,False,False,True,True,False,,,25000000,5000000,30000000,25000000,25000000,5000000,build_25m_then_add_5m_new,True,,25M
total_ref_5_avl.csv,total_ref_5_avl,573,current,,avlhashtree,build_10k_then_reinsert_2k_existing,10000,10000,2000,3174646,1587,0-10%=1.328µs(n=200)|10-20%=1.716µs(n=200)|20-30%=1.504µs(n=200)|30-40%=1.528µs(n=200)|40-50%=1.532µs(n=200)|50-60%=1.599µs(n=200)|60-70%=1.671µs(n=200)|70-80%=1.704µs(n=200)|80-90%=1.645µs(n=200)|90-100%=1.636µs(n=200),0.29,0.29,61811,12041,1001,11040,0,0,0,0,0,0,0,0,0,0,0,0.0,0.0,0,0,0,0,9,build_then_reinsert_existing,build_then_reinsert_existing,False,False,False,False,False,False,False,True,,,10000,2000,10000,10000,10000,2000,build_10k_then_reinsert_2k_existing,True,,10K
total_ref_5_avl.csv,total_ref_5_avl,574,current,,avlhashtree,build_50k_then_reinsert_10k_existing,50000,50000,10000,19482109,1948,0-10%=1.692µs(n=1000)|10-20%=1.896µs(n=1000)|20-30%=1.911µs(n=1000)|30-40%=1.994µs(n=1000)|40-50%=1.96µs(n=1000)|50-60%=1.957µs(n=1000)|60-70%=2.078µs(n=1000)|70-80%=2.02µs(n=1000)|80-90%=1.981µs(n=1000)|90-100%=1.987µs(n=1000),1.39,1.39,305825,60041,5001,55040,0,0,0,0,0,0,0,0,0,0,0,0.0,0.0,0,0,0,0,9,build_then_reinsert_existing,build_then_reinsert_existing,False,False,False,False,False,False,False,True,,,50000,10000,50000,50000,50000,10000,build_50k_then_reinsert_10k_existing,True,,50K
total_ref_5_avl.csv,total_ref_5_avl,575,current,,avlhashtree,build_100k_then_reinsert_20k_existing,100000,100000,20000,43575462,2178,0-10%=1.936µs(n=2000)|10-20%=2.052µs(n=2000)|20-30%=2.148µs(n=2000)|30-40%=2.171µs(n=2000)|40-50%=2.203µs(n=2000)|50-60%=2.208µs(n=2000)|60-70%=2.238µs(n=2000)|70-80%=2.273µs(n=2000)|80-90%=2.259µs(n=2000)|90-100%=2.296µs(n=2000),2.76,2.76,610825,120041,10001,110040,0,0,0,0,0,0,0,0,0,0,0,0.0,0.0,0,0,0,0,9,build_then_reinsert_existing,build_then_reinsert_existing,False,False,False,False,False,False,False,True,,,100000,20000,100000,100000,100000,20000,build_100k_then_reinsert_20k_existing,True,,100K
total_ref_5_avl.csv,total_ref_5_avl,576,current,,avlhashtree,build_200k_then_reinsert_40k_existing,200000,200000,40000,98868840,2471,0-10%=2.17µs(n=4000)|10-20%=2.335µs(n=4000)|20-30%=2.42µs(n=4000)|30-40%=2.48µs(n=4000)|40-50%=2.536µs(n=4000)|50-60%=2.556µs(n=4000)|60-70%=2.528µs(n=4000)|70-80%=2.525µs(n=4000)|80-90%=2.558µs(n=4000)|90-100%=2.603µs(n=4000),5.51,5.51,1220827,240039,20001,220038,0,0,0,0,0,0,0,0,0,0,0,0.0,0.0,0,0,0,0,9,build_then_reinsert_existing,build_then_reinsert_existing,False,False,False,False,False,False,False,True,,,200000,40000,200000,200000,200000,40000,build_200k_then_reinsert_40k_existing,True,,200K
total_ref_5_avl.csv,total_ref_5_avl,577,current,,avlhashtree,build_300k_then_reinsert_60k_existing,300000,300000,60000,169572065,2826,0-10%=2.327µs(n=6000)|10-20%=2.499µs(n=6000)|20-30%=2.573µs(n=6000)|30-40%=2.663µs(n=6000)|40-50%=2.696µs(n=6000)|50-60%=2.716µs(n=6000)|60-70%=3.559µs(n=6000)|70-80%=3.237µs(n=6000)|80-90%=2.992µs(n=6000)|90-100%=2.995µs(n=6000),8.27,8.27,1830839,360046,30001,330045,0,0,0,0,0,0,0,0,0,0,0,0.0,0.0,0,0,0,0,9,build_then_reinsert_existing,build_then_reinsert_existing,False,False,False,False,False,False,False,True,,,300000,60000,300000,300000,300000,60000,build_300k_then_reinsert_60k_existing,True,,300K
total_ref_5_avl.csv,total_ref_5_avl,578,current,,avlhashtree,build_500k_then_reinsert_100k_existing,500000,500000,100000,316685626,3166,0-10%=3.065µs(n=10000)|10-20%=3.135µs(n=10000)|20-30%=3.115µs(n=10000)|30-40%=3.144µs(n=10000)|40-50%=3.143µs(n=10000)|50-60%=3.176µs(n=10000)|60-70%=3.187µs(n=10000)|70-80%=3.199µs(n=10000)|80-90%=3.228µs(n=10000)|90-100%=3.271µs(n=10000),13.76,13.76,3050850,600050,50001,550049,0,0,0,0,0,0,0,0,0,0,0,0.0,0.0,0,0,0,0,9,build_then_reinsert_existing,build_then_reinsert_existing,False,False,False,False,False,False,False,True,,,500000,100000,500000,500000,500000,100000,build_500k_then_reinsert_100k_existing,True,,500K
total_ref_5_avl.csv,total_ref_5_avl,579,current,,avlhashtree,build_700k_then_reinsert_140k_existing,700000,700000,140000,470877693,3363,0-10%=2.985µs(n=14000)|10-20%=3.174µs(n=14000)|20-30%=3.324µs(n=14000)|30-40%=3.365µs(n=14000)|40-50%=3.416µs(n=14000)|50-60%=3.436µs(n=14000)|60-70%=3.423µs(n=14000)|70-80%=3.474µs(n=14000)|80-90%=3.513µs(n=14000)|90-100%=3.521µs(n=14000),19.26,19.26,4270856,840050,70001,770049,0,0,0,0,0,0,0,0,0,0,0,0.0,0.0,0,0,0,0,9,build_then_reinsert_existing,build_then_reinsert_existing,False,False,False,False,False,False,False,True,,,700000,140000,700000,700000,700000,140000,build_700k_then_reinsert_140k_existing,True,,700K
total_ref_5_avl.csv,total_ref_5_avl,580,current,,avlhashtree,build_900k_then_reinsert_180k_existing,900000,900000,180000,658598720,3658,0-10%=3.325µs(n=18000)|10-20%=3.465µs(n=18000)|20-30%=3.506µs(n=18000)|30-40%=3.593µs(n=18000)|40-50%=3.586µs(n=18000)|50-60%=3.675µs(n=18000)|60-70%=3.852µs(n=18000)|70-80%=3.872µs(n=18000)|80-90%=3.854µs(n=18000)|90-100%=3.855µs(n=18000),24.76,24.76,5490861,1080055,90001,990054,0,0,0,0,0,0,0,0,0,0,0,0.0,0.0,0,0,0,0,9,build_then_reinsert_existing,build_then_reinsert_existing,False,False,False,False,False,False,False,True,,,900000,180000,900000,900000,900000,180000,build_900k_then_reinsert_180k_existing,True,,900K
total_ref_5_avl.csv,total_ref_5_avl,581,current,,avlhashtree,build_1m_then_reinsert_200k_existing,1000000,1000000,200000,726785602,3633,0-10%=3.265µs(n=20000)|10-20%=3.38µs(n=20000)|20-30%=3.463µs(n=20000)|30-40%=3.522µs(n=20000)|40-50%=3.601µs(n=20000)|50-60%=3.625µs(n=20000)|60-70%=3.642µs(n=20000)|70-80%=3.839µs(n=20000)|80-90%=3.992µs(n=20000)|90-100%=4.005µs(n=20000),27.51,27.51,6100869,1200057,100001,1100056,0,0,0,0,0,0,0,0,0,0,0,0.0,0.0,0,0,0,0,9,build_then_reinsert_existing,build_then_reinsert_existing,False,False,False,False,False,False,False,True,,,1000000,200000,1000000,1000000,1000000,200000,build_1m_then_reinsert_200k_existing,True,,1M
total_ref_5_avl.csv,total_ref_5_avl,582,current,,avlhashtree,build_2m_then_reinsert_400k_existing,2000000,2000000,400000,1761622595,4404,0-10%=3.749µs(n=40000)|10-20%=4.039µs(n=40000)|20-30%=4.17µs(n=40000)|30-40%=4.263µs(n=40000)|40-50%=4.444µs(n=40000)|50-60%=4.614µs(n=40000)|60-70%=4.668µs(n=40000)|70-80%=4.758µs(n=40000)|80-90%=4.648µs(n=40000)|90-100%=4.684µs(n=40000),55.01,55.01,12200880,2400059,200001,2200058,0,0,0,0,0,0,0,0,0,0,0,0.0,0.0,0,0,0,0,9,build_then_reinsert_existing,build_then_reinsert_existing,False,False,False,False,False,False,False,True,,,2000000,400000,2000000,2000000,2000000,400000,build_2m_then_reinsert_400k_existing,True,,2M
total_ref_5_avl.csv,total_ref_5_avl,583,current,,avlhashtree,build_5m_then_reinsert_1m_existing,5000000,5000000,1000000,5076268960,5076,0-10%=4.27µs(n=100000)|10-20%=4.586µs(n=100000)|20-30%=4.93µs(n=100000)|30-40%=5.105µs(n=100000)|40-50%=5.156µs(n=100000)|50-60%=5.095µs(n=100000)|60-70%=5.382µs(n=100000)|70-80%=5.338µs(n=100000)|80-90%=5.461µs(n=100000)|90-100%=5.434µs(n=100000),137.52,137.52,30500906,6000078,500001,5500077,0,0,0,0,0,0,0,0,0,0,0,0.0,0.0,0,0,0,0,9,build_then_reinsert_existing,build_then_reinsert_existing,False,False,False,False,False,False,False,True,,,5000000,1000000,5000000,5000000,5000000,1000000,build_5m_then_reinsert_1m_existing,True,,5M
total_ref_5_avl.csv,total_ref_5_avl,584,current,,avlhashtree,build_10m_then_reinsert_2m_existing,10000000,10000000,2000000,11861988953,5930,0-10%=4.905µs(n=200000)|10-20%=5.451µs(n=200000)|20-30%=5.769µs(n=200000)|30-40%=5.887µs(n=200000)|40-50%=6.057µs(n=200000)|50-60%=6.047µs(n=200000)|60-70%=6.072µs(n=200000)|70-80%=6.195µs(n=200000)|80-90%=6.402µs(n=200000)|90-100%=6.521µs(n=200000),275.07,275.07,61000942,12000109,1000001,11000108,0,0,0,0,0,0,0,0,0,0,0,0.0,0.0,0,0,0,0,9,build_then_reinsert_existing,build_then_reinsert_existing,False,False,False,False,False,False,False,True,,,10000000,2000000,10000000,10000000,10000000,2000000,build_10m_then_reinsert_2m_existing,True,,10M
total_ref_5_avl.csv,total_ref_5_avl,585,current,,avlhashtree,build_25m_then_reinsert_5m_existing,25000000,25000000,5000000,35159595888,7031,0-10%=5.747µs(n=500000)|10-20%=6.585µs(n=500000)|20-30%=6.75µs(n=500000)|30-40%=6.978µs(n=500000)|40-50%=7.103µs(n=500000)|50-60%=7.23µs(n=500000)|60-70%=7.294µs(n=500000)|70-80%=7.475µs(n=500000)|80-90%=7.644µs(n=500000)|90-100%=7.507µs(n=500000),687.79,687.79,152501058,30000203,2500000,27500203,0,0,0,0,0,0,0,0,0,0,0,0.0,0.0,0,0,0,0,9,build_then_reinsert_existing,build_then_reinsert_existing,False,False,False,False,False,False,False,True,,,25000000,5000000,25000000,25000000,25000000,5000000,build_25m_then_reinsert_5m_existing,True,,25M
total_ref_5_avl.csv,total_ref_5_avl,586,current,,avlhashtree,insert_only_build_10k,0,10000,10000,22728740,2272,0-10%=1.872µs(n=1000)|10-20%=2.011µs(n=1000)|20-30%=2.125µs(n=1000)|30-40%=2.216µs(n=1000)|40-50%=2.225µs(n=1000)|50-60%=2.307µs(n=1000)|60-70%=2.279µs(n=1000)|70-80%=2.997µs(n=1000)|80-90%=2.364µs(n=1000)|90-100%=2.326µs(n=1000),2.44,2.93,56237,80062,24306,55756,0,0,0,0,0,0,0,0,0,0,0,0.0,0.0,0,0,0,0,10,insert_only_build,insert_only_build,False,False,True,False,False,False,False,False,,,0,10000,10000,10000,10000,,insert_only_build_10k,True,,10K
total_ref_5_avl.csv,total_ref_5_avl,587,current,,avlhashtree,insert_only_build_50k,0,50000,50000,125697943,2513,0-10%=2.047µs(n=5000)|10-20%=2.493µs(n=5000)|20-30%=2.521µs(n=5000)|30-40%=2.835µs(n=5000)|40-50%=2.469µs(n=5000)|50-60%=2.451µs(n=5000)|60-70%=2.503µs(n=5000)|70-80%=2.716µs(n=5000)|80-90%=2.525µs(n=5000)|90-100%=2.574µs(n=5000),12.22,14.56,280956,400099,119632,280467,0,0,0,0,0,0,0,0,0,0,0,0.0,0.0,0,0,0,0,10,insert_only_build,insert_only_build,False,False,True,False,False,False,False,False,,,0,50000,50000,50000,50000,,insert_only_build_50k,True,,50K
total_ref_5_avl.csv,total_ref_5_avl,588,current,,avlhashtree,insert_only_build_100k,0,100000,100000,253165065,2531,0-10%=2.072µs(n=10000)|10-20%=2.328µs(n=10000)|20-30%=2.424µs(n=10000)|30-40%=2.569µs(n=10000)|40-50%=2.481µs(n=10000)|50-60%=2.553µs(n=10000)|60-70%=2.605µs(n=10000)|70-80%=2.77µs(n=10000)|80-90%=2.695µs(n=10000)|90-100%=2.814µs(n=10000),24.66,29.05,571739,800094,228882,571212,0,0,0,0,0,0,0,0,0,0,0,0.0,0.0,0,0,0,0,10,insert_only_build,insert_only_build,False,False,True,False,False,False,False,False,,,0,100000,100000,100000,100000,,insert_only_build_100k,True,,100K
total_ref_5_avl.csv,total_ref_5_avl,589,current,,avlhashtree,insert_only_build_200k,0,200000,200000,543189438,2715,0-10%=2.164µs(n=20000)|10-20%=2.448µs(n=20000)|20-30%=2.568µs(n=20000)|30-40%=2.708µs(n=20000)|40-50%=2.682µs(n=20000)|50-60%=2.787µs(n=20000)|60-70%=2.925µs(n=20000)|70-80%=2.884µs(n=20000)|80-90%=2.967µs(n=20000)|90-100%=3.02µs(n=20000),50.03,58.04,1173511,1600093,427132,1172961,0,0,0,0,0,0,0,0,0,0,0,0.0,0.0,0,0,0,0,10,insert_only_build,insert_only_build,False,False,True,False,False,False,False,False,,,0,200000,200000,200000,200000,,insert_only_build_200k,True,,200K
total_ref_5_avl.csv,total_ref_5_avl,590,current,,avlhashtree,insert_only_build_300k,0,300000,300000,867251700,2890,0-10%=2.229µs(n=30000)|10-20%=2.548µs(n=30000)|20-30%=2.681µs(n=30000)|30-40%=2.732µs(n=30000)|40-50%=2.872µs(n=30000)|50-60%=2.92µs(n=30000)|60-70%=3.011µs(n=30000)|70-80%=3.405µs(n=30000)|80-90%=3.273µs(n=30000)|90-100%=3.233µs(n=30000),72.76,87.04,1666992,2400091,733671,1666420,0,0,0,0,0,0,0,0,0,0,0,0.0,0.0,0,0,0,0,10,insert_only_build,insert_only_build,False,False,True,False,False,False,False,False,,,0,300000,300000,300000,300000,,insert_only_build_300k,True,,300K
total_ref_5_avl.csv,total_ref_5_avl,591,current,,avlhashtree,insert_only_build_500k,0,500000,500000,1598901927,3197,0-10%=2.339µs(n=50000)|10-20%=2.66µs(n=50000)|20-30%=2.892µs(n=50000)|30-40%=3.055µs(n=50000)|40-50%=3.207µs(n=50000)|50-60%=3.255µs(n=50000)|60-70%=3.508µs(n=50000)|70-80%=3.504µs(n=50000)|80-90%=3.777µs(n=50000)|90-100%=3.777µs(n=50000),119.51,145.04,2706475,4000108,1294215,2705893,0,0,0,0,0,0,0,0,0,0,0,0.0,0.0,0,0,0,0,10,insert_only_build,insert_only_build,False,False,True,False,False,False,False,False,,,0,500000,500000,500000,500000,,insert_only_build_500k,True,,500K
total_ref_5_avl.csv,total_ref_5_avl,592,current,,avlhashtree,insert_only_build_700k,0,700000,700000,2405321706,3436,0-10%=2.386µs(n=70000)|10-20%=2.808µs(n=70000)|20-30%=2.999µs(n=70000)|30-40%=3.185µs(n=70000)|40-50%=3.341µs(n=70000)|50-60%=3.754µs(n=70000)|60-70%=3.751µs(n=70000)|70-80%=3.853µs(n=70000)|80-90%=4.156µs(n=70000)|90-100%=4.124µs(n=70000),177.56,203.06,4207883,5600114,1392813,4207301,0,0,0,0,0,0,0,0,0,0,0,0.0,0.0,0,0,0,0,10,insert_only_build,insert_only_build,False,False,True,False,False,False,False,False,,,0,700000,700000,700000,700000,,insert_only_build_700k,True,,700K
total_ref_5_avl.csv,total_ref_5_avl,593,current,,avlhashtree,insert_only_build_900k,0,900000,900000,3559359959,3954,0-10%=2.466µs(n=90000)|10-20%=2.916µs(n=90000)|20-30%=3.209µs(n=90000)|30-40%=3.443µs(n=90000)|40-50%=3.932µs(n=90000)|50-60%=4.266µs(n=90000)|60-70%=4.661µs(n=90000)|70-80%=4.84µs(n=90000)|80-90%=5.1µs(n=90000)|90-100%=4.711µs(n=90000),216.46,261.08,4925077,7200138,2275653,4924485,0,0,0,0,0,0,0,0,0,0,0,0.0,0.0,0,0,0,0,10,insert_only_build,insert_only_build,False,False,True,False,False,False,False,False,,,0,900000,900000,900000,900000,,insert_only_build_900k,True,,900K
total_ref_5_avl.csv,total_ref_5_avl,594,current,,avlhashtree,insert_only_build_1m,0,1000000,1000000,3767290504,3767,0-10%=2.493µs(n=100000)|10-20%=2.988µs(n=100000)|20-30%=3.255µs(n=100000)|30-40%=3.408µs(n=100000)|40-50%=3.771µs(n=100000)|50-60%=4.202µs(n=100000)|60-70%=4.179µs(n=100000)|70-80%=4.484µs(n=100000)|80-90%=4.33µs(n=100000)|90-100%=4.557µs(n=100000),245.48,290.08,5675913,8000137,2324818,5675319,0,0,0,0,0,0,0,0,0,0,0,0.0,0.0,0,0,0,0,10,insert_only_build,insert_only_build,False,False,True,False,False,False,False,False,,,0,1000000,1000000,1000000,1000000,,insert_only_build_1m,True,,1M
total_ref_5_avl.csv,total_ref_5_avl,595,current,,avlhashtree,insert_only_build_2m,0,2000000,2000000,8802584196,4401,0-10%=2.708µs(n=200000)|10-20%=3.499µs(n=200000)|20-30%=4.228µs(n=200000)|30-40%=4.202µs(n=200000)|40-50%=4.401µs(n=200000)|50-60%=4.603µs(n=200000)|60-70%=4.961µs(n=200000)|70-80%=4.996µs(n=200000)|80-90%=5.123µs(n=200000)|90-100%=5.287µs(n=200000),499.7,580.19,11706367,16000175,4294410,11705765,0,0,0,0,0,0,0,0,0,0,0,0.0,0.0,0,0,0,0,10,insert_only_build,insert_only_build,False,False,True,False,False,False,False,False,,,0,2000000,2000000,2000000,2000000,,insert_only_build_2m,True,,2M
total_ref_5_avl.csv,total_ref_5_avl,596,current,,avlhashtree,insert_only_build_5m,0,5000000,5000000,27032618548,5406,0-10%=3.198µs(n=500000)|10-20%=4.275µs(n=500000)|20-30%=4.935µs(n=500000)|30-40%=5.173µs(n=500000)|40-50%=5.61µs(n=500000)|50-60%=5.714µs(n=500000)|60-70%=5.941µs(n=500000)|70-80%=6.168µs(n=500000)|80-90%=6.613µs(n=500000)|90-100%=6.433µs(n=500000),1200.92,1450.52,27281755,40000265,12719110,27281155,0,0,0,0,0,0,0,0,0,0,0,0.0,0.0,0,0,0,0,10,insert_only_build,insert_only_build,False,False,True,False,False,False,False,False,,,0,5000000,5000000,5000000,5000000,,insert_only_build_5m,True,,5M
total_ref_5_avl.csv,total_ref_5_avl,597,current,,avlhashtree,insert_only_build_10m,0,10000000,10000000,59476442910,5947,0-10%=3.692µs(n=1000000)|10-20%=4.901µs(n=1000000)|20-30%=5.504µs(n=1000000)|30-40%=5.759µs(n=1000000)|40-50%=6.222µs(n=1000000)|50-60%=6.279µs(n=1000000)|60-70%=6.434µs(n=1000000)|70-80%=6.861µs(n=1000000)|80-90%=6.786µs(n=1000000)|90-100%=7.035µs(n=1000000),2451.45,2901.17,56588374,80000414,23412648,56587766,0,0,0,0,0,0,0,0,0,0,0,0.0,0.0,0,0,0,0,10,insert_only_build,insert_only_build,False,False,True,False,False,False,False,False,,,0,10000000,10000000,10000000,10000000,,insert_only_build_10m,True,,10M
total_ref_5_avl.csv,total_ref_5_avl,598,current,,avlhashtree,insert_only_build_25m,0,25000000,25000000,180373689844,7214,0-10%=4.632µs(n=2500000)|10-20%=6.068µs(n=2500000)|20-30%=6.559µs(n=2500000)|30-40%=6.985µs(n=2500000)|40-50%=7.365µs(n=2500000)|50-60%=7.763µs(n=2500000)|60-70%=7.837µs(n=2500000)|70-80%=8.055µs(n=2500000)|80-90%=8.242µs(n=2500000)|90-100%=8.638µs(n=2500000),5843.8,7254.23,129754832,200000995,70246776,129754219,0,0,0,0,0,0,0,0,0,0,0,0.0,0.0,0,0,0,0,10,insert_only_build,insert_only_build,False,False,True,False,False,False,False,False,,,0,25000000,25000000,25000000,25000000,,insert_only_build_25m,True,,25M
total_ref_5_avl.csv,total_ref_5_avl,599,current,,avlhashtree,prehashed_ordered_insert_only_10k,0,10000,10000,19553123,1955,0-10%=1.525µs(n=1000)|10-20%=1.71µs(n=1000)|20-30%=1.85µs(n=1000)|30-40%=1.834µs(n=1000)|40-50%=2.005µs(n=1000)|50-60%=2.622µs(n=1000)|60-70%=1.982µs(n=1000)|70-80%=1.913µs(n=1000)|80-90%=2.054µs(n=1000)|90-100%=2.052µs(n=1000),1.97,2.91,63013,80048,27658,52390,0,0,0,0,0,0,0,0,0,0,0,0.0,0.0,0,0,0,0,10,insert_only_build,prehashed_ordered_insert_only,True,True,True,False,False,False,False,False,,,0,10000,10000,10000,10000,,prehashed_ordered_insert_only_10k,True,,10K
total_ref_5_avl.csv,total_ref_5_avl,600,current,,avlhashtree,prehashed_ordered_insert_only_50k,0,50000,50000,111767207,2235,0-10%=1.77µs(n=5000)|10-20%=2.151µs(n=5000)|20-30%=2.257µs(n=5000)|30-40%=2.181µs(n=5000)|40-50%=2.222µs(n=5000)|50-60%=2.406µs(n=5000)|60-70%=2.253µs(n=5000)|70-80%=2.28µs(n=5000)|80-90%=2.522µs(n=5000)|90-100%=2.307µs(n=5000),11.81,14.53,265153,400050,135468,264582,0,0,0,0,0,0,0,0,0,0,0,0.0,0.0,0,0,0,0,10,insert_only_build,prehashed_ordered_insert_only,True,True,True,False,False,False,False,False,,,0,50000,50000,50000,50000,,prehashed_ordered_insert_only_50k,True,,50K
total_ref_5_avl.csv,total_ref_5_avl,601,current,,avlhashtree,prehashed_ordered_insert_only_100k,0,100000,100000,231512483,2315,0-10%=1.958µs(n=10000)|10-20%=2.092µs(n=10000)|20-30%=2.292µs(n=10000)|30-40%=2.281µs(n=10000)|40-50%=2.453µs(n=10000)|50-60%=2.333µs(n=10000)|60-70%=2.369µs(n=10000)|70-80%=2.437µs(n=10000)|80-90%=2.549µs(n=10000)|90-100%=2.383µs(n=10000),17.67,29.03,536172,800079,364448,435631,0,0,0,0,0,0,0,0,0,0,0,0.0,0.0,0,0,0,0,10,insert_only_build,prehashed_ordered_insert_only,True,True,True,False,False,False,False,False,,,0,100000,100000,100000,100000,,prehashed_ordered_insert_only_100k,True,,100K
total_ref_5_avl.csv,total_ref_5_avl,602,current,,avlhashtree,prehashed_ordered_insert_only_200k,0,200000,200000,480161023,2400,0-10%=2.083µs(n=20000)|10-20%=2.251µs(n=20000)|20-30%=2.372µs(n=20000)|30-40%=2.32µs(n=20000)|40-50%=2.429µs(n=20000)|50-60%=2.395µs(n=20000)|60-70%=2.477µs(n=20000)|70-80%=2.536µs(n=20000)|80-90%=2.614µs(n=20000)|90-100%=2.525µs(n=20000),35.66,58.02,1085548,1600089,715083,885006,0,0,0,0,0,0,0,0,0,0,0,0.0,0.0,0,0,0,0,10,insert_only_build,prehashed_ordered_insert_only,True,True,True,False,False,False,False,False,,,0,200000,200000,200000,200000,,prehashed_ordered_insert_only_200k,True,,200K
total_ref_5_avl.csv,total_ref_5_avl,603,current,,avlhashtree,prehashed_ordered_insert_only_300k,0,300000,300000,749687169,2498,0-10%=2.087µs(n=30000)|10-20%=2.306µs(n=30000)|20-30%=2.48µs(n=30000)|30-40%=2.42µs(n=30000)|40-50%=2.568µs(n=30000)|50-60%=2.577µs(n=30000)|60-70%=2.62µs(n=30000)|70-80%=2.615µs(n=30000)|80-90%=2.661µs(n=30000)|90-100%=2.65µs(n=30000),53.48,87.02,1627410,2400086,1073220,1326866,0,0,0,0,0,0,0,0,0,0,0,0.0,0.0,0,0,0,0,10,insert_only_build,prehashed_ordered_insert_only,True,True,True,False,False,False,False,False,,,0,300000,300000,300000,300000,,prehashed_ordered_insert_only_300k,True,,300K
total_ref_5_avl.csv,total_ref_5_avl,604,current,,avlhashtree,prehashed_ordered_insert_only_500k,0,500000,500000,1275547060,2551,0-10%=2.236µs(n=50000)|10-20%=2.426µs(n=50000)|20-30%=2.398µs(n=50000)|30-40%=2.557µs(n=50000)|40-50%=2.487µs(n=50000)|50-60%=2.672µs(n=50000)|60-70%=2.726µs(n=50000)|70-80%=2.666µs(n=50000)|80-90%=2.671µs(n=50000)|90-100%=2.667µs(n=50000),96.1,145.02,2997593,4000102,1503052,2497050,0,0,0,0,0,0,0,0,0,0,0,0.0,0.0,0,0,0,0,10,insert_only_build,prehashed_ordered_insert_only,True,True,True,False,False,False,False,False,,,0,500000,500000,500000,500000,,prehashed_ordered_insert_only_500k,True,,500K
total_ref_5_avl.csv,total_ref_5_avl,605,current,,avlhashtree,prehashed_ordered_insert_only_700k,0,700000,700000,1822650018,2603,0-10%=2.235µs(n=70000)|10-20%=2.475µs(n=70000)|20-30%=2.478µs(n=70000)|30-40%=2.56µs(n=70000)|40-50%=2.621µs(n=70000)|50-60%=2.697µs(n=70000)|60-70%=2.721µs(n=70000)|70-80%=2.714µs(n=70000)|80-90%=2.766µs(n=70000)|90-100%=2.766µs(n=70000),134.34,203.03,4187849,5600100,2112796,3487304,0,0,0,0,0,0,0,0,0,0,0,0.0,0.0,0,0,0,0,10,insert_only_build,prehashed_ordered_insert_only,True,True,True,False,False,False,False,False,,,0,700000,700000,700000,700000,,prehashed_ordered_insert_only_700k,True,,700K
total_ref_5_avl.csv,total_ref_5_avl,606,current,,avlhashtree,prehashed_ordered_insert_only_900k,0,900000,900000,2389207767,2654,0-10%=2.295µs(n=90000)|10-20%=2.526µs(n=90000)|20-30%=2.511µs(n=90000)|30-40%=2.703µs(n=90000)|40-50%=2.651µs(n=90000)|50-60%=2.677µs(n=90000)|60-70%=2.846µs(n=90000)|70-80%=2.777µs(n=90000)|80-90%=2.78µs(n=90000)|90-100%=2.776µs(n=90000),173.06,261.03,5398442,7200115,2702222,4497893,0,0,0,0,0,0,0,0,0,0,0,0.0,0.0,0,0,0,0,10,insert_only_build,prehashed_ordered_insert_only,True,True,True,False,False,False,False,False,,,0,900000,900000,900000,900000,,prehashed_ordered_insert_only_900k,True,,900K
total_ref_5_avl.csv,total_ref_5_avl,607,current,,avlhashtree,prehashed_ordered_insert_only_1m,0,1000000,1000000,2692179133,2692,0-10%=2.368µs(n=100000)|10-20%=2.576µs(n=100000)|20-30%=2.568µs(n=100000)|30-40%=2.721µs(n=100000)|40-50%=2.699µs(n=100000)|50-60%=2.881µs(n=100000)|60-70%=2.797µs(n=100000)|70-80%=2.77µs(n=100000)|80-90%=2.767µs(n=100000)|90-100%=2.769µs(n=100000),193.39,290.04,6043236,8000120,2957437,5042683,0,0,0,0,0,0,0,0,0,0,0,0.0,0.0,0,0,0,0,10,insert_only_build,prehashed_ordered_insert_only,True,True,True,False,False,False,False,False,,,0,1000000,1000000,1000000,1000000,,prehashed_ordered_insert_only_1m,True,,1M
total_ref_5_avl.csv,total_ref_5_avl,608,current,,avlhashtree,prehashed_ordered_insert_only_2m,0,2000000,2000000,5607780111,2803,0-10%=2.48µs(n=200000)|10-20%=2.681µs(n=200000)|20-30%=2.635µs(n=200000)|30-40%=2.824µs(n=200000)|40-50%=2.789µs(n=200000)|50-60%=2.908µs(n=200000)|60-70%=2.957µs(n=200000)|70-80%=2.892µs(n=200000)|80-90%=2.923µs(n=200000)|90-100%=2.945µs(n=200000),383.93,580.04,11968870,16000138,6031825,9968313,0,0,0,0,0,0,0,0,0,0,0,0.0,0.0,0,0,0,0,10,insert_only_build,prehashed_ordered_insert_only,True,True,True,False,False,False,False,False,,,0,2000000,2000000,2000000,2000000,,prehashed_ordered_insert_only_2m,True,,2M
total_ref_5_avl.csv,total_ref_5_avl,609,current,,avlhashtree,prehashed_ordered_insert_only_5m,0,5000000,5000000,14658763082,2931,0-10%=2.582µs(n=500000)|10-20%=2.809µs(n=500000)|20-30%=2.849µs(n=500000)|30-40%=2.912µs(n=500000)|40-50%=2.928µs(n=500000)|50-60%=3.014µs(n=500000)|60-70%=3.087µs(n=500000)|70-80%=2.994µs(n=500000)|80-90%=3.051µs(n=500000)|90-100%=3.085µs(n=500000),955.78,1450.05,29757284,40000167,15243452,24756715,0,0,0,0,0,0,0,0,0,0,0,0.0,0.0,0,0,0,0,10,insert_only_build,prehashed_ordered_insert_only,True,True,True,False,False,False,False,False,,,0,5000000,5000000,5000000,5000000,,prehashed_ordered_insert_only_5m,True,,5M
total_ref_5_avl.csv,total_ref_5_avl,610,current,,avlhashtree,prehashed_ordered_insert_only_10m,0,10000000,10000000,30361918848,3036,0-10%=2.664µs(n=1000000)|10-20%=2.902µs(n=1000000)|20-30%=2.921µs(n=1000000)|30-40%=3.012µs(n=1000000)|40-50%=3.06µs(n=1000000)|50-60%=3.104µs(n=1000000)|60-70%=3.192µs(n=1000000)|70-80%=3.101µs(n=1000000)|80-90%=3.178µs(n=1000000)|90-100%=3.224µs(n=1000000),1915.77,2900.01,59688361,80000218,30312421,49687797,0,0,0,0,0,0,0,0,0,0,0,0.0,0.0,0,0,0,0,10,insert_only_build,prehashed_ordered_insert_only,True,True,True,False,False,False,False,False,,,0,10000000,10000000,10000000,10000000,,prehashed_ordered_insert_only_10m,True,,10M
total_ref_5_avl.csv,total_ref_5_avl,611,current,,avlhashtree,prehashed_ordered_insert_only_25m,0,25000000,25000000,81245231637,3249,0-10%=2.827µs(n=2500000)|10-20%=3.061µs(n=2500000)|20-30%=3.065µs(n=2500000)|30-40%=3.253µs(n=2500000)|40-50%=3.222µs(n=2500000)|50-60%=3.232µs(n=2500000)|60-70%=3.37µs(n=2500000)|70-80%=3.488µs(n=2500000)|80-90%=3.492µs(n=2500000)|90-100%=3.484µs(n=2500000),4761.13,7249.68,148076191,200000346,76924722,123075624,0,0,0,0,0,0,0,0,0,0,0,0.0,0.0,0,0,0,0,10,insert_only_build,prehashed_ordered_insert_only,True,True,True,False,False,False,False,False,,,0,25000000,25000000,25000000,25000000,,prehashed_ordered_insert_only_25m,True,,25M
total_ref_5_avl.csv,total_ref_5_avl,612,current,,avlhashtree,proof_only_after_10k_build_sample_5pct,10000,10000,0,0,0,,0.0,0.0,0,0,0,0,268956,537,1579,4438,0,0,0,0,0,0,0,0.0,0.0,0,0,0,0,10,proof_only_after_build,proof_only_after_build,False,False,False,True,False,False,False,False,5.0,5.0,10000,0,10000,10000,10000,,proof_only_after_10k_build_sample_5pct,True,,10K
total_ref_5_avl.csv,total_ref_5_avl,613,current,,avlhashtree,proof_only_after_50k_build_sample_5pct,50000,50000,0,0,0,,0.0,0.0,0,0,0,0,1268875,507,1855,4144,0,0,0,0,0,0,0,0.0,0.0,0,0,0,0,10,proof_only_after_build,proof_only_after_build,False,False,False,True,False,False,False,False,5.0,5.0,50000,0,50000,50000,50000,,proof_only_after_50k_build_sample_5pct,True,,50K
total_ref_5_avl.csv,total_ref_5_avl,614,current,,avlhashtree,proof_only_after_100k_build_sample_5pct,100000,100000,0,0,0,,0.0,0.0,0,0,0,0,2962051,592,1979,4388,0,0,0,0,0,0,0,0.0,0.0,0,0,0,0,10,proof_only_after_build,proof_only_after_build,False,False,False,True,False,False,False,False,5.0,5.0,100000,0,100000,100000,100000,,proof_only_after_100k_build_sample_5pct,True,,100K
total_ref_5_avl.csv,total_ref_5_avl,615,current,,avlhashtree,proof_only_after_200k_build_sample_5pct,200000,200000,0,0,0,,0.0,0.0,0,0,0,0,7585666,758,2098,4638,0,0,0,0,0,0,0,0.0,0.0,0,0,0,0,10,proof_only_after_build,proof_only_after_build,False,False,False,True,False,False,False,False,5.0,5.0,200000,0,200000,200000,200000,,proof_only_after_200k_build_sample_5pct,True,,200K
total_ref_5_avl.csv,total_ref_5_avl,616,current,,avlhashtree,proof_only_after_300k_build_sample_5pct,300000,300000,0,0,0,,0.0,0.0,0,0,0,0,15285217,1019,2166,4948,0,0,0,0,0,0,0,0.0,0.0,0,0,0,0,10,proof_only_after_build,proof_only_after_build,False,False,False,True,False,False,False,False,5.0,5.0,300000,0,300000,300000,300000,,proof_only_after_300k_build_sample_5pct,True,,300K
total_ref_5_avl.csv,total_ref_5_avl,617,current,,avlhashtree,proof_only_after_500k_build_sample_5pct,500000,500000,0,0,0,,0.0,0.0,0,0,0,0,32958520,1318,2257,5502,0,0,0,0,0,0,0,0.0,0.0,0,0,0,0,10,proof_only_after_build,proof_only_after_build,False,False,False,True,False,False,False,False,5.0,5.0,500000,0,500000,500000,500000,,proof_only_after_500k_build_sample_5pct,True,,500K
total_ref_5_avl.csv,total_ref_5_avl,618,current,,avlhashtree,proof_only_after_700k_build_sample_5pct,700000,700000,0,0,0,,0.0,0.0,0,0,0,0,52044565,1486,2317,5424,0,0,0,0,0,0,0,0.0,0.0,0,0,0,0,10,proof_only_after_build,proof_only_after_build,False,False,False,True,False,False,False,False,5.0,5.0,700000,0,700000,700000,700000,,proof_only_after_700k_build_sample_5pct,True,,700K
total_ref_5_avl.csv,total_ref_5_avl,619,current,,avlhashtree,proof_only_after_900k_build_sample_5pct,900000,900000,0,0,0,,0.0,0.0,0,0,0,0,68871590,1530,2361,5368,0,0,0,0,0,0,0,0.0,0.0,0,0,0,0,10,proof_only_after_build,proof_only_after_build,False,False,False,True,False,False,False,False,5.0,5.0,900000,0,900000,900000,900000,,proof_only_after_900k_build_sample_5pct,True,,900K
total_ref_5_avl.csv,total_ref_5_avl,620,current,,avlhashtree,proof_only_after_1m_build_sample_5pct,1000000,1000000,0,0,0,,0.0,0.0,0,0,0,0,79185580,1583,2380,5507,0,0,0,0,0,0,0,0.0,0.0,0,0,0,0,10,proof_only_after_build,proof_only_after_build,False,False,False,True,False,False,False,False,5.0,5.0,1000000,0,1000000,1000000,1000000,,proof_only_after_1m_build_sample_5pct,True,,1M
total_ref_5_avl.csv,total_ref_5_avl,621,current,,avlhashtree,proof_only_after_2m_build_sample_3pct,2000000,2000000,0,0,0,,0.0,0.0,0,0,0,0,111858003,1864,2499,6153,0,0,0,0,0,0,0,0.0,0.0,0,0,0,0,10,proof_only_after_build,proof_only_after_build,False,False,False,True,False,False,False,False,3.0,3.0,2000000,0,2000000,2000000,2000000,,proof_only_after_2m_build_sample_3pct,True,,2M
total_ref_5_avl.csv,total_ref_5_avl,622,current,,avlhashtree,proof_only_after_5m_build_sample_3pct,5000000,5000000,0,0,0,,0.0,0.0,0,0,0,0,336168496,2241,2663,6528,0,0,0,0,0,0,0,0.0,0.0,0,0,0,0,10,proof_only_after_build,proof_only_after_build,False,False,False,True,False,False,False,False,3.0,3.0,5000000,0,5000000,5000000,5000000,,proof_only_after_5m_build_sample_3pct,True,,5M
total_ref_5_avl.csv,total_ref_5_avl,623,current,,avlhashtree,proof_only_after_10m_build_sample_2pct,10000000,10000000,0,0,0,,0.0,0.0,0,0,0,0,490812066,2454,2780,6410,0,0,0,0,0,0,0,0.0,0.0,0,0,0,0,10,proof_only_after_build,proof_only_after_build,False,False,False,True,False,False,False,False,2.0,2.0,10000000,0,10000000,10000000,10000000,,proof_only_after_10m_build_sample_2pct,True,,10M
total_ref_5_avl.csv,total_ref_5_avl,624,current,,avlhashtree,proof_only_after_25m_build_sample_2pct,25000000,25000000,0,0,0,,0.0,0.0,0,0,0,0,1755722244,3511,2944,8953,0,0,0,0,0,0,0,0.0,0.0,0,0,0,0,10,proof_only_after_build,proof_only_after_build,False,False,False,True,False,False,False,False,2.0,2.0,25000000,0,25000000,25000000,25000000,,proof_only_after_25m_build_sample_2pct,True,,25M
total_ref_5_avl.csv,total_ref_5_avl,625,current,,avlhashtree,build_10k_then_add_2k_new,10000,12000,2000,4363622,2181,0-10%=2.281µs(n=200)|10-20%=2.072µs(n=200)|20-30%=2.387µs(n=200)|30-40%=2.371µs(n=200)|40-50%=2.13µs(n=200)|50-60%=2.152µs(n=200)|60-70%=2.15µs(n=200)|70-80%=2.06µs(n=200)|80-90%=2.067µs(n=200)|90-100%=2.14µs(n=200),0.59,0.59,65727,16041,1001,15040,0,0,0,0,0,0,0,0,0,0,0,0.0,0.0,0,0,0,0,10,build_then_add_new,build_then_add_new,False,False,False,False,False,True,True,False,,,10000,2000,12000,10000,10000,2000,build_10k_then_add_2k_new,True,,10K
total_ref_5_avl.csv,total_ref_5_avl,626,current,,avlhashtree,build_50k_then_add_10k_new,50000,60000,10000,26218049,2621,0-10%=2.669µs(n=1000)|10-20%=2.725µs(n=1000)|20-30%=2.509µs(n=1000)|30-40%=2.558µs(n=1000)|40-50%=2.643µs(n=1000)|50-60%=2.501µs(n=1000)|60-70%=2.701µs(n=1000)|70-80%=2.623µs(n=1000)|80-90%=2.581µs(n=1000)|90-100%=2.702µs(n=1000),2.91,2.91,325732,80039,5001,75038,0,0,0,0,0,0,0,0,0,0,0,0.0,0.0,0,0,0,0,10,build_then_add_new,build_then_add_new,False,False,False,False,False,True,True,False,,,50000,10000,60000,50000,50000,10000,build_50k_then_add_10k_new,True,,50K
total_ref_5_avl.csv,total_ref_5_avl,627,current,,avlhashtree,build_100k_then_add_20k_new,100000,120000,20000,59577357,2978,0-10%=3.162µs(n=2000)|10-20%=3.046µs(n=2000)|20-30%=2.963µs(n=2000)|30-40%=3.032µs(n=2000)|40-50%=2.939µs(n=2000)|50-60%=2.907µs(n=2000)|60-70%=2.939µs(n=2000)|70-80%=2.918µs(n=2000)|80-90%=2.921µs(n=2000)|90-100%=2.956µs(n=2000),5.81,5.81,650740,160041,10001,150040,0,0,0,0,0,0,0,0,0,0,0,0.0,0.0,0,0,0,0,10,build_then_add_new,build_then_add_new,False,False,False,False,False,True,True,False,,,100000,20000,120000,100000,100000,20000,build_100k_then_add_20k_new,True,,100K
total_ref_5_avl.csv,total_ref_5_avl,628,current,,avlhashtree,build_200k_then_add_40k_new,200000,240000,40000,126613272,3165,0-10%=3.351µs(n=4000)|10-20%=3.159µs(n=4000)|20-30%=3.107µs(n=4000)|30-40%=3.123µs(n=4000)|40-50%=3.18µs(n=4000)|50-60%=3.134µs(n=4000)|60-70%=3.142µs(n=4000)|70-80%=3.148µs(n=4000)|80-90%=3.154µs(n=4000)|90-100%=3.151µs(n=4000),11.63,11.63,1300746,320046,20001,300045,0,0,0,0,0,0,0,0,0,0,0,0.0,0.0,0,0,0,0,10,build_then_add_new,build_then_add_new,False,False,False,False,False,True,True,False,,,200000,40000,240000,200000,200000,40000,build_200k_then_add_40k_new,True,,200K
total_ref_5_avl.csv,total_ref_5_avl,629,current,,avlhashtree,build_300k_then_add_60k_new,300000,360000,60000,228394976,3806,0-10%=4.002µs(n=6000)|10-20%=3.73µs(n=6000)|20-30%=3.679µs(n=6000)|30-40%=3.554µs(n=6000)|40-50%=4.417µs(n=6000)|50-60%=4.034µs(n=6000)|60-70%=3.687µs(n=6000)|70-80%=3.677µs(n=6000)|80-90%=3.662µs(n=6000)|90-100%=3.618µs(n=6000),17.42,17.42,1950749,480048,30001,450047,0,0,0,0,0,0,0,0,0,0,0,0.0,0.0,0,0,0,0,10,build_then_add_new,build_then_add_new,False,False,False,False,False,True,True,False,,,300000,60000,360000,300000,300000,60000,build_300k_then_add_60k_new,True,,300K
total_ref_5_avl.csv,total_ref_5_avl,630,current,,avlhashtree,build_500k_then_add_100k_new,500000,600000,100000,426418464,4264,0-10%=4.846µs(n=10000)|10-20%=4.385µs(n=10000)|20-30%=4.319µs(n=10000)|30-40%=4.183µs(n=10000)|40-50%=4.146µs(n=10000)|50-60%=4.141µs(n=10000)|60-70%=4.119µs(n=10000)|70-80%=4.152µs(n=10000)|80-90%=4.17µs(n=10000)|90-100%=4.174µs(n=10000),29.03,29.03,3250760,800051,50001,750050,0,0,0,0,0,0,0,0,0,0,0,0.0,0.0,0,0,0,0,10,build_then_add_new,build_then_add_new,False,False,False,False,False,True,True,False,,,500000,100000,600000,500000,500000,100000,build_500k_then_add_100k_new,True,,500K
total_ref_5_avl.csv,total_ref_5_avl,631,current,,avlhashtree,build_700k_then_add_140k_new,700000,840000,140000,650029206,4643,0-10%=5.159µs(n=14000)|10-20%=4.729µs(n=14000)|20-30%=4.593µs(n=14000)|30-40%=4.563µs(n=14000)|40-50%=4.689µs(n=14000)|50-60%=4.65µs(n=14000)|60-70%=4.544µs(n=14000)|70-80%=4.507µs(n=14000)|80-90%=4.477µs(n=14000)|90-100%=4.514µs(n=14000),40.63,40.63,4550765,1120055,70001,1050054,0,0,0,0,0,0,0,0,0,0,0,0.0,0.0,0,0,0,0,10,build_then_add_new,build_then_add_new,False,False,False,False,False,True,True,False,,,700000,140000,840000,700000,700000,140000,build_700k_then_add_140k_new,True,,700K
total_ref_5_avl.csv,total_ref_5_avl,632,current,,avlhashtree,build_900k_then_add_180k_new,900000,1080000,180000,898702976,4992,0-10%=5.603µs(n=18000)|10-20%=5.063µs(n=18000)|20-30%=5.022µs(n=18000)|30-40%=5.258µs(n=18000)|40-50%=4.802µs(n=18000)|50-60%=4.785µs(n=18000)|60-70%=4.805µs(n=18000)|70-80%=4.869µs(n=18000)|80-90%=4.855µs(n=18000)|90-100%=4.86µs(n=18000),52.23,52.23,5850773,1440056,90001,1350055,0,0,0,0,0,0,0,0,0,0,0,0.0,0.0,0,0,0,0,10,build_then_add_new,build_then_add_new,False,False,False,False,False,True,True,False,,,900000,180000,1080000,900000,900000,180000,build_900k_then_add_180k_new,True,,900K
total_ref_5_avl.csv,total_ref_5_avl,633,current,,avlhashtree,build_1m_then_add_200k_new,1000000,1200000,200000,1058102439,5290,0-10%=5.849µs(n=20000)|10-20%=5.586µs(n=20000)|20-30%=5.486µs(n=20000)|30-40%=5.236µs(n=20000)|40-50%=4.948µs(n=20000)|50-60%=4.813µs(n=20000)|60-70%=4.97µs(n=20000)|70-80%=4.819µs(n=20000)|80-90%=6.355µs(n=20000)|90-100%=4.838µs(n=20000),58.03,58.03,6500780,1600056,100001,1500055,0,0,0,0,0,0,0,0,0,0,0,0.0,0.0,0,0,0,0,10,build_then_add_new,build_then_add_new,False,False,False,False,False,True,True,False,,,1000000,200000,1200000,1000000,1000000,200000,build_1m_then_add_200k_new,True,,1M
total_ref_5_avl.csv,total_ref_5_avl,634,current,,avlhashtree,build_2m_then_add_400k_new,2000000,2400000,400000,2289309932,5723,0-10%=6.097µs(n=40000)|10-20%=5.729µs(n=40000)|20-30%=5.601µs(n=40000)|30-40%=5.61µs(n=40000)|40-50%=5.742µs(n=40000)|50-60%=5.695µs(n=40000)|60-70%=5.672µs(n=40000)|70-80%=5.669µs(n=40000)|80-90%=5.654µs(n=40000)|90-100%=5.758µs(n=40000),116.06,116.06,13000795,3200063,200001,3000062,0,0,0,0,0,0,0,0,0,0,0,0.0,0.0,0,0,0,0,10,build_then_add_new,build_then_add_new,False,False,False,False,False,True,True,False,,,2000000,400000,2400000,2000000,2000000,400000,build_2m_then_add_400k_new,True,,2M
total_ref_5_avl.csv,total_ref_5_avl,635,current,,avlhashtree,build_5m_then_add_1m_new,5000000,6000000,1000000,6713709715,6713,0-10%=7.044µs(n=100000)|10-20%=6.682µs(n=100000)|20-30%=6.703µs(n=100000)|30-40%=6.595µs(n=100000)|40-50%=6.563µs(n=100000)|50-60%=6.522µs(n=100000)|60-70%=6.605µs(n=100000)|70-80%=6.739µs(n=100000)|80-90%=6.82µs(n=100000)|90-100%=6.859µs(n=100000),290.17,290.17,32500814,8000082,500000,7500082,0,0,0,0,0,0,0,0,0,0,0,0.0,0.0,0,0,0,0,10,build_then_add_new,build_then_add_new,False,False,False,False,False,True,True,False,,,5000000,1000000,6000000,5000000,5000000,1000000,build_5m_then_add_1m_new,True,,5M
total_ref_5_avl.csv,total_ref_5_avl,636,current,,avlhashtree,build_10m_then_add_2m_new,10000000,12000000,2000000,14636540928,7318,0-10%=7.776µs(n=200000)|10-20%=7.304µs(n=200000)|20-30%=7.331µs(n=200000)|30-40%=7.361µs(n=200000)|40-50%=7.245µs(n=200000)|50-60%=7.115µs(n=200000)|60-70%=7.175µs(n=200000)|70-80%=7.224µs(n=200000)|80-90%=7.37µs(n=200000)|90-100%=7.277µs(n=200000),580.35,580.35,65000863,16000122,1000001,15000121,0,0,0,0,0,0,0,0,0,0,0,0.0,0.0,0,0,0,0,10,build_then_add_new,build_then_add_new,False,False,False,False,False,True,True,False,,,10000000,2000000,12000000,10000000,10000000,2000000,build_10m_then_add_2m_new,True,,10M
total_ref_5_avl.csv,total_ref_5_avl,637,current,,avlhashtree,build_25m_then_add_5m_new,25000000,30000000,5000000,42596730362,8519,0-10%=8.765µs(n=500000)|10-20%=8.474µs(n=500000)|20-30%=8.303µs(n=500000)|30-40%=8.299µs(n=500000)|40-50%=8.371µs(n=500000)|50-60%=8.37µs(n=500000)|60-70%=8.608µs(n=500000)|70-80%=8.641µs(n=500000)|80-90%=8.649µs(n=500000)|90-100%=8.709µs(n=500000),1451.14,1451.14,162501009,40000254,2500001,37500253,0,0,0,0,0,0,0,0,0,0,0,0.0,0.0,0,0,0,0,10,build_then_add_new,build_then_add_new,False,False,False,False,False,True,True,False,,,25000000,5000000,30000000,25000000,25000000,5000000,build_25m_then_add_5m_new,True,,25M
total_ref_5_avl.csv,total_ref_5_avl,638,current,,avlhashtree,build_10k_then_reinsert_2k_existing,10000,10000,2000,3281158,1640,0-10%=1.448µs(n=200)|10-20%=1.678µs(n=200)|20-30%=1.591µs(n=200)|30-40%=1.626µs(n=200)|40-50%=1.613µs(n=200)|50-60%=1.612µs(n=200)|60-70%=1.727µs(n=200)|70-80%=1.729µs(n=200)|80-90%=1.65µs(n=200)|90-100%=1.722µs(n=200),0.29,0.29,61790,12041,1001,11040,0,0,0,0,0,0,0,0,0,0,0,0.0,0.0,0,0,0,0,10,build_then_reinsert_existing,build_then_reinsert_existing,False,False,False,False,False,False,False,True,,,10000,2000,10000,10000,10000,2000,build_10k_then_reinsert_2k_existing,True,,10K
total_ref_5_avl.csv,total_ref_5_avl,639,current,,avlhashtree,build_50k_then_reinsert_10k_existing,50000,50000,10000,20262664,2026,0-10%=1.793µs(n=1000)|10-20%=2.067µs(n=1000)|20-30%=1.928µs(n=1000)|30-40%=1.961µs(n=1000)|40-50%=2.116µs(n=1000)|50-60%=2.023µs(n=1000)|60-70%=2.028µs(n=1000)|70-80%=2.231µs(n=1000)|80-90%=2.064µs(n=1000)|90-100%=2.044µs(n=1000),1.39,1.39,305793,60039,5001,55038,0,0,0,0,0,0,0,0,0,0,0,0.0,0.0,0,0,0,0,10,build_then_reinsert_existing,build_then_reinsert_existing,False,False,False,False,False,False,False,True,,,50000,10000,50000,50000,50000,10000,build_50k_then_reinsert_10k_existing,True,,50K
total_ref_5_avl.csv,total_ref_5_avl,640,current,,avlhashtree,build_100k_then_reinsert_20k_existing,100000,100000,20000,42788679,2139,0-10%=1.972µs(n=2000)|10-20%=2.023µs(n=2000)|20-30%=2.074µs(n=2000)|30-40%=2.11µs(n=2000)|40-50%=2.17µs(n=2000)|50-60%=2.152µs(n=2000)|60-70%=2.181µs(n=2000)|70-80%=2.221µs(n=2000)|80-90%=2.236µs(n=2000)|90-100%=2.25µs(n=2000),2.76,2.76,610803,120031,10001,110030,0,0,0,0,0,0,0,0,0,0,0,0.0,0.0,0,0,0,0,10,build_then_reinsert_existing,build_then_reinsert_existing,False,False,False,False,False,False,False,True,,,100000,20000,100000,100000,100000,20000,build_100k_then_reinsert_20k_existing,True,,100K
total_ref_5_avl.csv,total_ref_5_avl,641,current,,avlhashtree,build_200k_then_reinsert_40k_existing,200000,200000,40000,98217130,2455,0-10%=2.138µs(n=4000)|10-20%=2.33µs(n=4000)|20-30%=2.369µs(n=4000)|30-40%=2.459µs(n=4000)|40-50%=2.526µs(n=4000)|50-60%=2.54µs(n=4000)|60-70%=2.555µs(n=4000)|70-80%=2.514µs(n=4000)|80-90%=2.545µs(n=4000)|90-100%=2.574µs(n=4000),5.51,5.51,1220805,240041,20001,220040,0,0,0,0,0,0,0,0,0,0,0,0.0,0.0,0,0,0,0,10,build_then_reinsert_existing,build_then_reinsert_existing,False,False,False,False,False,False,False,True,,,200000,40000,200000,200000,200000,40000,build_200k_then_reinsert_40k_existing,True,,200K
total_ref_5_avl.csv,total_ref_5_avl,642,current,,avlhashtree,build_300k_then_reinsert_60k_existing,300000,300000,60000,174382744,2906,0-10%=2.458µs(n=6000)|10-20%=2.627µs(n=6000)|20-30%=2.753µs(n=6000)|30-40%=2.84µs(n=6000)|40-50%=3.622µs(n=6000)|50-60%=2.908µs(n=6000)|60-70%=2.92µs(n=6000)|70-80%=2.953µs(n=6000)|80-90%=2.984µs(n=6000)|90-100%=2.995µs(n=6000),8.27,8.27,1830820,360048,30001,330047,0,0,0,0,0,0,0,0,0,0,0,0.0,0.0,0,0,0,0,10,build_then_reinsert_existing,build_then_reinsert_existing,False,False,False,False,False,False,False,True,,,300000,60000,300000,300000,300000,60000,build_300k_then_reinsert_60k_existing,True,,300K
total_ref_5_avl.csv,total_ref_5_avl,643,current,,avlhashtree,build_500k_then_reinsert_100k_existing,500000,500000,100000,327155981,3271,0-10%=2.994µs(n=10000)|10-20%=3.156µs(n=10000)|20-30%=3.156µs(n=10000)|30-40%=3.258µs(n=10000)|40-50%=3.287µs(n=10000)|50-60%=3.332µs(n=10000)|60-70%=3.339µs(n=10000)|70-80%=3.36µs(n=10000)|80-90%=3.405µs(n=10000)|90-100%=3.424µs(n=10000),13.76,13.76,3050827,600052,50001,550051,0,0,0,0,0,0,0,0,0,0,0,0.0,0.0,0,0,0,0,10,build_then_reinsert_existing,build_then_reinsert_existing,False,False,False,False,False,False,False,True,,,500000,100000,500000,500000,500000,100000,build_500k_then_reinsert_100k_existing,True,,500K
total_ref_5_avl.csv,total_ref_5_avl,644,current,,avlhashtree,build_700k_then_reinsert_140k_existing,700000,700000,140000,470981195,3364,0-10%=3.021µs(n=14000)|10-20%=3.145µs(n=14000)|20-30%=3.326µs(n=14000)|30-40%=3.381µs(n=14000)|40-50%=3.438µs(n=14000)|50-60%=3.484µs(n=14000)|60-70%=3.411µs(n=14000)|70-80%=3.451µs(n=14000)|80-90%=3.482µs(n=14000)|90-100%=3.498µs(n=14000),19.26,19.26,4270830,840050,70001,770049,0,0,0,0,0,0,0,0,0,0,0,0.0,0.0,0,0,0,0,10,build_then_reinsert_existing,build_then_reinsert_existing,False,False,False,False,False,False,False,True,,,700000,140000,700000,700000,700000,140000,build_700k_then_reinsert_140k_existing,True,,700K
total_ref_5_avl.csv,total_ref_5_avl,645,current,,avlhashtree,build_900k_then_reinsert_180k_existing,900000,900000,180000,657428673,3652,0-10%=3.388µs(n=18000)|10-20%=3.502µs(n=18000)|20-30%=3.533µs(n=18000)|30-40%=3.587µs(n=18000)|40-50%=3.584µs(n=18000)|50-60%=3.669µs(n=18000)|60-70%=3.749µs(n=18000)|70-80%=3.778µs(n=18000)|80-90%=3.831µs(n=18000)|90-100%=3.898µs(n=18000),24.76,24.76,5490845,1080055,90001,990054,0,0,0,0,0,0,0,0,0,0,0,0.0,0.0,0,0,0,0,10,build_then_reinsert_existing,build_then_reinsert_existing,False,False,False,False,False,False,False,True,,,900000,180000,900000,900000,900000,180000,build_900k_then_reinsert_180k_existing,True,,900K
total_ref_5_avl.csv,total_ref_5_avl,646,current,,avlhashtree,build_1m_then_reinsert_200k_existing,1000000,1000000,200000,734121412,3670,0-10%=3.356µs(n=20000)|10-20%=3.446µs(n=20000)|20-30%=3.543µs(n=20000)|30-40%=3.697µs(n=20000)|40-50%=3.745µs(n=20000)|50-60%=3.774µs(n=20000)|60-70%=3.754µs(n=20000)|70-80%=3.735µs(n=20000)|80-90%=3.807µs(n=20000)|90-100%=3.842µs(n=20000),27.51,27.51,6100854,1200055,100001,1100054,0,0,0,0,0,0,0,0,0,0,0,0.0,0.0,0,0,0,0,10,build_then_reinsert_existing,build_then_reinsert_existing,False,False,False,False,False,False,False,True,,,1000000,200000,1000000,1000000,1000000,200000,build_1m_then_reinsert_200k_existing,True,,1M
total_ref_5_avl.csv,total_ref_5_avl,647,current,,avlhashtree,build_2m_then_reinsert_400k_existing,2000000,2000000,400000,1725522074,4313,0-10%=3.76µs(n=40000)|10-20%=3.936µs(n=40000)|20-30%=4.041µs(n=40000)|30-40%=4.259µs(n=40000)|40-50%=4.494µs(n=40000)|50-60%=4.56µs(n=40000)|60-70%=4.544µs(n=40000)|70-80%=4.431µs(n=40000)|80-90%=4.475µs(n=40000)|90-100%=4.633µs(n=40000),55.01,55.01,12200857,2400059,200001,2200058,0,0,0,0,0,0,0,0,0,0,0,0.0,0.0,0,0,0,0,10,build_then_reinsert_existing,build_then_reinsert_existing,False,False,False,False,False,False,False,True,,,2000000,400000,2000000,2000000,2000000,400000,build_2m_then_reinsert_400k_existing,True,,2M
total_ref_5_avl.csv,total_ref_5_avl,648,current,,avlhashtree,build_5m_then_reinsert_1m_existing,5000000,5000000,1000000,5198156094,5198,0-10%=4.236µs(n=100000)|10-20%=4.74µs(n=100000)|20-30%=4.986µs(n=100000)|30-40%=5.219µs(n=100000)|40-50%=5.194µs(n=100000)|50-60%=5.455µs(n=100000)|60-70%=5.298µs(n=100000)|70-80%=5.535µs(n=100000)|80-90%=5.616µs(n=100000)|90-100%=5.696µs(n=100000),137.52,137.52,30500889,6000078,500001,5500077,0,0,0,0,0,0,0,0,0,0,0,0.0,0.0,0,0,0,0,10,build_then_reinsert_existing,build_then_reinsert_existing,False,False,False,False,False,False,False,True,,,5000000,1000000,5000000,5000000,5000000,1000000,build_5m_then_reinsert_1m_existing,True,,5M
total_ref_5_avl.csv,total_ref_5_avl,649,current,,avlhashtree,build_10m_then_reinsert_2m_existing,10000000,10000000,2000000,11703227996,5851,0-10%=4.774µs(n=200000)|10-20%=5.372µs(n=200000)|20-30%=5.691µs(n=200000)|30-40%=5.888µs(n=200000)|40-50%=6.008µs(n=200000)|50-60%=6.067µs(n=200000)|60-70%=6.03µs(n=200000)|70-80%=6.076µs(n=200000)|80-90%=6.286µs(n=200000)|90-100%=6.32µs(n=200000),275.06,275.06,61000927,12000108,1000001,11000107,0,0,0,0,0,0,0,0,0,0,0,0.0,0.0,0,0,0,0,10,build_then_reinsert_existing,build_then_reinsert_existing,False,False,False,False,False,False,False,True,,,10000000,2000000,10000000,10000000,10000000,2000000,build_10m_then_reinsert_2m_existing,True,,10M
total_ref_5_avl.csv,total_ref_5_avl,650,current,,avlhashtree,build_25m_then_reinsert_5m_existing,25000000,25000000,5000000,35324680208,7064,0-10%=5.739µs(n=500000)|10-20%=6.638µs(n=500000)|20-30%=6.837µs(n=500000)|30-40%=7.022µs(n=500000)|40-50%=7.144µs(n=500000)|50-60%=7.261µs(n=500000)|60-70%=7.376µs(n=500000)|70-80%=7.47µs(n=500000)|80-90%=7.548µs(n=500000)|90-100%=7.61µs(n=500000),687.84,687.84,152501035,30000209,2500000,27500209,0,0,0,0,0,0,0,0,0,0,0,0.0,0.0,0,0,0,0,10,build_then_reinsert_existing,build_then_reinsert_existing,False,False,False,False,False,False,False,True,,,25000000,5000000,25000000,25000000,25000000,5000000,build_25m_then_reinsert_5m_existing,True,,25M
total_ref_5_smt.csv,total_ref_5_smt,1,current,,smt,insert_only_build_10k,0,10000,10000,23312510,2331,0-10%=1.73µs(n=1000)|10-20%=2.032µs(n=1000)|20-30%=2.076µs(n=1000)|30-40%=2.87µs(n=1000)|40-50%=2.254µs(n=1000)|50-60%=2.394µs(n=1000)|60-70%=2.416µs(n=1000)|70-80%=3.009µs(n=1000)|80-90%=2.288µs(n=1000)|90-100%=2.239µs(n=1000),5.56,6.88,127052,180040,53524,126516,0,0,0,0,0,0,0,0,0,0,0,0.0,0.0,0,0,0,0,1,insert_only_build,insert_only_build,False,False,True,False,False,False,False,False,,,0,10000,10000,10000,10000,,insert_only_build_10k,True,,10K
total_ref_5_smt.csv,total_ref_5_smt,2,current,,smt,insert_only_build_50k,0,50000,50000,134464482,2689,0-10%=2.261µs(n=5000)|10-20%=2.628µs(n=5000)|20-30%=2.578µs(n=5000)|30-40%=2.8µs(n=5000)|40-50%=2.626µs(n=5000)|50-60%=2.751µs(n=5000)|60-70%=2.517µs(n=5000)|70-80%=2.647µs(n=5000)|80-90%=2.981µs(n=5000)|90-100%=3.099µs(n=5000),29.03,34.31,670858,900070,229752,670318,0,0,0,0,0,0,0,0,0,0,0,0.0,0.0,0,0,0,0,1,insert_only_build,insert_only_build,False,False,True,False,False,False,False,False,,,0,50000,50000,50000,50000,,insert_only_build_50k,True,,50K
total_ref_5_smt.csv,total_ref_5_smt,3,current,,smt,insert_only_build_100k,0,100000,100000,286180807,2861,0-10%=2.509µs(n=10000)|10-20%=2.499µs(n=10000)|20-30%=2.619µs(n=10000)|30-40%=2.509µs(n=10000)|40-50%=2.787µs(n=10000)|50-60%=2.911µs(n=10000)|60-70%=2.979µs(n=10000)|70-80%=3.226µs(n=10000)|80-90%=3.263µs(n=10000)|90-100%=3.312µs(n=10000),52.03,68.52,1153420,1800026,647206,1152820,0,0,0,0,0,0,0,0,0,0,0,0.0,0.0,0,0,0,0,1,insert_only_build,insert_only_build,False,False,True,False,False,False,False,False,,,0,100000,100000,100000,100000,,insert_only_build_100k,True,,100K
total_ref_5_smt.csv,total_ref_5_smt,4,current,,smt,insert_only_build_200k,0,200000,200000,661768691,3308,0-10%=2.355µs(n=20000)|10-20%=2.56µs(n=20000)|20-30%=2.714µs(n=20000)|30-40%=2.78µs(n=20000)|40-50%=3.157µs(n=20000)|50-60%=3.372µs(n=20000)|60-70%=3.667µs(n=20000)|70-80%=3.792µs(n=20000)|80-90%=4.245µs(n=20000)|90-100%=4.441µs(n=20000),108.98,137.04,2460723,3600048,1139924,2460124,0,0,0,0,0,0,0,0,0,0,0,0.0,0.0,0,0,0,0,1,insert_only_build,insert_only_build,False,False,True,False,False,False,False,False,,,0,200000,200000,200000,200000,,insert_only_build_200k,True,,200K
total_ref_5_smt.csv,total_ref_5_smt,5,current,,smt,insert_only_build_300k,0,300000,300000,1034132209,3447,0-10%=2.465µs(n=30000)|10-20%=2.731µs(n=30000)|20-30%=2.912µs(n=30000)|30-40%=3.11µs(n=30000)|40-50%=3.177µs(n=30000)|50-60%=3.627µs(n=30000)|60-70%=3.718µs(n=30000)|70-80%=4.016µs(n=30000)|80-90%=4.304µs(n=30000)|90-100%=4.406µs(n=30000),156.96,205.54,3485929,5400043,1914731,3485312,0,0,0,0,0,0,0,0,0,0,0,0.0,0.0,0,0,0,0,1,insert_only_build,insert_only_build,False,False,True,False,False,False,False,False,,,0,300000,300000,300000,300000,,insert_only_build_300k,True,,300K
total_ref_5_smt.csv,total_ref_5_smt,6,current,,smt,insert_only_build_500k,0,500000,500000,2107536016,4215,0-10%=2.47µs(n=50000)|10-20%=3.073µs(n=50000)|20-30%=3.458µs(n=50000)|30-40%=3.664µs(n=50000)|40-50%=3.765µs(n=50000)|50-60%=4.862µs(n=50000)|60-70%=5.295µs(n=50000)|70-80%=5.117µs(n=50000)|80-90%=5.1µs(n=50000)|90-100%=5.341µs(n=50000),261.05,342.56,5791243,9000050,3209432,5790618,0,0,0,0,0,0,0,0,0,0,0,0.0,0.0,0,0,0,0,1,insert_only_build,insert_only_build,False,False,True,False,False,False,False,False,,,0,500000,500000,500000,500000,,insert_only_build_500k,True,,500K
total_ref_5_smt.csv,total_ref_5_smt,7,current,,smt,insert_only_build_700k,0,700000,700000,2977015548,4252,0-10%=2.612µs(n=70000)|10-20%=3.335µs(n=70000)|20-30%=3.822µs(n=70000)|30-40%=3.953µs(n=70000)|40-50%=4.485µs(n=70000)|50-60%=4.313µs(n=70000)|60-70%=4.842µs(n=70000)|70-80%=5.042µs(n=70000)|80-90%=5µs(n=70000)|90-100%=5.121µs(n=70000),395.9,479.55,9068041,12600056,3532644,9067412,0,0,0,0,0,0,0,0,0,0,0,0.0,0.0,0,0,0,0,1,insert_only_build,insert_only_build,False,False,True,False,False,False,False,False,,,0,700000,700000,700000,700000,,insert_only_build_700k,True,,700K
total_ref_5_smt.csv,total_ref_5_smt,8,current,,smt,insert_only_build_900k,0,900000,900000,3894382129,4327,0-10%=2.703µs(n=90000)|10-20%=3.245µs(n=90000)|20-30%=3.794µs(n=90000)|30-40%=4.099µs(n=90000)|40-50%=4.121µs(n=90000)|50-60%=4.931µs(n=90000)|60-70%=4.561µs(n=90000)|70-80%=4.944µs(n=90000)|80-90%=5.391µs(n=90000)|90-100%=5.476µs(n=90000),474.31,616.56,10563416,16200053,5637282,10562771,0,0,0,0,0,0,0,0,0,0,0,0.0,0.0,0,0,0,0,1,insert_only_build,insert_only_build,False,False,True,False,False,False,False,False,,,0,900000,900000,900000,900000,,insert_only_build_900k,True,,900K
total_ref_5_smt.csv,total_ref_5_smt,9,current,,smt,insert_only_build_1m,0,1000000,1000000,4338674567,4338,0-10%=2.699µs(n=100000)|10-20%=3.279µs(n=100000)|20-30%=3.911µs(n=100000)|30-40%=3.982µs(n=100000)|40-50%=4.556µs(n=100000)|50-60%=4.559µs(n=100000)|60-70%=4.473µs(n=100000)|70-80%=5.018µs(n=100000)|80-90%=5.553µs(n=100000)|90-100%=5.353µs(n=100000),542.57,685.07,12227863,18000060,5772839,12227221,0,0,0,0,0,0,0,0,0,0,0,0.0,0.0,0,0,0,0,1,insert_only_build,insert_only_build,False,False,True,False,False,False,False,False,,,0,1000000,1000000,1000000,1000000,,insert_only_build_1m,True,,1M
total_ref_5_smt.csv,total_ref_5_smt,10,current,,smt,insert_only_build_2m,0,2000000,2000000,10271938147,5135,0-10%=3.092µs(n=200000)|10-20%=4.076µs(n=200000)|20-30%=4.652µs(n=200000)|30-40%=4.792µs(n=200000)|40-50%=5.572µs(n=200000)|50-60%=5.568µs(n=200000)|60-70%=5.922µs(n=200000)|70-80%=5.884µs(n=200000)|80-90%=5.854µs(n=200000)|90-100%=5.943µs(n=200000),1123.77,1370.21,25670908,36000084,10329828,25670256,0,0,0,0,0,0,0,0,0,0,0,0.0,0.0,0,0,0,0,1,insert_only_build,insert_only_build,False,False,True,False,False,False,False,False,,,0,2000000,2000000,2000000,2000000,,insert_only_build_2m,True,,2M
total_ref_5_smt.csv,total_ref_5_smt,11,current,,smt,insert_only_build_5m,0,5000000,5000000,30073546570,6014,0-10%=3.761µs(n=500000)|10-20%=4.885µs(n=500000)|20-30%=5.486µs(n=500000)|30-40%=5.668µs(n=500000)|40-50%=6.394µs(n=500000)|50-60%=6.241µs(n=500000)|60-70%=6.604µs(n=500000)|70-80%=7.33µs(n=500000)|80-90%=6.982µs(n=500000)|90-100%=6.791µs(n=500000),2789.26,3425.54,63539229,90000173,26461608,63538565,0,0,0,0,0,0,0,0,0,0,0,0.0,0.0,0,0,0,0,1,insert_only_build,insert_only_build,False,False,True,False,False,False,False,False,,,0,5000000,5000000,5000000,5000000,,insert_only_build_5m,True,,5M
total_ref_5_smt.csv,total_ref_5_smt,12,current,,smt,insert_only_build_10m,0,10000000,10000000,67997348178,6799,0-10%=4.401µs(n=1000000)|10-20%=5.612µs(n=1000000)|20-30%=6.13µs(n=1000000)|30-40%=6.485µs(n=1000000)|40-50%=7.498µs(n=1000000)|50-60%=7.071µs(n=1000000)|60-70%=7.524µs(n=1000000)|70-80%=7.692µs(n=1000000)|80-90%=7.744µs(n=1000000)|90-100%=7.834µs(n=1000000),5588.73,6851.31,127392166,180000318,52608834,127391484,0,0,0,0,0,0,0,0,0,0,0,0.0,0.0,0,0,0,0,1,insert_only_build,insert_only_build,False,False,True,False,False,False,False,False,,,0,10000000,10000000,10000000,10000000,,insert_only_build_10m,True,,10M
total_ref_5_smt.csv,total_ref_5_smt,13,current,,smt,insert_only_build_25m,0,25000000,25000000,202808309053,8112,0-10%=5.26µs(n=2500000)|10-20%=6.609µs(n=2500000)|20-30%=7.374µs(n=2500000)|30-40%=7.839µs(n=2500000)|40-50%=8.43µs(n=2500000)|50-60%=8.528µs(n=2500000)|60-70%=8.663µs(n=2500000)|70-80%=8.885µs(n=2500000)|80-90%=9.847µs(n=2500000)|90-100%=9.683µs(n=2500000),13364.39,17129.47,299281298,450000907,150720298,299280609,0,0,0,0,0,0,0,0,0,0,0,0.0,0.0,0,0,0,0,1,insert_only_build,insert_only_build,False,False,True,False,False,False,False,False,,,0,25000000,25000000,25000000,25000000,,insert_only_build_25m,True,,25M
total_ref_5_smt.csv,total_ref_5_smt,14,current,,smt,prehashed_ordered_insert_only_10k,0,10000,10000,15075195,1507,0-10%=1.134µs(n=1000)|10-20%=1.283µs(n=1000)|20-30%=1.933µs(n=1000)|30-40%=1.484µs(n=1000)|40-50%=1.438µs(n=1000)|50-60%=1.27µs(n=1000)|60-70%=2.189µs(n=1000)|70-80%=1.42µs(n=1000)|80-90%=1.357µs(n=1000)|90-100%=1.562µs(n=1000),4.99,6.73,129852,180022,60873,119149,0,0,0,0,0,0,0,0,0,0,0,0.0,0.0,0,0,0,0,1,insert_only_build,prehashed_ordered_insert_only,True,True,True,False,False,False,False,False,,,0,10000,10000,10000,10000,,prehashed_ordered_insert_only_10k,True,,10K
total_ref_5_smt.csv,total_ref_5_smt,15,current,,smt,prehashed_ordered_insert_only_50k,0,50000,50000,79488148,1589,0-10%=1.439µs(n=5000)|10-20%=1.622µs(n=5000)|20-30%=1.661µs(n=5000)|30-40%=1.683µs(n=5000)|40-50%=1.666µs(n=5000)|50-60%=1.364µs(n=5000)|60-70%=1.831µs(n=5000)|70-80%=1.477µs(n=5000)|80-90%=1.536µs(n=5000)|90-100%=1.615µs(n=5000),28.09,33.57,646478,899990,254154,645836,0,0,0,0,0,0,0,0,0,0,0,0.0,0.0,0,0,0,0,1,insert_only_build,prehashed_ordered_insert_only,True,True,True,False,False,False,False,False,,,0,50000,50000,50000,50000,,prehashed_ordered_insert_only_50k,True,,50K
total_ref_5_smt.csv,total_ref_5_smt,16,current,,smt,prehashed_ordered_insert_only_100k,0,100000,100000,160387107,1603,0-10%=1.645µs(n=10000)|10-20%=1.583µs(n=10000)|20-30%=1.513µs(n=10000)|30-40%=1.709µs(n=10000)|40-50%=1.643µs(n=10000)|50-60%=1.398µs(n=10000)|60-70%=1.734µs(n=10000)|70-80%=1.559µs(n=10000)|80-90%=1.57µs(n=10000)|90-100%=1.678µs(n=10000),49.94,67.18,1286428,1800034,614222,1185812,0,0,0,0,0,0,0,0,0,0,0,0.0,0.0,0,0,0,0,1,insert_only_build,prehashed_ordered_insert_only,True,True,True,False,False,False,False,False,,,0,100000,100000,100000,100000,,prehashed_ordered_insert_only_100k,True,,100K
total_ref_5_smt.csv,total_ref_5_smt,17,current,,smt,prehashed_ordered_insert_only_200k,0,200000,200000,329944637,1649,0-10%=1.449µs(n=20000)|10-20%=1.598µs(n=20000)|20-30%=1.703µs(n=20000)|30-40%=1.605µs(n=20000)|40-50%=1.85µs(n=20000)|50-60%=1.463µs(n=20000)|60-70%=1.553µs(n=20000)|70-80%=1.59µs(n=20000)|80-90%=1.933µs(n=20000)|90-100%=1.749µs(n=20000),94.35,134.32,2391681,3600039,1408975,2191064,0,0,0,0,0,0,0,0,0,0,0,0.0,0.0,0,0,0,0,1,insert_only_build,prehashed_ordered_insert_only,True,True,True,False,False,False,False,False,,,0,200000,200000,200000,200000,,prehashed_ordered_insert_only_200k,True,,200K
total_ref_5_smt.csv,total_ref_5_smt,18,current,,smt,prehashed_ordered_insert_only_300k,0,300000,300000,535208533,1784,0-10%=1.542µs(n=30000)|10-20%=1.612µs(n=30000)|20-30%=1.704µs(n=30000)|30-40%=1.82µs(n=30000)|40-50%=1.898µs(n=30000)|50-60%=1.689µs(n=30000)|60-70%=1.961µs(n=30000)|70-80%=1.786µs(n=30000)|80-90%=1.859µs(n=30000)|90-100%=1.963µs(n=30000),169.09,201.44,3891170,5400005,1509493,3890512,0,0,0,0,0,0,0,0,0,0,0,0.0,0.0,0,0,0,0,1,insert_only_build,prehashed_ordered_insert_only,True,True,True,False,False,False,False,False,,,0,300000,300000,300000,300000,,prehashed_ordered_insert_only_300k,True,,300K
total_ref_5_smt.csv,total_ref_5_smt,19,current,,smt,prehashed_ordered_insert_only_500k,0,500000,500000,932024847,1864,0-10%=1.634µs(n=50000)|10-20%=1.698µs(n=50000)|20-30%=1.907µs(n=50000)|30-40%=1.838µs(n=50000)|40-50%=2.099µs(n=50000)|50-60%=1.683µs(n=50000)|60-70%=1.783µs(n=50000)|70-80%=2.091µs(n=50000)|80-90%=1.82µs(n=50000)|90-100%=2.082µs(n=50000),241.77,335.73,6171915,9000043,3328761,5671282,0,0,0,0,0,0,0,0,0,0,0,0.0,0.0,0,0,0,0,1,insert_only_build,prehashed_ordered_insert_only,True,True,True,False,False,False,False,False,,,0,500000,500000,500000,500000,,prehashed_ordered_insert_only_500k,True,,500K
total_ref_5_smt.csv,total_ref_5_smt,20,current,,smt,prehashed_ordered_insert_only_700k,0,700000,700000,1302285920,1860,0-10%=1.645µs(n=70000)|10-20%=1.702µs(n=70000)|20-30%=1.878µs(n=70000)|30-40%=1.851µs(n=70000)|40-50%=2.112µs(n=70000)|50-60%=1.681µs(n=70000)|60-70%=1.802µs(n=70000)|70-80%=1.831µs(n=70000)|80-90%=2.148µs(n=70000)|90-100%=1.95µs(n=70000),333.35,470.01,8472618,12600042,4828063,7771979,0,0,0,0,0,0,0,0,0,0,0,0.0,0.0,0,0,0,0,1,insert_only_build,prehashed_ordered_insert_only,True,True,True,False,False,False,False,False,,,0,700000,700000,700000,700000,,prehashed_ordered_insert_only_700k,True,,700K
total_ref_5_smt.csv,total_ref_5_smt,21,current,,smt,prehashed_ordered_insert_only_900k,0,900000,900000,1723108213,1914,0-10%=1.667µs(n=90000)|10-20%=1.745µs(n=90000)|20-30%=1.914µs(n=90000)|30-40%=1.926µs(n=90000)|40-50%=2.144µs(n=90000)|50-60%=1.755µs(n=90000)|60-70%=1.835µs(n=90000)|70-80%=2.192µs(n=90000)|80-90%=1.883µs(n=90000)|90-100%=2.082µs(n=90000),441.32,604.28,11310353,16200044,5790332,10409712,0,0,0,0,0,0,0,0,0,0,0,0.0,0.0,0,0,0,0,1,insert_only_build,prehashed_ordered_insert_only,True,True,True,False,False,False,False,False,,,0,900000,900000,900000,900000,,prehashed_ordered_insert_only_900k,True,,900K
total_ref_5_smt.csv,total_ref_5_smt,22,current,,smt,prehashed_ordered_insert_only_1m,0,1000000,1000000,1928388844,1928,0-10%=1.681µs(n=100000)|10-20%=1.744µs(n=100000)|20-30%=1.924µs(n=100000)|30-40%=1.892µs(n=100000)|40-50%=2.139µs(n=100000)|50-60%=1.732µs(n=100000)|60-70%=1.937µs(n=100000)|70-80%=2.154µs(n=100000)|80-90%=1.946µs(n=100000)|90-100%=2.131µs(n=100000),489.41,671.44,12535921,18000046,6464771,11535275,0,0,0,0,0,0,0,0,0,0,0,0.0,0.0,0,0,0,0,1,insert_only_build,prehashed_ordered_insert_only,True,True,True,False,False,False,False,False,,,0,1000000,1000000,1000000,1000000,,prehashed_ordered_insert_only_1m,True,,1M
total_ref_5_smt.csv,total_ref_5_smt,23,current,,smt,prehashed_ordered_insert_only_2m,0,2000000,2000000,3994776513,1997,0-10%=1.797µs(n=200000)|10-20%=1.856µs(n=200000)|20-30%=2.027µs(n=200000)|30-40%=1.925µs(n=200000)|40-50%=2.285µs(n=200000)|50-60%=1.849µs(n=200000)|60-70%=1.912µs(n=200000)|70-80%=2.243µs(n=200000)|80-90%=1.979µs(n=200000)|90-100%=2.097µs(n=200000),982.1,1342.9,25178173,36000055,12822533,23177522,0,0,0,0,0,0,0,0,0,0,0,0.0,0.0,0,0,0,0,1,insert_only_build,prehashed_ordered_insert_only,True,True,True,False,False,False,False,False,,,0,2000000,2000000,2000000,2000000,,prehashed_ordered_insert_only_2m,True,,2M
total_ref_5_smt.csv,total_ref_5_smt,24,current,,smt,prehashed_ordered_insert_only_5m,0,5000000,5000000,10196076604,2039,0-10%=1.818µs(n=500000)|10-20%=1.908µs(n=500000)|20-30%=2.061µs(n=500000)|30-40%=2.006µs(n=500000)|40-50%=2.301µs(n=500000)|50-60%=1.884µs(n=500000)|60-70%=1.935µs(n=500000)|70-80%=1.98µs(n=500000)|80-90%=2.373µs(n=500000)|90-100%=2.122µs(n=500000),2377.87,3357.28,60409283,90000077,34591449,55408628,0,0,0,0,0,0,0,0,0,0,0,0.0,0.0,0,0,0,0,1,insert_only_build,prehashed_ordered_insert_only,True,True,True,False,False,False,False,False,,,0,5000000,5000000,5000000,5000000,,prehashed_ordered_insert_only_5m,True,,5M
total_ref_5_smt.csv,total_ref_5_smt,25,current,,smt,prehashed_ordered_insert_only_10m,0,10000000,10000000,20967544547,2096,0-10%=1.859µs(n=1000000)|10-20%=1.976µs(n=1000000)|20-30%=2.134µs(n=1000000)|30-40%=2.055µs(n=1000000)|40-50%=2.373µs(n=1000000)|50-60%=1.88µs(n=1000000)|60-70%=2.019µs(n=1000000)|70-80%=2.065µs(n=1000000)|80-90%=2.436µs(n=1000000)|90-100%=2.168µs(n=1000000),4758.19,6714.54,120898399,180000117,69102378,110897739,0,0,0,0,0,0,0,0,0,0,0,0.0,0.0,0,0,0,0,1,insert_only_build,prehashed_ordered_insert_only,True,True,True,False,False,False,False,False,,,0,10000000,10000000,10000000,10000000,,prehashed_ordered_insert_only_10m,True,,10M
total_ref_5_smt.csv,total_ref_5_smt,26,current,,smt,prehashed_ordered_insert_only_25m,0,25000000,25000000,58161354591,2326,0-10%=1.949µs(n=2500000)|10-20%=2.067µs(n=2500000)|20-30%=2.247µs(n=2500000)|30-40%=2.142µs(n=2500000)|40-50%=2.418µs(n=2500000)|50-60%=2.182µs(n=2500000)|60-70%=2.462µs(n=2500000)|70-80%=2.723µs(n=2500000)|80-90%=2.363µs(n=2500000)|90-100%=2.705µs(n=2500000),12130.02,16786.19,309933909,450000214,165066979,284933235,0,0,0,0,0,0,0,0,0,0,0,0.0,0.0,0,0,0,0,1,insert_only_build,prehashed_ordered_insert_only,True,True,True,False,False,False,False,False,,,0,25000000,25000000,25000000,25000000,,prehashed_ordered_insert_only_25m,True,,25M
total_ref_5_smt.csv,total_ref_5_smt,27,current,,smt,proof_only_after_10k_build_sample_5pct,10000,10000,0,0,0,,0.0,0.0,0,0,0,0,944915,1889,635,3647,0,0,0,0,0,0,0,0.0,0.0,0,0,0,0,1,proof_only_after_build,proof_only_after_build,False,False,False,True,False,False,False,False,5.0,5.0,10000,0,10000,10000,10000,,proof_only_after_10k_build_sample_5pct,True,,10K
total_ref_5_smt.csv,total_ref_5_smt,28,current,,smt,proof_only_after_50k_build_sample_5pct,50000,50000,0,0,0,,0.0,0.0,0,0,0,0,6142162,2456,722,4256,0,0,0,0,0,0,0,0.0,0.0,0,0,0,0,1,proof_only_after_build,proof_only_after_build,False,False,False,True,False,False,False,False,5.0,5.0,50000,0,50000,50000,50000,,proof_only_after_50k_build_sample_5pct,True,,50K
total_ref_5_smt.csv,total_ref_5_smt,29,current,,smt,proof_only_after_100k_build_sample_5pct,100000,100000,0,0,0,,0.0,0.0,0,0,0,0,12654434,2530,757,4717,0,0,0,0,0,0,0,0.0,0.0,0,0,0,0,1,proof_only_after_build,proof_only_after_build,False,False,False,True,False,False,False,False,5.0,5.0,100000,0,100000,100000,100000,,proof_only_after_100k_build_sample_5pct,True,,100K
total_ref_5_smt.csv,total_ref_5_smt,30,current,,smt,proof_only_after_200k_build_sample_5pct,200000,200000,0,0,0,,0.0,0.0,0,0,0,0,29148346,2914,796,5048,0,0,0,0,0,0,0,0.0,0.0,0,0,0,0,1,proof_only_after_build,proof_only_after_build,False,False,False,True,False,False,False,False,5.0,5.0,200000,0,200000,200000,200000,,proof_only_after_200k_build_sample_5pct,True,,200K
total_ref_5_smt.csv,total_ref_5_smt,31,current,,smt,proof_only_after_300k_build_sample_5pct,300000,300000,0,0,0,,0.0,0.0,0,0,0,0,56396125,3759,819,5548,0,0,0,0,0,0,0,0.0,0.0,0,0,0,0,1,proof_only_after_build,proof_only_after_build,False,False,False,True,False,False,False,False,5.0,5.0,300000,0,300000,300000,300000,,proof_only_after_300k_build_sample_5pct,True,,300K
total_ref_5_smt.csv,total_ref_5_smt,32,current,,smt,proof_only_after_500k_build_sample_5pct,500000,500000,0,0,0,,0.0,0.0,0,0,0,0,100338218,4013,847,5538,0,0,0,0,0,0,0,0.0,0.0,0,0,0,0,1,proof_only_after_build,proof_only_after_build,False,False,False,True,False,False,False,False,5.0,5.0,500000,0,500000,500000,500000,,proof_only_after_500k_build_sample_5pct,True,,500K
total_ref_5_smt.csv,total_ref_5_smt,33,current,,smt,proof_only_after_700k_build_sample_5pct,700000,700000,0,0,0,,0.0,0.0,0,0,0,0,144244034,4121,865,5337,0,0,0,0,0,0,0,0.0,0.0,0,0,0,0,1,proof_only_after_build,proof_only_after_build,False,False,False,True,False,False,False,False,5.0,5.0,700000,0,700000,700000,700000,,proof_only_after_700k_build_sample_5pct,True,,700K
total_ref_5_smt.csv,total_ref_5_smt,34,current,,smt,proof_only_after_900k_build_sample_5pct,900000,900000,0,0,0,,0.0,0.0,0,0,0,0,195806714,4351,879,5740,0,0,0,0,0,0,0,0.0,0.0,0,0,0,0,1,proof_only_after_build,proof_only_after_build,False,False,False,True,False,False,False,False,5.0,5.0,900000,0,900000,900000,900000,,proof_only_after_900k_build_sample_5pct,True,,900K
total_ref_5_smt.csv,total_ref_5_smt,35,current,,smt,proof_only_after_1m_build_sample_5pct,1000000,1000000,0,0,0,,0.0,0.0,0,0,0,0,215870997,4317,885,5814,0,0,0,0,0,0,0,0.0,0.0,0,0,0,0,1,proof_only_after_build,proof_only_after_build,False,False,False,True,False,False,False,False,5.0,5.0,1000000,0,1000000,1000000,1000000,,proof_only_after_1m_build_sample_5pct,True,,1M
total_ref_5_smt.csv,total_ref_5_smt,36,current,,smt,proof_only_after_2m_build_sample_3pct,2000000,2000000,0,0,0,,0.0,0.0,0,0,0,0,255498460,4258,922,5773,0,0,0,0,0,0,0,0.0,0.0,0,0,0,0,1,proof_only_after_build,proof_only_after_build,False,False,False,True,False,False,False,False,3.0,3.0,2000000,0,2000000,2000000,2000000,,proof_only_after_2m_build_sample_3pct,True,,2M
total_ref_5_smt.csv,total_ref_5_smt,37,current,,smt,proof_only_after_5m_build_sample_3pct,5000000,5000000,0,0,0,,0.0,0.0,0,0,0,0,719158928,4794,973,6831,0,0,0,0,0,0,0,0.0,0.0,0,0,0,0,1,proof_only_after_build,proof_only_after_build,False,False,False,True,False,False,False,False,3.0,3.0,5000000,0,5000000,5000000,5000000,,proof_only_after_5m_build_sample_3pct,True,,5M
total_ref_5_smt.csv,total_ref_5_smt,38,current,,smt,proof_only_after_10m_build_sample_2pct,10000000,10000000,0,0,0,,0.0,0.0,0,0,0,0,1036135391,5180,1011,7681,0,0,0,0,0,0,0,0.0,0.0,0,0,0,0,1,proof_only_after_build,proof_only_after_build,False,False,False,True,False,False,False,False,2.0,2.0,10000000,0,10000000,10000000,10000000,,proof_only_after_10m_build_sample_2pct,True,,10M
total_ref_5_smt.csv,total_ref_5_smt,39,current,,smt,proof_only_after_25m_build_sample_2pct,25000000,25000000,0,0,0,,0.0,0.0,0,0,0,0,4745935702,9491,1061,8547,0,0,0,0,0,0,0,0.0,0.0,0,0,0,0,1,proof_only_after_build,proof_only_after_build,False,False,False,True,False,False,False,False,2.0,2.0,25000000,0,25000000,25000000,25000000,,proof_only_after_25m_build_sample_2pct,True,,25M
total_ref_5_smt.csv,total_ref_5_smt,40,current,,smt,build_10k_then_add_2k_new,10000,12000,2000,4825660,2412,0-10%=2.973µs(n=200)|10-20%=2.486µs(n=200)|20-30%=2.272µs(n=200)|30-40%=2.428µs(n=200)|40-50%=2.306µs(n=200)|50-60%=2.241µs(n=200)|60-70%=2.312µs(n=200)|70-80%=2.384µs(n=200)|80-90%=2.509µs(n=200)|90-100%=2.208µs(n=200),1.39,1.39,144216,36038,2552,33486,0,0,0,0,0,0,0,0,0,0,0,0.0,0.0,0,0,0,0,1,build_then_add_new,build_then_add_new,False,False,False,False,False,True,True,False,,,10000,2000,12000,10000,10000,2000,build_10k_then_add_2k_new,True,,10K
total_ref_5_smt.csv,total_ref_5_smt,41,current,,smt,build_50k_then_add_10k_new,50000,60000,10000,32045963,3204,0-10%=3.517µs(n=1000)|10-20%=3.282µs(n=1000)|20-30%=3.203µs(n=1000)|30-40%=3.236µs(n=1000)|40-50%=3.091µs(n=1000)|50-60%=3.257µs(n=1000)|60-70%=3.059µs(n=1000)|70-80%=3.238µs(n=1000)|80-90%=3.095µs(n=1000)|90-100%=3.063µs(n=1000),6.87,6.87,718018,180038,12753,167285,0,0,0,0,0,0,0,0,0,0,0,0.0,0.0,0,0,0,0,1,build_then_add_new,build_then_add_new,False,False,False,False,False,True,True,False,,,50000,10000,60000,50000,50000,10000,build_50k_then_add_10k_new,True,,50K
total_ref_5_smt.csv,total_ref_5_smt,42,current,,smt,build_100k_then_add_20k_new,100000,120000,20000,81964630,4098,0-10%=5.156µs(n=2000)|10-20%=4.574µs(n=2000)|20-30%=4.37µs(n=2000)|30-40%=4.107µs(n=2000)|40-50%=3.905µs(n=2000)|50-60%=3.819µs(n=2000)|60-70%=3.783µs(n=2000)|70-80%=3.781µs(n=2000)|80-90%=3.739µs(n=2000)|90-100%=3.743µs(n=2000),13.72,13.72,1435280,360038,25494,334544,0,0,0,0,0,0,0,0,0,0,0,0.0,0.0,0,0,0,0,1,build_then_add_new,build_then_add_new,False,False,False,False,False,True,True,False,,,100000,20000,120000,100000,100000,20000,build_100k_then_add_20k_new,True,,100K
total_ref_5_smt.csv,total_ref_5_smt,43,current,,smt,build_200k_then_add_40k_new,200000,240000,40000,178657594,4466,0-10%=5.494µs(n=4000)|10-20%=4.911µs(n=4000)|20-30%=4.687µs(n=4000)|30-40%=4.56µs(n=4000)|40-50%=4.465µs(n=4000)|50-60%=4.366µs(n=4000)|60-70%=4.112µs(n=4000)|70-80%=4.027µs(n=4000)|80-90%=4.024µs(n=4000)|90-100%=4.012µs(n=4000),27.43,27.43,2869735,720045,51049,668996,0,0,0,0,0,0,0,0,0,0,0,0.0,0.0,0,0,0,0,1,build_then_add_new,build_then_add_new,False,False,False,False,False,True,True,False,,,200000,40000,240000,200000,200000,40000,build_200k_then_add_40k_new,True,,200K
total_ref_5_smt.csv,total_ref_5_smt,44,current,,smt,build_300k_then_add_60k_new,300000,360000,60000,308489840,5141,0-10%=6.683µs(n=6000)|10-20%=5.862µs(n=6000)|20-30%=5.582µs(n=6000)|30-40%=5.129µs(n=6000)|40-50%=4.817µs(n=6000)|50-60%=4.683µs(n=6000)|60-70%=4.676µs(n=6000)|70-80%=4.633µs(n=6000)|80-90%=4.678µs(n=6000)|90-100%=4.668µs(n=6000),41.13,41.13,4304207,1080049,76595,1003454,0,0,0,0,0,0,0,0,0,0,0,0.0,0.0,0,0,0,0,1,build_then_add_new,build_then_add_new,False,False,False,False,False,True,True,False,,,300000,60000,360000,300000,300000,60000,build_300k_then_add_60k_new,True,,300K
total_ref_5_smt.csv,total_ref_5_smt,45,current,,smt,build_500k_then_add_100k_new,500000,600000,100000,510635045,5106,0-10%=6.233µs(n=10000)|10-20%=5.71µs(n=10000)|20-30%=5.52µs(n=10000)|30-40%=5.22µs(n=10000)|40-50%=4.896µs(n=10000)|50-60%=4.912µs(n=10000)|60-70%=4.691µs(n=10000)|70-80%=4.622µs(n=10000)|80-90%=4.621µs(n=10000)|90-100%=4.632µs(n=10000),68.51,68.51,7172689,1800050,128125,1671925,0,0,0,0,0,0,0,0,0,0,0,0.0,0.0,0,0,0,0,1,build_then_add_new,build_then_add_new,False,False,False,False,False,True,True,False,,,500000,100000,600000,500000,500000,100000,build_500k_then_add_100k_new,True,,500K
total_ref_5_smt.csv,total_ref_5_smt,46,current,,smt,build_700k_then_add_140k_new,700000,840000,140000,787865214,5627,0-10%=6.386µs(n=14000)|10-20%=5.742µs(n=14000)|20-30%=5.6µs(n=14000)|30-40%=5.539µs(n=14000)|40-50%=5.551µs(n=14000)|50-60%=5.398µs(n=14000)|60-70%=5.452µs(n=14000)|70-80%=5.394µs(n=14000)|80-90%=6.024µs(n=14000)|90-100%=5.183µs(n=14000),95.94,95.94,10041980,2520052,178844,2341208,0,0,0,0,0,0,0,0,0,0,0,0.0,0.0,0,0,0,0,1,build_then_add_new,build_then_add_new,False,False,False,False,False,True,True,False,,,700000,140000,840000,700000,700000,140000,build_700k_then_add_140k_new,True,,700K
total_ref_5_smt.csv,total_ref_5_smt,47,current,,smt,build_900k_then_add_180k_new,900000,1080000,180000,1036636401,5759,0-10%=7.396µs(n=18000)|10-20%=6.452µs(n=18000)|20-30%=6.044µs(n=18000)|30-40%=5.881µs(n=18000)|40-50%=5.418µs(n=18000)|50-60%=5.235µs(n=18000)|60-70%=5.311µs(n=18000)|70-80%=5.327µs(n=18000)|80-90%=5.268µs(n=18000)|90-100%=5.255µs(n=18000),123.33,123.33,12910628,3240053,230207,3009846,0,0,0,0,0,0,0,0,0,0,0,0.0,0.0,0,0,0,0,1,build_then_add_new,build_then_add_new,False,False,False,False,False,True,True,False,,,900000,180000,1080000,900000,900000,180000,build_900k_then_add_180k_new,True,,900K
total_ref_5_smt.csv,total_ref_5_smt,48,current,,smt,build_1m_then_add_200k_new,1000000,1200000,200000,1165281770,5826,0-10%=6.83µs(n=20000)|10-20%=6.094µs(n=20000)|20-30%=5.928µs(n=20000)|30-40%=5.903µs(n=20000)|40-50%=5.847µs(n=20000)|50-60%=5.581µs(n=20000)|60-70%=5.411µs(n=20000)|70-80%=5.413µs(n=20000)|80-90%=5.422µs(n=20000)|90-100%=5.828µs(n=20000),137.04,137.04,14345254,3600053,255593,3344460,0,0,0,0,0,0,0,0,0,0,0,0.0,0.0,0,0,0,0,1,build_then_add_new,build_then_add_new,False,False,False,False,False,True,True,False,,,1000000,200000,1200000,1000000,1000000,200000,build_1m_then_add_200k_new,True,,1M
total_ref_5_smt.csv,total_ref_5_smt,49,current,,smt,build_2m_then_add_400k_new,2000000,2400000,400000,2673922265,6684,0-10%=7.224µs(n=40000)|10-20%=6.773µs(n=40000)|20-30%=6.89µs(n=40000)|30-40%=6.618µs(n=40000)|40-50%=6.608µs(n=40000)|50-60%=6.618µs(n=40000)|60-70%=6.773µs(n=40000)|70-80%=6.714µs(n=40000)|80-90%=6.369µs(n=40000)|90-100%=6.255µs(n=40000),274.08,274.08,28689633,7200063,511238,6688825,0,0,0,0,0,0,0,0,0,0,0,0.0,0.0,0,0,0,0,1,build_then_add_new,build_then_add_new,False,False,False,False,False,True,True,False,,,2000000,400000,2400000,2000000,2000000,400000,build_2m_then_add_400k_new,True,,2M
total_ref_5_smt.csv,total_ref_5_smt,50,current,,smt,build_5m_then_add_1m_new,5000000,6000000,1000000,7311195918,7311,0-10%=7.883µs(n=100000)|10-20%=7.48µs(n=100000)|20-30%=7.404µs(n=100000)|30-40%=7.516µs(n=100000)|40-50%=7.365µs(n=100000)|50-60%=7.321µs(n=100000)|60-70%=7.136µs(n=100000)|70-80%=6.983µs(n=100000)|80-90%=7.025µs(n=100000)|90-100%=6.995µs(n=100000),685.2,685.2,71722998,18000082,1277893,16722189,0,0,0,0,0,0,0,0,0,0,0,0.0,0.0,0,0,0,0,1,build_then_add_new,build_then_add_new,False,False,False,False,False,True,True,False,,,5000000,1000000,6000000,5000000,5000000,1000000,build_5m_then_add_1m_new,True,,5M
total_ref_5_smt.csv,total_ref_5_smt,51,current,,smt,build_10m_then_add_2m_new,10000000,12000000,2000000,16665918340,8332,0-10%=8.422µs(n=200000)|10-20%=8.32µs(n=200000)|20-30%=8.375µs(n=200000)|30-40%=8.351µs(n=200000)|40-50%=8.519µs(n=200000)|50-60%=8.383µs(n=200000)|60-70%=8.411µs(n=200000)|70-80%=8.209µs(n=200000)|80-90%=8.131µs(n=200000)|90-100%=8.204µs(n=200000),1370.34,1370.34,143443477,36000120,2557403,33442717,0,0,0,0,0,0,0,0,0,0,0,0.0,0.0,0,0,0,0,1,build_then_add_new,build_then_add_new,False,False,False,False,False,True,True,False,,,10000000,2000000,12000000,10000000,10000000,2000000,build_10m_then_add_2m_new,True,,10M
total_ref_5_smt.csv,total_ref_5_smt,52,current,,smt,build_25m_then_add_5m_new,25000000,30000000,5000000,50873942061,10174,0-10%=10.481µs(n=500000)|10-20%=10.322µs(n=500000)|20-30%=10.423µs(n=500000)|30-40%=10.343µs(n=500000)|40-50%=9.984µs(n=500000)|50-60%=9.865µs(n=500000)|60-70%=10.079µs(n=500000)|70-80%=9.946µs(n=500000)|80-90%=10.17µs(n=500000)|90-100%=10.13µs(n=500000),3426.26,3426.26,358607616,90000276,6393419,83606857,0,0,0,0,0,0,0,0,0,0,0,0.0,0.0,0,0,0,0,1,build_then_add_new,build_then_add_new,False,False,False,False,False,True,True,False,,,25000000,5000000,30000000,25000000,25000000,5000000,build_25m_then_add_5m_new,True,,25M
total_ref_5_smt.csv,total_ref_5_smt,53,current,,smt,build_10k_then_reinsert_2k_existing,10000,10000,2000,4588178,2294,0-10%=2.966µs(n=200)|10-20%=2.28µs(n=200)|20-30%=2.236µs(n=200)|30-40%=2.237µs(n=200)|40-50%=2.348µs(n=200)|50-60%=2.214µs(n=200)|60-70%=2.195µs(n=200)|70-80%=2.115µs(n=200)|80-90%=2.112µs(n=200)|90-100%=2.23µs(n=200),0.27,0.27,119809,10038,1001,9037,0,0,0,0,0,0,0,0,0,0,0,0.0,0.0,0,0,0,0,1,build_then_reinsert_existing,build_then_reinsert_existing,False,False,False,False,False,False,False,True,,,10000,2000,10000,10000,10000,2000,build_10k_then_reinsert_2k_existing,True,,10K
total_ref_5_smt.csv,total_ref_5_smt,54,current,,smt,build_50k_then_reinsert_10k_existing,50000,50000,10000,32530081,3253,0-10%=4.103µs(n=1000)|10-20%=3.347µs(n=1000)|20-30%=3.307µs(n=1000)|30-40%=3.11µs(n=1000)|40-50%=3.295µs(n=1000)|50-60%=3.342µs(n=1000)|60-70%=2.957µs(n=1000)|70-80%=3.093µs(n=1000)|80-90%=2.929µs(n=1000)|90-100%=3.043µs(n=1000),1.31,1.31,595814,50038,5001,45037,0,0,0,0,0,0,0,0,0,0,0,0.0,0.0,0,0,0,0,1,build_then_reinsert_existing,build_then_reinsert_existing,False,False,False,False,False,False,False,True,,,50000,10000,50000,50000,50000,10000,build_50k_then_reinsert_10k_existing,True,,50K
total_ref_5_smt.csv,total_ref_5_smt,55,current,,smt,build_100k_then_reinsert_20k_existing,100000,100000,20000,71940355,3597,0-10%=4.166µs(n=2000)|10-20%=3.874µs(n=2000)|20-30%=3.741µs(n=2000)|30-40%=3.645µs(n=2000)|40-50%=3.607µs(n=2000)|50-60%=3.596µs(n=2000)|60-70%=3.412µs(n=2000)|70-80%=3.317µs(n=2000)|80-90%=3.324µs(n=2000)|90-100%=3.282µs(n=2000),2.61,2.61,1190820,100038,10001,90037,0,0,0,0,0,0,0,0,0,0,0,0.0,0.0,0,0,0,0,1,build_then_reinsert_existing,build_then_reinsert_existing,False,False,False,False,False,False,False,True,,,100000,20000,100000,100000,100000,20000,build_100k_then_reinsert_20k_existing,True,,100K
total_ref_5_smt.csv,total_ref_5_smt,56,current,,smt,build_200k_then_reinsert_40k_existing,200000,200000,40000,158303311,3957,0-10%=4.623µs(n=4000)|10-20%=4.332µs(n=4000)|20-30%=4.066µs(n=4000)|30-40%=3.925µs(n=4000)|40-50%=3.902µs(n=4000)|50-60%=3.841µs(n=4000)|60-70%=3.812µs(n=4000)|70-80%=3.758µs(n=4000)|80-90%=3.681µs(n=4000)|90-100%=3.63µs(n=4000),5.22,5.22,2380836,200045,20001,180044,0,0,0,0,0,0,0,0,0,0,0,0.0,0.0,0,0,0,0,1,build_then_reinsert_existing,build_then_reinsert_existing,False,False,False,False,False,False,False,True,,,200000,40000,200000,200000,200000,40000,build_200k_then_reinsert_40k_existing,True,,200K
total_ref_5_smt.csv,total_ref_5_smt,57,current,,smt,build_300k_then_reinsert_60k_existing,300000,300000,60000,262792047,4379,0-10%=5.316µs(n=6000)|10-20%=4.725µs(n=6000)|20-30%=4.492µs(n=6000)|30-40%=4.379µs(n=6000)|40-50%=4.286µs(n=6000)|50-60%=4.268µs(n=6000)|60-70%=4.156µs(n=6000)|70-80%=4.128µs(n=6000)|80-90%=4.027µs(n=6000)|90-100%=4.017µs(n=6000),7.81,7.81,3570852,300047,30001,270046,0,0,0,0,0,0,0,0,0,0,0,0.0,0.0,0,0,0,0,1,build_then_reinsert_existing,build_then_reinsert_existing,False,False,False,False,False,False,False,True,,,300000,60000,300000,300000,300000,60000,build_300k_then_reinsert_60k_existing,True,,300K
total_ref_5_smt.csv,total_ref_5_smt,58,current,,smt,build_500k_then_reinsert_100k_existing,500000,500000,100000,475804227,4758,0-10%=5.669µs(n=10000)|10-20%=4.961µs(n=10000)|20-30%=4.836µs(n=10000)|30-40%=4.792µs(n=10000)|40-50%=4.709µs(n=10000)|50-60%=4.637µs(n=10000)|60-70%=4.589µs(n=10000)|70-80%=4.443µs(n=10000)|80-90%=4.446µs(n=10000)|90-100%=4.495µs(n=10000),13.01,13.01,5950862,500050,50001,450049,0,0,0,0,0,0,0,0,0,0,0,0.0,0.0,0,0,0,0,1,build_then_reinsert_existing,build_then_reinsert_existing,False,False,False,False,False,False,False,True,,,500000,100000,500000,500000,500000,100000,build_500k_then_reinsert_100k_existing,True,,500K
total_ref_5_smt.csv,total_ref_5_smt,59,current,,smt,build_700k_then_reinsert_140k_existing,700000,700000,140000,720474265,5146,0-10%=5.987µs(n=14000)|10-20%=5.296µs(n=14000)|20-30%=5.111µs(n=14000)|30-40%=4.999µs(n=14000)|40-50%=5.009µs(n=14000)|50-60%=4.977µs(n=14000)|60-70%=5.004µs(n=14000)|70-80%=4.987µs(n=14000)|80-90%=5.078µs(n=14000)|90-100%=5.007µs(n=14000),18.2,18.2,8330872,700052,70001,630051,0,0,0,0,0,0,0,0,0,0,0,0.0,0.0,0,0,0,0,1,build_then_reinsert_existing,build_then_reinsert_existing,False,False,False,False,False,False,False,True,,,700000,140000,700000,700000,700000,140000,build_700k_then_reinsert_140k_existing,True,,700K
total_ref_5_smt.csv,total_ref_5_smt,60,current,,smt,build_900k_then_reinsert_180k_existing,900000,900000,180000,947566326,5264,0-10%=5.93µs(n=18000)|10-20%=5.374µs(n=18000)|20-30%=5.257µs(n=18000)|30-40%=5.558µs(n=18000)|40-50%=5.326µs(n=18000)|50-60%=5.123µs(n=18000)|60-70%=5.069µs(n=18000)|70-80%=5.019µs(n=18000)|80-90%=4.931µs(n=18000)|90-100%=5.051µs(n=18000),23.4,23.4,10710882,900053,90001,810052,0,0,0,0,0,0,0,0,0,0,0,0.0,0.0,0,0,0,0,1,build_then_reinsert_existing,build_then_reinsert_existing,False,False,False,False,False,False,False,True,,,900000,180000,900000,900000,900000,180000,build_900k_then_reinsert_180k_existing,True,,900K
total_ref_5_smt.csv,total_ref_5_smt,61,current,,smt,build_1m_then_reinsert_200k_existing,1000000,1000000,200000,1080187633,5400,0-10%=6.026µs(n=20000)|10-20%=5.453µs(n=20000)|20-30%=5.788µs(n=20000)|30-40%=5.293µs(n=20000)|40-50%=5.265µs(n=20000)|50-60%=5.337µs(n=20000)|60-70%=5.333µs(n=20000)|70-80%=5.208µs(n=20000)|80-90%=5.159µs(n=20000)|90-100%=5.143µs(n=20000),25.99,25.99,11900890,1000053,100001,900052,0,0,0,0,0,0,0,0,0,0,0,0.0,0.0,0,0,0,0,1,build_then_reinsert_existing,build_then_reinsert_existing,False,False,False,False,False,False,False,True,,,1000000,200000,1000000,1000000,1000000,200000,build_1m_then_reinsert_200k_existing,True,,1M
total_ref_5_smt.csv,total_ref_5_smt,62,current,,smt,build_2m_then_reinsert_400k_existing,2000000,2000000,400000,2374369125,5935,0-10%=6.4µs(n=40000)|10-20%=6.001µs(n=40000)|20-30%=5.879µs(n=40000)|30-40%=5.833µs(n=40000)|40-50%=5.86µs(n=40000)|50-60%=5.941µs(n=40000)|60-70%=5.878µs(n=40000)|70-80%=5.862µs(n=40000)|80-90%=5.778µs(n=40000)|90-100%=5.922µs(n=40000),51.98,51.98,23800909,2000062,200000,1800062,0,0,0,0,0,0,0,0,0,0,0,0.0,0.0,0,0,0,0,1,build_then_reinsert_existing,build_then_reinsert_existing,False,False,False,False,False,False,False,True,,,2000000,400000,2000000,2000000,2000000,400000,build_2m_then_reinsert_400k_existing,True,,2M
total_ref_5_smt.csv,total_ref_5_smt,63,current,,smt,build_5m_then_reinsert_1m_existing,5000000,5000000,1000000,6887403096,6887,0-10%=7.062µs(n=100000)|10-20%=6.835µs(n=100000)|20-30%=6.838µs(n=100000)|30-40%=6.845µs(n=100000)|40-50%=6.814µs(n=100000)|50-60%=6.811µs(n=100000)|60-70%=7.078µs(n=100000)|70-80%=7.006µs(n=100000)|80-90%=6.817µs(n=100000)|90-100%=6.764µs(n=100000),129.95,129.95,59500937,5000080,500001,4500079,0,0,0,0,0,0,0,0,0,0,0,0.0,0.0,0,0,0,0,1,build_then_reinsert_existing,build_then_reinsert_existing,False,False,False,False,False,False,False,True,,,5000000,1000000,5000000,5000000,5000000,1000000,build_5m_then_reinsert_1m_existing,True,,5M
total_ref_5_smt.csv,total_ref_5_smt,64,current,,smt,build_10m_then_reinsert_2m_existing,10000000,10000000,2000000,15491804073,7745,0-10%=7.747µs(n=200000)|10-20%=7.712µs(n=200000)|20-30%=7.686µs(n=200000)|30-40%=7.783µs(n=200000)|40-50%=7.82µs(n=200000)|50-60%=7.76µs(n=200000)|60-70%=7.76µs(n=200000)|70-80%=7.861µs(n=200000)|80-90%=7.674µs(n=200000)|90-100%=7.651µs(n=200000),259.92,259.92,119000918,10000115,1000001,9000114,0,0,0,0,0,0,0,0,0,0,0,0.0,0.0,0,0,0,0,1,build_then_reinsert_existing,build_then_reinsert_existing,False,False,False,False,False,False,False,True,,,10000000,2000000,10000000,10000000,10000000,2000000,build_10m_then_reinsert_2m_existing,True,,10M
total_ref_5_smt.csv,total_ref_5_smt,65,current,,smt,build_25m_then_reinsert_5m_existing,25000000,25000000,5000000,46630301042,9326,0-10%=9.43µs(n=500000)|10-20%=9.426µs(n=500000)|20-30%=9.43µs(n=500000)|30-40%=9.365µs(n=500000)|40-50%=9.328µs(n=500000)|50-60%=9.24µs(n=500000)|60-70%=9.223µs(n=500000)|70-80%=9.285µs(n=500000)|80-90%=9.282µs(n=500000)|90-100%=9.246µs(n=500000),650.12,650.12,297501063,25000256,2500001,22500255,0,0,0,0,0,0,0,0,0,0,0,0.0,0.0,0,0,0,0,1,build_then_reinsert_existing,build_then_reinsert_existing,False,False,False,False,False,False,False,True,,,25000000,5000000,25000000,25000000,25000000,5000000,build_25m_then_reinsert_5m_existing,True,,25M
total_ref_5_smt.csv,total_ref_5_smt,66,current,,smt,insert_only_build_10k,0,10000,10000,21926150,2192,0-10%=1.57µs(n=1000)|10-20%=1.858µs(n=1000)|20-30%=1.869µs(n=1000)|30-40%=2.696µs(n=1000)|40-50%=2.075µs(n=1000)|50-60%=2.11µs(n=1000)|60-70%=2.212µs(n=1000)|70-80%=3.061µs(n=1000)|80-90%=2.2µs(n=1000)|90-100%=2.268µs(n=1000),5.57,6.87,127520,180027,53044,126983,0,0,0,0,0,0,0,0,0,0,0,0.0,0.0,0,0,0,0,2,insert_only_build,insert_only_build,False,False,True,False,False,False,False,False,,,0,10000,10000,10000,10000,,insert_only_build_10k,True,,10K
total_ref_5_smt.csv,total_ref_5_smt,67,current,,smt,insert_only_build_50k,0,50000,50000,127716603,2554,0-10%=2.046µs(n=5000)|10-20%=2.361µs(n=5000)|20-30%=2.444µs(n=5000)|30-40%=2.423µs(n=5000)|40-50%=2.629µs(n=5000)|50-60%=2.691µs(n=5000)|60-70%=2.581µs(n=5000)|70-80%=2.63µs(n=5000)|80-90%=2.946µs(n=5000)|90-100%=2.788µs(n=5000),26.2,34.31,581209,900067,319409,580658,0,0,0,0,0,0,0,0,0,0,0,0.0,0.0,0,0,0,0,2,insert_only_build,insert_only_build,False,False,True,False,False,False,False,False,,,0,50000,50000,50000,50000,,insert_only_build_50k,True,,50K
total_ref_5_smt.csv,total_ref_5_smt,68,current,,smt,insert_only_build_100k,0,100000,100000,291916585,2919,0-10%=2.264µs(n=10000)|10-20%=2.523µs(n=10000)|20-30%=2.674µs(n=10000)|30-40%=2.624µs(n=10000)|40-50%=2.792µs(n=10000)|50-60%=3.158µs(n=10000)|60-70%=3.06µs(n=10000)|70-80%=3.145µs(n=10000)|80-90%=3.238µs(n=10000)|90-100%=3.709µs(n=10000),52.14,68.52,1156837,1800029,643795,1156234,0,0,0,0,0,0,0,0,0,0,0,0.0,0.0,0,0,0,0,2,insert_only_build,insert_only_build,False,False,True,False,False,False,False,False,,,0,100000,100000,100000,100000,,insert_only_build_100k,True,,100K
total_ref_5_smt.csv,total_ref_5_smt,69,current,,smt,insert_only_build_200k,0,200000,200000,667231231,3336,0-10%=2.366µs(n=20000)|10-20%=2.742µs(n=20000)|20-30%=2.966µs(n=20000)|30-40%=2.981µs(n=20000)|40-50%=3.331µs(n=20000)|50-60%=3.505µs(n=20000)|60-70%=3.483µs(n=20000)|70-80%=3.904µs(n=20000)|80-90%=4.108µs(n=20000)|90-100%=3.969µs(n=20000),108.28,137.03,2438849,3600039,1161794,2438245,0,0,0,0,0,0,0,0,0,0,0,0.0,0.0,0,0,0,0,2,insert_only_build,insert_only_build,False,False,True,False,False,False,False,False,,,0,200000,200000,200000,200000,,insert_only_build_200k,True,,200K
total_ref_5_smt.csv,total_ref_5_smt,70,current,,smt,insert_only_build_300k,0,300000,300000,1151825228,3839,0-10%=2.409µs(n=30000)|10-20%=2.921µs(n=30000)|20-30%=3.584µs(n=30000)|30-40%=3.867µs(n=30000)|40-50%=3.822µs(n=30000)|50-60%=4.161µs(n=30000)|60-70%=4.156µs(n=30000)|70-80%=4.118µs(n=30000)|80-90%=4.185µs(n=30000)|90-100%=5.166µs(n=30000),155.92,205.56,3452701,5400052,1947957,3452095,0,0,0,0,0,0,0,0,0,0,0,0.0,0.0,0,0,0,0,2,insert_only_build,insert_only_build,False,False,True,False,False,False,False,False,,,0,300000,300000,300000,300000,,insert_only_build_300k,True,,300K
total_ref_5_smt.csv,total_ref_5_smt,71,current,,smt,insert_only_build_500k,0,500000,500000,1982724834,3965,0-10%=2.666µs(n=50000)|10-20%=3.381µs(n=50000)|20-30%=3.559µs(n=50000)|30-40%=3.82µs(n=50000)|40-50%=3.812µs(n=50000)|50-60%=4.792µs(n=50000)|60-70%=4.197µs(n=50000)|70-80%=4.195µs(n=50000)|80-90%=4.215µs(n=50000)|90-100%=5.014µs(n=50000),258.1,342.55,5698735,9000047,3301936,5698111,0,0,0,0,0,0,0,0,0,0,0,0.0,0.0,0,0,0,0,2,insert_only_build,insert_only_build,False,False,True,False,False,False,False,False,,,0,500000,500000,500000,500000,,insert_only_build_500k,True,,500K
total_ref_5_smt.csv,total_ref_5_smt,72,current,,smt,insert_only_build_700k,0,700000,700000,3030749456,4329,0-10%=2.623µs(n=70000)|10-20%=3.113µs(n=70000)|20-30%=3.778µs(n=70000)|30-40%=4.266µs(n=70000)|40-50%=4.283µs(n=70000)|50-60%=4.212µs(n=70000)|60-70%=5.112µs(n=70000)|70-80%=5.409µs(n=70000)|80-90%=5.191µs(n=70000)|90-100%=5.305µs(n=70000),394.51,479.56,9023995,12600044,3576690,9023354,0,0,0,0,0,0,0,0,0,0,0,0.0,0.0,0,0,0,0,2,insert_only_build,insert_only_build,False,False,True,False,False,False,False,False,,,0,700000,700000,700000,700000,,insert_only_build_700k,True,,700K
total_ref_5_smt.csv,total_ref_5_smt,73,current,,smt,insert_only_build_900k,0,900000,900000,4071812249,4524,0-10%=2.959µs(n=90000)|10-20%=4.001µs(n=90000)|20-30%=4.119µs(n=90000)|30-40%=4.395µs(n=90000)|40-50%=4.462µs(n=90000)|50-60%=5.105µs(n=90000)|60-70%=4.669µs(n=90000)|70-80%=4.637µs(n=90000)|80-90%=5.196µs(n=90000)|90-100%=5.695µs(n=90000),472.39,616.58,10502348,16200058,5698348,10501710,0,0,0,0,0,0,0,0,0,0,0,0.0,0.0,0,0,0,0,2,insert_only_build,insert_only_build,False,False,True,False,False,False,False,False,,,0,900000,900000,900000,900000,,insert_only_build_900k,True,,900K
total_ref_5_smt.csv,total_ref_5_smt,74,current,,smt,insert_only_build_1m,0,1000000,1000000,4819285814,4819,0-10%=3.089µs(n=100000)|10-20%=4.186µs(n=100000)|20-30%=4.708µs(n=100000)|30-40%=4.575µs(n=100000)|40-50%=4.959µs(n=100000)|50-60%=4.926µs(n=100000)|60-70%=4.673µs(n=100000)|70-80%=5.016µs(n=100000)|80-90%=6.068µs(n=100000)|90-100%=5.987µs(n=100000),541.76,685.08,12201947,18000060,5798757,12201303,0,0,0,0,0,0,0,0,0,0,0,0.0,0.0,0,0,0,0,2,insert_only_build,insert_only_build,False,False,True,False,False,False,False,False,,,0,1000000,1000000,1000000,1000000,,insert_only_build_1m,True,,1M
total_ref_5_smt.csv,total_ref_5_smt,75,current,,smt,insert_only_build_2m,0,2000000,2000000,10340460440,5170,0-10%=3.693µs(n=200000)|10-20%=4.427µs(n=200000)|20-30%=4.742µs(n=200000)|30-40%=4.864µs(n=200000)|40-50%=5.66µs(n=200000)|50-60%=5.215µs(n=200000)|60-70%=5.516µs(n=200000)|70-80%=6.015µs(n=200000)|80-90%=5.748µs(n=200000)|90-100%=5.817µs(n=200000),1121.36,1370.21,25595118,36000078,10405619,25594459,0,0,0,0,0,0,0,0,0,0,0,0.0,0.0,0,0,0,0,2,insert_only_build,insert_only_build,False,False,True,False,False,False,False,False,,,0,2000000,2000000,2000000,2000000,,insert_only_build_2m,True,,2M
total_ref_5_smt.csv,total_ref_5_smt,76,current,,smt,insert_only_build_5m,0,5000000,5000000,30552628360,6110,0-10%=3.866µs(n=500000)|10-20%=5.011µs(n=500000)|20-30%=5.597µs(n=500000)|30-40%=5.587µs(n=500000)|40-50%=6.344µs(n=500000)|50-60%=6.515µs(n=500000)|60-70%=6.697µs(n=500000)|70-80%=7.308µs(n=500000)|80-90%=7.122µs(n=500000)|90-100%=7.054µs(n=500000),2743.04,3425.55,62080900,90000167,27919928,62080239,0,0,0,0,0,0,0,0,0,0,0,0.0,0.0,0,0,0,0,2,insert_only_build,insert_only_build,False,False,True,False,False,False,False,False,,,0,5000000,5000000,5000000,5000000,,insert_only_build_5m,True,,5M
total_ref_5_smt.csv,total_ref_5_smt,77,current,,smt,insert_only_build_10m,0,10000000,10000000,69747360330,6974,0-10%=4.586µs(n=1000000)|10-20%=5.717µs(n=1000000)|20-30%=6.308µs(n=1000000)|30-40%=6.448µs(n=1000000)|40-50%=7.468µs(n=1000000)|50-60%=7.246µs(n=1000000)|60-70%=7.938µs(n=1000000)|70-80%=7.917µs(n=1000000)|80-90%=7.978µs(n=1000000)|90-100%=8.136µs(n=1000000),5592.6,6851.39,127511915,180000332,52489090,127511242,0,0,0,0,0,0,0,0,0,0,0,0.0,0.0,0,0,0,0,2,insert_only_build,insert_only_build,False,False,True,False,False,False,False,False,,,0,10000000,10000000,10000000,10000000,,insert_only_build_10m,True,,10M
total_ref_5_smt.csv,total_ref_5_smt,78,current,,smt,insert_only_build_25m,0,25000000,25000000,207193269926,8287,0-10%=5.426µs(n=2500000)|10-20%=6.811µs(n=2500000)|20-30%=7.404µs(n=2500000)|30-40%=8.013µs(n=2500000)|40-50%=8.61µs(n=2500000)|50-60%=8.724µs(n=2500000)|60-70%=8.857µs(n=2500000)|70-80%=9.18µs(n=2500000)|80-90%=10.165µs(n=2500000)|90-100%=9.681µs(n=2500000),13460.35,17129.6,302304308,450000929,147697307,302303622,0,0,0,0,0,0,0,0,0,0,0,0.0,0.0,0,0,0,0,2,insert_only_build,insert_only_build,False,False,True,False,False,False,False,False,,,0,25000000,25000000,25000000,25000000,,insert_only_build_25m,True,,25M
total_ref_5_smt.csv,total_ref_5_smt,79,current,,smt,prehashed_ordered_insert_only_10k,0,10000,10000,15280685,1528,0-10%=1.225µs(n=1000)|10-20%=1.316µs(n=1000)|20-30%=1.869µs(n=1000)|30-40%=1.443µs(n=1000)|40-50%=1.416µs(n=1000)|50-60%=1.202µs(n=1000)|60-70%=2.378µs(n=1000)|70-80%=1.421µs(n=1000)|80-90%=1.463µs(n=1000)|90-100%=1.542µs(n=1000),5.0,6.73,130106,180022,60621,119401,0,0,0,0,0,0,0,0,0,0,0,0.0,0.0,0,0,0,0,2,insert_only_build,prehashed_ordered_insert_only,True,True,True,False,False,False,False,False,,,0,10000,10000,10000,10000,,prehashed_ordered_insert_only_10k,True,,10K
total_ref_5_smt.csv,total_ref_5_smt,80,current,,smt,prehashed_ordered_insert_only_50k,0,50000,50000,78948715,1578,0-10%=1.48µs(n=5000)|10-20%=1.624µs(n=5000)|20-30%=1.634µs(n=5000)|30-40%=1.468µs(n=5000)|40-50%=1.854µs(n=5000)|50-60%=1.354µs(n=5000)|60-70%=1.688µs(n=5000)|70-80%=1.524µs(n=5000)|80-90%=1.535µs(n=5000)|90-100%=1.623µs(n=5000),27.81,33.57,637513,899991,263124,636867,0,0,0,0,0,0,0,0,0,0,0,0.0,0.0,0,0,0,0,2,insert_only_build,prehashed_ordered_insert_only,True,True,True,False,False,False,False,False,,,0,50000,50000,50000,50000,,prehashed_ordered_insert_only_50k,True,,50K
total_ref_5_smt.csv,total_ref_5_smt,81,current,,smt,prehashed_ordered_insert_only_100k,0,100000,100000,161363624,1613,0-10%=1.56µs(n=10000)|10-20%=1.512µs(n=10000)|20-30%=1.613µs(n=10000)|30-40%=1.726µs(n=10000)|40-50%=1.663µs(n=10000)|50-60%=1.411µs(n=10000)|60-70%=1.77µs(n=10000)|70-80%=1.588µs(n=10000)|80-90%=1.594µs(n=10000)|90-100%=1.695µs(n=10000),49.86,67.18,1284115,1800032,616537,1183495,0,0,0,0,0,0,0,0,0,0,0,0.0,0.0,0,0,0,0,2,insert_only_build,prehashed_ordered_insert_only,True,True,True,False,False,False,False,False,,,0,100000,100000,100000,100000,,prehashed_ordered_insert_only_100k,True,,100K
total_ref_5_smt.csv,total_ref_5_smt,82,current,,smt,prehashed_ordered_insert_only_200k,0,200000,200000,336845514,1684,0-10%=1.575µs(n=20000)|10-20%=1.62µs(n=20000)|20-30%=1.63µs(n=20000)|30-40%=1.679µs(n=20000)|40-50%=1.712µs(n=20000)|50-60%=1.677µs(n=20000)|60-70%=1.568µs(n=20000)|70-80%=1.604µs(n=20000)|80-90%=1.64µs(n=20000)|90-100%=2.132µs(n=20000),103.17,134.31,2281080,3599999,1319571,2280428,0,0,0,0,0,0,0,0,0,0,0,0.0,0.0,0,0,0,0,2,insert_only_build,prehashed_ordered_insert_only,True,True,True,False,False,False,False,False,,,0,200000,200000,200000,200000,,prehashed_ordered_insert_only_200k,True,,200K
total_ref_5_smt.csv,total_ref_5_smt,83,current,,smt,prehashed_ordered_insert_only_300k,0,300000,300000,515293130,1717,0-10%=1.563µs(n=30000)|10-20%=1.671µs(n=30000)|20-30%=1.66µs(n=30000)|30-40%=1.776µs(n=30000)|40-50%=1.741µs(n=30000)|50-60%=1.488µs(n=30000)|60-70%=1.834µs(n=30000)|70-80%=1.7µs(n=30000)|80-90%=1.815µs(n=30000)|90-100%=1.923µs(n=30000),169.27,201.44,3896967,5400002,1503691,3896311,0,0,0,0,0,0,0,0,0,0,0,0.0,0.0,0,0,0,0,2,insert_only_build,prehashed_ordered_insert_only,True,True,True,False,False,False,False,False,,,0,300000,300000,300000,300000,,prehashed_ordered_insert_only_300k,True,,300K
total_ref_5_smt.csv,total_ref_5_smt,84,current,,smt,prehashed_ordered_insert_only_500k,0,500000,500000,927782974,1855,0-10%=1.627µs(n=50000)|10-20%=1.672µs(n=50000)|20-30%=1.828µs(n=50000)|30-40%=1.817µs(n=50000)|40-50%=2.021µs(n=50000)|50-60%=1.68µs(n=50000)|60-70%=1.779µs(n=50000)|70-80%=2.093µs(n=50000)|80-90%=1.915µs(n=50000)|90-100%=2.118µs(n=50000),243.03,335.73,6213144,9000042,3287526,5712516,0,0,0,0,0,0,0,0,0,0,0,0.0,0.0,0,0,0,0,2,insert_only_build,prehashed_ordered_insert_only,True,True,True,False,False,False,False,False,,,0,500000,500000,500000,500000,,prehashed_ordered_insert_only_500k,True,,500K
total_ref_5_smt.csv,total_ref_5_smt,85,current,,smt,prehashed_ordered_insert_only_700k,0,700000,700000,1309233852,1870,0-10%=1.659µs(n=70000)|10-20%=1.726µs(n=70000)|20-30%=1.926µs(n=70000)|30-40%=1.915µs(n=70000)|40-50%=2.09µs(n=70000)|50-60%=1.704µs(n=70000)|60-70%=1.807µs(n=70000)|70-80%=2.077µs(n=70000)|80-90%=1.847µs(n=70000)|90-100%=1.947µs(n=70000),342.16,470.01,8761374,12600036,4539301,8060735,0,0,0,0,0,0,0,0,0,0,0,0.0,0.0,0,0,0,0,2,insert_only_build,prehashed_ordered_insert_only,True,True,True,False,False,False,False,False,,,0,700000,700000,700000,700000,,prehashed_ordered_insert_only_700k,True,,700K
total_ref_5_smt.csv,total_ref_5_smt,86,current,,smt,prehashed_ordered_insert_only_900k,0,900000,900000,1743064585,1936,0-10%=1.664µs(n=90000)|10-20%=1.799µs(n=90000)|20-30%=1.928µs(n=90000)|30-40%=1.933µs(n=90000)|40-50%=2.255µs(n=90000)|50-60%=1.716µs(n=90000)|60-70%=1.865µs(n=90000)|70-80%=2.188µs(n=90000)|80-90%=1.965µs(n=90000)|90-100%=2.048µs(n=90000),436.8,604.28,11162253,16200043,5938425,10261618,0,0,0,0,0,0,0,0,0,0,0,0.0,0.0,0,0,0,0,2,insert_only_build,prehashed_ordered_insert_only,True,True,True,False,False,False,False,False,,,0,900000,900000,900000,900000,,prehashed_ordered_insert_only_900k,True,,900K
total_ref_5_smt.csv,total_ref_5_smt,87,current,,smt,prehashed_ordered_insert_only_1m,0,1000000,1000000,1909937149,1909,0-10%=1.719µs(n=100000)|10-20%=1.756µs(n=100000)|20-30%=1.944µs(n=100000)|30-40%=1.873µs(n=100000)|40-50%=2.117µs(n=100000)|50-60%=1.775µs(n=100000)|60-70%=1.808µs(n=100000)|70-80%=2.061µs(n=100000)|80-90%=2.013µs(n=100000)|90-100%=2.03µs(n=100000),479.2,671.44,12201344,18000046,6799339,11200707,0,0,0,0,0,0,0,0,0,0,0,0.0,0.0,0,0,0,0,2,insert_only_build,prehashed_ordered_insert_only,True,True,True,False,False,False,False,False,,,0,1000000,1000000,1000000,1000000,,prehashed_ordered_insert_only_1m,True,,1M
total_ref_5_smt.csv,total_ref_5_smt,88,current,,smt,prehashed_ordered_insert_only_2m,0,2000000,2000000,3922606121,1961,0-10%=1.797µs(n=200000)|10-20%=1.831µs(n=200000)|20-30%=1.981µs(n=200000)|30-40%=1.918µs(n=200000)|40-50%=2.214µs(n=200000)|50-60%=1.839µs(n=200000)|60-70%=1.889µs(n=200000)|70-80%=2.19µs(n=200000)|80-90%=1.919µs(n=200000)|90-100%=2.03µs(n=200000),974.87,1342.9,24941472,36000057,13059225,22940832,0,0,0,0,0,0,0,0,0,0,0,0.0,0.0,0,0,0,0,2,insert_only_build,prehashed_ordered_insert_only,True,True,True,False,False,False,False,False,,,0,2000000,2000000,2000000,2000000,,prehashed_ordered_insert_only_2m,True,,2M
total_ref_5_smt.csv,total_ref_5_smt,89,current,,smt,prehashed_ordered_insert_only_5m,0,5000000,5000000,10110664383,2022,0-10%=1.785µs(n=500000)|10-20%=1.859µs(n=500000)|20-30%=2.054µs(n=500000)|30-40%=1.986µs(n=500000)|40-50%=2.323µs(n=500000)|50-60%=1.815µs(n=500000)|60-70%=1.947µs(n=500000)|70-80%=2.277µs(n=500000)|80-90%=2.042µs(n=500000)|90-100%=2.129µs(n=500000),2403.57,3357.29,61251184,90000079,33749540,56250539,0,0,0,0,0,0,0,0,0,0,0,0.0,0.0,0,0,0,0,2,insert_only_build,prehashed_ordered_insert_only,True,True,True,False,False,False,False,False,,,0,5000000,5000000,5000000,5000000,,prehashed_ordered_insert_only_5m,True,,5M
total_ref_5_smt.csv,total_ref_5_smt,90,current,,smt,prehashed_ordered_insert_only_10m,0,10000000,10000000,20878040843,2087,0-10%=1.869µs(n=1000000)|10-20%=1.98µs(n=1000000)|20-30%=2.12µs(n=1000000)|30-40%=2.073µs(n=1000000)|40-50%=2.313µs(n=1000000)|50-60%=1.893µs(n=1000000)|60-70%=2.014µs(n=1000000)|70-80%=2.359µs(n=1000000)|80-90%=2.086µs(n=1000000)|90-100%=2.167µs(n=1000000),4892.15,6714.54,125287879,180000119,64712889,115287230,0,0,0,0,0,0,0,0,0,0,0,0.0,0.0,0,0,0,0,2,insert_only_build,prehashed_ordered_insert_only,True,True,True,False,False,False,False,False,,,0,10000000,10000000,10000000,10000000,,prehashed_ordered_insert_only_10m,True,,10M
total_ref_5_smt.csv,total_ref_5_smt,91,current,,smt,prehashed_ordered_insert_only_25m,0,25000000,25000000,57364682571,2294,0-10%=1.955µs(n=2500000)|10-20%=2.033µs(n=2500000)|20-30%=2.221µs(n=2500000)|30-40%=2.128µs(n=2500000)|40-50%=2.439µs(n=2500000)|50-60%=2.047µs(n=2500000)|60-70%=2.435µs(n=2500000)|70-80%=2.466µs(n=2500000)|80-90%=2.693µs(n=2500000)|90-100%=2.523µs(n=2500000),11865.04,16786.2,301251860,450000220,173749017,276251203,0,0,0,0,0,0,0,0,0,0,0,0.0,0.0,0,0,0,0,2,insert_only_build,prehashed_ordered_insert_only,True,True,True,False,False,False,False,False,,,0,25000000,25000000,25000000,25000000,,prehashed_ordered_insert_only_25m,True,,25M
total_ref_5_smt.csv,total_ref_5_smt,92,current,,smt,proof_only_after_10k_build_sample_5pct,10000,10000,0,0,0,,0.0,0.0,0,0,0,0,571837,1143,632,3060,0,0,0,0,0,0,0,0.0,0.0,0,0,0,0,2,proof_only_after_build,proof_only_after_build,False,False,False,True,False,False,False,False,5.0,5.0,10000,0,10000,10000,10000,,proof_only_after_10k_build_sample_5pct,True,,10K
total_ref_5_smt.csv,total_ref_5_smt,93,current,,smt,proof_only_after_50k_build_sample_5pct,50000,50000,0,0,0,,0.0,0.0,0,0,0,0,3819744,1527,721,3548,0,0,0,0,0,0,0,0.0,0.0,0,0,0,0,2,proof_only_after_build,proof_only_after_build,False,False,False,True,False,False,False,False,5.0,5.0,50000,0,50000,50000,50000,,proof_only_after_50k_build_sample_5pct,True,,50K
total_ref_5_smt.csv,total_ref_5_smt,94,current,,smt,proof_only_after_100k_build_sample_5pct,100000,100000,0,0,0,,0.0,0.0,0,0,0,0,10320355,2064,758,4137,0,0,0,0,0,0,0,0.0,0.0,0,0,0,0,2,proof_only_after_build,proof_only_after_build,False,False,False,True,False,False,False,False,5.0,5.0,100000,0,100000,100000,100000,,proof_only_after_100k_build_sample_5pct,True,,100K
total_ref_5_smt.csv,total_ref_5_smt,95,current,,smt,proof_only_after_200k_build_sample_5pct,200000,200000,0,0,0,,0.0,0.0,0,0,0,0,24287471,2428,797,4591,0,0,0,0,0,0,0,0.0,0.0,0,0,0,0,2,proof_only_after_build,proof_only_after_build,False,False,False,True,False,False,False,False,5.0,5.0,200000,0,200000,200000,200000,,proof_only_after_200k_build_sample_5pct,True,,200K
total_ref_5_smt.csv,total_ref_5_smt,96,current,,smt,proof_only_after_300k_build_sample_5pct,300000,300000,0,0,0,,0.0,0.0,0,0,0,0,48680190,3245,818,4989,0,0,0,0,0,0,0,0.0,0.0,0,0,0,0,2,proof_only_after_build,proof_only_after_build,False,False,False,True,False,False,False,False,5.0,5.0,300000,0,300000,300000,300000,,proof_only_after_300k_build_sample_5pct,True,,300K
total_ref_5_smt.csv,total_ref_5_smt,97,current,,smt,proof_only_after_500k_build_sample_5pct,500000,500000,0,0,0,,0.0,0.0,0,0,0,0,92260117,3690,846,5301,0,0,0,0,0,0,0,0.0,0.0,0,0,0,0,2,proof_only_after_build,proof_only_after_build,False,False,False,True,False,False,False,False,5.0,5.0,500000,0,500000,500000,500000,,proof_only_after_500k_build_sample_5pct,True,,500K
total_ref_5_smt.csv,total_ref_5_smt,98,current,,smt,proof_only_after_700k_build_sample_5pct,700000,700000,0,0,0,,0.0,0.0,0,0,0,0,128452937,3670,865,5036,0,0,0,0,0,0,0,0.0,0.0,0,0,0,0,2,proof_only_after_build,proof_only_after_build,False,False,False,True,False,False,False,False,5.0,5.0,700000,0,700000,700000,700000,,proof_only_after_700k_build_sample_5pct,True,,700K
total_ref_5_smt.csv,total_ref_5_smt,99,current,,smt,proof_only_after_900k_build_sample_5pct,900000,900000,0,0,0,,0.0,0.0,0,0,0,0,175437803,3898,879,5466,0,0,0,0,0,0,0,0.0,0.0,0,0,0,0,2,proof_only_after_build,proof_only_after_build,False,False,False,True,False,False,False,False,5.0,5.0,900000,0,900000,900000,900000,,proof_only_after_900k_build_sample_5pct,True,,900K
total_ref_5_smt.csv,total_ref_5_smt,100,current,,smt,proof_only_after_1m_build_sample_5pct,1000000,1000000,0,0,0,,0.0,0.0,0,0,0,0,196842576,3936,885,5434,0,0,0,0,0,0,0,0.0,0.0,0,0,0,0,2,proof_only_after_build,proof_only_after_build,False,False,False,True,False,False,False,False,5.0,5.0,1000000,0,1000000,1000000,1000000,,proof_only_after_1m_build_sample_5pct,True,,1M
total_ref_5_smt.csv,total_ref_5_smt,101,current,,smt,proof_only_after_2m_build_sample_3pct,2000000,2000000,0,0,0,,0.0,0.0,0,0,0,0,252535480,4208,923,5787,0,0,0,0,0,0,0,0.0,0.0,0,0,0,0,2,proof_only_after_build,proof_only_after_build,False,False,False,True,False,False,False,False,3.0,3.0,2000000,0,2000000,2000000,2000000,,proof_only_after_2m_build_sample_3pct,True,,2M
total_ref_5_smt.csv,total_ref_5_smt,102,current,,smt,proof_only_after_5m_build_sample_3pct,5000000,5000000,0,0,0,,0.0,0.0,0,0,0,0,703223550,4688,973,6513,0,0,0,0,0,0,0,0.0,0.0,0,0,0,0,2,proof_only_after_build,proof_only_after_build,False,False,False,True,False,False,False,False,3.0,3.0,5000000,0,5000000,5000000,5000000,,proof_only_after_5m_build_sample_3pct,True,,5M
total_ref_5_smt.csv,total_ref_5_smt,103,current,,smt,proof_only_after_10m_build_sample_2pct,10000000,10000000,0,0,0,,0.0,0.0,0,0,0,0,1074742598,5373,1011,7489,0,0,0,0,0,0,0,0.0,0.0,0,0,0,0,2,proof_only_after_build,proof_only_after_build,False,False,False,True,False,False,False,False,2.0,2.0,10000000,0,10000000,10000000,10000000,,proof_only_after_10m_build_sample_2pct,True,,10M
total_ref_5_smt.csv,total_ref_5_smt,104,current,,smt,proof_only_after_25m_build_sample_2pct,25000000,25000000,0,0,0,,0.0,0.0,0,0,0,0,4689146448,9378,1061,8648,0,0,0,0,0,0,0,0.0,0.0,0,0,0,0,2,proof_only_after_build,proof_only_after_build,False,False,False,True,False,False,False,False,2.0,2.0,25000000,0,25000000,25000000,25000000,,proof_only_after_25m_build_sample_2pct,True,,25M
total_ref_5_smt.csv,total_ref_5_smt,105,current,,smt,build_10k_then_add_2k_new,10000,12000,2000,4994735,2497,0-10%=2.851µs(n=200)|10-20%=2.27µs(n=200)|20-30%=2.652µs(n=200)|30-40%=2.496µs(n=200)|40-50%=2.541µs(n=200)|50-60%=2.529µs(n=200)|60-70%=2.279µs(n=200)|70-80%=2.621µs(n=200)|80-90%=2.493µs(n=200)|90-100%=2.232µs(n=200),1.39,1.39,144187,36038,2552,33486,0,0,0,0,0,0,0,0,0,0,0,0.0,0.0,0,0,0,0,2,build_then_add_new,build_then_add_new,False,False,False,False,False,True,True,False,,,10000,2000,12000,10000,10000,2000,build_10k_then_add_2k_new,True,,10K
total_ref_5_smt.csv,total_ref_5_smt,106,current,,smt,build_50k_then_add_10k_new,50000,60000,10000,34745843,3474,0-10%=4.137µs(n=1000)|10-20%=3.723µs(n=1000)|20-30%=3.504µs(n=1000)|30-40%=3.487µs(n=1000)|40-50%=3.276µs(n=1000)|50-60%=3.382µs(n=1000)|60-70%=3.333µs(n=1000)|70-80%=3.472µs(n=1000)|80-90%=3.249µs(n=1000)|90-100%=3.178µs(n=1000),6.87,6.87,717993,180038,12753,167285,0,0,0,0,0,0,0,0,0,0,0,0.0,0.0,0,0,0,0,2,build_then_add_new,build_then_add_new,False,False,False,False,False,True,True,False,,,50000,10000,60000,50000,50000,10000,build_50k_then_add_10k_new,True,,50K
total_ref_5_smt.csv,total_ref_5_smt,107,current,,smt,build_100k_then_add_20k_new,100000,120000,20000,73539710,3676,0-10%=4.18µs(n=2000)|10-20%=3.976µs(n=2000)|20-30%=3.919µs(n=2000)|30-40%=3.667µs(n=2000)|40-50%=3.523µs(n=2000)|50-60%=3.521µs(n=2000)|60-70%=3.493µs(n=2000)|70-80%=3.458µs(n=2000)|80-90%=3.509µs(n=2000)|90-100%=3.519µs(n=2000),13.72,13.72,1435258,360038,25494,334544,0,0,0,0,0,0,0,0,0,0,0,0.0,0.0,0,0,0,0,2,build_then_add_new,build_then_add_new,False,False,False,False,False,True,True,False,,,100000,20000,120000,100000,100000,20000,build_100k_then_add_20k_new,True,,100K
total_ref_5_smt.csv,total_ref_5_smt,108,current,,smt,build_200k_then_add_40k_new,200000,240000,40000,180388388,4509,0-10%=5.764µs(n=4000)|10-20%=5.1µs(n=4000)|20-30%=4.883µs(n=4000)|30-40%=4.505µs(n=4000)|40-50%=4.451µs(n=4000)|50-60%=4.307µs(n=4000)|60-70%=4.086µs(n=4000)|70-80%=3.999µs(n=4000)|80-90%=3.995µs(n=4000)|90-100%=4.003µs(n=4000),27.43,27.43,2869718,720045,51050,668995,0,0,0,0,0,0,0,0,0,0,0,0.0,0.0,0,0,0,0,2,build_then_add_new,build_then_add_new,False,False,False,False,False,True,True,False,,,200000,40000,240000,200000,200000,40000,build_200k_then_add_40k_new,True,,200K
total_ref_5_smt.csv,total_ref_5_smt,109,current,,smt,build_300k_then_add_60k_new,300000,360000,60000,281940974,4699,0-10%=5.656µs(n=6000)|10-20%=5.125µs(n=6000)|20-30%=4.978µs(n=6000)|30-40%=4.916µs(n=6000)|40-50%=4.631µs(n=6000)|50-60%=4.404µs(n=6000)|60-70%=4.368µs(n=6000)|70-80%=4.311µs(n=6000)|80-90%=4.3µs(n=6000)|90-100%=4.296µs(n=6000),41.13,41.13,4304186,1080047,76595,1003452,0,0,0,0,0,0,0,0,0,0,0,0.0,0.0,0,0,0,0,2,build_then_add_new,build_then_add_new,False,False,False,False,False,True,True,False,,,300000,60000,360000,300000,300000,60000,build_300k_then_add_60k_new,True,,300K
total_ref_5_smt.csv,total_ref_5_smt,110,current,,smt,build_500k_then_add_100k_new,500000,600000,100000,555598022,5555,0-10%=6.721µs(n=10000)|10-20%=6.079µs(n=10000)|20-30%=5.954µs(n=10000)|30-40%=5.407µs(n=10000)|40-50%=5.251µs(n=10000)|50-60%=5.368µs(n=10000)|60-70%=5.253µs(n=10000)|70-80%=5.228µs(n=10000)|80-90%=5.213µs(n=10000)|90-100%=5.083µs(n=10000),68.51,68.51,7172666,1800050,128125,1671925,0,0,0,0,0,0,0,0,0,0,0,0.0,0.0,0,0,0,0,2,build_then_add_new,build_then_add_new,False,False,False,False,False,True,True,False,,,500000,100000,600000,500000,500000,100000,build_500k_then_add_100k_new,True,,500K
total_ref_5_smt.csv,total_ref_5_smt,111,current,,smt,build_700k_then_add_140k_new,700000,840000,140000,798128488,5700,0-10%=6.412µs(n=14000)|10-20%=5.822µs(n=14000)|20-30%=5.653µs(n=14000)|30-40%=5.587µs(n=14000)|40-50%=5.539µs(n=14000)|50-60%=5.512µs(n=14000)|60-70%=5.494µs(n=14000)|70-80%=5.505µs(n=14000)|80-90%=5.327µs(n=14000)|90-100%=6.152µs(n=14000),95.94,95.94,10041958,2520044,178844,2341200,0,0,0,0,0,0,0,0,0,0,0,0.0,0.0,0,0,0,0,2,build_then_add_new,build_then_add_new,False,False,False,False,False,True,True,False,,,700000,140000,840000,700000,700000,140000,build_700k_then_add_140k_new,True,,700K
total_ref_5_smt.csv,total_ref_5_smt,112,current,,smt,build_900k_then_add_180k_new,900000,1080000,180000,1019494169,5663,0-10%=6.633µs(n=18000)|10-20%=6.076µs(n=18000)|20-30%=6.026µs(n=18000)|30-40%=5.738µs(n=18000)|40-50%=5.374µs(n=18000)|50-60%=5.265µs(n=18000)|60-70%=5.343µs(n=18000)|70-80%=5.383µs(n=18000)|80-90%=5.324µs(n=18000)|90-100%=5.471µs(n=18000),123.33,123.33,12910607,3240053,230207,3009846,0,0,0,0,0,0,0,0,0,0,0,0.0,0.0,0,0,0,0,2,build_then_add_new,build_then_add_new,False,False,False,False,False,True,True,False,,,900000,180000,1080000,900000,900000,180000,build_900k_then_add_180k_new,True,,900K
total_ref_5_smt.csv,total_ref_5_smt,113,current,,smt,build_1m_then_add_200k_new,1000000,1200000,200000,1164069113,5820,0-10%=6.623µs(n=20000)|10-20%=6.147µs(n=20000)|20-30%=6.045µs(n=20000)|30-40%=5.89µs(n=20000)|40-50%=5.841µs(n=20000)|50-60%=5.667µs(n=20000)|60-70%=5.51µs(n=20000)|70-80%=5.423µs(n=20000)|80-90%=5.596µs(n=20000)|90-100%=5.457µs(n=20000),137.04,137.04,14345229,3600053,255593,3344460,0,0,0,0,0,0,0,0,0,0,0,0.0,0.0,0,0,0,0,2,build_then_add_new,build_then_add_new,False,False,False,False,False,True,True,False,,,1000000,200000,1200000,1000000,1000000,200000,build_1m_then_add_200k_new,True,,1M
total_ref_5_smt.csv,total_ref_5_smt,114,current,,smt,build_2m_then_add_400k_new,2000000,2400000,400000,2630604788,6576,0-10%=7.021µs(n=40000)|10-20%=6.663µs(n=40000)|20-30%=6.679µs(n=40000)|30-40%=6.451µs(n=40000)|40-50%=6.381µs(n=40000)|50-60%=6.41µs(n=40000)|60-70%=6.638µs(n=40000)|70-80%=6.683µs(n=40000)|80-90%=6.425µs(n=40000)|90-100%=6.409µs(n=40000),274.08,274.08,28689537,7200063,511239,6688824,0,0,0,0,0,0,0,0,0,0,0,0.0,0.0,0,0,0,0,2,build_then_add_new,build_then_add_new,False,False,False,False,False,True,True,False,,,2000000,400000,2400000,2000000,2000000,400000,build_2m_then_add_400k_new,True,,2M
total_ref_5_smt.csv,total_ref_5_smt,115,current,,smt,build_5m_then_add_1m_new,5000000,6000000,1000000,7425863474,7425,0-10%=7.865µs(n=100000)|10-20%=7.638µs(n=100000)|20-30%=7.544µs(n=100000)|30-40%=7.391µs(n=100000)|40-50%=7.38µs(n=100000)|50-60%=7.379µs(n=100000)|60-70%=7.27µs(n=100000)|70-80%=7.17µs(n=100000)|80-90%=7.308µs(n=100000)|90-100%=7.307µs(n=100000),685.2,685.2,71722910,18000082,1277893,16722189,0,0,0,0,0,0,0,0,0,0,0,0.0,0.0,0,0,0,0,2,build_then_add_new,build_then_add_new,False,False,False,False,False,True,True,False,,,5000000,1000000,6000000,5000000,5000000,1000000,build_5m_then_add_1m_new,True,,5M
total_ref_5_smt.csv,total_ref_5_smt,116,current,,smt,build_10m_then_add_2m_new,10000000,12000000,2000000,16542757881,8271,0-10%=8.575µs(n=200000)|10-20%=8.405µs(n=200000)|20-30%=8.288µs(n=200000)|30-40%=8.22µs(n=200000)|40-50%=8.262µs(n=200000)|50-60%=8.305µs(n=200000)|60-70%=8.329µs(n=200000)|70-80%=8.25µs(n=200000)|80-90%=8.069µs(n=200000)|90-100%=8.006µs(n=200000),1370.35,1370.35,143443452,36000121,2557402,33442719,0,0,0,0,0,0,0,0,0,0,0,0.0,0.0,0,0,0,0,2,build_then_add_new,build_then_add_new,False,False,False,False,False,True,True,False,,,10000000,2000000,12000000,10000000,10000000,2000000,build_10m_then_add_2m_new,True,,10M
total_ref_5_smt.csv,total_ref_5_smt,117,current,,smt,build_25m_then_add_5m_new,25000000,30000000,5000000,51320249375,10264,0-10%=10.686µs(n=500000)|10-20%=10.167µs(n=500000)|20-30%=10.349µs(n=500000)|30-40%=10.237µs(n=500000)|40-50%=10.168µs(n=500000)|50-60%=10.07µs(n=500000)|60-70%=10.197µs(n=500000)|70-80%=10.2µs(n=500000)|80-90%=10.299µs(n=500000)|90-100%=10.262µs(n=500000),3426.29,3426.29,358607595,90000272,6393420,83606852,0,0,0,0,0,0,0,0,0,0,0,0.0,0.0,0,0,0,0,2,build_then_add_new,build_then_add_new,False,False,False,False,False,True,True,False,,,25000000,5000000,30000000,25000000,25000000,5000000,build_25m_then_add_5m_new,True,,25M
total_ref_5_smt.csv,total_ref_5_smt,118,current,,smt,build_10k_then_reinsert_2k_existing,10000,10000,2000,4526454,2263,0-10%=2.865µs(n=200)|10-20%=2.297µs(n=200)|20-30%=2.254µs(n=200)|30-40%=2.307µs(n=200)|40-50%=2.116µs(n=200)|50-60%=2.128µs(n=200)|60-70%=2.111µs(n=200)|70-80%=2.035µs(n=200)|80-90%=2.121µs(n=200)|90-100%=2.39µs(n=200),0.27,0.27,119794,10038,1001,9037,0,0,0,0,0,0,0,0,0,0,0,0.0,0.0,0,0,0,0,2,build_then_reinsert_existing,build_then_reinsert_existing,False,False,False,False,False,False,False,True,,,10000,2000,10000,10000,10000,2000,build_10k_then_reinsert_2k_existing,True,,10K
total_ref_5_smt.csv,total_ref_5_smt,119,current,,smt,build_50k_then_reinsert_10k_existing,50000,50000,10000,29773477,2977,0-10%=3.549µs(n=1000)|10-20%=3.074µs(n=1000)|20-30%=3.024µs(n=1000)|30-40%=3.037µs(n=1000)|40-50%=2.881µs(n=1000)|50-60%=2.968µs(n=1000)|60-70%=2.775µs(n=1000)|70-80%=2.837µs(n=1000)|80-90%=2.837µs(n=1000)|90-100%=2.786µs(n=1000),1.31,1.31,595799,50038,5001,45037,0,0,0,0,0,0,0,0,0,0,0,0.0,0.0,0,0,0,0,2,build_then_reinsert_existing,build_then_reinsert_existing,False,False,False,False,False,False,False,True,,,50000,10000,50000,50000,50000,10000,build_50k_then_reinsert_10k_existing,True,,50K
total_ref_5_smt.csv,total_ref_5_smt,120,current,,smt,build_100k_then_reinsert_20k_existing,100000,100000,20000,71171460,3558,0-10%=4.152µs(n=2000)|10-20%=3.78µs(n=2000)|20-30%=3.656µs(n=2000)|30-40%=3.587µs(n=2000)|40-50%=3.617µs(n=2000)|50-60%=3.523µs(n=2000)|60-70%=3.421µs(n=2000)|70-80%=3.303µs(n=2000)|80-90%=3.281µs(n=2000)|90-100%=3.261µs(n=2000),2.61,2.61,1190811,100038,10001,90037,0,0,0,0,0,0,0,0,0,0,0,0.0,0.0,0,0,0,0,2,build_then_reinsert_existing,build_then_reinsert_existing,False,False,False,False,False,False,False,True,,,100000,20000,100000,100000,100000,20000,build_100k_then_reinsert_20k_existing,True,,100K
total_ref_5_smt.csv,total_ref_5_smt,121,current,,smt,build_200k_then_reinsert_40k_existing,200000,200000,40000,167791784,4194,0-10%=5.098µs(n=4000)|10-20%=4.62µs(n=4000)|20-30%=4.384µs(n=4000)|30-40%=4.202µs(n=4000)|40-50%=4.119µs(n=4000)|50-60%=4.066µs(n=4000)|60-70%=3.974µs(n=4000)|70-80%=3.879µs(n=4000)|80-90%=3.838µs(n=4000)|90-100%=3.762µs(n=4000),5.22,5.22,2380822,200045,20001,180044,0,0,0,0,0,0,0,0,0,0,0,0.0,0.0,0,0,0,0,2,build_then_reinsert_existing,build_then_reinsert_existing,False,False,False,False,False,False,False,True,,,200000,40000,200000,200000,200000,40000,build_200k_then_reinsert_40k_existing,True,,200K
total_ref_5_smt.csv,total_ref_5_smt,122,current,,smt,build_300k_then_reinsert_60k_existing,300000,300000,60000,264253361,4404,0-10%=5.324µs(n=6000)|10-20%=4.699µs(n=6000)|20-30%=4.461µs(n=6000)|30-40%=4.363µs(n=6000)|40-50%=4.279µs(n=6000)|50-60%=4.34µs(n=6000)|60-70%=4.331µs(n=6000)|70-80%=4.17µs(n=6000)|80-90%=4.066µs(n=6000)|90-100%=4.004µs(n=6000),7.81,7.81,3570837,300047,30001,270046,0,0,0,0,0,0,0,0,0,0,0,0.0,0.0,0,0,0,0,2,build_then_reinsert_existing,build_then_reinsert_existing,False,False,False,False,False,False,False,True,,,300000,60000,300000,300000,300000,60000,build_300k_then_reinsert_60k_existing,True,,300K
total_ref_5_smt.csv,total_ref_5_smt,123,current,,smt,build_500k_then_reinsert_100k_existing,500000,500000,100000,487506943,4875,0-10%=5.822µs(n=10000)|10-20%=5.126µs(n=10000)|20-30%=4.926µs(n=10000)|30-40%=4.783µs(n=10000)|40-50%=4.767µs(n=10000)|50-60%=4.909µs(n=10000)|60-70%=4.773µs(n=10000)|70-80%=4.603µs(n=10000)|80-90%=4.543µs(n=10000)|90-100%=4.494µs(n=10000),13.0,13.0,5950846,500049,50001,450048,0,0,0,0,0,0,0,0,0,0,0,0.0,0.0,0,0,0,0,2,build_then_reinsert_existing,build_then_reinsert_existing,False,False,False,False,False,False,False,True,,,500000,100000,500000,500000,500000,100000,build_500k_then_reinsert_100k_existing,True,,500K
total_ref_5_smt.csv,total_ref_5_smt,124,current,,smt,build_700k_then_reinsert_140k_existing,700000,700000,140000,759822164,5427,0-10%=5.794µs(n=14000)|10-20%=5.172µs(n=14000)|20-30%=5.184µs(n=14000)|30-40%=5.072µs(n=14000)|40-50%=5.662µs(n=14000)|50-60%=5.928µs(n=14000)|60-70%=5.648µs(n=14000)|70-80%=5.334µs(n=14000)|80-90%=5.233µs(n=14000)|90-100%=5.24µs(n=14000),18.2,18.2,8330858,700052,70001,630051,0,0,0,0,0,0,0,0,0,0,0,0.0,0.0,0,0,0,0,2,build_then_reinsert_existing,build_then_reinsert_existing,False,False,False,False,False,False,False,True,,,700000,140000,700000,700000,700000,140000,build_700k_then_reinsert_140k_existing,True,,700K
total_ref_5_smt.csv,total_ref_5_smt,125,current,,smt,build_900k_then_reinsert_180k_existing,900000,900000,180000,974764166,5415,0-10%=6.096µs(n=18000)|10-20%=5.527µs(n=18000)|20-30%=5.337µs(n=18000)|30-40%=5.272µs(n=18000)|40-50%=5.827µs(n=18000)|50-60%=5.518µs(n=18000)|60-70%=5.373µs(n=18000)|70-80%=5.216µs(n=18000)|80-90%=5.064µs(n=18000)|90-100%=4.919µs(n=18000),23.4,23.4,10710870,900053,90001,810052,0,0,0,0,0,0,0,0,0,0,0,0.0,0.0,0,0,0,0,2,build_then_reinsert_existing,build_then_reinsert_existing,False,False,False,False,False,False,False,True,,,900000,180000,900000,900000,900000,180000,build_900k_then_reinsert_180k_existing,True,,900K
total_ref_5_smt.csv,total_ref_5_smt,126,current,,smt,build_1m_then_reinsert_200k_existing,1000000,1000000,200000,1109998370,5549,0-10%=6.153µs(n=20000)|10-20%=5.61µs(n=20000)|20-30%=6.009µs(n=20000)|30-40%=5.475µs(n=20000)|40-50%=5.378µs(n=20000)|50-60%=5.418µs(n=20000)|60-70%=5.444µs(n=20000)|70-80%=5.384µs(n=20000)|80-90%=5.332µs(n=20000)|90-100%=5.291µs(n=20000),25.99,25.99,11900816,1000053,100001,900052,0,0,0,0,0,0,0,0,0,0,0,0.0,0.0,0,0,0,0,2,build_then_reinsert_existing,build_then_reinsert_existing,False,False,False,False,False,False,False,True,,,1000000,200000,1000000,1000000,1000000,200000,build_1m_then_reinsert_200k_existing,True,,1M
total_ref_5_smt.csv,total_ref_5_smt,127,current,,smt,build_2m_then_reinsert_400k_existing,2000000,2000000,400000,2404840330,6012,0-10%=6.307µs(n=40000)|10-20%=5.909µs(n=40000)|20-30%=6.127µs(n=40000)|30-40%=6.153µs(n=40000)|40-50%=5.945µs(n=40000)|50-60%=5.852µs(n=40000)|60-70%=6.041µs(n=40000)|70-80%=5.994µs(n=40000)|80-90%=5.899µs(n=40000)|90-100%=5.889µs(n=40000),51.98,51.98,23800833,2000062,200001,1800061,0,0,0,0,0,0,0,0,0,0,0,0.0,0.0,0,0,0,0,2,build_then_reinsert_existing,build_then_reinsert_existing,False,False,False,False,False,False,False,True,,,2000000,400000,2000000,2000000,2000000,400000,build_2m_then_reinsert_400k_existing,True,,2M
total_ref_5_smt.csv,total_ref_5_smt,128,current,,smt,build_5m_then_reinsert_1m_existing,5000000,5000000,1000000,6880638658,6880,0-10%=7.11µs(n=100000)|10-20%=6.852µs(n=100000)|20-30%=6.916µs(n=100000)|30-40%=6.887µs(n=100000)|40-50%=6.829µs(n=100000)|50-60%=6.876µs(n=100000)|60-70%=6.879µs(n=100000)|70-80%=6.881µs(n=100000)|80-90%=6.794µs(n=100000)|90-100%=6.777µs(n=100000),129.95,129.95,59500861,5000080,500001,4500079,0,0,0,0,0,0,0,0,0,0,0,0.0,0.0,0,0,0,0,2,build_then_reinsert_existing,build_then_reinsert_existing,False,False,False,False,False,False,False,True,,,5000000,1000000,5000000,5000000,5000000,1000000,build_5m_then_reinsert_1m_existing,True,,5M
total_ref_5_smt.csv,total_ref_5_smt,129,current,,smt,build_10m_then_reinsert_2m_existing,10000000,10000000,2000000,15552486225,7776,0-10%=7.908µs(n=200000)|10-20%=7.764µs(n=200000)|20-30%=7.897µs(n=200000)|30-40%=7.768µs(n=200000)|40-50%=7.762µs(n=200000)|50-60%=7.686µs(n=200000)|60-70%=7.792µs(n=200000)|70-80%=7.716µs(n=200000)|80-90%=7.709µs(n=200000)|90-100%=7.757µs(n=200000),259.92,259.92,119000908,10000116,1000001,9000115,0,0,0,0,0,0,0,0,0,0,0,0.0,0.0,0,0,0,0,2,build_then_reinsert_existing,build_then_reinsert_existing,False,False,False,False,False,False,False,True,,,10000000,2000000,10000000,10000000,10000000,2000000,build_10m_then_reinsert_2m_existing,True,,10M
total_ref_5_smt.csv,total_ref_5_smt,130,current,,smt,build_25m_then_reinsert_5m_existing,25000000,25000000,5000000,46359436561,9271,0-10%=9.411µs(n=500000)|10-20%=9.287µs(n=500000)|20-30%=9.337µs(n=500000)|30-40%=9.274µs(n=500000)|40-50%=9.255µs(n=500000)|50-60%=9.306µs(n=500000)|60-70%=9.305µs(n=500000)|70-80%=9.184µs(n=500000)|80-90%=9.217µs(n=500000)|90-100%=9.138µs(n=500000),650.13,650.13,297501049,25000257,2500000,22500257,0,0,0,0,0,0,0,0,0,0,0,0.0,0.0,0,0,0,0,2,build_then_reinsert_existing,build_then_reinsert_existing,False,False,False,False,False,False,False,True,,,25000000,5000000,25000000,25000000,25000000,5000000,build_25m_then_reinsert_5m_existing,True,,25M
total_ref_5_smt.csv,total_ref_5_smt,131,current,,smt,insert_only_build_10k,0,10000,10000,24261793,2426,0-10%=1.655µs(n=1000)|10-20%=1.795µs(n=1000)|20-30%=1.905µs(n=1000)|30-40%=2.697µs(n=1000)|40-50%=2.13µs(n=1000)|50-60%=2.245µs(n=1000)|60-70%=2.687µs(n=1000)|70-80%=3.899µs(n=1000)|80-90%=2.631µs(n=1000)|90-100%=2.612µs(n=1000),5.5,6.89,124774,180050,55809,124241,0,0,0,0,0,0,0,0,0,0,0,0.0,0.0,0,0,0,0,3,insert_only_build,insert_only_build,False,False,True,False,False,False,False,False,,,0,10000,10000,10000,10000,,insert_only_build_10k,True,,10K
total_ref_5_smt.csv,total_ref_5_smt,132,current,,smt,insert_only_build_50k,0,50000,50000,132361328,2647,0-10%=2.111µs(n=5000)|10-20%=2.429µs(n=5000)|20-30%=2.614µs(n=5000)|30-40%=2.569µs(n=5000)|40-50%=2.663µs(n=5000)|50-60%=2.872µs(n=5000)|60-70%=2.65µs(n=5000)|70-80%=2.666µs(n=5000)|80-90%=2.746µs(n=5000)|90-100%=3.148µs(n=5000),25.36,34.3,555177,900054,345444,554610,0,0,0,0,0,0,0,0,0,0,0,0.0,0.0,0,0,0,0,3,insert_only_build,insert_only_build,False,False,True,False,False,False,False,False,,,0,50000,50000,50000,50000,,insert_only_build_50k,True,,50K
total_ref_5_smt.csv,total_ref_5_smt,133,current,,smt,insert_only_build_100k,0,100000,100000,288179895,2881,0-10%=2.229µs(n=10000)|10-20%=2.517µs(n=10000)|20-30%=2.611µs(n=10000)|30-40%=2.747µs(n=10000)|40-50%=2.904µs(n=10000)|50-60%=3.105µs(n=10000)|60-70%=2.947µs(n=10000)|70-80%=2.998µs(n=10000)|80-90%=3.249µs(n=10000)|90-100%=3.508µs(n=10000),52.23,68.52,1159448,1800039,641188,1158851,0,0,0,0,0,0,0,0,0,0,0,0.0,0.0,0,0,0,0,3,insert_only_build,insert_only_build,False,False,True,False,False,False,False,False,,,0,100000,100000,100000,100000,,insert_only_build_100k,True,,100K
total_ref_5_smt.csv,total_ref_5_smt,134,current,,smt,insert_only_build_200k,0,200000,200000,648836009,3244,0-10%=2.41µs(n=20000)|10-20%=2.625µs(n=20000)|20-30%=2.846µs(n=20000)|30-40%=2.938µs(n=20000)|40-50%=3.344µs(n=20000)|50-60%=3.348µs(n=20000)|60-70%=3.386µs(n=20000)|70-80%=3.705µs(n=20000)|80-90%=4.008µs(n=20000)|90-100%=3.827µs(n=20000),108.34,137.03,2440946,3600039,1159700,2440339,0,0,0,0,0,0,0,0,0,0,0,0.0,0.0,0,0,0,0,3,insert_only_build,insert_only_build,False,False,True,False,False,False,False,False,,,0,200000,200000,200000,200000,,insert_only_build_200k,True,,200K
total_ref_5_smt.csv,total_ref_5_smt,135,current,,smt,insert_only_build_300k,0,300000,300000,1031558477,3438,0-10%=2.381µs(n=30000)|10-20%=2.912µs(n=30000)|20-30%=3.37µs(n=30000)|30-40%=3.487µs(n=30000)|40-50%=3.275µs(n=30000)|50-60%=3.597µs(n=30000)|60-70%=3.403µs(n=30000)|70-80%=3.562µs(n=30000)|80-90%=4.031µs(n=30000)|90-100%=4.363µs(n=30000),158.75,205.55,3542022,5400052,1858645,3541407,0,0,0,0,0,0,0,0,0,0,0,0.0,0.0,0,0,0,0,3,insert_only_build,insert_only_build,False,False,True,False,False,False,False,False,,,0,300000,300000,300000,300000,,insert_only_build_300k,True,,300K
total_ref_5_smt.csv,total_ref_5_smt,136,current,,smt,insert_only_build_500k,0,500000,500000,2164830822,4329,0-10%=2.614µs(n=50000)|10-20%=3.145µs(n=50000)|20-30%=3.578µs(n=50000)|30-40%=4.348µs(n=50000)|40-50%=4.109µs(n=50000)|50-60%=5.106µs(n=50000)|60-70%=5.444µs(n=50000)|70-80%=4.644µs(n=50000)|80-90%=4.659µs(n=50000)|90-100%=5.645µs(n=50000),259.33,342.56,5737233,9000052,3263451,5736601,0,0,0,0,0,0,0,0,0,0,0,0.0,0.0,0,0,0,0,3,insert_only_build,insert_only_build,False,False,True,False,False,False,False,False,,,0,500000,500000,500000,500000,,insert_only_build_500k,True,,500K
total_ref_5_smt.csv,total_ref_5_smt,137,current,,smt,insert_only_build_700k,0,700000,700000,3162557757,4517,0-10%=2.918µs(n=70000)|10-20%=3.701µs(n=70000)|20-30%=4.105µs(n=70000)|30-40%=4.308µs(n=70000)|40-50%=4.286µs(n=70000)|50-60%=4.848µs(n=70000)|60-70%=5.249µs(n=70000)|70-80%=5.483µs(n=70000)|80-90%=5.204µs(n=70000)|90-100%=5.073µs(n=70000),396.09,479.56,9073821,12600052,3526868,9073184,0,0,0,0,0,0,0,0,0,0,0,0.0,0.0,0,0,0,0,3,insert_only_build,insert_only_build,False,False,True,False,False,False,False,False,,,0,700000,700000,700000,700000,,insert_only_build_700k,True,,700K
total_ref_5_smt.csv,total_ref_5_smt,138,current,,smt,insert_only_build_900k,0,900000,900000,3980822009,4423,0-10%=2.611µs(n=90000)|10-20%=3.309µs(n=90000)|20-30%=3.691µs(n=90000)|30-40%=4.154µs(n=90000)|40-50%=4.091µs(n=90000)|50-60%=5.522µs(n=90000)|60-70%=5.114µs(n=90000)|70-80%=5.186µs(n=90000)|80-90%=5.055µs(n=90000)|90-100%=5.495µs(n=90000),471.25,616.56,10467031,16200059,5733676,10466383,0,0,0,0,0,0,0,0,0,0,0,0.0,0.0,0,0,0,0,3,insert_only_build,insert_only_build,False,False,True,False,False,False,False,False,,,0,900000,900000,900000,900000,,insert_only_build_900k,True,,900K
total_ref_5_smt.csv,total_ref_5_smt,139,current,,smt,insert_only_build_1m,0,1000000,1000000,4500601423,4500,0-10%=2.715µs(n=100000)|10-20%=3.557µs(n=100000)|20-30%=3.966µs(n=100000)|30-40%=4.07µs(n=100000)|40-50%=4.652µs(n=100000)|50-60%=4.619µs(n=100000)|60-70%=5.005µs(n=100000)|70-80%=5.277µs(n=100000)|80-90%=6.034µs(n=100000)|90-100%=5.106µs(n=100000),539.38,685.08,12126791,18000060,5873922,12126138,0,0,0,0,0,0,0,0,0,0,0,0.0,0.0,0,0,0,0,3,insert_only_build,insert_only_build,False,False,True,False,False,False,False,False,,,0,1000000,1000000,1000000,1000000,,insert_only_build_1m,True,,1M
total_ref_5_smt.csv,total_ref_5_smt,140,current,,smt,insert_only_build_2m,0,2000000,2000000,10379325299,5189,0-10%=3.098µs(n=200000)|10-20%=4.064µs(n=200000)|20-30%=4.756µs(n=200000)|30-40%=4.754µs(n=200000)|40-50%=6.02µs(n=200000)|50-60%=5.222µs(n=200000)|60-70%=5.438µs(n=200000)|70-80%=6.238µs(n=200000)|80-90%=6.03µs(n=200000)|90-100%=6.272µs(n=200000),1120.7,1370.22,25574094,36000090,10426663,25573427,0,0,0,0,0,0,0,0,0,0,0,0.0,0.0,0,0,0,0,3,insert_only_build,insert_only_build,False,False,True,False,False,False,False,False,,,0,2000000,2000000,2000000,2000000,,insert_only_build_2m,True,,2M
total_ref_5_smt.csv,total_ref_5_smt,141,current,,smt,insert_only_build_5m,0,5000000,5000000,30922263615,6184,0-10%=4.672µs(n=500000)|10-20%=5.233µs(n=500000)|20-30%=5.53µs(n=500000)|30-40%=5.96µs(n=500000)|40-50%=6.356µs(n=500000)|50-60%=6.401µs(n=500000)|60-70%=6.602µs(n=500000)|70-80%=6.639µs(n=500000)|80-90%=7.297µs(n=500000)|90-100%=7.15µs(n=500000),2686.72,3425.57,60303427,90000168,29697421,60302747,0,0,0,0,0,0,0,0,0,0,0,0.0,0.0,0,0,0,0,3,insert_only_build,insert_only_build,False,False,True,False,False,False,False,False,,,0,5000000,5000000,5000000,5000000,,insert_only_build_5m,True,,5M
total_ref_5_smt.csv,total_ref_5_smt,142,current,,smt,insert_only_build_10m,0,10000000,10000000,67712969971,6771,0-10%=4.43µs(n=1000000)|10-20%=5.537µs(n=1000000)|20-30%=6.175µs(n=1000000)|30-40%=6.315µs(n=1000000)|40-50%=7.198µs(n=1000000)|50-60%=7.176µs(n=1000000)|60-70%=7.709µs(n=1000000)|70-80%=7.64µs(n=1000000)|80-90%=7.639µs(n=1000000)|90-100%=7.889µs(n=1000000),5594.25,6851.35,127565085,180000328,52435926,127564402,0,0,0,0,0,0,0,0,0,0,0,0.0,0.0,0,0,0,0,3,insert_only_build,insert_only_build,False,False,True,False,False,False,False,False,,,0,10000000,10000000,10000000,10000000,,insert_only_build_10m,True,,10M
total_ref_5_smt.csv,total_ref_5_smt,143,current,,smt,insert_only_build_25m,0,25000000,25000000,203775857412,8151,0-10%=5.302µs(n=2500000)|10-20%=6.623µs(n=2500000)|20-30%=7.408µs(n=2500000)|30-40%=7.877µs(n=2500000)|40-50%=8.426µs(n=2500000)|50-60%=8.587µs(n=2500000)|60-70%=8.768µs(n=2500000)|70-80%=8.977µs(n=2500000)|80-90%=9.943µs(n=2500000)|90-100%=9.596µs(n=2500000),13410.97,17129.58,300746949,450000925,149254676,300746249,0,0,0,0,0,0,0,0,0,0,0,0.0,0.0,0,0,0,0,3,insert_only_build,insert_only_build,False,False,True,False,False,False,False,False,,,0,25000000,25000000,25000000,25000000,,insert_only_build_25m,True,,25M
total_ref_5_smt.csv,total_ref_5_smt,144,current,,smt,prehashed_ordered_insert_only_10k,0,10000,10000,14714423,1471,0-10%=1.16µs(n=1000)|10-20%=1.228µs(n=1000)|20-30%=1.921µs(n=1000)|30-40%=1.442µs(n=1000)|40-50%=1.387µs(n=1000)|50-60%=1.167µs(n=1000)|60-70%=2.099µs(n=1000)|70-80%=1.39µs(n=1000)|80-90%=1.422µs(n=1000)|90-100%=1.491µs(n=1000),4.99,6.73,129877,180021,60864,119157,0,0,0,0,0,0,0,0,0,0,0,0.0,0.0,0,0,0,0,3,insert_only_build,prehashed_ordered_insert_only,True,True,True,False,False,False,False,False,,,0,10000,10000,10000,10000,,prehashed_ordered_insert_only_10k,True,,10K
total_ref_5_smt.csv,total_ref_5_smt,145,current,,smt,prehashed_ordered_insert_only_50k,0,50000,50000,77565614,1551,0-10%=1.439µs(n=5000)|10-20%=1.595µs(n=5000)|20-30%=1.61µs(n=5000)|30-40%=1.638µs(n=5000)|40-50%=1.583µs(n=5000)|50-60%=1.328µs(n=5000)|60-70%=1.762µs(n=5000)|70-80%=1.454µs(n=5000)|80-90%=1.5µs(n=5000)|90-100%=1.599µs(n=5000),28.2,33.59,649850,900018,250801,649217,0,0,0,0,0,0,0,0,0,0,0,0.0,0.0,0,0,0,0,3,insert_only_build,prehashed_ordered_insert_only,True,True,True,False,False,False,False,False,,,0,50000,50000,50000,50000,,prehashed_ordered_insert_only_50k,True,,50K
total_ref_5_smt.csv,total_ref_5_smt,146,current,,smt,prehashed_ordered_insert_only_100k,0,100000,100000,158491519,1584,0-10%=1.503µs(n=10000)|10-20%=1.555µs(n=10000)|20-30%=1.614µs(n=10000)|30-40%=1.673µs(n=10000)|40-50%=1.633µs(n=10000)|50-60%=1.388µs(n=10000)|60-70%=1.711µs(n=10000)|70-80%=1.549µs(n=10000)|80-90%=1.558µs(n=10000)|90-100%=1.66µs(n=10000),55.75,67.16,1277285,1799994,523370,1276624,0,0,0,0,0,0,0,0,0,0,0,0.0,0.0,0,0,0,0,3,insert_only_build,prehashed_ordered_insert_only,True,True,True,False,False,False,False,False,,,0,100000,100000,100000,100000,,prehashed_ordered_insert_only_100k,True,,100K
total_ref_5_smt.csv,total_ref_5_smt,147,current,,smt,prehashed_ordered_insert_only_200k,0,200000,200000,329080167,1645,0-10%=1.44µs(n=20000)|10-20%=1.579µs(n=20000)|20-30%=1.658µs(n=20000)|30-40%=1.628µs(n=20000)|40-50%=1.853µs(n=20000)|50-60%=1.443µs(n=20000)|60-70%=1.536µs(n=20000)|70-80%=1.805µs(n=20000)|80-90%=1.738µs(n=20000)|90-100%=1.769µs(n=20000),96.01,134.32,2446076,3600038,1354595,2245443,0,0,0,0,0,0,0,0,0,0,0,0.0,0.0,0,0,0,0,3,insert_only_build,prehashed_ordered_insert_only,True,True,True,False,False,False,False,False,,,0,200000,200000,200000,200000,,prehashed_ordered_insert_only_200k,True,,200K
total_ref_5_smt.csv,total_ref_5_smt,148,current,,smt,prehashed_ordered_insert_only_300k,0,300000,300000,516363642,1721,0-10%=1.533µs(n=30000)|10-20%=1.602µs(n=30000)|20-30%=1.653µs(n=30000)|30-40%=1.744µs(n=30000)|40-50%=1.811µs(n=30000)|50-60%=1.62µs(n=30000)|60-70%=1.884µs(n=30000)|70-80%=1.706µs(n=30000)|80-90%=1.779µs(n=30000)|90-100%=1.877µs(n=30000),169.33,201.44,3898972,5400005,1501703,3898302,0,0,0,0,0,0,0,0,0,0,0,0.0,0.0,0,0,0,0,3,insert_only_build,prehashed_ordered_insert_only,True,True,True,False,False,False,False,False,,,0,300000,300000,300000,300000,,prehashed_ordered_insert_only_300k,True,,300K
total_ref_5_smt.csv,total_ref_5_smt,149,current,,smt,prehashed_ordered_insert_only_500k,0,500000,500000,909393231,1818,0-10%=1.632µs(n=50000)|10-20%=1.647µs(n=50000)|20-30%=1.815µs(n=50000)|30-40%=1.782µs(n=50000)|40-50%=2.032µs(n=50000)|50-60%=1.624µs(n=50000)|60-70%=1.742µs(n=50000)|70-80%=1.776µs(n=50000)|80-90%=2.101µs(n=50000)|90-100%=2.031µs(n=50000),237.61,335.73,6035628,9000043,3465061,5534982,0,0,0,0,0,0,0,0,0,0,0,0.0,0.0,0,0,0,0,3,insert_only_build,prehashed_ordered_insert_only,True,True,True,False,False,False,False,False,,,0,500000,500000,500000,500000,,prehashed_ordered_insert_only_500k,True,,500K
total_ref_5_smt.csv,total_ref_5_smt,150,current,,smt,prehashed_ordered_insert_only_700k,0,700000,700000,1284643728,1835,0-10%=1.629µs(n=70000)|10-20%=1.694µs(n=70000)|20-30%=1.89µs(n=70000)|30-40%=1.872µs(n=70000)|40-50%=2.047µs(n=70000)|50-60%=1.667µs(n=70000)|60-70%=1.776µs(n=70000)|70-80%=2.059µs(n=70000)|80-90%=1.8µs(n=70000)|90-100%=1.914µs(n=70000),338.27,470.01,8633987,12600038,4666711,7933327,0,0,0,0,0,0,0,0,0,0,0,0.0,0.0,0,0,0,0,3,insert_only_build,prehashed_ordered_insert_only,True,True,True,False,False,False,False,False,,,0,700000,700000,700000,700000,,prehashed_ordered_insert_only_700k,True,,700K
total_ref_5_smt.csv,total_ref_5_smt,151,current,,smt,prehashed_ordered_insert_only_900k,0,900000,900000,1675126694,1861,0-10%=1.701µs(n=90000)|10-20%=1.693µs(n=90000)|20-30%=1.913µs(n=90000)|30-40%=1.83µs(n=90000)|40-50%=2.067µs(n=90000)|50-60%=1.705µs(n=90000)|60-70%=1.797µs(n=90000)|70-80%=2.1µs(n=90000)|80-90%=1.816µs(n=90000)|90-100%=1.985µs(n=90000),435.74,604.28,11127716,16200038,5972990,10227048,0,0,0,0,0,0,0,0,0,0,0,0.0,0.0,0,0,0,0,3,insert_only_build,prehashed_ordered_insert_only,True,True,True,False,False,False,False,False,,,0,900000,900000,900000,900000,,prehashed_ordered_insert_only_900k,True,,900K
total_ref_5_smt.csv,total_ref_5_smt,152,current,,smt,prehashed_ordered_insert_only_1m,0,1000000,1000000,1894496582,1894,0-10%=1.637µs(n=100000)|10-20%=1.749µs(n=100000)|20-30%=1.921µs(n=100000)|30-40%=1.912µs(n=100000)|40-50%=2.104µs(n=100000)|50-60%=1.759µs(n=100000)|60-70%=1.848µs(n=100000)|70-80%=2.185µs(n=100000)|80-90%=1.852µs(n=100000)|90-100%=1.973µs(n=100000),489.72,671.43,12546362,18000044,6454349,11545695,0,0,0,0,0,0,0,0,0,0,0,0.0,0.0,0,0,0,0,3,insert_only_build,prehashed_ordered_insert_only,True,True,True,False,False,False,False,False,,,0,1000000,1000000,1000000,1000000,,prehashed_ordered_insert_only_1m,True,,1M
total_ref_5_smt.csv,total_ref_5_smt,153,current,,smt,prehashed_ordered_insert_only_2m,0,2000000,2000000,3822812554,1911,0-10%=1.742µs(n=200000)|10-20%=1.801µs(n=200000)|20-30%=1.939µs(n=200000)|30-40%=1.88µs(n=200000)|40-50%=2.129µs(n=200000)|50-60%=1.73µs(n=200000)|60-70%=1.869µs(n=200000)|70-80%=2.13µs(n=200000)|80-90%=1.883µs(n=200000)|90-100%=2.005µs(n=200000),977.83,1342.88,25039185,36000046,12961540,23038506,0,0,0,0,0,0,0,0,0,0,0,0.0,0.0,0,0,0,0,3,insert_only_build,prehashed_ordered_insert_only,True,True,True,False,False,False,False,False,,,0,2000000,2000000,2000000,2000000,,prehashed_ordered_insert_only_2m,True,,2M
total_ref_5_smt.csv,total_ref_5_smt,154,current,,smt,prehashed_ordered_insert_only_5m,0,5000000,5000000,10041754246,2008,0-10%=1.809µs(n=500000)|10-20%=1.879µs(n=500000)|20-30%=2.063µs(n=500000)|30-40%=1.984µs(n=500000)|40-50%=2.275µs(n=500000)|50-60%=1.801µs(n=500000)|60-70%=1.923µs(n=500000)|70-80%=2.247µs(n=500000)|80-90%=2.015µs(n=500000)|90-100%=2.082µs(n=500000),2449.13,3357.28,62744076,90000077,32256676,57743401,0,0,0,0,0,0,0,0,0,0,0,0.0,0.0,0,0,0,0,3,insert_only_build,prehashed_ordered_insert_only,True,True,True,False,False,False,False,False,,,0,5000000,5000000,5000000,5000000,,prehashed_ordered_insert_only_5m,True,,5M
total_ref_5_smt.csv,total_ref_5_smt,155,current,,smt,prehashed_ordered_insert_only_10m,0,10000000,10000000,20634700400,2063,0-10%=1.822µs(n=1000000)|10-20%=1.923µs(n=1000000)|20-30%=2.088µs(n=1000000)|30-40%=2.008µs(n=1000000)|40-50%=2.34µs(n=1000000)|50-60%=1.845µs(n=1000000)|60-70%=1.996µs(n=1000000)|70-80%=2.253µs(n=1000000)|80-90%=2.162µs(n=1000000)|90-100%=2.195µs(n=1000000),4789.95,6714.54,121939027,180000116,68061767,111938349,0,0,0,0,0,0,0,0,0,0,0,0.0,0.0,0,0,0,0,3,insert_only_build,prehashed_ordered_insert_only,True,True,True,False,False,False,False,False,,,0,10000000,10000000,10000000,10000000,,prehashed_ordered_insert_only_10m,True,,10M
total_ref_5_smt.csv,total_ref_5_smt,156,current,,smt,prehashed_ordered_insert_only_25m,0,25000000,25000000,56509871202,2260,0-10%=1.897µs(n=2500000)|10-20%=1.999µs(n=2500000)|20-30%=2.163µs(n=2500000)|30-40%=2.081µs(n=2500000)|40-50%=2.414µs(n=2500000)|50-60%=2.091µs(n=2500000)|60-70%=2.415µs(n=2500000)|70-80%=2.645µs(n=2500000)|80-90%=2.317µs(n=2500000)|90-100%=2.576µs(n=2500000),12147.1,16786.19,310494455,450000220,164506446,285493774,0,0,0,0,0,0,0,0,0,0,0,0.0,0.0,0,0,0,0,3,insert_only_build,prehashed_ordered_insert_only,True,True,True,False,False,False,False,False,,,0,25000000,25000000,25000000,25000000,,prehashed_ordered_insert_only_25m,True,,25M
total_ref_5_smt.csv,total_ref_5_smt,157,current,,smt,proof_only_after_10k_build_sample_5pct,10000,10000,0,0,0,,0.0,0.0,0,0,0,0,533336,1066,631,3092,0,0,0,0,0,0,0,0.0,0.0,0,0,0,0,3,proof_only_after_build,proof_only_after_build,False,False,False,True,False,False,False,False,5.0,5.0,10000,0,10000,10000,10000,,proof_only_after_10k_build_sample_5pct,True,,10K
total_ref_5_smt.csv,total_ref_5_smt,158,current,,smt,proof_only_after_50k_build_sample_5pct,50000,50000,0,0,0,,0.0,0.0,0,0,0,0,3673627,1469,721,3511,0,0,0,0,0,0,0,0.0,0.0,0,0,0,0,3,proof_only_after_build,proof_only_after_build,False,False,False,True,False,False,False,False,5.0,5.0,50000,0,50000,50000,50000,,proof_only_after_50k_build_sample_5pct,True,,50K
total_ref_5_smt.csv,total_ref_5_smt,159,current,,smt,proof_only_after_100k_build_sample_5pct,100000,100000,0,0,0,,0.0,0.0,0,0,0,0,9520810,1904,759,4019,0,0,0,0,0,0,0,0.0,0.0,0,0,0,0,3,proof_only_after_build,proof_only_after_build,False,False,False,True,False,False,False,False,5.0,5.0,100000,0,100000,100000,100000,,proof_only_after_100k_build_sample_5pct,True,,100K
total_ref_5_smt.csv,total_ref_5_smt,160,current,,smt,proof_only_after_200k_build_sample_5pct,200000,200000,0,0,0,,0.0,0.0,0,0,0,0,24045930,2404,797,4553,0,0,0,0,0,0,0,0.0,0.0,0,0,0,0,3,proof_only_after_build,proof_only_after_build,False,False,False,True,False,False,False,False,5.0,5.0,200000,0,200000,200000,200000,,proof_only_after_200k_build_sample_5pct,True,,200K
total_ref_5_smt.csv,total_ref_5_smt,161,current,,smt,proof_only_after_300k_build_sample_5pct,300000,300000,0,0,0,,0.0,0.0,0,0,0,0,50174635,3344,819,5087,0,0,0,0,0,0,0,0.0,0.0,0,0,0,0,3,proof_only_after_build,proof_only_after_build,False,False,False,True,False,False,False,False,5.0,5.0,300000,0,300000,300000,300000,,proof_only_after_300k_build_sample_5pct,True,,300K
total_ref_5_smt.csv,total_ref_5_smt,162,current,,smt,proof_only_after_500k_build_sample_5pct,500000,500000,0,0,0,,0.0,0.0,0,0,0,0,87956444,3518,847,5334,0,0,0,0,0,0,0,0.0,0.0,0,0,0,0,3,proof_only_after_build,proof_only_after_build,False,False,False,True,False,False,False,False,5.0,5.0,500000,0,500000,500000,500000,,proof_only_after_500k_build_sample_5pct,True,,500K
total_ref_5_smt.csv,total_ref_5_smt,163,current,,smt,proof_only_after_700k_build_sample_5pct,700000,700000,0,0,0,,0.0,0.0,0,0,0,0,124853743,3567,865,5210,0,0,0,0,0,0,0,0.0,0.0,0,0,0,0,3,proof_only_after_build,proof_only_after_build,False,False,False,True,False,False,False,False,5.0,5.0,700000,0,700000,700000,700000,,proof_only_after_700k_build_sample_5pct,True,,700K
total_ref_5_smt.csv,total_ref_5_smt,164,current,,smt,proof_only_after_900k_build_sample_5pct,900000,900000,0,0,0,,0.0,0.0,0,0,0,0,171901183,3820,879,5379,0,0,0,0,0,0,0,0.0,0.0,0,0,0,0,3,proof_only_after_build,proof_only_after_build,False,False,False,True,False,False,False,False,5.0,5.0,900000,0,900000,900000,900000,,proof_only_after_900k_build_sample_5pct,True,,900K
total_ref_5_smt.csv,total_ref_5_smt,165,current,,smt,proof_only_after_1m_build_sample_5pct,1000000,1000000,0,0,0,,0.0,0.0,0,0,0,0,192133743,3842,884,5514,0,0,0,0,0,0,0,0.0,0.0,0,0,0,0,3,proof_only_after_build,proof_only_after_build,False,False,False,True,False,False,False,False,5.0,5.0,1000000,0,1000000,1000000,1000000,,proof_only_after_1m_build_sample_5pct,True,,1M
total_ref_5_smt.csv,total_ref_5_smt,166,current,,smt,proof_only_after_2m_build_sample_3pct,2000000,2000000,0,0,0,,0.0,0.0,0,0,0,0,248717988,4145,923,6135,0,0,0,0,0,0,0,0.0,0.0,0,0,0,0,3,proof_only_after_build,proof_only_after_build,False,False,False,True,False,False,False,False,3.0,3.0,2000000,0,2000000,2000000,2000000,,proof_only_after_2m_build_sample_3pct,True,,2M
total_ref_5_smt.csv,total_ref_5_smt,167,current,,smt,proof_only_after_5m_build_sample_3pct,5000000,5000000,0,0,0,,0.0,0.0,0,0,0,0,705058969,4700,973,6582,0,0,0,0,0,0,0,0.0,0.0,0,0,0,0,3,proof_only_after_build,proof_only_after_build,False,False,False,True,False,False,False,False,3.0,3.0,5000000,0,5000000,5000000,5000000,,proof_only_after_5m_build_sample_3pct,True,,5M
total_ref_5_smt.csv,total_ref_5_smt,168,current,,smt,proof_only_after_10m_build_sample_2pct,10000000,10000000,0,0,0,,0.0,0.0,0,0,0,0,1043114934,5215,1011,7511,0,0,0,0,0,0,0,0.0,0.0,0,0,0,0,3,proof_only_after_build,proof_only_after_build,False,False,False,True,False,False,False,False,2.0,2.0,10000000,0,10000000,10000000,10000000,,proof_only_after_10m_build_sample_2pct,True,,10M
total_ref_5_smt.csv,total_ref_5_smt,169,current,,smt,proof_only_after_25m_build_sample_2pct,25000000,25000000,0,0,0,,0.0,0.0,0,0,0,0,4771184210,9542,1061,8652,0,0,0,0,0,0,0,0.0,0.0,0,0,0,0,3,proof_only_after_build,proof_only_after_build,False,False,False,True,False,False,False,False,2.0,2.0,25000000,0,25000000,25000000,25000000,,proof_only_after_25m_build_sample_2pct,True,,25M
total_ref_5_smt.csv,total_ref_5_smt,170,current,,smt,build_10k_then_add_2k_new,10000,12000,2000,4661720,2330,0-10%=2.823µs(n=200)|10-20%=2.442µs(n=200)|20-30%=2.266µs(n=200)|30-40%=2.329µs(n=200)|40-50%=2.283µs(n=200)|50-60%=2.246µs(n=200)|60-70%=2.223µs(n=200)|70-80%=2.286µs(n=200)|80-90%=2.16µs(n=200)|90-100%=2.243µs(n=200),1.39,1.39,144225,36038,2552,33486,0,0,0,0,0,0,0,0,0,0,0,0.0,0.0,0,0,0,0,3,build_then_add_new,build_then_add_new,False,False,False,False,False,True,True,False,,,10000,2000,12000,10000,10000,2000,build_10k_then_add_2k_new,True,,10K
total_ref_5_smt.csv,total_ref_5_smt,171,current,,smt,build_50k_then_add_10k_new,50000,60000,10000,33485404,3348,0-10%=3.48µs(n=1000)|10-20%=3.412µs(n=1000)|20-30%=3.4µs(n=1000)|30-40%=3.358µs(n=1000)|40-50%=3.339µs(n=1000)|50-60%=3.261µs(n=1000)|60-70%=3.356µs(n=1000)|70-80%=3.323µs(n=1000)|80-90%=3.399µs(n=1000)|90-100%=3.151µs(n=1000),6.87,6.87,718027,180038,12753,167285,0,0,0,0,0,0,0,0,0,0,0,0.0,0.0,0,0,0,0,3,build_then_add_new,build_then_add_new,False,False,False,False,False,True,True,False,,,50000,10000,60000,50000,50000,10000,build_50k_then_add_10k_new,True,,50K
total_ref_5_smt.csv,total_ref_5_smt,172,current,,smt,build_100k_then_add_20k_new,100000,120000,20000,71869169,3593,0-10%=3.919µs(n=2000)|10-20%=3.785µs(n=2000)|20-30%=3.774µs(n=2000)|30-40%=3.605µs(n=2000)|40-50%=3.435µs(n=2000)|50-60%=3.482µs(n=2000)|60-70%=3.455µs(n=2000)|70-80%=3.486µs(n=2000)|80-90%=3.488µs(n=2000)|90-100%=3.501µs(n=2000),13.72,13.72,1435294,360038,25494,334544,0,0,0,0,0,0,0,0,0,0,0,0.0,0.0,0,0,0,0,3,build_then_add_new,build_then_add_new,False,False,False,False,False,True,True,False,,,100000,20000,120000,100000,100000,20000,build_100k_then_add_20k_new,True,,100K
total_ref_5_smt.csv,total_ref_5_smt,173,current,,smt,build_200k_then_add_40k_new,200000,240000,40000,176326070,4408,0-10%=5.231µs(n=4000)|10-20%=4.796µs(n=4000)|20-30%=4.626µs(n=4000)|30-40%=4.485µs(n=4000)|40-50%=4.453µs(n=4000)|50-60%=4.311µs(n=4000)|60-70%=4.087µs(n=4000)|70-80%=4.047µs(n=4000)|80-90%=4.029µs(n=4000)|90-100%=4.011µs(n=4000),27.43,27.43,2869754,720045,51049,668996,0,0,0,0,0,0,0,0,0,0,0,0.0,0.0,0,0,0,0,3,build_then_add_new,build_then_add_new,False,False,False,False,False,True,True,False,,,200000,40000,240000,200000,200000,40000,build_200k_then_add_40k_new,True,,200K
total_ref_5_smt.csv,total_ref_5_smt,174,current,,smt,build_300k_then_add_60k_new,300000,360000,60000,273523176,4558,0-10%=5.538µs(n=6000)|10-20%=4.996µs(n=6000)|20-30%=4.953µs(n=6000)|30-40%=4.747µs(n=6000)|40-50%=4.357µs(n=6000)|50-60%=4.212µs(n=6000)|60-70%=4.18µs(n=6000)|70-80%=4.207µs(n=6000)|80-90%=4.206µs(n=6000)|90-100%=4.185µs(n=6000),41.13,41.13,4304214,1080047,76595,1003452,0,0,0,0,0,0,0,0,0,0,0,0.0,0.0,0,0,0,0,3,build_then_add_new,build_then_add_new,False,False,False,False,False,True,True,False,,,300000,60000,360000,300000,300000,60000,build_300k_then_add_60k_new,True,,300K
total_ref_5_smt.csv,total_ref_5_smt,175,current,,smt,build_500k_then_add_100k_new,500000,600000,100000,518685373,5186,0-10%=6.662µs(n=10000)|10-20%=5.846µs(n=10000)|20-30%=5.717µs(n=10000)|30-40%=5.2µs(n=10000)|40-50%=4.884µs(n=10000)|50-60%=4.738µs(n=10000)|60-70%=4.708µs(n=10000)|70-80%=4.7µs(n=10000)|80-90%=4.706µs(n=10000)|90-100%=4.702µs(n=10000),68.51,68.51,7172693,1800050,128125,1671925,0,0,0,0,0,0,0,0,0,0,0,0.0,0.0,0,0,0,0,3,build_then_add_new,build_then_add_new,False,False,False,False,False,True,True,False,,,500000,100000,600000,500000,500000,100000,build_500k_then_add_100k_new,True,,500K
total_ref_5_smt.csv,total_ref_5_smt,176,current,,smt,build_700k_then_add_140k_new,700000,840000,140000,779924827,5570,0-10%=6.21µs(n=14000)|10-20%=5.693µs(n=14000)|20-30%=5.58µs(n=14000)|30-40%=5.461µs(n=14000)|40-50%=5.437µs(n=14000)|50-60%=5.414µs(n=14000)|60-70%=5.407µs(n=14000)|70-80%=5.433µs(n=14000)|80-90%=5.154µs(n=14000)|90-100%=5.916µs(n=14000),95.94,95.94,10041991,2520052,178844,2341208,0,0,0,0,0,0,0,0,0,0,0,0.0,0.0,0,0,0,0,3,build_then_add_new,build_then_add_new,False,False,False,False,False,True,True,False,,,700000,140000,840000,700000,700000,140000,build_700k_then_add_140k_new,True,,700K
total_ref_5_smt.csv,total_ref_5_smt,177,current,,smt,build_900k_then_add_180k_new,900000,1080000,180000,1016264487,5645,0-10%=6.581µs(n=18000)|10-20%=6.041µs(n=18000)|20-30%=6.061µs(n=18000)|30-40%=5.772µs(n=18000)|40-50%=5.356µs(n=18000)|50-60%=5.207µs(n=18000)|60-70%=5.3µs(n=18000)|70-80%=5.407µs(n=18000)|80-90%=5.386µs(n=18000)|90-100%=5.342µs(n=18000),123.33,123.33,12910638,3240053,230207,3009846,0,0,0,0,0,0,0,0,0,0,0,0.0,0.0,0,0,0,0,3,build_then_add_new,build_then_add_new,False,False,False,False,False,True,True,False,,,900000,180000,1080000,900000,900000,180000,build_900k_then_add_180k_new,True,,900K
total_ref_5_smt.csv,total_ref_5_smt,178,current,,smt,build_1m_then_add_200k_new,1000000,1200000,200000,1195736851,5978,0-10%=6.674µs(n=20000)|10-20%=6.174µs(n=20000)|20-30%=6.028µs(n=20000)|30-40%=5.92µs(n=20000)|40-50%=5.959µs(n=20000)|50-60%=6.034µs(n=20000)|60-70%=5.696µs(n=20000)|70-80%=5.458µs(n=20000)|80-90%=6.254µs(n=20000)|90-100%=5.585µs(n=20000),137.04,137.04,14345260,3600053,255594,3344459,0,0,0,0,0,0,0,0,0,0,0,0.0,0.0,0,0,0,0,3,build_then_add_new,build_then_add_new,False,False,False,False,False,True,True,False,,,1000000,200000,1200000,1000000,1000000,200000,build_1m_then_add_200k_new,True,,1M
total_ref_5_smt.csv,total_ref_5_smt,179,current,,smt,build_2m_then_add_400k_new,2000000,2400000,400000,2710575914,6776,0-10%=7.084µs(n=40000)|10-20%=6.781µs(n=40000)|20-30%=6.848µs(n=40000)|30-40%=6.695µs(n=40000)|40-50%=6.771µs(n=40000)|50-60%=6.733µs(n=40000)|60-70%=6.839µs(n=40000)|70-80%=7.027µs(n=40000)|80-90%=6.539µs(n=40000)|90-100%=6.443µs(n=40000),274.08,274.08,28689635,7200055,511239,6688816,0,0,0,0,0,0,0,0,0,0,0,0.0,0.0,0,0,0,0,3,build_then_add_new,build_then_add_new,False,False,False,False,False,True,True,False,,,2000000,400000,2400000,2000000,2000000,400000,build_2m_then_add_400k_new,True,,2M
total_ref_5_smt.csv,total_ref_5_smt,180,current,,smt,build_5m_then_add_1m_new,5000000,6000000,1000000,7360179059,7360,0-10%=7.845µs(n=100000)|10-20%=7.618µs(n=100000)|20-30%=7.514µs(n=100000)|30-40%=7.461µs(n=100000)|40-50%=7.503µs(n=100000)|50-60%=7.403µs(n=100000)|60-70%=7.189µs(n=100000)|70-80%=7.034µs(n=100000)|80-90%=7.035µs(n=100000)|90-100%=6.995µs(n=100000),685.2,685.2,71723007,18000082,1277892,16722190,0,0,0,0,0,0,0,0,0,0,0,0.0,0.0,0,0,0,0,3,build_then_add_new,build_then_add_new,False,False,False,False,False,True,True,False,,,5000000,1000000,6000000,5000000,5000000,1000000,build_5m_then_add_1m_new,True,,5M
total_ref_5_smt.csv,total_ref_5_smt,181,current,,smt,build_10m_then_add_2m_new,10000000,12000000,2000000,16799382103,8399,0-10%=8.769µs(n=200000)|10-20%=8.488µs(n=200000)|20-30%=8.498µs(n=200000)|30-40%=8.336µs(n=200000)|40-50%=8.27µs(n=200000)|50-60%=8.296µs(n=200000)|60-70%=8.491µs(n=200000)|70-80%=8.424µs(n=200000)|80-90%=8.379µs(n=200000)|90-100%=8.041µs(n=200000),1370.36,1370.36,143443539,36000122,2557403,33442719,0,0,0,0,0,0,0,0,0,0,0,0.0,0.0,0,0,0,0,3,build_then_add_new,build_then_add_new,False,False,False,False,False,True,True,False,,,10000000,2000000,12000000,10000000,10000000,2000000,build_10m_then_add_2m_new,True,,10M
total_ref_5_smt.csv,total_ref_5_smt,182,current,,smt,build_25m_then_add_5m_new,25000000,30000000,5000000,51154295218,10230,0-10%=10.525µs(n=500000)|10-20%=10.308µs(n=500000)|20-30%=10.308µs(n=500000)|30-40%=10.12µs(n=500000)|40-50%=10.186µs(n=500000)|50-60%=10.179µs(n=500000)|60-70%=10.254µs(n=500000)|70-80%=10.113µs(n=500000)|80-90%=10.186µs(n=500000)|90-100%=10.124µs(n=500000),3426.26,3426.26,358607682,90000268,6393418,83606850,0,0,0,0,0,0,0,0,0,0,0,0.0,0.0,0,0,0,0,3,build_then_add_new,build_then_add_new,False,False,False,False,False,True,True,False,,,25000000,5000000,30000000,25000000,25000000,5000000,build_25m_then_add_5m_new,True,,25M
total_ref_5_smt.csv,total_ref_5_smt,183,current,,smt,build_10k_then_reinsert_2k_existing,10000,10000,2000,4512954,2256,0-10%=2.843µs(n=200)|10-20%=2.427µs(n=200)|20-30%=2.205µs(n=200)|30-40%=2.269µs(n=200)|40-50%=2.181µs(n=200)|50-60%=2.296µs(n=200)|60-70%=2.089µs(n=200)|70-80%=2.089µs(n=200)|80-90%=2.13µs(n=200)|90-100%=2.027µs(n=200),0.27,0.27,119877,10038,1001,9037,0,0,0,0,0,0,0,0,0,0,0,0.0,0.0,0,0,0,0,3,build_then_reinsert_existing,build_then_reinsert_existing,False,False,False,False,False,False,False,True,,,10000,2000,10000,10000,10000,2000,build_10k_then_reinsert_2k_existing,True,,10K
total_ref_5_smt.csv,total_ref_5_smt,184,current,,smt,build_50k_then_reinsert_10k_existing,50000,50000,10000,31780554,3178,0-10%=3.533µs(n=1000)|10-20%=3.4µs(n=1000)|20-30%=3.207µs(n=1000)|30-40%=3.233µs(n=1000)|40-50%=3.037µs(n=1000)|50-60%=3.168µs(n=1000)|60-70%=3.008µs(n=1000)|70-80%=3.061µs(n=1000)|80-90%=3.062µs(n=1000)|90-100%=3.067µs(n=1000),1.31,1.31,595885,50038,5001,45037,0,0,0,0,0,0,0,0,0,0,0,0.0,0.0,0,0,0,0,3,build_then_reinsert_existing,build_then_reinsert_existing,False,False,False,False,False,False,False,True,,,50000,10000,50000,50000,50000,10000,build_50k_then_reinsert_10k_existing,True,,50K
total_ref_5_smt.csv,total_ref_5_smt,185,current,,smt,build_100k_then_reinsert_20k_existing,100000,100000,20000,76433235,3821,0-10%=4.83µs(n=2000)|10-20%=4.168µs(n=2000)|20-30%=3.995µs(n=2000)|30-40%=3.889µs(n=2000)|40-50%=3.798µs(n=2000)|50-60%=3.681µs(n=2000)|60-70%=3.534µs(n=2000)|70-80%=3.528µs(n=2000)|80-90%=3.412µs(n=2000)|90-100%=3.376µs(n=2000),2.61,2.61,1190829,100038,10001,90037,0,0,0,0,0,0,0,0,0,0,0,0.0,0.0,0,0,0,0,3,build_then_reinsert_existing,build_then_reinsert_existing,False,False,False,False,False,False,False,True,,,100000,20000,100000,100000,100000,20000,build_100k_then_reinsert_20k_existing,True,,100K
total_ref_5_smt.csv,total_ref_5_smt,186,current,,smt,build_200k_then_reinsert_40k_existing,200000,200000,40000,160551392,4013,0-10%=4.772µs(n=4000)|10-20%=4.312µs(n=4000)|20-30%=4.154µs(n=4000)|30-40%=3.995µs(n=4000)|40-50%=3.96µs(n=4000)|50-60%=3.888µs(n=4000)|60-70%=3.852µs(n=4000)|70-80%=3.784µs(n=4000)|80-90%=3.73µs(n=4000)|90-100%=3.686µs(n=4000),5.22,5.22,2380843,200045,20001,180044,0,0,0,0,0,0,0,0,0,0,0,0.0,0.0,0,0,0,0,3,build_then_reinsert_existing,build_then_reinsert_existing,False,False,False,False,False,False,False,True,,,200000,40000,200000,200000,200000,40000,build_200k_then_reinsert_40k_existing,True,,200K
total_ref_5_smt.csv,total_ref_5_smt,187,current,,smt,build_300k_then_reinsert_60k_existing,300000,300000,60000,255871444,4264,0-10%=5.163µs(n=6000)|10-20%=4.591µs(n=6000)|20-30%=4.401µs(n=6000)|30-40%=4.282µs(n=6000)|40-50%=4.218µs(n=6000)|50-60%=4.13µs(n=6000)|60-70%=4.07µs(n=6000)|70-80%=3.995µs(n=6000)|80-90%=3.9µs(n=6000)|90-100%=3.89µs(n=6000),7.81,7.81,3570851,300047,30001,270046,0,0,0,0,0,0,0,0,0,0,0,0.0,0.0,0,0,0,0,3,build_then_reinsert_existing,build_then_reinsert_existing,False,False,False,False,False,False,False,True,,,300000,60000,300000,300000,300000,60000,build_300k_then_reinsert_60k_existing,True,,300K
total_ref_5_smt.csv,total_ref_5_smt,188,current,,smt,build_500k_then_reinsert_100k_existing,500000,500000,100000,467461750,4674,0-10%=5.998µs(n=10000)|10-20%=4.893µs(n=10000)|20-30%=4.716µs(n=10000)|30-40%=4.596µs(n=10000)|40-50%=4.567µs(n=10000)|50-60%=4.498µs(n=10000)|60-70%=4.431µs(n=10000)|70-80%=4.404µs(n=10000)|80-90%=4.341µs(n=10000)|90-100%=4.298µs(n=10000),13.01,13.01,5950865,500050,50001,450049,0,0,0,0,0,0,0,0,0,0,0,0.0,0.0,0,0,0,0,3,build_then_reinsert_existing,build_then_reinsert_existing,False,False,False,False,False,False,False,True,,,500000,100000,500000,500000,500000,100000,build_500k_then_reinsert_100k_existing,True,,500K
total_ref_5_smt.csv,total_ref_5_smt,189,current,,smt,build_700k_then_reinsert_140k_existing,700000,700000,140000,694684169,4962,0-10%=6.157µs(n=14000)|10-20%=5.263µs(n=14000)|20-30%=4.938µs(n=14000)|30-40%=4.816µs(n=14000)|40-50%=4.778µs(n=14000)|50-60%=4.754µs(n=14000)|60-70%=4.738µs(n=14000)|70-80%=4.729µs(n=14000)|80-90%=4.685µs(n=14000)|90-100%=4.759µs(n=14000),18.2,18.2,8330874,700052,70001,630051,0,0,0,0,0,0,0,0,0,0,0,0.0,0.0,0,0,0,0,3,build_then_reinsert_existing,build_then_reinsert_existing,False,False,False,False,False,False,False,True,,,700000,140000,700000,700000,700000,140000,build_700k_then_reinsert_140k_existing,True,,700K
total_ref_5_smt.csv,total_ref_5_smt,190,current,,smt,build_900k_then_reinsert_180k_existing,900000,900000,180000,1056726760,5870,0-10%=6.955µs(n=18000)|10-20%=6.155µs(n=18000)|20-30%=5.901µs(n=18000)|30-40%=7.446µs(n=18000)|40-50%=5.74µs(n=18000)|50-60%=5.659µs(n=18000)|60-70%=5.52µs(n=18000)|70-80%=5.235µs(n=18000)|80-90%=5.111µs(n=18000)|90-100%=4.981µs(n=18000),23.4,23.4,10710887,900053,90001,810052,0,0,0,0,0,0,0,0,0,0,0,0.0,0.0,0,0,0,0,3,build_then_reinsert_existing,build_then_reinsert_existing,False,False,False,False,False,False,False,True,,,900000,180000,900000,900000,900000,180000,build_900k_then_reinsert_180k_existing,True,,900K
total_ref_5_smt.csv,total_ref_5_smt,191,current,,smt,build_1m_then_reinsert_200k_existing,1000000,1000000,200000,1100038713,5500,0-10%=6.079µs(n=20000)|10-20%=5.943µs(n=20000)|20-30%=5.524µs(n=20000)|30-40%=5.376µs(n=20000)|40-50%=5.354µs(n=20000)|50-60%=5.346µs(n=20000)|60-70%=5.519µs(n=20000)|70-80%=5.344µs(n=20000)|80-90%=5.323µs(n=20000)|90-100%=5.189µs(n=20000),25.99,25.99,11900895,1000053,100001,900052,0,0,0,0,0,0,0,0,0,0,0,0.0,0.0,0,0,0,0,3,build_then_reinsert_existing,build_then_reinsert_existing,False,False,False,False,False,False,False,True,,,1000000,200000,1000000,1000000,1000000,200000,build_1m_then_reinsert_200k_existing,True,,1M
total_ref_5_smt.csv,total_ref_5_smt,192,current,,smt,build_2m_then_reinsert_400k_existing,2000000,2000000,400000,2414623180,6036,0-10%=6.46µs(n=40000)|10-20%=6.036µs(n=40000)|20-30%=5.914µs(n=40000)|30-40%=5.853µs(n=40000)|40-50%=6.051µs(n=40000)|50-60%=6.094µs(n=40000)|60-70%=6.007µs(n=40000)|70-80%=5.945µs(n=40000)|80-90%=5.954µs(n=40000)|90-100%=6.046µs(n=40000),51.98,51.98,23800914,2000062,200001,1800061,0,0,0,0,0,0,0,0,0,0,0,0.0,0.0,0,0,0,0,3,build_then_reinsert_existing,build_then_reinsert_existing,False,False,False,False,False,False,False,True,,,2000000,400000,2000000,2000000,2000000,400000,build_2m_then_reinsert_400k_existing,True,,2M
total_ref_5_smt.csv,total_ref_5_smt,193,current,,smt,build_5m_then_reinsert_1m_existing,5000000,5000000,1000000,6872194223,6872,0-10%=7.067µs(n=100000)|10-20%=6.901µs(n=100000)|20-30%=6.855µs(n=100000)|30-40%=6.811µs(n=100000)|40-50%=6.992µs(n=100000)|50-60%=6.919µs(n=100000)|60-70%=6.827µs(n=100000)|70-80%=6.805µs(n=100000)|80-90%=6.769µs(n=100000)|90-100%=6.771µs(n=100000),129.95,129.95,59500945,5000080,500000,4500080,0,0,0,0,0,0,0,0,0,0,0,0.0,0.0,0,0,0,0,3,build_then_reinsert_existing,build_then_reinsert_existing,False,False,False,False,False,False,False,True,,,5000000,1000000,5000000,5000000,5000000,1000000,build_5m_then_reinsert_1m_existing,True,,5M
total_ref_5_smt.csv,total_ref_5_smt,194,current,,smt,build_10m_then_reinsert_2m_existing,10000000,10000000,2000000,15475390556,7737,0-10%=7.917µs(n=200000)|10-20%=7.763µs(n=200000)|20-30%=7.724µs(n=200000)|30-40%=7.752µs(n=200000)|40-50%=7.702µs(n=200000)|50-60%=7.7µs(n=200000)|60-70%=7.693µs(n=200000)|70-80%=7.707µs(n=200000)|80-90%=7.749µs(n=200000)|90-100%=7.664µs(n=200000),259.92,259.92,119000989,10000115,1000000,9000115,0,0,0,0,0,0,0,0,0,0,0,0.0,0.0,0,0,0,0,3,build_then_reinsert_existing,build_then_reinsert_existing,False,False,False,False,False,False,False,True,,,10000000,2000000,10000000,10000000,10000000,2000000,build_10m_then_reinsert_2m_existing,True,,10M
total_ref_5_smt.csv,total_ref_5_smt,195,current,,smt,build_25m_then_reinsert_5m_existing,25000000,25000000,5000000,46513191141,9302,0-10%=9.479µs(n=500000)|10-20%=9.307µs(n=500000)|20-30%=9.34µs(n=500000)|30-40%=9.264µs(n=500000)|40-50%=9.244µs(n=500000)|50-60%=9.324µs(n=500000)|60-70%=9.506µs(n=500000)|70-80%=9.244µs(n=500000)|80-90%=9.141µs(n=500000)|90-100%=9.172µs(n=500000),650.13,650.13,297501131,25000257,2500000,22500257,0,0,0,0,0,0,0,0,0,0,0,0.0,0.0,0,0,0,0,3,build_then_reinsert_existing,build_then_reinsert_existing,False,False,False,False,False,False,False,True,,,25000000,5000000,25000000,25000000,25000000,5000000,build_25m_then_reinsert_5m_existing,True,,25M
total_ref_5_smt.csv,total_ref_5_smt,196,current,,smt,insert_only_build_10k,0,10000,10000,21755051,2175,0-10%=1.672µs(n=1000)|10-20%=1.816µs(n=1000)|20-30%=1.909µs(n=1000)|30-40%=2.758µs(n=1000)|40-50%=2.087µs(n=1000)|50-60%=2.116µs(n=1000)|60-70%=2.213µs(n=1000)|70-80%=2.874µs(n=1000)|80-90%=2.106µs(n=1000)|90-100%=2.198µs(n=1000),5.45,6.88,123685,180041,56904,123137,0,0,0,0,0,0,0,0,0,0,0,0.0,0.0,0,0,0,0,4,insert_only_build,insert_only_build,False,False,True,False,False,False,False,False,,,0,10000,10000,10000,10000,,insert_only_build_10k,True,,10K
total_ref_5_smt.csv,total_ref_5_smt,197,current,,smt,insert_only_build_50k,0,50000,50000,125342982,2506,0-10%=2.002µs(n=5000)|10-20%=2.458µs(n=5000)|20-30%=2.591µs(n=5000)|30-40%=2.378µs(n=5000)|40-50%=2.406µs(n=5000)|50-60%=2.667µs(n=5000)|60-70%=2.477µs(n=5000)|70-80%=2.558µs(n=5000)|80-90%=2.582µs(n=5000)|90-100%=2.945µs(n=5000),25.3,34.3,553082,900068,347544,552524,0,0,0,0,0,0,0,0,0,0,0,0.0,0.0,0,0,0,0,4,insert_only_build,insert_only_build,False,False,True,False,False,False,False,False,,,0,50000,50000,50000,50000,,insert_only_build_50k,True,,50K
total_ref_5_smt.csv,total_ref_5_smt,198,current,,smt,insert_only_build_100k,0,100000,100000,272380502,2723,0-10%=2.216µs(n=10000)|10-20%=2.409µs(n=10000)|20-30%=2.523µs(n=10000)|30-40%=2.529µs(n=10000)|40-50%=2.649µs(n=10000)|50-60%=2.875µs(n=10000)|60-70%=2.861µs(n=10000)|70-80%=2.955µs(n=10000)|80-90%=3.033µs(n=10000)|90-100%=3.184µs(n=10000),52.06,68.52,1154016,1800039,646624,1153415,0,0,0,0,0,0,0,0,0,0,0,0.0,0.0,0,0,0,0,4,insert_only_build,insert_only_build,False,False,True,False,False,False,False,False,,,0,100000,100000,100000,100000,,insert_only_build_100k,True,,100K
total_ref_5_smt.csv,total_ref_5_smt,199,current,,smt,insert_only_build_200k,0,200000,200000,595920209,2979,0-10%=2.227µs(n=20000)|10-20%=2.553µs(n=20000)|20-30%=2.73µs(n=20000)|30-40%=2.766µs(n=20000)|40-50%=2.999µs(n=20000)|50-60%=2.989µs(n=20000)|60-70%=3.069µs(n=20000)|70-80%=3.418µs(n=20000)|80-90%=3.468µs(n=20000)|90-100%=3.572µs(n=20000),109.74,137.03,2484878,3600038,1115768,2484270,0,0,0,0,0,0,0,0,0,0,0,0.0,0.0,0,0,0,0,4,insert_only_build,insert_only_build,False,False,True,False,False,False,False,False,,,0,200000,200000,200000,200000,,insert_only_build_200k,True,,200K
total_ref_5_smt.csv,total_ref_5_smt,200,current,,smt,insert_only_build_300k,0,300000,300000,1042568875,3475,0-10%=2.317µs(n=30000)|10-20%=2.626µs(n=30000)|20-30%=2.791µs(n=30000)|30-40%=3.695µs(n=30000)|40-50%=3.412µs(n=30000)|50-60%=3.545µs(n=30000)|60-70%=3.542µs(n=30000)|70-80%=3.796µs(n=30000)|80-90%=3.871µs(n=30000)|90-100%=5.152µs(n=30000),156.26,205.54,3463883,5400040,1936776,3463264,0,0,0,0,0,0,0,0,0,0,0,0.0,0.0,0,0,0,0,4,insert_only_build,insert_only_build,False,False,True,False,False,False,False,False,,,0,300000,300000,300000,300000,,insert_only_build_300k,True,,300K
total_ref_5_smt.csv,total_ref_5_smt,201,current,,smt,insert_only_build_500k,0,500000,500000,2076603669,4153,0-10%=2.572µs(n=50000)|10-20%=3.169µs(n=50000)|20-30%=3.662µs(n=50000)|30-40%=3.948µs(n=50000)|40-50%=3.909µs(n=50000)|50-60%=4.567µs(n=50000)|60-70%=4.934µs(n=50000)|70-80%=4.617µs(n=50000)|80-90%=4.609µs(n=50000)|90-100%=5.539µs(n=50000),258.88,342.56,5723005,9000048,3277667,5722381,0,0,0,0,0,0,0,0,0,0,0,0.0,0.0,0,0,0,0,4,insert_only_build,insert_only_build,False,False,True,False,False,False,False,False,,,0,500000,500000,500000,500000,,insert_only_build_500k,True,,500K
total_ref_5_smt.csv,total_ref_5_smt,202,current,,smt,insert_only_build_700k,0,700000,700000,2803821471,4005,0-10%=2.762µs(n=70000)|10-20%=3.359µs(n=70000)|20-30%=3.477µs(n=70000)|30-40%=4.005µs(n=70000)|40-50%=4.131µs(n=70000)|50-60%=4.078µs(n=70000)|60-70%=4.8µs(n=70000)|70-80%=4.612µs(n=70000)|80-90%=4.389µs(n=70000)|90-100%=4.437µs(n=70000),398.76,479.55,9158311,12600056,3442372,9157684,0,0,0,0,0,0,0,0,0,0,0,0.0,0.0,0,0,0,0,4,insert_only_build,insert_only_build,False,False,True,False,False,False,False,False,,,0,700000,700000,700000,700000,,insert_only_build_700k,True,,700K
total_ref_5_smt.csv,total_ref_5_smt,203,current,,smt,insert_only_build_900k,0,900000,900000,4036736074,4485,0-10%=2.751µs(n=90000)|10-20%=3.391µs(n=90000)|20-30%=3.733µs(n=90000)|30-40%=4.635µs(n=90000)|40-50%=4.529µs(n=90000)|50-60%=5.502µs(n=90000)|60-70%=5.256µs(n=90000)|70-80%=4.8µs(n=90000)|80-90%=4.7µs(n=90000)|90-100%=5.551µs(n=90000),469.75,616.58,10419056,16200062,5781648,10418414,0,0,0,0,0,0,0,0,0,0,0,0.0,0.0,0,0,0,0,4,insert_only_build,insert_only_build,False,False,True,False,False,False,False,False,,,0,900000,900000,900000,900000,,insert_only_build_900k,True,,900K
total_ref_5_smt.csv,total_ref_5_smt,204,current,,smt,insert_only_build_1m,0,1000000,1000000,4601854740,4601,0-10%=2.659µs(n=100000)|10-20%=3.349µs(n=100000)|20-30%=3.889µs(n=100000)|30-40%=4.073µs(n=100000)|40-50%=4.729µs(n=100000)|50-60%=5.422µs(n=100000)|60-70%=5.893µs(n=100000)|70-80%=4.943µs(n=100000)|80-90%=5.666µs(n=100000)|90-100%=5.39µs(n=100000),539.95,685.08,12144454,18000060,5856260,12143800,0,0,0,0,0,0,0,0,0,0,0,0.0,0.0,0,0,0,0,4,insert_only_build,insert_only_build,False,False,True,False,False,False,False,False,,,0,1000000,1000000,1000000,1000000,,insert_only_build_1m,True,,1M
total_ref_5_smt.csv,total_ref_5_smt,205,current,,smt,insert_only_build_2m,0,2000000,2000000,9926589629,4963,0-10%=3.041µs(n=200000)|10-20%=4.087µs(n=200000)|20-30%=4.649µs(n=200000)|30-40%=4.708µs(n=200000)|40-50%=5.524µs(n=200000)|50-60%=5.082µs(n=200000)|60-70%=5.37µs(n=200000)|70-80%=6.029µs(n=200000)|80-90%=5.542µs(n=200000)|90-100%=5.595µs(n=200000),1116.92,1370.21,25454971,36000087,10545778,25454309,0,0,0,0,0,0,0,0,0,0,0,0.0,0.0,0,0,0,0,4,insert_only_build,insert_only_build,False,False,True,False,False,False,False,False,,,0,2000000,2000000,2000000,2000000,,insert_only_build_2m,True,,2M
total_ref_5_smt.csv,total_ref_5_smt,206,current,,smt,insert_only_build_5m,0,5000000,5000000,28575049746,5715,0-10%=3.684µs(n=500000)|10-20%=4.88µs(n=500000)|20-30%=5.364µs(n=500000)|30-40%=5.518µs(n=500000)|40-50%=5.966µs(n=500000)|50-60%=6.013µs(n=500000)|60-70%=6.029µs(n=500000)|70-80%=6.428µs(n=500000)|80-90%=6.733µs(n=500000)|90-100%=6.53µs(n=500000),2710.23,3425.51,61046712,90000165,28954127,61046038,0,0,0,0,0,0,0,0,0,0,0,0.0,0.0,0,0,0,0,4,insert_only_build,insert_only_build,False,False,True,False,False,False,False,False,,,0,5000000,5000000,5000000,5000000,,insert_only_build_5m,True,,5M
total_ref_5_smt.csv,total_ref_5_smt,207,current,,smt,insert_only_build_10m,0,10000000,10000000,65913576708,6591,0-10%=4.31µs(n=1000000)|10-20%=5.47µs(n=1000000)|20-30%=6.058µs(n=1000000)|30-40%=6.274µs(n=1000000)|40-50%=6.689µs(n=1000000)|50-60%=6.702µs(n=1000000)|60-70%=7.547µs(n=1000000)|70-80%=7.58µs(n=1000000)|80-90%=7.567µs(n=1000000)|90-100%=7.712µs(n=1000000),5622.72,6851.35,128462994,180000325,51538017,128462308,0,0,0,0,0,0,0,0,0,0,0,0.0,0.0,0,0,0,0,4,insert_only_build,insert_only_build,False,False,True,False,False,False,False,False,,,0,10000000,10000000,10000000,10000000,,insert_only_build_10m,True,,10M
total_ref_5_smt.csv,total_ref_5_smt,208,current,,smt,insert_only_build_25m,0,25000000,25000000,200442710088,8017,0-10%=5.215µs(n=2500000)|10-20%=6.639µs(n=2500000)|20-30%=7.029µs(n=2500000)|30-40%=7.655µs(n=2500000)|40-50%=8.453µs(n=2500000)|50-60%=8.426µs(n=2500000)|60-70%=8.609µs(n=2500000)|70-80%=8.984µs(n=2500000)|80-90%=9.762µs(n=2500000)|90-100%=9.399µs(n=2500000),13504.6,17129.6,303700467,450000933,146301164,303699769,0,0,0,0,0,0,0,0,0,0,0,0.0,0.0,0,0,0,0,4,insert_only_build,insert_only_build,False,False,True,False,False,False,False,False,,,0,25000000,25000000,25000000,25000000,,insert_only_build_25m,True,,25M
total_ref_5_smt.csv,total_ref_5_smt,209,current,,smt,prehashed_ordered_insert_only_10k,0,10000,10000,14491589,1449,0-10%=1.143µs(n=1000)|10-20%=1.224µs(n=1000)|20-30%=1.818µs(n=1000)|30-40%=1.332µs(n=1000)|40-50%=1.365µs(n=1000)|50-60%=1.212µs(n=1000)|60-70%=2.316µs(n=1000)|70-80%=1.293µs(n=1000)|80-90%=1.359µs(n=1000)|90-100%=1.424µs(n=1000),5.03,6.73,130964,180021,59775,120246,0,0,0,0,0,0,0,0,0,0,0,0.0,0.0,0,0,0,0,4,insert_only_build,prehashed_ordered_insert_only,True,True,True,False,False,False,False,False,,,0,10000,10000,10000,10000,,prehashed_ordered_insert_only_10k,True,,10K
total_ref_5_smt.csv,total_ref_5_smt,210,current,,smt,prehashed_ordered_insert_only_50k,0,50000,50000,77804909,1556,0-10%=1.412µs(n=5000)|10-20%=1.57µs(n=5000)|20-30%=1.661µs(n=5000)|30-40%=1.423µs(n=5000)|40-50%=1.873µs(n=5000)|50-60%=1.358µs(n=5000)|60-70%=1.702µs(n=5000)|70-80%=1.469µs(n=5000)|80-90%=1.487µs(n=5000)|90-100%=1.601µs(n=5000),28.0,33.57,643488,899989,257160,642829,0,0,0,0,0,0,0,0,0,0,0,0.0,0.0,0,0,0,0,4,insert_only_build,prehashed_ordered_insert_only,True,True,True,False,False,False,False,False,,,0,50000,50000,50000,50000,,prehashed_ordered_insert_only_50k,True,,50K
total_ref_5_smt.csv,total_ref_5_smt,211,current,,smt,prehashed_ordered_insert_only_100k,0,100000,100000,157002306,1570,0-10%=1.55µs(n=10000)|10-20%=1.495µs(n=10000)|20-30%=1.531µs(n=10000)|30-40%=1.67µs(n=10000)|40-50%=1.643µs(n=10000)|50-60%=1.406µs(n=10000)|60-70%=1.718µs(n=10000)|70-80%=1.52µs(n=10000)|80-90%=1.534µs(n=10000)|90-100%=1.628µs(n=10000),49.89,67.18,1284804,1800032,615860,1184172,0,0,0,0,0,0,0,0,0,0,0,0.0,0.0,0,0,0,0,4,insert_only_build,prehashed_ordered_insert_only,True,True,True,False,False,False,False,False,,,0,100000,100000,100000,100000,,prehashed_ordered_insert_only_100k,True,,100K
total_ref_5_smt.csv,total_ref_5_smt,212,current,,smt,prehashed_ordered_insert_only_200k,0,200000,200000,324229249,1621,0-10%=1.438µs(n=20000)|10-20%=1.54µs(n=20000)|20-30%=1.596µs(n=20000)|30-40%=1.548µs(n=20000)|40-50%=1.82µs(n=20000)|50-60%=1.465µs(n=20000)|60-70%=1.561µs(n=20000)|70-80%=1.614µs(n=20000)|80-90%=1.92µs(n=20000)|90-100%=1.704µs(n=20000),95.2,134.32,2419683,3600038,1380986,2219052,0,0,0,0,0,0,0,0,0,0,0,0.0,0.0,0,0,0,0,4,insert_only_build,prehashed_ordered_insert_only,True,True,True,False,False,False,False,False,,,0,200000,200000,200000,200000,,prehashed_ordered_insert_only_200k,True,,200K
total_ref_5_smt.csv,total_ref_5_smt,213,current,,smt,prehashed_ordered_insert_only_300k,0,300000,300000,506434820,1688,0-10%=1.529µs(n=30000)|10-20%=1.565µs(n=30000)|20-30%=1.612µs(n=30000)|30-40%=1.704µs(n=30000)|40-50%=1.723µs(n=30000)|50-60%=1.528µs(n=30000)|60-70%=1.817µs(n=30000)|70-80%=1.659µs(n=30000)|80-90%=1.817µs(n=30000)|90-100%=1.923µs(n=30000),168.87,201.44,3883924,5400003,1516747,3883256,0,0,0,0,0,0,0,0,0,0,0,0.0,0.0,0,0,0,0,4,insert_only_build,prehashed_ordered_insert_only,True,True,True,False,False,False,False,False,,,0,300000,300000,300000,300000,,prehashed_ordered_insert_only_300k,True,,300K
total_ref_5_smt.csv,total_ref_5_smt,214,current,,smt,prehashed_ordered_insert_only_500k,0,500000,500000,905204161,1810,0-10%=1.575µs(n=50000)|10-20%=1.668µs(n=50000)|20-30%=1.724µs(n=50000)|30-40%=1.766µs(n=50000)|40-50%=1.966µs(n=50000)|50-60%=1.623µs(n=50000)|60-70%=1.724µs(n=50000)|70-80%=2.019µs(n=50000)|80-90%=1.82µs(n=50000)|90-100%=2.214µs(n=50000),242.63,335.73,6200377,9000037,3300309,5699728,0,0,0,0,0,0,0,0,0,0,0,0.0,0.0,0,0,0,0,4,insert_only_build,prehashed_ordered_insert_only,True,True,True,False,False,False,False,False,,,0,500000,500000,500000,500000,,prehashed_ordered_insert_only_500k,True,,500K
total_ref_5_smt.csv,total_ref_5_smt,215,current,,smt,prehashed_ordered_insert_only_700k,0,700000,700000,1260306808,1800,0-10%=1.601µs(n=70000)|10-20%=1.631µs(n=70000)|20-30%=1.814µs(n=70000)|30-40%=1.806µs(n=70000)|40-50%=2.024µs(n=70000)|50-60%=1.649µs(n=70000)|60-70%=1.752µs(n=70000)|70-80%=2.043µs(n=70000)|80-90%=1.784µs(n=70000)|90-100%=1.895µs(n=70000),338.75,470.01,8649828,12600036,4650864,7949172,0,0,0,0,0,0,0,0,0,0,0,0.0,0.0,0,0,0,0,4,insert_only_build,prehashed_ordered_insert_only,True,True,True,False,False,False,False,False,,,0,700000,700000,700000,700000,,prehashed_ordered_insert_only_700k,True,,700K
total_ref_5_smt.csv,total_ref_5_smt,216,current,,smt,prehashed_ordered_insert_only_900k,0,900000,900000,1651927723,1835,0-10%=1.642µs(n=90000)|10-20%=1.652µs(n=90000)|20-30%=1.836µs(n=90000)|30-40%=1.822µs(n=90000)|40-50%=2.104µs(n=90000)|50-60%=1.673µs(n=90000)|60-70%=1.781µs(n=90000)|70-80%=1.89µs(n=90000)|80-90%=2.023µs(n=90000)|90-100%=1.926µs(n=90000),429.37,604.28,10918723,16200045,6181976,10018069,0,0,0,0,0,0,0,0,0,0,0,0.0,0.0,0,0,0,0,4,insert_only_build,prehashed_ordered_insert_only,True,True,True,False,False,False,False,False,,,0,900000,900000,900000,900000,,prehashed_ordered_insert_only_900k,True,,900K
total_ref_5_smt.csv,total_ref_5_smt,217,current,,smt,prehashed_ordered_insert_only_1m,0,1000000,1000000,1880303018,1880,0-10%=1.68µs(n=100000)|10-20%=1.693µs(n=100000)|20-30%=1.894µs(n=100000)|30-40%=1.844µs(n=100000)|40-50%=2.096µs(n=100000)|50-60%=1.694µs(n=100000)|60-70%=1.799µs(n=100000)|70-80%=2.089µs(n=100000)|80-90%=2.072µs(n=100000)|90-100%=1.936µs(n=100000),478.48,671.43,12177993,18000045,6822712,11177333,0,0,0,0,0,0,0,0,0,0,0,0.0,0.0,0,0,0,0,4,insert_only_build,prehashed_ordered_insert_only,True,True,True,False,False,False,False,False,,,0,1000000,1000000,1000000,1000000,,prehashed_ordered_insert_only_1m,True,,1M
total_ref_5_smt.csv,total_ref_5_smt,218,current,,smt,prehashed_ordered_insert_only_2m,0,2000000,2000000,3814368520,1907,0-10%=1.728µs(n=200000)|10-20%=1.789µs(n=200000)|20-30%=1.94µs(n=200000)|30-40%=1.88µs(n=200000)|40-50%=2.124µs(n=200000)|50-60%=1.721µs(n=200000)|60-70%=1.855µs(n=200000)|70-80%=2.198µs(n=200000)|80-90%=1.893µs(n=200000)|90-100%=1.94µs(n=200000),973.41,1342.88,24894020,36000053,13106696,22893357,0,0,0,0,0,0,0,0,0,0,0,0.0,0.0,0,0,0,0,4,insert_only_build,prehashed_ordered_insert_only,True,True,True,False,False,False,False,False,,,0,2000000,2000000,2000000,2000000,,prehashed_ordered_insert_only_2m,True,,2M
total_ref_5_smt.csv,total_ref_5_smt,219,current,,smt,prehashed_ordered_insert_only_5m,0,5000000,5000000,9761372076,1952,0-10%=1.734µs(n=500000)|10-20%=1.785µs(n=500000)|20-30%=1.973µs(n=500000)|30-40%=1.909µs(n=500000)|40-50%=2.189µs(n=500000)|50-60%=1.745µs(n=500000)|60-70%=1.886µs(n=500000)|70-80%=2.008µs(n=500000)|80-90%=2.256µs(n=500000)|90-100%=2.032µs(n=500000),2385.35,3357.28,60654312,90000077,34346432,55653645,0,0,0,0,0,0,0,0,0,0,0,0.0,0.0,0,0,0,0,4,insert_only_build,prehashed_ordered_insert_only,True,True,True,False,False,False,False,False,,,0,5000000,5000000,5000000,5000000,,prehashed_ordered_insert_only_5m,True,,5M
total_ref_5_smt.csv,total_ref_5_smt,220,current,,smt,prehashed_ordered_insert_only_10m,0,10000000,10000000,20384281700,2038,0-10%=1.801µs(n=1000000)|10-20%=1.893µs(n=1000000)|20-30%=2.075µs(n=1000000)|30-40%=1.987µs(n=1000000)|40-50%=2.294µs(n=1000000)|50-60%=1.865µs(n=1000000)|60-70%=1.945µs(n=1000000)|70-80%=2.198µs(n=1000000)|80-90%=2.171µs(n=1000000)|90-100%=2.15µs(n=1000000),4786.21,6714.55,121816365,180000119,68184424,111815695,0,0,0,0,0,0,0,0,0,0,0,0.0,0.0,0,0,0,0,4,insert_only_build,prehashed_ordered_insert_only,True,True,True,False,False,False,False,False,,,0,10000000,10000000,10000000,10000000,,prehashed_ordered_insert_only_10m,True,,10M
total_ref_5_smt.csv,total_ref_5_smt,221,current,,smt,prehashed_ordered_insert_only_25m,0,25000000,25000000,54879371048,2195,0-10%=1.853µs(n=2500000)|10-20%=1.947µs(n=2500000)|20-30%=2.168µs(n=2500000)|30-40%=2.041µs(n=2500000)|40-50%=2.346µs(n=2500000)|50-60%=1.889µs(n=2500000)|60-70%=2.283µs(n=2500000)|70-80%=2.617µs(n=2500000)|80-90%=2.286µs(n=2500000)|90-100%=2.516µs(n=2500000),12112.38,16786.18,309356956,450000218,165643936,284356282,0,0,0,0,0,0,0,0,0,0,0,0.0,0.0,0,0,0,0,4,insert_only_build,prehashed_ordered_insert_only,True,True,True,False,False,False,False,False,,,0,25000000,25000000,25000000,25000000,,prehashed_ordered_insert_only_25m,True,,25M
total_ref_5_smt.csv,total_ref_5_smt,222,current,,smt,proof_only_after_10k_build_sample_5pct,10000,10000,0,0,0,,0.0,0.0,0,0,0,0,790720,1581,634,3158,0,0,0,0,0,0,0,0.0,0.0,0,0,0,0,4,proof_only_after_build,proof_only_after_build,False,False,False,True,False,False,False,False,5.0,5.0,10000,0,10000,10000,10000,,proof_only_after_10k_build_sample_5pct,True,,10K
total_ref_5_smt.csv,total_ref_5_smt,223,current,,smt,proof_only_after_50k_build_sample_5pct,50000,50000,0,0,0,,0.0,0.0,0,0,0,0,3772966,1509,719,3435,0,0,0,0,0,0,0,0.0,0.0,0,0,0,0,4,proof_only_after_build,proof_only_after_build,False,False,False,True,False,False,False,False,5.0,5.0,50000,0,50000,50000,50000,,proof_only_after_50k_build_sample_5pct,True,,50K
total_ref_5_smt.csv,total_ref_5_smt,224,current,,smt,proof_only_after_100k_build_sample_5pct,100000,100000,0,0,0,,0.0,0.0,0,0,0,0,11364361,2272,759,4312,0,0,0,0,0,0,0,0.0,0.0,0,0,0,0,4,proof_only_after_build,proof_only_after_build,False,False,False,True,False,False,False,False,5.0,5.0,100000,0,100000,100000,100000,,proof_only_after_100k_build_sample_5pct,True,,100K
total_ref_5_smt.csv,total_ref_5_smt,225,current,,smt,proof_only_after_200k_build_sample_5pct,200000,200000,0,0,0,,0.0,0.0,0,0,0,0,23921613,2392,796,4611,0,0,0,0,0,0,0,0.0,0.0,0,0,0,0,4,proof_only_after_build,proof_only_after_build,False,False,False,True,False,False,False,False,5.0,5.0,200000,0,200000,200000,200000,,proof_only_after_200k_build_sample_5pct,True,,200K
total_ref_5_smt.csv,total_ref_5_smt,226,current,,smt,proof_only_after_300k_build_sample_5pct,300000,300000,0,0,0,,0.0,0.0,0,0,0,0,48472014,3231,818,4905,0,0,0,0,0,0,0,0.0,0.0,0,0,0,0,4,proof_only_after_build,proof_only_after_build,False,False,False,True,False,False,False,False,5.0,5.0,300000,0,300000,300000,300000,,proof_only_after_300k_build_sample_5pct,True,,300K
total_ref_5_smt.csv,total_ref_5_smt,227,current,,smt,proof_only_after_500k_build_sample_5pct,500000,500000,0,0,0,,0.0,0.0,0,0,0,0,87989200,3519,847,5200,0,0,0,0,0,0,0,0.0,0.0,0,0,0,0,4,proof_only_after_build,proof_only_after_build,False,False,False,True,False,False,False,False,5.0,5.0,500000,0,500000,500000,500000,,proof_only_after_500k_build_sample_5pct,True,,500K
total_ref_5_smt.csv,total_ref_5_smt,228,current,,smt,proof_only_after_700k_build_sample_5pct,700000,700000,0,0,0,,0.0,0.0,0,0,0,0,124319286,3551,865,4822,0,0,0,0,0,0,0,0.0,0.0,0,0,0,0,4,proof_only_after_build,proof_only_after_build,False,False,False,True,False,False,False,False,5.0,5.0,700000,0,700000,700000,700000,,proof_only_after_700k_build_sample_5pct,True,,700K
total_ref_5_smt.csv,total_ref_5_smt,229,current,,smt,proof_only_after_900k_build_sample_5pct,900000,900000,0,0,0,,0.0,0.0,0,0,0,0,172391519,3830,879,5470,0,0,0,0,0,0,0,0.0,0.0,0,0,0,0,4,proof_only_after_build,proof_only_after_build,False,False,False,True,False,False,False,False,5.0,5.0,900000,0,900000,900000,900000,,proof_only_after_900k_build_sample_5pct,True,,900K
total_ref_5_smt.csv,total_ref_5_smt,230,current,,smt,proof_only_after_1m_build_sample_5pct,1000000,1000000,0,0,0,,0.0,0.0,0,0,0,0,186657433,3733,885,5348,0,0,0,0,0,0,0,0.0,0.0,0,0,0,0,4,proof_only_after_build,proof_only_after_build,False,False,False,True,False,False,False,False,5.0,5.0,1000000,0,1000000,1000000,1000000,,proof_only_after_1m_build_sample_5pct,True,,1M
total_ref_5_smt.csv,total_ref_5_smt,231,current,,smt,proof_only_after_2m_build_sample_3pct,2000000,2000000,0,0,0,,0.0,0.0,0,0,0,0,246757585,4112,923,5889,0,0,0,0,0,0,0,0.0,0.0,0,0,0,0,4,proof_only_after_build,proof_only_after_build,False,False,False,True,False,False,False,False,3.0,3.0,2000000,0,2000000,2000000,2000000,,proof_only_after_2m_build_sample_3pct,True,,2M
total_ref_5_smt.csv,total_ref_5_smt,232,current,,smt,proof_only_after_5m_build_sample_3pct,5000000,5000000,0,0,0,,0.0,0.0,0,0,0,0,686523567,4576,973,6196,0,0,0,0,0,0,0,0.0,0.0,0,0,0,0,4,proof_only_after_build,proof_only_after_build,False,False,False,True,False,False,False,False,3.0,3.0,5000000,0,5000000,5000000,5000000,,proof_only_after_5m_build_sample_3pct,True,,5M
total_ref_5_smt.csv,total_ref_5_smt,233,current,,smt,proof_only_after_10m_build_sample_2pct,10000000,10000000,0,0,0,,0.0,0.0,0,0,0,0,1036545023,5182,1011,7471,0,0,0,0,0,0,0,0.0,0.0,0,0,0,0,4,proof_only_after_build,proof_only_after_build,False,False,False,True,False,False,False,False,2.0,2.0,10000000,0,10000000,10000000,10000000,,proof_only_after_10m_build_sample_2pct,True,,10M
total_ref_5_smt.csv,total_ref_5_smt,234,current,,smt,proof_only_after_25m_build_sample_2pct,25000000,25000000,0,0,0,,0.0,0.0,0,0,0,0,4610240712,9220,1061,8407,0,0,0,0,0,0,0,0.0,0.0,0,0,0,0,4,proof_only_after_build,proof_only_after_build,False,False,False,True,False,False,False,False,2.0,2.0,25000000,0,25000000,25000000,25000000,,proof_only_after_25m_build_sample_2pct,True,,25M
total_ref_5_smt.csv,total_ref_5_smt,235,current,,smt,build_10k_then_add_2k_new,10000,12000,2000,4673345,2336,0-10%=2.626µs(n=200)|10-20%=2.298µs(n=200)|20-30%=2.39µs(n=200)|30-40%=2.493µs(n=200)|40-50%=2.567µs(n=200)|50-60%=2.146µs(n=200)|60-70%=2.122µs(n=200)|70-80%=2.271µs(n=200)|80-90%=2.344µs(n=200)|90-100%=2.103µs(n=200),1.39,1.39,144221,36038,2552,33486,0,0,0,0,0,0,0,0,0,0,0,0.0,0.0,0,0,0,0,4,build_then_add_new,build_then_add_new,False,False,False,False,False,True,True,False,,,10000,2000,12000,10000,10000,2000,build_10k_then_add_2k_new,True,,10K
total_ref_5_smt.csv,total_ref_5_smt,236,current,,smt,build_50k_then_add_10k_new,50000,60000,10000,32920276,3292,0-10%=3.546µs(n=1000)|10-20%=3.207µs(n=1000)|20-30%=3.312µs(n=1000)|30-40%=3.514µs(n=1000)|40-50%=3.325µs(n=1000)|50-60%=3.16µs(n=1000)|60-70%=3.306µs(n=1000)|70-80%=3.222µs(n=1000)|80-90%=3.36µs(n=1000)|90-100%=2.963µs(n=1000),6.87,6.87,718028,180038,12753,167285,0,0,0,0,0,0,0,0,0,0,0,0.0,0.0,0,0,0,0,4,build_then_add_new,build_then_add_new,False,False,False,False,False,True,True,False,,,50000,10000,60000,50000,50000,10000,build_50k_then_add_10k_new,True,,50K
total_ref_5_smt.csv,total_ref_5_smt,237,current,,smt,build_100k_then_add_20k_new,100000,120000,20000,79777821,3988,0-10%=5.256µs(n=2000)|10-20%=4.456µs(n=2000)|20-30%=4.315µs(n=2000)|30-40%=3.872µs(n=2000)|40-50%=3.799µs(n=2000)|50-60%=3.716µs(n=2000)|60-70%=3.602µs(n=2000)|70-80%=3.656µs(n=2000)|80-90%=3.583µs(n=2000)|90-100%=3.628µs(n=2000),13.72,13.72,1435292,360038,25494,334544,0,0,0,0,0,0,0,0,0,0,0,0.0,0.0,0,0,0,0,4,build_then_add_new,build_then_add_new,False,False,False,False,False,True,True,False,,,100000,20000,120000,100000,100000,20000,build_100k_then_add_20k_new,True,,100K
total_ref_5_smt.csv,total_ref_5_smt,238,current,,smt,build_200k_then_add_40k_new,200000,240000,40000,172140606,4303,0-10%=5.188µs(n=4000)|10-20%=4.672µs(n=4000)|20-30%=4.53µs(n=4000)|30-40%=4.388µs(n=4000)|40-50%=4.332µs(n=4000)|50-60%=4.245µs(n=4000)|60-70%=4.131µs(n=4000)|70-80%=3.852µs(n=4000)|80-90%=3.832µs(n=4000)|90-100%=3.859µs(n=4000),27.43,27.43,2869749,720045,51049,668996,0,0,0,0,0,0,0,0,0,0,0,0.0,0.0,0,0,0,0,4,build_then_add_new,build_then_add_new,False,False,False,False,False,True,True,False,,,200000,40000,240000,200000,200000,40000,build_200k_then_add_40k_new,True,,200K
total_ref_5_smt.csv,total_ref_5_smt,239,current,,smt,build_300k_then_add_60k_new,300000,360000,60000,267831007,4463,0-10%=5.753µs(n=6000)|10-20%=5.049µs(n=6000)|20-30%=4.913µs(n=6000)|30-40%=4.369µs(n=6000)|40-50%=4.227µs(n=6000)|50-60%=4.124µs(n=6000)|60-70%=4.073µs(n=6000)|70-80%=4.044µs(n=6000)|80-90%=4.037µs(n=6000)|90-100%=4.044µs(n=6000),41.13,41.13,4304212,1080047,76595,1003452,0,0,0,0,0,0,0,0,0,0,0,0.0,0.0,0,0,0,0,4,build_then_add_new,build_then_add_new,False,False,False,False,False,True,True,False,,,300000,60000,360000,300000,300000,60000,build_300k_then_add_60k_new,True,,300K
total_ref_5_smt.csv,total_ref_5_smt,240,current,,smt,build_500k_then_add_100k_new,500000,600000,100000,499424520,4994,0-10%=6.07µs(n=10000)|10-20%=5.65µs(n=10000)|20-30%=5.478µs(n=10000)|30-40%=4.925µs(n=10000)|40-50%=4.762µs(n=10000)|50-60%=4.636µs(n=10000)|60-70%=4.568µs(n=10000)|70-80%=4.632µs(n=10000)|80-90%=4.607µs(n=10000)|90-100%=4.609µs(n=10000),68.51,68.51,7172693,1800050,128126,1671924,0,0,0,0,0,0,0,0,0,0,0,0.0,0.0,0,0,0,0,4,build_then_add_new,build_then_add_new,False,False,False,False,False,True,True,False,,,500000,100000,600000,500000,500000,100000,build_500k_then_add_100k_new,True,,500K
total_ref_5_smt.csv,total_ref_5_smt,241,current,,smt,build_700k_then_add_140k_new,700000,840000,140000,763268615,5451,0-10%=6.309µs(n=14000)|10-20%=5.66µs(n=14000)|20-30%=5.515µs(n=14000)|30-40%=5.385µs(n=14000)|40-50%=5.372µs(n=14000)|50-60%=5.354µs(n=14000)|60-70%=5.36µs(n=14000)|70-80%=5.361µs(n=14000)|80-90%=5.163µs(n=14000)|90-100%=5.034µs(n=14000),95.94,95.94,10041991,2520052,178844,2341208,0,0,0,0,0,0,0,0,0,0,0,0.0,0.0,0,0,0,0,4,build_then_add_new,build_then_add_new,False,False,False,False,False,True,True,False,,,700000,140000,840000,700000,700000,140000,build_700k_then_add_140k_new,True,,700K
total_ref_5_smt.csv,total_ref_5_smt,242,current,,smt,build_900k_then_add_180k_new,900000,1080000,180000,1006919622,5593,0-10%=6.567µs(n=18000)|10-20%=6.092µs(n=18000)|20-30%=5.885µs(n=18000)|30-40%=5.738µs(n=18000)|40-50%=5.459µs(n=18000)|50-60%=5.278µs(n=18000)|60-70%=5.247µs(n=18000)|70-80%=5.212µs(n=18000)|80-90%=5.225µs(n=18000)|90-100%=5.232µs(n=18000),123.33,123.33,12910638,3240053,230207,3009846,0,0,0,0,0,0,0,0,0,0,0,0.0,0.0,0,0,0,0,4,build_then_add_new,build_then_add_new,False,False,False,False,False,True,True,False,,,900000,180000,1080000,900000,900000,180000,build_900k_then_add_180k_new,True,,900K
total_ref_5_smt.csv,total_ref_5_smt,243,current,,smt,build_1m_then_add_200k_new,1000000,1200000,200000,1285899253,6429,0-10%=7.224µs(n=20000)|10-20%=7.136µs(n=20000)|20-30%=9.002µs(n=20000)|30-40%=6.383µs(n=20000)|40-50%=6.027µs(n=20000)|50-60%=5.933µs(n=20000)|60-70%=5.543µs(n=20000)|70-80%=5.287µs(n=20000)|80-90%=5.329µs(n=20000)|90-100%=6.427µs(n=20000),137.05,137.05,14345262,3600056,255593,3344463,0,0,0,0,0,0,0,0,0,0,0,0.0,0.0,0,0,0,0,4,build_then_add_new,build_then_add_new,False,False,False,False,False,True,True,False,,,1000000,200000,1200000,1000000,1000000,200000,build_1m_then_add_200k_new,True,,1M
total_ref_5_smt.csv,total_ref_5_smt,244,current,,smt,build_2m_then_add_400k_new,2000000,2400000,400000,2484985689,6212,0-10%=6.692µs(n=40000)|10-20%=6.324µs(n=40000)|20-30%=6.329µs(n=40000)|30-40%=6.121µs(n=40000)|40-50%=6.08µs(n=40000)|50-60%=6.147µs(n=40000)|60-70%=6.21µs(n=40000)|70-80%=6.196µs(n=40000)|80-90%=6.045µs(n=40000)|90-100%=5.976µs(n=40000),274.08,274.08,28689636,7200063,511238,6688825,0,0,0,0,0,0,0,0,0,0,0,0.0,0.0,0,0,0,0,4,build_then_add_new,build_then_add_new,False,False,False,False,False,True,True,False,,,2000000,400000,2400000,2000000,2000000,400000,build_2m_then_add_400k_new,True,,2M
total_ref_5_smt.csv,total_ref_5_smt,245,current,,smt,build_5m_then_add_1m_new,5000000,6000000,1000000,7256438884,7256,0-10%=7.642µs(n=100000)|10-20%=7.417µs(n=100000)|20-30%=7.344µs(n=100000)|30-40%=7.291µs(n=100000)|40-50%=7.305µs(n=100000)|50-60%=7.358µs(n=100000)|60-70%=7.209µs(n=100000)|70-80%=7.002µs(n=100000)|80-90%=6.994µs(n=100000)|90-100%=7µs(n=100000),685.2,685.2,71722951,18000074,1277893,16722181,0,0,0,0,0,0,0,0,0,0,0,0.0,0.0,0,0,0,0,4,build_then_add_new,build_then_add_new,False,False,False,False,False,True,True,False,,,5000000,1000000,6000000,5000000,5000000,1000000,build_5m_then_add_1m_new,True,,5M
total_ref_5_smt.csv,total_ref_5_smt,246,current,,smt,build_10m_then_add_2m_new,10000000,12000000,2000000,16138731608,8069,0-10%=8.588µs(n=200000)|10-20%=8.444µs(n=200000)|20-30%=8.145µs(n=200000)|30-40%=7.969µs(n=200000)|40-50%=7.984µs(n=200000)|50-60%=7.984µs(n=200000)|60-70%=7.949µs(n=200000)|70-80%=8.048µs(n=200000)|80-90%=7.822µs(n=200000)|90-100%=7.756µs(n=200000),1370.35,1370.35,143443493,36000121,2557404,33442717,0,0,0,0,0,0,0,0,0,0,0,0.0,0.0,0,0,0,0,4,build_then_add_new,build_then_add_new,False,False,False,False,False,True,True,False,,,10000000,2000000,12000000,10000000,10000000,2000000,build_10m_then_add_2m_new,True,,10M
total_ref_5_smt.csv,total_ref_5_smt,247,current,,smt,build_25m_then_add_5m_new,25000000,30000000,5000000,49915178039,9983,0-10%=10.06µs(n=500000)|10-20%=10.201µs(n=500000)|20-30%=10.087µs(n=500000)|30-40%=9.928µs(n=500000)|40-50%=9.928µs(n=500000)|50-60%=9.871µs(n=500000)|60-70%=9.933µs(n=500000)|70-80%=10.105µs(n=500000)|80-90%=9.875µs(n=500000)|90-100%=9.837µs(n=500000),3426.27,3426.27,358607644,90000270,6393418,83606852,0,0,0,0,0,0,0,0,0,0,0,0.0,0.0,0,0,0,0,4,build_then_add_new,build_then_add_new,False,False,False,False,False,True,True,False,,,25000000,5000000,30000000,25000000,25000000,5000000,build_25m_then_add_5m_new,True,,25M
total_ref_5_smt.csv,total_ref_5_smt,248,current,,smt,build_10k_then_reinsert_2k_existing,10000,10000,2000,4808844,2404,0-10%=3.06µs(n=200)|10-20%=2.495µs(n=200)|20-30%=2.322µs(n=200)|30-40%=2.308µs(n=200)|40-50%=2.357µs(n=200)|50-60%=2.425µs(n=200)|60-70%=2.206µs(n=200)|70-80%=2.222µs(n=200)|80-90%=2.344µs(n=200)|90-100%=2.296µs(n=200),0.27,0.27,119833,10038,1001,9037,0,0,0,0,0,0,0,0,0,0,0,0.0,0.0,0,0,0,0,4,build_then_reinsert_existing,build_then_reinsert_existing,False,False,False,False,False,False,False,True,,,10000,2000,10000,10000,10000,2000,build_10k_then_reinsert_2k_existing,True,,10K
total_ref_5_smt.csv,total_ref_5_smt,249,current,,smt,build_50k_then_reinsert_10k_existing,50000,50000,10000,30356907,3035,0-10%=3.53µs(n=1000)|10-20%=3.239µs(n=1000)|20-30%=3.054µs(n=1000)|30-40%=3.125µs(n=1000)|40-50%=2.889µs(n=1000)|50-60%=3.031µs(n=1000)|60-70%=2.889µs(n=1000)|70-80%=2.864µs(n=1000)|80-90%=2.89µs(n=1000)|90-100%=2.84µs(n=1000),1.31,1.31,595843,50038,5001,45037,0,0,0,0,0,0,0,0,0,0,0,0.0,0.0,0,0,0,0,4,build_then_reinsert_existing,build_then_reinsert_existing,False,False,False,False,False,False,False,True,,,50000,10000,50000,50000,50000,10000,build_50k_then_reinsert_10k_existing,True,,50K
total_ref_5_smt.csv,total_ref_5_smt,250,current,,smt,build_100k_then_reinsert_20k_existing,100000,100000,20000,71981129,3599,0-10%=4.23µs(n=2000)|10-20%=3.873µs(n=2000)|20-30%=3.736µs(n=2000)|30-40%=3.631µs(n=2000)|40-50%=3.554µs(n=2000)|50-60%=3.522µs(n=2000)|60-70%=3.447µs(n=2000)|70-80%=3.36µs(n=2000)|80-90%=3.294µs(n=2000)|90-100%=3.338µs(n=2000),2.61,2.61,1190851,100038,10001,90037,0,0,0,0,0,0,0,0,0,0,0,0.0,0.0,0,0,0,0,4,build_then_reinsert_existing,build_then_reinsert_existing,False,False,False,False,False,False,False,True,,,100000,20000,100000,100000,100000,20000,build_100k_then_reinsert_20k_existing,True,,100K
total_ref_5_smt.csv,total_ref_5_smt,251,current,,smt,build_200k_then_reinsert_40k_existing,200000,200000,40000,159188418,3979,0-10%=4.78µs(n=4000)|10-20%=4.269µs(n=4000)|20-30%=4.044µs(n=4000)|30-40%=3.975µs(n=4000)|40-50%=3.942µs(n=4000)|50-60%=3.858µs(n=4000)|60-70%=3.823µs(n=4000)|70-80%=3.787µs(n=4000)|80-90%=3.671µs(n=4000)|90-100%=3.643µs(n=4000),5.22,5.22,2380863,200045,20001,180044,0,0,0,0,0,0,0,0,0,0,0,0.0,0.0,0,0,0,0,4,build_then_reinsert_existing,build_then_reinsert_existing,False,False,False,False,False,False,False,True,,,200000,40000,200000,200000,200000,40000,build_200k_then_reinsert_40k_existing,True,,200K
total_ref_5_smt.csv,total_ref_5_smt,252,current,,smt,build_300k_then_reinsert_60k_existing,300000,300000,60000,253459879,4224,0-10%=5.148µs(n=6000)|10-20%=4.566µs(n=6000)|20-30%=4.371µs(n=6000)|30-40%=4.231µs(n=6000)|40-50%=4.148µs(n=6000)|50-60%=4.084µs(n=6000)|60-70%=4.019µs(n=6000)|70-80%=3.913µs(n=6000)|80-90%=3.883µs(n=6000)|90-100%=3.875µs(n=6000),7.81,7.81,3570877,300047,30001,270046,0,0,0,0,0,0,0,0,0,0,0,0.0,0.0,0,0,0,0,4,build_then_reinsert_existing,build_then_reinsert_existing,False,False,False,False,False,False,False,True,,,300000,60000,300000,300000,300000,60000,build_300k_then_reinsert_60k_existing,True,,300K
total_ref_5_smt.csv,total_ref_5_smt,253,current,,smt,build_500k_then_reinsert_100k_existing,500000,500000,100000,474112534,4741,0-10%=5.5µs(n=10000)|10-20%=5.15µs(n=10000)|20-30%=5.377µs(n=10000)|30-40%=4.695µs(n=10000)|40-50%=4.579µs(n=10000)|50-60%=4.508µs(n=10000)|60-70%=4.429µs(n=10000)|70-80%=4.394µs(n=10000)|80-90%=4.321µs(n=10000)|90-100%=4.454µs(n=10000),13.01,13.01,5950890,500050,50001,450049,0,0,0,0,0,0,0,0,0,0,0,0.0,0.0,0,0,0,0,4,build_then_reinsert_existing,build_then_reinsert_existing,False,False,False,False,False,False,False,True,,,500000,100000,500000,500000,500000,100000,build_500k_then_reinsert_100k_existing,True,,500K
total_ref_5_smt.csv,total_ref_5_smt,254,current,,smt,build_700k_then_reinsert_140k_existing,700000,700000,140000,735716114,5255,0-10%=5.658µs(n=14000)|10-20%=5.06µs(n=14000)|20-30%=5.534µs(n=14000)|30-40%=4.9µs(n=14000)|40-50%=4.941µs(n=14000)|50-60%=4.853µs(n=14000)|60-70%=4.816µs(n=14000)|70-80%=5.451µs(n=14000)|80-90%=5.678µs(n=14000)|90-100%=5.656µs(n=14000),18.2,18.2,8330896,700052,70001,630051,0,0,0,0,0,0,0,0,0,0,0,0.0,0.0,0,0,0,0,4,build_then_reinsert_existing,build_then_reinsert_existing,False,False,False,False,False,False,False,True,,,700000,140000,700000,700000,700000,140000,build_700k_then_reinsert_140k_existing,True,,700K
total_ref_5_smt.csv,total_ref_5_smt,255,current,,smt,build_900k_then_reinsert_180k_existing,900000,900000,180000,942313276,5235,0-10%=5.806µs(n=18000)|10-20%=5.291µs(n=18000)|20-30%=5.194µs(n=18000)|30-40%=5.078µs(n=18000)|40-50%=5.061µs(n=18000)|50-60%=5.054µs(n=18000)|60-70%=5.059µs(n=18000)|70-80%=5.176µs(n=18000)|80-90%=5.532µs(n=18000)|90-100%=5.094µs(n=18000),23.4,23.4,10710903,900053,90001,810052,0,0,0,0,0,0,0,0,0,0,0,0.0,0.0,0,0,0,0,4,build_then_reinsert_existing,build_then_reinsert_existing,False,False,False,False,False,False,False,True,,,900000,180000,900000,900000,900000,180000,build_900k_then_reinsert_180k_existing,True,,900K
total_ref_5_smt.csv,total_ref_5_smt,256,current,,smt,build_1m_then_reinsert_200k_existing,1000000,1000000,200000,1056261582,5281,0-10%=5.831µs(n=20000)|10-20%=5.301µs(n=20000)|20-30%=5.209µs(n=20000)|30-40%=5.307µs(n=20000)|40-50%=5.222µs(n=20000)|50-60%=5.173µs(n=20000)|60-70%=5.16µs(n=20000)|70-80%=5.495µs(n=20000)|80-90%=5.063µs(n=20000)|90-100%=5.046µs(n=20000),25.99,25.99,11900911,1000053,100001,900052,0,0,0,0,0,0,0,0,0,0,0,0.0,0.0,0,0,0,0,4,build_then_reinsert_existing,build_then_reinsert_existing,False,False,False,False,False,False,False,True,,,1000000,200000,1000000,1000000,1000000,200000,build_1m_then_reinsert_200k_existing,True,,1M
total_ref_5_smt.csv,total_ref_5_smt,257,current,,smt,build_2m_then_reinsert_400k_existing,2000000,2000000,400000,2308402829,5771,0-10%=6.153µs(n=40000)|10-20%=5.708µs(n=40000)|20-30%=5.678µs(n=40000)|30-40%=5.733µs(n=40000)|40-50%=5.724µs(n=40000)|50-60%=5.642µs(n=40000)|60-70%=5.68µs(n=40000)|70-80%=5.677µs(n=40000)|80-90%=5.89µs(n=40000)|90-100%=5.82µs(n=40000),51.98,51.98,23800926,2000062,200001,1800061,0,0,0,0,0,0,0,0,0,0,0,0.0,0.0,0,0,0,0,4,build_then_reinsert_existing,build_then_reinsert_existing,False,False,False,False,False,False,False,True,,,2000000,400000,2000000,2000000,2000000,400000,build_2m_then_reinsert_400k_existing,True,,2M
total_ref_5_smt.csv,total_ref_5_smt,258,current,,smt,build_5m_then_reinsert_1m_existing,5000000,5000000,1000000,6689204059,6689,0-10%=7.017µs(n=100000)|10-20%=6.6µs(n=100000)|20-30%=6.712µs(n=100000)|30-40%=6.688µs(n=100000)|40-50%=6.654µs(n=100000)|50-60%=6.604µs(n=100000)|60-70%=6.654µs(n=100000)|70-80%=6.658µs(n=100000)|80-90%=6.638µs(n=100000)|90-100%=6.663µs(n=100000),129.95,129.95,59500892,5000080,500001,4500079,0,0,0,0,0,0,0,0,0,0,0,0.0,0.0,0,0,0,0,4,build_then_reinsert_existing,build_then_reinsert_existing,False,False,False,False,False,False,False,True,,,5000000,1000000,5000000,5000000,5000000,1000000,build_5m_then_reinsert_1m_existing,True,,5M
total_ref_5_smt.csv,total_ref_5_smt,259,current,,smt,build_10m_then_reinsert_2m_existing,10000000,10000000,2000000,15123078511,7561,0-10%=7.615µs(n=200000)|10-20%=7.609µs(n=200000)|20-30%=7.545µs(n=200000)|30-40%=7.563µs(n=200000)|40-50%=7.545µs(n=200000)|50-60%=7.614µs(n=200000)|60-70%=7.676µs(n=200000)|70-80%=7.474µs(n=200000)|80-90%=7.479µs(n=200000)|90-100%=7.49µs(n=200000),259.92,259.92,119000937,10000115,1000001,9000114,0,0,0,0,0,0,0,0,0,0,0,0.0,0.0,0,0,0,0,4,build_then_reinsert_existing,build_then_reinsert_existing,False,False,False,False,False,False,False,True,,,10000000,2000000,10000000,10000000,10000000,2000000,build_10m_then_reinsert_2m_existing,True,,10M
total_ref_5_smt.csv,total_ref_5_smt,260,current,,smt,build_25m_then_reinsert_5m_existing,25000000,25000000,5000000,45078794834,9015,0-10%=9.219µs(n=500000)|10-20%=9.091µs(n=500000)|20-30%=9.116µs(n=500000)|30-40%=8.982µs(n=500000)|40-50%=8.941µs(n=500000)|50-60%=8.946µs(n=500000)|60-70%=9.055µs(n=500000)|70-80%=8.99µs(n=500000)|80-90%=8.948µs(n=500000)|90-100%=8.865µs(n=500000),650.12,650.12,297501078,25000256,2500001,22500255,0,0,0,0,0,0,0,0,0,0,0,0.0,0.0,0,0,0,0,4,build_then_reinsert_existing,build_then_reinsert_existing,False,False,False,False,False,False,False,True,,,25000000,5000000,25000000,25000000,25000000,5000000,build_25m_then_reinsert_5m_existing,True,,25M
total_ref_5_smt.csv,total_ref_5_smt,261,current,,smt,insert_only_build_10k,0,10000,10000,22806790,2280,0-10%=1.753µs(n=1000)|10-20%=1.806µs(n=1000)|20-30%=1.929µs(n=1000)|30-40%=2.563µs(n=1000)|40-50%=2.321µs(n=1000)|50-60%=2.193µs(n=1000)|60-70%=3.041µs(n=1000)|70-80%=2.344µs(n=1000)|80-90%=2.387µs(n=1000)|90-100%=2.464µs(n=1000),5.63,6.87,129530,180037,51056,128981,0,0,0,0,0,0,0,0,0,0,0,0.0,0.0,0,0,0,0,5,insert_only_build,insert_only_build,False,False,True,False,False,False,False,False,,,0,10000,10000,10000,10000,,insert_only_build_10k,True,,10K
total_ref_5_smt.csv,total_ref_5_smt,262,current,,smt,insert_only_build_50k,0,50000,50000,127679844,2553,0-10%=2.059µs(n=5000)|10-20%=2.313µs(n=5000)|20-30%=2.522µs(n=5000)|30-40%=2.459µs(n=5000)|40-50%=2.56µs(n=5000)|50-60%=2.765µs(n=5000)|60-70%=2.562µs(n=5000)|70-80%=2.63µs(n=5000)|80-90%=2.674µs(n=5000)|90-100%=2.986µs(n=5000),25.94,34.31,573128,900060,327494,572566,0,0,0,0,0,0,0,0,0,0,0,0.0,0.0,0,0,0,0,5,insert_only_build,insert_only_build,False,False,True,False,False,False,False,False,,,0,50000,50000,50000,50000,,insert_only_build_50k,True,,50K
total_ref_5_smt.csv,total_ref_5_smt,263,current,,smt,insert_only_build_100k,0,100000,100000,264557773,2645,0-10%=2.09µs(n=10000)|10-20%=2.398µs(n=10000)|20-30%=2.543µs(n=10000)|30-40%=2.504µs(n=10000)|40-50%=2.587µs(n=10000)|50-60%=2.753µs(n=10000)|60-70%=2.72µs(n=10000)|70-80%=2.827µs(n=10000)|80-90%=2.859µs(n=10000)|90-100%=3.169µs(n=10000),52.16,68.52,1157237,1800035,643389,1156646,0,0,0,0,0,0,0,0,0,0,0,0.0,0.0,0,0,0,0,5,insert_only_build,insert_only_build,False,False,True,False,False,False,False,False,,,0,100000,100000,100000,100000,,insert_only_build_100k,True,,100K
total_ref_5_smt.csv,total_ref_5_smt,264,current,,smt,insert_only_build_200k,0,200000,200000,641885448,3209,0-10%=2.376µs(n=20000)|10-20%=2.602µs(n=20000)|20-30%=2.826µs(n=20000)|30-40%=2.864µs(n=20000)|40-50%=3.258µs(n=20000)|50-60%=3.323µs(n=20000)|60-70%=3.376µs(n=20000)|70-80%=3.741µs(n=20000)|80-90%=3.906µs(n=20000)|90-100%=3.818µs(n=20000),108.6,137.03,2449089,3600040,1151554,2448486,0,0,0,0,0,0,0,0,0,0,0,0.0,0.0,0,0,0,0,5,insert_only_build,insert_only_build,False,False,True,False,False,False,False,False,,,0,200000,200000,200000,200000,,insert_only_build_200k,True,,200K
total_ref_5_smt.csv,total_ref_5_smt,265,current,,smt,insert_only_build_300k,0,300000,300000,1108651548,3695,0-10%=2.532µs(n=30000)|10-20%=3.329µs(n=30000)|20-30%=3.561µs(n=30000)|30-40%=3.43µs(n=30000)|40-50%=3.4µs(n=30000)|50-60%=4µs(n=30000)|60-70%=3.826µs(n=30000)|70-80%=3.945µs(n=30000)|80-90%=4.149µs(n=30000)|90-100%=4.778µs(n=30000),156.85,205.56,3482098,5400053,1918565,3481488,0,0,0,0,0,0,0,0,0,0,0,0.0,0.0,0,0,0,0,5,insert_only_build,insert_only_build,False,False,True,False,False,False,False,False,,,0,300000,300000,300000,300000,,insert_only_build_300k,True,,300K
total_ref_5_smt.csv,total_ref_5_smt,266,current,,smt,insert_only_build_500k,0,500000,500000,2044969284,4089,0-10%=2.582µs(n=50000)|10-20%=3.185µs(n=50000)|20-30%=3.481µs(n=50000)|30-40%=4.089µs(n=50000)|40-50%=3.997µs(n=50000)|50-60%=4.821µs(n=50000)|60-70%=4.172µs(n=50000)|70-80%=4.211µs(n=50000)|80-90%=4.963µs(n=50000)|90-100%=5.393µs(n=50000),258.17,342.56,5700571,9000048,3300098,5699950,0,0,0,0,0,0,0,0,0,0,0,0.0,0.0,0,0,0,0,5,insert_only_build,insert_only_build,False,False,True,False,False,False,False,False,,,0,500000,500000,500000,500000,,insert_only_build_500k,True,,500K
total_ref_5_smt.csv,total_ref_5_smt,267,current,,smt,insert_only_build_700k,0,700000,700000,3355876485,4794,0-10%=2.774µs(n=70000)|10-20%=3.326µs(n=70000)|20-30%=4.054µs(n=70000)|30-40%=4.743µs(n=70000)|40-50%=4.713µs(n=70000)|50-60%=4.634µs(n=70000)|60-70%=5.218µs(n=70000)|70-80%=5.492µs(n=70000)|80-90%=5.185µs(n=70000)|90-100%=7.799µs(n=70000),394.92,479.56,9036665,12600051,3564018,9036033,0,0,0,0,0,0,0,0,0,0,0,0.0,0.0,0,0,0,0,5,insert_only_build,insert_only_build,False,False,True,False,False,False,False,False,,,0,700000,700000,700000,700000,,insert_only_build_700k,True,,700K
total_ref_5_smt.csv,total_ref_5_smt,268,current,,smt,insert_only_build_900k,0,900000,900000,4272121431,4746,0-10%=2.613µs(n=90000)|10-20%=3.676µs(n=90000)|20-30%=4.175µs(n=90000)|30-40%=4.665µs(n=90000)|40-50%=4.723µs(n=90000)|50-60%=5.507µs(n=90000)|60-70%=5.153µs(n=90000)|70-80%=5.353µs(n=90000)|80-90%=5.596µs(n=90000)|90-100%=6.002µs(n=90000),474.03,616.59,10553863,16200057,5646832,10553225,0,0,0,0,0,0,0,0,0,0,0,0.0,0.0,0,0,0,0,5,insert_only_build,insert_only_build,False,False,True,False,False,False,False,False,,,0,900000,900000,900000,900000,,insert_only_build_900k,True,,900K
total_ref_5_smt.csv,total_ref_5_smt,269,current,,smt,insert_only_build_1m,0,1000000,1000000,4274015071,4274,0-10%=2.653µs(n=100000)|10-20%=3.377µs(n=100000)|20-30%=3.789µs(n=100000)|30-40%=4.109µs(n=100000)|40-50%=4.489µs(n=100000)|50-60%=4.4µs(n=100000)|60-70%=4.411µs(n=100000)|70-80%=4.782µs(n=100000)|80-90%=5.426µs(n=100000)|90-100%=5.299µs(n=100000),541.73,685.07,12201133,18000064,5799574,12200490,0,0,0,0,0,0,0,0,0,0,0,0.0,0.0,0,0,0,0,5,insert_only_build,insert_only_build,False,False,True,False,False,False,False,False,,,0,1000000,1000000,1000000,1000000,,insert_only_build_1m,True,,1M
total_ref_5_smt.csv,total_ref_5_smt,270,current,,smt,insert_only_build_2m,0,2000000,2000000,10428323216,5214,0-10%=3.556µs(n=200000)|10-20%=5.093µs(n=200000)|20-30%=5.027µs(n=200000)|30-40%=4.682µs(n=200000)|40-50%=5.293µs(n=200000)|50-60%=5.368µs(n=200000)|60-70%=5.705µs(n=200000)|70-80%=5.834µs(n=200000)|80-90%=5.735µs(n=200000)|90-100%=5.844µs(n=200000),1124.48,1370.22,25693039,36000087,10307704,25692383,0,0,0,0,0,0,0,0,0,0,0,0.0,0.0,0,0,0,0,5,insert_only_build,insert_only_build,False,False,True,False,False,False,False,False,,,0,2000000,2000000,2000000,2000000,,insert_only_build_2m,True,,2M
total_ref_5_smt.csv,total_ref_5_smt,271,current,,smt,insert_only_build_5m,0,5000000,5000000,29322835311,5864,0-10%=3.697µs(n=500000)|10-20%=4.83µs(n=500000)|20-30%=5.263µs(n=500000)|30-40%=5.603µs(n=500000)|40-50%=6.273µs(n=500000)|50-60%=6.178µs(n=500000)|60-70%=6.335µs(n=500000)|70-80%=6.465µs(n=500000)|80-90%=7.219µs(n=500000)|90-100%=6.777µs(n=500000),2699.08,3425.54,60694324,90000164,29306506,60693658,0,0,0,0,0,0,0,0,0,0,0,0.0,0.0,0,0,0,0,5,insert_only_build,insert_only_build,False,False,True,False,False,False,False,False,,,0,5000000,5000000,5000000,5000000,,insert_only_build_5m,True,,5M
total_ref_5_smt.csv,total_ref_5_smt,272,current,,smt,insert_only_build_10m,0,10000000,10000000,66040911932,6604,0-10%=4.302µs(n=1000000)|10-20%=5.342µs(n=1000000)|20-30%=6.001µs(n=1000000)|30-40%=6.305µs(n=1000000)|40-50%=7.031µs(n=1000000)|50-60%=6.895µs(n=1000000)|60-70%=7.255µs(n=1000000)|70-80%=7.698µs(n=1000000)|80-90%=7.529µs(n=1000000)|90-100%=7.678µs(n=1000000),5583.9,6851.31,127240057,180000319,52760937,127239382,0,0,0,0,0,0,0,0,0,0,0,0.0,0.0,0,0,0,0,5,insert_only_build,insert_only_build,False,False,True,False,False,False,False,False,,,0,10000000,10000000,10000000,10000000,,insert_only_build_10m,True,,10M
total_ref_5_smt.csv,total_ref_5_smt,273,current,,smt,insert_only_build_25m,0,25000000,25000000,199862407818,7994,0-10%=5.115µs(n=2500000)|10-20%=6.458µs(n=2500000)|20-30%=7.202µs(n=2500000)|30-40%=7.705µs(n=2500000)|40-50%=8.316µs(n=2500000)|50-60%=8.423µs(n=2500000)|60-70%=8.638µs(n=2500000)|70-80%=9.209µs(n=2500000)|80-90%=9.496µs(n=2500000)|90-100%=9.377µs(n=2500000),13515.84,17129.53,304057481,450000923,145944128,304056795,0,0,0,0,0,0,0,0,0,0,0,0.0,0.0,0,0,0,0,5,insert_only_build,insert_only_build,False,False,True,False,False,False,False,False,,,0,25000000,25000000,25000000,25000000,,insert_only_build_25m,True,,25M
total_ref_5_smt.csv,total_ref_5_smt,274,current,,smt,prehashed_ordered_insert_only_10k,0,10000,10000,15505739,1550,0-10%=1.135µs(n=1000)|10-20%=1.26µs(n=1000)|20-30%=2.081µs(n=1000)|30-40%=1.415µs(n=1000)|40-50%=1.47µs(n=1000)|50-60%=1.221µs(n=1000)|60-70%=2.559µs(n=1000)|70-80%=1.443µs(n=1000)|80-90%=1.409µs(n=1000)|90-100%=1.508µs(n=1000),4.97,6.73,129271,180021,61457,118564,0,0,0,0,0,0,0,0,0,0,0,0.0,0.0,0,0,0,0,5,insert_only_build,prehashed_ordered_insert_only,True,True,True,False,False,False,False,False,,,0,10000,10000,10000,10000,,prehashed_ordered_insert_only_10k,True,,10K
total_ref_5_smt.csv,total_ref_5_smt,275,current,,smt,prehashed_ordered_insert_only_50k,0,50000,50000,76767519,1535,0-10%=1.42µs(n=5000)|10-20%=1.532µs(n=5000)|20-30%=1.58µs(n=5000)|30-40%=1.427µs(n=5000)|40-50%=1.826µs(n=5000)|50-60%=1.303µs(n=5000)|60-70%=1.714µs(n=5000)|70-80%=1.471µs(n=5000)|80-90%=1.496µs(n=5000)|90-100%=1.579µs(n=5000),27.9,33.57,640417,899992,260223,639769,0,0,0,0,0,0,0,0,0,0,0,0.0,0.0,0,0,0,0,5,insert_only_build,prehashed_ordered_insert_only,True,True,True,False,False,False,False,False,,,0,50000,50000,50000,50000,,prehashed_ordered_insert_only_50k,True,,50K
total_ref_5_smt.csv,total_ref_5_smt,276,current,,smt,prehashed_ordered_insert_only_100k,0,100000,100000,156402227,1564,0-10%=1.535µs(n=10000)|10-20%=1.511µs(n=10000)|20-30%=1.552µs(n=10000)|30-40%=1.687µs(n=10000)|40-50%=1.598µs(n=10000)|50-60%=1.363µs(n=10000)|60-70%=1.696µs(n=10000)|70-80%=1.513µs(n=10000)|80-90%=1.54µs(n=10000)|90-100%=1.64µs(n=10000),49.94,67.18,1286653,1800036,614008,1186028,0,0,0,0,0,0,0,0,0,0,0,0.0,0.0,0,0,0,0,5,insert_only_build,prehashed_ordered_insert_only,True,True,True,False,False,False,False,False,,,0,100000,100000,100000,100000,,prehashed_ordered_insert_only_100k,True,,100K
total_ref_5_smt.csv,total_ref_5_smt,277,current,,smt,prehashed_ordered_insert_only_200k,0,200000,200000,322711007,1613,0-10%=1.43µs(n=20000)|10-20%=1.564µs(n=20000)|20-30%=1.631µs(n=20000)|30-40%=1.559µs(n=20000)|40-50%=1.802µs(n=20000)|50-60%=1.452µs(n=20000)|60-70%=1.511µs(n=20000)|70-80%=1.558µs(n=20000)|80-90%=1.905µs(n=20000)|90-100%=1.72µs(n=20000),93.82,134.32,2374440,3600040,1426231,2173809,0,0,0,0,0,0,0,0,0,0,0,0.0,0.0,0,0,0,0,5,insert_only_build,prehashed_ordered_insert_only,True,True,True,False,False,False,False,False,,,0,200000,200000,200000,200000,,prehashed_ordered_insert_only_200k,True,,200K
total_ref_5_smt.csv,total_ref_5_smt,278,current,,smt,prehashed_ordered_insert_only_300k,0,300000,300000,507195147,1690,0-10%=1.405µs(n=30000)|10-20%=1.627µs(n=30000)|20-30%=1.598µs(n=30000)|30-40%=1.701µs(n=30000)|40-50%=1.794µs(n=30000)|50-60%=1.607µs(n=30000)|60-70%=1.849µs(n=30000)|70-80%=1.704µs(n=30000)|80-90%=1.76µs(n=30000)|90-100%=1.857µs(n=30000),151.98,201.44,3930361,5400004,1770318,3629686,0,0,0,0,0,0,0,0,0,0,0,0.0,0.0,0,0,0,0,5,insert_only_build,prehashed_ordered_insert_only,True,True,True,False,False,False,False,False,,,0,300000,300000,300000,300000,,prehashed_ordered_insert_only_300k,True,,300K
total_ref_5_smt.csv,total_ref_5_smt,279,current,,smt,prehashed_ordered_insert_only_500k,0,500000,500000,902055492,1804,0-10%=1.584µs(n=50000)|10-20%=1.63µs(n=50000)|20-30%=1.759µs(n=50000)|30-40%=1.761µs(n=50000)|40-50%=2.01µs(n=50000)|50-60%=1.672µs(n=50000)|60-70%=1.793µs(n=50000)|70-80%=2.044µs(n=50000)|80-90%=1.753µs(n=50000)|90-100%=2.03µs(n=50000),241.04,335.73,6148260,9000041,3352428,5647613,0,0,0,0,0,0,0,0,0,0,0,0.0,0.0,0,0,0,0,5,insert_only_build,prehashed_ordered_insert_only,True,True,True,False,False,False,False,False,,,0,500000,500000,500000,500000,,prehashed_ordered_insert_only_500k,True,,500K
total_ref_5_smt.csv,total_ref_5_smt,280,current,,smt,prehashed_ordered_insert_only_700k,0,700000,700000,1263605085,1805,0-10%=1.629µs(n=70000)|10-20%=1.643µs(n=70000)|20-30%=1.81µs(n=70000)|30-40%=1.791µs(n=70000)|40-50%=2.02µs(n=70000)|50-60%=1.655µs(n=70000)|60-70%=1.752µs(n=70000)|70-80%=2.037µs(n=70000)|80-90%=1.797µs(n=70000)|90-100%=1.913µs(n=70000),342.95,470.01,8787240,12600045,4513454,8086591,0,0,0,0,0,0,0,0,0,0,0,0.0,0.0,0,0,0,0,5,insert_only_build,prehashed_ordered_insert_only,True,True,True,False,False,False,False,False,,,0,700000,700000,700000,700000,,prehashed_ordered_insert_only_700k,True,,700K
total_ref_5_smt.csv,total_ref_5_smt,281,current,,smt,prehashed_ordered_insert_only_900k,0,900000,900000,1656498660,1840,0-10%=1.632µs(n=90000)|10-20%=1.676µs(n=90000)|20-30%=1.842µs(n=90000)|30-40%=1.808µs(n=90000)|40-50%=2.092µs(n=90000)|50-60%=1.707µs(n=90000)|60-70%=1.808µs(n=90000)|70-80%=2.013µs(n=90000)|80-90%=1.906µs(n=90000)|90-100%=1.917µs(n=90000),430.95,604.27,10970717,16200035,6129982,10070053,0,0,0,0,0,0,0,0,0,0,0,0.0,0.0,0,0,0,0,5,insert_only_build,prehashed_ordered_insert_only,True,True,True,False,False,False,False,False,,,0,900000,900000,900000,900000,,prehashed_ordered_insert_only_900k,True,,900K
total_ref_5_smt.csv,total_ref_5_smt,282,current,,smt,prehashed_ordered_insert_only_1m,0,1000000,1000000,1845008464,1845,0-10%=1.626µs(n=100000)|10-20%=1.7µs(n=100000)|20-30%=1.889µs(n=100000)|30-40%=1.828µs(n=100000)|40-50%=2.073µs(n=100000)|50-60%=1.658µs(n=100000)|60-70%=1.77µs(n=100000)|70-80%=2.023µs(n=100000)|80-90%=1.954µs(n=100000)|90-100%=1.924µs(n=100000),478.48,671.44,12177742,18000048,6822966,11177082,0,0,0,0,0,0,0,0,0,0,0,0.0,0.0,0,0,0,0,5,insert_only_build,prehashed_ordered_insert_only,True,True,True,False,False,False,False,False,,,0,1000000,1000000,1000000,1000000,,prehashed_ordered_insert_only_1m,True,,1M
total_ref_5_smt.csv,total_ref_5_smt,283,current,,smt,prehashed_ordered_insert_only_2m,0,2000000,2000000,3791546947,1895,0-10%=1.685µs(n=200000)|10-20%=1.835µs(n=200000)|20-30%=1.908µs(n=200000)|30-40%=1.841µs(n=200000)|40-50%=2.112µs(n=200000)|50-60%=1.699µs(n=200000)|60-70%=1.805µs(n=200000)|70-80%=2.083µs(n=200000)|80-90%=1.963µs(n=200000)|90-100%=2.021µs(n=200000),958.72,1342.9,24412089,36000055,13588635,22411420,0,0,0,0,0,0,0,0,0,0,0,0.0,0.0,0,0,0,0,5,insert_only_build,prehashed_ordered_insert_only,True,True,True,False,False,False,False,False,,,0,2000000,2000000,2000000,2000000,,prehashed_ordered_insert_only_2m,True,,2M
total_ref_5_smt.csv,total_ref_5_smt,284,current,,smt,prehashed_ordered_insert_only_5m,0,5000000,5000000,9993886344,1998,0-10%=1.766µs(n=500000)|10-20%=1.845µs(n=500000)|20-30%=2.036µs(n=500000)|30-40%=1.937µs(n=500000)|40-50%=2.216µs(n=500000)|50-60%=1.789µs(n=500000)|60-70%=1.914µs(n=500000)|70-80%=2.297µs(n=500000)|80-90%=1.999µs(n=500000)|90-100%=2.183µs(n=500000),2443.61,3357.28,62563371,90000076,32437379,57562697,0,0,0,0,0,0,0,0,0,0,0,0.0,0.0,0,0,0,0,5,insert_only_build,prehashed_ordered_insert_only,True,True,True,False,False,False,False,False,,,0,5000000,5000000,5000000,5000000,,prehashed_ordered_insert_only_5m,True,,5M
total_ref_5_smt.csv,total_ref_5_smt,285,current,,smt,prehashed_ordered_insert_only_10m,0,10000000,10000000,20293657355,2029,0-10%=1.831µs(n=1000000)|10-20%=1.904µs(n=1000000)|20-30%=2.065µs(n=1000000)|30-40%=1.999µs(n=1000000)|40-50%=2.289µs(n=1000000)|50-60%=1.828µs(n=1000000)|60-70%=1.922µs(n=1000000)|70-80%=1.961µs(n=1000000)|80-90%=2.366µs(n=1000000)|90-100%=2.123µs(n=1000000),4749.97,6714.54,120629015,180000117,69371779,110628338,0,0,0,0,0,0,0,0,0,0,0,0.0,0.0,0,0,0,0,5,insert_only_build,prehashed_ordered_insert_only,True,True,True,False,False,False,False,False,,,0,10000000,10000000,10000000,10000000,,prehashed_ordered_insert_only_10m,True,,10M
total_ref_5_smt.csv,total_ref_5_smt,286,current,,smt,prehashed_ordered_insert_only_25m,0,25000000,25000000,56269403323,2250,0-10%=1.892µs(n=2500000)|10-20%=1.983µs(n=2500000)|20-30%=2.14µs(n=2500000)|30-40%=2.072µs(n=2500000)|40-50%=2.44µs(n=2500000)|50-60%=2.125µs(n=2500000)|60-70%=2.357µs(n=2500000)|70-80%=2.614µs(n=2500000)|80-90%=2.3µs(n=2500000)|90-100%=2.58µs(n=2500000),12124.39,16786.19,309750194,450000224,165250712,284749512,0,0,0,0,0,0,0,0,0,0,0,0.0,0.0,0,0,0,0,5,insert_only_build,prehashed_ordered_insert_only,True,True,True,False,False,False,False,False,,,0,25000000,25000000,25000000,25000000,,prehashed_ordered_insert_only_25m,True,,25M
total_ref_5_smt.csv,total_ref_5_smt,287,current,,smt,proof_only_after_10k_build_sample_5pct,10000,10000,0,0,0,,0.0,0.0,0,0,0,0,628325,1256,632,3074,0,0,0,0,0,0,0,0.0,0.0,0,0,0,0,5,proof_only_after_build,proof_only_after_build,False,False,False,True,False,False,False,False,5.0,5.0,10000,0,10000,10000,10000,,proof_only_after_10k_build_sample_5pct,True,,10K
total_ref_5_smt.csv,total_ref_5_smt,288,current,,smt,proof_only_after_50k_build_sample_5pct,50000,50000,0,0,0,,0.0,0.0,0,0,0,0,3789268,1515,721,3551,0,0,0,0,0,0,0,0.0,0.0,0,0,0,0,5,proof_only_after_build,proof_only_after_build,False,False,False,True,False,False,False,False,5.0,5.0,50000,0,50000,50000,50000,,proof_only_after_50k_build_sample_5pct,True,,50K
total_ref_5_smt.csv,total_ref_5_smt,289,current,,smt,proof_only_after_100k_build_sample_5pct,100000,100000,0,0,0,,0.0,0.0,0,0,0,0,9294612,1858,758,3845,0,0,0,0,0,0,0,0.0,0.0,0,0,0,0,5,proof_only_after_build,proof_only_after_build,False,False,False,True,False,False,False,False,5.0,5.0,100000,0,100000,100000,100000,,proof_only_after_100k_build_sample_5pct,True,,100K
total_ref_5_smt.csv,total_ref_5_smt,290,current,,smt,proof_only_after_200k_build_sample_5pct,200000,200000,0,0,0,,0.0,0.0,0,0,0,0,23961133,2396,796,4612,0,0,0,0,0,0,0,0.0,0.0,0,0,0,0,5,proof_only_after_build,proof_only_after_build,False,False,False,True,False,False,False,False,5.0,5.0,200000,0,200000,200000,200000,,proof_only_after_200k_build_sample_5pct,True,,200K
total_ref_5_smt.csv,total_ref_5_smt,291,current,,smt,proof_only_after_300k_build_sample_5pct,300000,300000,0,0,0,,0.0,0.0,0,0,0,0,48367696,3224,819,4968,0,0,0,0,0,0,0,0.0,0.0,0,0,0,0,5,proof_only_after_build,proof_only_after_build,False,False,False,True,False,False,False,False,5.0,5.0,300000,0,300000,300000,300000,,proof_only_after_300k_build_sample_5pct,True,,300K
total_ref_5_smt.csv,total_ref_5_smt,292,current,,smt,proof_only_after_500k_build_sample_5pct,500000,500000,0,0,0,,0.0,0.0,0,0,0,0,88857455,3554,847,5278,0,0,0,0,0,0,0,0.0,0.0,0,0,0,0,5,proof_only_after_build,proof_only_after_build,False,False,False,True,False,False,False,False,5.0,5.0,500000,0,500000,500000,500000,,proof_only_after_500k_build_sample_5pct,True,,500K
total_ref_5_smt.csv,total_ref_5_smt,293,current,,smt,proof_only_after_700k_build_sample_5pct,700000,700000,0,0,0,,0.0,0.0,0,0,0,0,127070122,3630,865,4931,0,0,0,0,0,0,0,0.0,0.0,0,0,0,0,5,proof_only_after_build,proof_only_after_build,False,False,False,True,False,False,False,False,5.0,5.0,700000,0,700000,700000,700000,,proof_only_after_700k_build_sample_5pct,True,,700K
total_ref_5_smt.csv,total_ref_5_smt,294,current,,smt,proof_only_after_900k_build_sample_5pct,900000,900000,0,0,0,,0.0,0.0,0,0,0,0,180252647,4005,879,5474,0,0,0,0,0,0,0,0.0,0.0,0,0,0,0,5,proof_only_after_build,proof_only_after_build,False,False,False,True,False,False,False,False,5.0,5.0,900000,0,900000,900000,900000,,proof_only_after_900k_build_sample_5pct,True,,900K
total_ref_5_smt.csv,total_ref_5_smt,295,current,,smt,proof_only_after_1m_build_sample_5pct,1000000,1000000,0,0,0,,0.0,0.0,0,0,0,0,185355313,3707,884,5302,0,0,0,0,0,0,0,0.0,0.0,0,0,0,0,5,proof_only_after_build,proof_only_after_build,False,False,False,True,False,False,False,False,5.0,5.0,1000000,0,1000000,1000000,1000000,,proof_only_after_1m_build_sample_5pct,True,,1M
total_ref_5_smt.csv,total_ref_5_smt,296,current,,smt,proof_only_after_2m_build_sample_3pct,2000000,2000000,0,0,0,,0.0,0.0,0,0,0,0,289337827,4822,922,6230,0,0,0,0,0,0,0,0.0,0.0,0,0,0,0,5,proof_only_after_build,proof_only_after_build,False,False,False,True,False,False,False,False,3.0,3.0,2000000,0,2000000,2000000,2000000,,proof_only_after_2m_build_sample_3pct,True,,2M
total_ref_5_smt.csv,total_ref_5_smt,297,current,,smt,proof_only_after_5m_build_sample_3pct,5000000,5000000,0,0,0,,0.0,0.0,0,0,0,0,697614314,4650,973,6272,0,0,0,0,0,0,0,0.0,0.0,0,0,0,0,5,proof_only_after_build,proof_only_after_build,False,False,False,True,False,False,False,False,3.0,3.0,5000000,0,5000000,5000000,5000000,,proof_only_after_5m_build_sample_3pct,True,,5M
total_ref_5_smt.csv,total_ref_5_smt,298,current,,smt,proof_only_after_10m_build_sample_2pct,10000000,10000000,0,0,0,,0.0,0.0,0,0,0,0,1011000460,5055,1011,7288,0,0,0,0,0,0,0,0.0,0.0,0,0,0,0,5,proof_only_after_build,proof_only_after_build,False,False,False,True,False,False,False,False,2.0,2.0,10000000,0,10000000,10000000,10000000,,proof_only_after_10m_build_sample_2pct,True,,10M
total_ref_5_smt.csv,total_ref_5_smt,299,current,,smt,proof_only_after_25m_build_sample_2pct,25000000,25000000,0,0,0,,0.0,0.0,0,0,0,0,4580518735,9161,1061,8321,0,0,0,0,0,0,0,0.0,0.0,0,0,0,0,5,proof_only_after_build,proof_only_after_build,False,False,False,True,False,False,False,False,2.0,2.0,25000000,0,25000000,25000000,25000000,,proof_only_after_25m_build_sample_2pct,True,,25M
total_ref_5_smt.csv,total_ref_5_smt,300,current,,smt,build_10k_then_add_2k_new,10000,12000,2000,5111951,2555,0-10%=2.895µs(n=200)|10-20%=2.78µs(n=200)|20-30%=2.715µs(n=200)|30-40%=2.573µs(n=200)|40-50%=2.403µs(n=200)|50-60%=2.567µs(n=200)|60-70%=2.408µs(n=200)|70-80%=2.373µs(n=200)|80-90%=2.414µs(n=200)|90-100%=2.421µs(n=200),1.39,1.39,144227,36038,2552,33486,0,0,0,0,0,0,0,0,0,0,0,0.0,0.0,0,0,0,0,5,build_then_add_new,build_then_add_new,False,False,False,False,False,True,True,False,,,10000,2000,12000,10000,10000,2000,build_10k_then_add_2k_new,True,,10K
total_ref_5_smt.csv,total_ref_5_smt,301,current,,smt,build_50k_then_add_10k_new,50000,60000,10000,32332132,3233,0-10%=3.651µs(n=1000)|10-20%=3.217µs(n=1000)|20-30%=3.364µs(n=1000)|30-40%=3.179µs(n=1000)|40-50%=3.037µs(n=1000)|50-60%=3.25µs(n=1000)|60-70%=3.186µs(n=1000)|70-80%=3.311µs(n=1000)|80-90%=3.089µs(n=1000)|90-100%=3.041µs(n=1000),6.87,6.87,718033,180038,12753,167285,0,0,0,0,0,0,0,0,0,0,0,0.0,0.0,0,0,0,0,5,build_then_add_new,build_then_add_new,False,False,False,False,False,True,True,False,,,50000,10000,60000,50000,50000,10000,build_50k_then_add_10k_new,True,,50K
total_ref_5_smt.csv,total_ref_5_smt,302,current,,smt,build_100k_then_add_20k_new,100000,120000,20000,74450568,3722,0-10%=4.398µs(n=2000)|10-20%=4.034µs(n=2000)|20-30%=4.012µs(n=2000)|30-40%=3.833µs(n=2000)|40-50%=3.579µs(n=2000)|50-60%=3.489µs(n=2000)|60-70%=3.467µs(n=2000)|70-80%=3.535µs(n=2000)|80-90%=3.437µs(n=2000)|90-100%=3.435µs(n=2000),13.72,13.72,1435300,360038,25494,334544,0,0,0,0,0,0,0,0,0,0,0,0.0,0.0,0,0,0,0,5,build_then_add_new,build_then_add_new,False,False,False,False,False,True,True,False,,,100000,20000,120000,100000,100000,20000,build_100k_then_add_20k_new,True,,100K
total_ref_5_smt.csv,total_ref_5_smt,303,current,,smt,build_200k_then_add_40k_new,200000,240000,40000,181022287,4525,0-10%=5.8µs(n=4000)|10-20%=4.99µs(n=4000)|20-30%=4.688µs(n=4000)|30-40%=4.731µs(n=4000)|40-50%=4.459µs(n=4000)|50-60%=4.343µs(n=4000)|60-70%=4.09µs(n=4000)|70-80%=4.021µs(n=4000)|80-90%=4.032µs(n=4000)|90-100%=4.097µs(n=4000),27.43,27.43,2869763,720045,51049,668996,0,0,0,0,0,0,0,0,0,0,0,0.0,0.0,0,0,0,0,5,build_then_add_new,build_then_add_new,False,False,False,False,False,True,True,False,,,200000,40000,240000,200000,200000,40000,build_200k_then_add_40k_new,True,,200K
total_ref_5_smt.csv,total_ref_5_smt,304,current,,smt,build_300k_then_add_60k_new,300000,360000,60000,275340835,4589,0-10%=5.492µs(n=6000)|10-20%=5.001µs(n=6000)|20-30%=4.841µs(n=6000)|30-40%=4.645µs(n=6000)|40-50%=4.478µs(n=6000)|50-60%=4.198µs(n=6000)|60-70%=4.141µs(n=6000)|70-80%=4.17µs(n=6000)|80-90%=4.477µs(n=6000)|90-100%=4.442µs(n=6000),41.13,41.13,4304234,1080039,76595,1003444,0,0,0,0,0,0,0,0,0,0,0,0.0,0.0,0,0,0,0,5,build_then_add_new,build_then_add_new,False,False,False,False,False,True,True,False,,,300000,60000,360000,300000,300000,60000,build_300k_then_add_60k_new,True,,300K
total_ref_5_smt.csv,total_ref_5_smt,305,current,,smt,build_500k_then_add_100k_new,500000,600000,100000,543307969,5433,0-10%=6.599µs(n=10000)|10-20%=5.814µs(n=10000)|20-30%=5.677µs(n=10000)|30-40%=5.365µs(n=10000)|40-50%=5.193µs(n=10000)|50-60%=5.041µs(n=10000)|60-70%=5.147µs(n=10000)|70-80%=5.252µs(n=10000)|80-90%=5.152µs(n=10000)|90-100%=5.085µs(n=10000),68.51,68.51,7172651,1800050,128125,1671925,0,0,0,0,0,0,0,0,0,0,0,0.0,0.0,0,0,0,0,5,build_then_add_new,build_then_add_new,False,False,False,False,False,True,True,False,,,500000,100000,600000,500000,500000,100000,build_500k_then_add_100k_new,True,,500K
total_ref_5_smt.csv,total_ref_5_smt,306,current,,smt,build_700k_then_add_140k_new,700000,840000,140000,770936484,5506,0-10%=6.206µs(n=14000)|10-20%=5.712µs(n=14000)|20-30%=5.584µs(n=14000)|30-40%=5.533µs(n=14000)|40-50%=5.478µs(n=14000)|50-60%=5.396µs(n=14000)|60-70%=5.388µs(n=14000)|70-80%=5.42µs(n=14000)|80-90%=5.187µs(n=14000)|90-100%=5.157µs(n=14000),95.94,95.94,10041941,2520052,178844,2341208,0,0,0,0,0,0,0,0,0,0,0,0.0,0.0,0,0,0,0,5,build_then_add_new,build_then_add_new,False,False,False,False,False,True,True,False,,,700000,140000,840000,700000,700000,140000,build_700k_then_add_140k_new,True,,700K
total_ref_5_smt.csv,total_ref_5_smt,307,current,,smt,build_900k_then_add_180k_new,900000,1080000,180000,998080458,5544,0-10%=6.517µs(n=18000)|10-20%=6.011µs(n=18000)|20-30%=5.87µs(n=18000)|30-40%=5.64µs(n=18000)|40-50%=5.243µs(n=18000)|50-60%=5.181µs(n=18000)|60-70%=5.376µs(n=18000)|70-80%=5.25µs(n=18000)|80-90%=5.178µs(n=18000)|90-100%=5.179µs(n=18000),123.33,123.33,12910582,3240053,230207,3009846,0,0,0,0,0,0,0,0,0,0,0,0.0,0.0,0,0,0,0,5,build_then_add_new,build_then_add_new,False,False,False,False,False,True,True,False,,,900000,180000,1080000,900000,900000,180000,build_900k_then_add_180k_new,True,,900K
total_ref_5_smt.csv,total_ref_5_smt,308,current,,smt,build_1m_then_add_200k_new,1000000,1200000,200000,1135331914,5676,0-10%=6.496µs(n=20000)|10-20%=5.992µs(n=20000)|20-30%=6.052µs(n=20000)|30-40%=5.904µs(n=20000)|40-50%=5.76µs(n=20000)|50-60%=5.471µs(n=20000)|60-70%=5.253µs(n=20000)|70-80%=5.28µs(n=20000)|80-90%=5.293µs(n=20000)|90-100%=5.261µs(n=20000),137.04,137.04,14345205,3600053,255593,3344460,0,0,0,0,0,0,0,0,0,0,0,0.0,0.0,0,0,0,0,5,build_then_add_new,build_then_add_new,False,False,False,False,False,True,True,False,,,1000000,200000,1200000,1000000,1000000,200000,build_1m_then_add_200k_new,True,,1M
total_ref_5_smt.csv,total_ref_5_smt,309,current,,smt,build_2m_then_add_400k_new,2000000,2400000,400000,2552625064,6381,0-10%=6.92µs(n=40000)|10-20%=6.44µs(n=40000)|20-30%=6.353µs(n=40000)|30-40%=6.355µs(n=40000)|40-50%=6.28µs(n=40000)|50-60%=6.263µs(n=40000)|60-70%=6.258µs(n=40000)|70-80%=6.406µs(n=40000)|80-90%=6.31µs(n=40000)|90-100%=6.225µs(n=40000),274.08,274.08,28689582,7200055,511238,6688817,0,0,0,0,0,0,0,0,0,0,0,0.0,0.0,0,0,0,0,5,build_then_add_new,build_then_add_new,False,False,False,False,False,True,True,False,,,2000000,400000,2400000,2000000,2000000,400000,build_2m_then_add_400k_new,True,,2M
total_ref_5_smt.csv,total_ref_5_smt,310,current,,smt,build_5m_then_add_1m_new,5000000,6000000,1000000,7173585273,7173,0-10%=7.661µs(n=100000)|10-20%=7.468µs(n=100000)|20-30%=7.346µs(n=100000)|30-40%=7.223µs(n=100000)|40-50%=7.221µs(n=100000)|50-60%=7.243µs(n=100000)|60-70%=7.024µs(n=100000)|70-80%=6.837µs(n=100000)|80-90%=6.846µs(n=100000)|90-100%=6.864µs(n=100000),685.2,685.2,71722960,18000082,1277893,16722189,0,0,0,0,0,0,0,0,0,0,0,0.0,0.0,0,0,0,0,5,build_then_add_new,build_then_add_new,False,False,False,False,False,True,True,False,,,5000000,1000000,6000000,5000000,5000000,1000000,build_5m_then_add_1m_new,True,,5M
total_ref_5_smt.csv,total_ref_5_smt,311,current,,smt,build_10m_then_add_2m_new,10000000,12000000,2000000,16274014382,8137,0-10%=8.364µs(n=200000)|10-20%=8.267µs(n=200000)|20-30%=8.186µs(n=200000)|30-40%=8.004µs(n=200000)|40-50%=8.138µs(n=200000)|50-60%=8.28µs(n=200000)|60-70%=8.062µs(n=200000)|70-80%=8.193µs(n=200000)|80-90%=7.984µs(n=200000)|90-100%=7.886µs(n=200000),1370.34,1370.34,143443499,36000120,2557404,33442716,0,0,0,0,0,0,0,0,0,0,0,0.0,0.0,0,0,0,0,5,build_then_add_new,build_then_add_new,False,False,False,False,False,True,True,False,,,10000000,2000000,12000000,10000000,10000000,2000000,build_10m_then_add_2m_new,True,,10M
total_ref_5_smt.csv,total_ref_5_smt,312,current,,smt,build_25m_then_add_5m_new,25000000,30000000,5000000,49541852278,9908,0-10%=10.078µs(n=500000)|10-20%=10.059µs(n=500000)|20-30%=10.065µs(n=500000)|30-40%=9.984µs(n=500000)|40-50%=9.904µs(n=500000)|50-60%=9.9µs(n=500000)|60-70%=9.799µs(n=500000)|70-80%=9.725µs(n=500000)|80-90%=9.759µs(n=500000)|90-100%=9.807µs(n=500000),3426.25,3426.25,358607652,90000275,6393416,83606859,0,0,0,0,0,0,0,0,0,0,0,0.0,0.0,0,0,0,0,5,build_then_add_new,build_then_add_new,False,False,False,False,False,True,True,False,,,25000000,5000000,30000000,25000000,25000000,5000000,build_25m_then_add_5m_new,True,,25M
total_ref_5_smt.csv,total_ref_5_smt,313,current,,smt,build_10k_then_reinsert_2k_existing,10000,10000,2000,4746108,2373,0-10%=3.145µs(n=200)|10-20%=2.607µs(n=200)|20-30%=2.484µs(n=200)|30-40%=2.491µs(n=200)|40-50%=2.259µs(n=200)|50-60%=2.225µs(n=200)|60-70%=2.207µs(n=200)|70-80%=2.099µs(n=200)|80-90%=2.103µs(n=200)|90-100%=2.1µs(n=200),0.27,0.27,119849,10038,1001,9037,0,0,0,0,0,0,0,0,0,0,0,0.0,0.0,0,0,0,0,5,build_then_reinsert_existing,build_then_reinsert_existing,False,False,False,False,False,False,False,True,,,10000,2000,10000,10000,10000,2000,build_10k_then_reinsert_2k_existing,True,,10K
total_ref_5_smt.csv,total_ref_5_smt,314,current,,smt,build_50k_then_reinsert_10k_existing,50000,50000,10000,33005031,3300,0-10%=4.154µs(n=1000)|10-20%=3.608µs(n=1000)|20-30%=3.443µs(n=1000)|30-40%=3.319µs(n=1000)|40-50%=3.148µs(n=1000)|50-60%=3.147µs(n=1000)|60-70%=3.171µs(n=1000)|70-80%=2.982µs(n=1000)|80-90%=3.039µs(n=1000)|90-100%=2.987µs(n=1000),1.31,1.31,595854,50038,5001,45037,0,0,0,0,0,0,0,0,0,0,0,0.0,0.0,0,0,0,0,5,build_then_reinsert_existing,build_then_reinsert_existing,False,False,False,False,False,False,False,True,,,50000,10000,50000,50000,50000,10000,build_50k_then_reinsert_10k_existing,True,,50K
total_ref_5_smt.csv,total_ref_5_smt,315,current,,smt,build_100k_then_reinsert_20k_existing,100000,100000,20000,75337524,3766,0-10%=4.804µs(n=2000)|10-20%=4.121µs(n=2000)|20-30%=3.919µs(n=2000)|30-40%=3.823µs(n=2000)|40-50%=3.774µs(n=2000)|50-60%=3.615µs(n=2000)|60-70%=3.593µs(n=2000)|70-80%=3.331µs(n=2000)|80-90%=3.334µs(n=2000)|90-100%=3.348µs(n=2000),2.61,2.61,1190859,100038,10001,90037,0,0,0,0,0,0,0,0,0,0,0,0.0,0.0,0,0,0,0,5,build_then_reinsert_existing,build_then_reinsert_existing,False,False,False,False,False,False,False,True,,,100000,20000,100000,100000,100000,20000,build_100k_then_reinsert_20k_existing,True,,100K
total_ref_5_smt.csv,total_ref_5_smt,316,current,,smt,build_200k_then_reinsert_40k_existing,200000,200000,40000,160484624,4012,0-10%=4.745µs(n=4000)|10-20%=4.301µs(n=4000)|20-30%=4.132µs(n=4000)|30-40%=4.014µs(n=4000)|40-50%=3.964µs(n=4000)|50-60%=3.928µs(n=4000)|60-70%=3.833µs(n=4000)|70-80%=3.796µs(n=4000)|80-90%=3.713µs(n=4000)|90-100%=3.69µs(n=4000),5.22,5.22,2380877,200045,20001,180044,0,0,0,0,0,0,0,0,0,0,0,0.0,0.0,0,0,0,0,5,build_then_reinsert_existing,build_then_reinsert_existing,False,False,False,False,False,False,False,True,,,200000,40000,200000,200000,200000,40000,build_200k_then_reinsert_40k_existing,True,,200K
total_ref_5_smt.csv,total_ref_5_smt,317,current,,smt,build_300k_then_reinsert_60k_existing,300000,300000,60000,258128371,4302,0-10%=5.131µs(n=6000)|10-20%=4.601µs(n=6000)|20-30%=4.389µs(n=6000)|30-40%=4.298µs(n=6000)|40-50%=4.244µs(n=6000)|50-60%=4.182µs(n=6000)|60-70%=4.155µs(n=6000)|70-80%=4.071µs(n=6000)|80-90%=4.005µs(n=6000)|90-100%=3.94µs(n=6000),7.81,7.81,3570827,300047,30001,270046,0,0,0,0,0,0,0,0,0,0,0,0.0,0.0,0,0,0,0,5,build_then_reinsert_existing,build_then_reinsert_existing,False,False,False,False,False,False,False,True,,,300000,60000,300000,300000,300000,60000,build_300k_then_reinsert_60k_existing,True,,300K
total_ref_5_smt.csv,total_ref_5_smt,318,current,,smt,build_500k_then_reinsert_100k_existing,500000,500000,100000,470054286,4700,0-10%=5.528µs(n=10000)|10-20%=5.323µs(n=10000)|20-30%=5.242µs(n=10000)|30-40%=4.654µs(n=10000)|40-50%=4.513µs(n=10000)|50-60%=4.484µs(n=10000)|60-70%=4.388µs(n=10000)|70-80%=4.379µs(n=10000)|80-90%=4.264µs(n=10000)|90-100%=4.226µs(n=10000),13.0,13.0,5950837,500049,50001,450048,0,0,0,0,0,0,0,0,0,0,0,0.0,0.0,0,0,0,0,5,build_then_reinsert_existing,build_then_reinsert_existing,False,False,False,False,False,False,False,True,,,500000,100000,500000,500000,500000,100000,build_500k_then_reinsert_100k_existing,True,,500K
total_ref_5_smt.csv,total_ref_5_smt,319,current,,smt,build_700k_then_reinsert_140k_existing,700000,700000,140000,713503962,5096,0-10%=5.864µs(n=14000)|10-20%=5.206µs(n=14000)|20-30%=5.671µs(n=14000)|30-40%=5.086µs(n=14000)|40-50%=4.965µs(n=14000)|50-60%=4.898µs(n=14000)|60-70%=4.895µs(n=14000)|70-80%=4.796µs(n=14000)|80-90%=4.771µs(n=14000)|90-100%=4.808µs(n=14000),18.2,18.2,8330848,700052,70001,630051,0,0,0,0,0,0,0,0,0,0,0,0.0,0.0,0,0,0,0,5,build_then_reinsert_existing,build_then_reinsert_existing,False,False,False,False,False,False,False,True,,,700000,140000,700000,700000,700000,140000,build_700k_then_reinsert_140k_existing,True,,700K
total_ref_5_smt.csv,total_ref_5_smt,320,current,,smt,build_900k_then_reinsert_180k_existing,900000,900000,180000,1011991819,5622,0-10%=6.44µs(n=18000)|10-20%=5.802µs(n=18000)|20-30%=5.612µs(n=18000)|30-40%=5.516µs(n=18000)|40-50%=5.453µs(n=18000)|50-60%=5.501µs(n=18000)|60-70%=6µs(n=18000)|70-80%=5.411µs(n=18000)|80-90%=5.264µs(n=18000)|90-100%=5.218µs(n=18000),23.4,23.4,10710863,900053,90001,810052,0,0,0,0,0,0,0,0,0,0,0,0.0,0.0,0,0,0,0,5,build_then_reinsert_existing,build_then_reinsert_existing,False,False,False,False,False,False,False,True,,,900000,180000,900000,900000,900000,180000,build_900k_then_reinsert_180k_existing,True,,900K
total_ref_5_smt.csv,total_ref_5_smt,321,current,,smt,build_1m_then_reinsert_200k_existing,1000000,1000000,200000,1089098087,5445,0-10%=5.843µs(n=20000)|10-20%=5.315µs(n=20000)|20-30%=5.254µs(n=20000)|30-40%=5.244µs(n=20000)|40-50%=5.211µs(n=20000)|50-60%=5.679µs(n=20000)|60-70%=5.226µs(n=20000)|70-80%=5.308µs(n=20000)|80-90%=5.209µs(n=20000)|90-100%=6.159µs(n=20000),25.99,25.99,11900872,1000053,100001,900052,0,0,0,0,0,0,0,0,0,0,0,0.0,0.0,0,0,0,0,5,build_then_reinsert_existing,build_then_reinsert_existing,False,False,False,False,False,False,False,True,,,1000000,200000,1000000,1000000,1000000,200000,build_1m_then_reinsert_200k_existing,True,,1M
total_ref_5_smt.csv,total_ref_5_smt,322,current,,smt,build_2m_then_reinsert_400k_existing,2000000,2000000,400000,2332472045,5831,0-10%=6.205µs(n=40000)|10-20%=5.938µs(n=40000)|20-30%=5.792µs(n=40000)|30-40%=5.777µs(n=40000)|40-50%=5.77µs(n=40000)|50-60%=5.797µs(n=40000)|60-70%=5.804µs(n=40000)|70-80%=5.672µs(n=40000)|80-90%=5.734µs(n=40000)|90-100%=5.818µs(n=40000),51.98,51.98,23800891,2000062,200001,1800061,0,0,0,0,0,0,0,0,0,0,0,0.0,0.0,0,0,0,0,5,build_then_reinsert_existing,build_then_reinsert_existing,False,False,False,False,False,False,False,True,,,2000000,400000,2000000,2000000,2000000,400000,build_2m_then_reinsert_400k_existing,True,,2M
total_ref_5_smt.csv,total_ref_5_smt,323,current,,smt,build_5m_then_reinsert_1m_existing,5000000,5000000,1000000,6789451573,6789,0-10%=6.987µs(n=100000)|10-20%=6.821µs(n=100000)|20-30%=6.853µs(n=100000)|30-40%=6.855µs(n=100000)|40-50%=6.82µs(n=100000)|50-60%=6.671µs(n=100000)|60-70%=6.837µs(n=100000)|70-80%=6.811µs(n=100000)|80-90%=6.597µs(n=100000)|90-100%=6.637µs(n=100000),129.95,129.95,59500921,5000080,500001,4500079,0,0,0,0,0,0,0,0,0,0,0,0.0,0.0,0,0,0,0,5,build_then_reinsert_existing,build_then_reinsert_existing,False,False,False,False,False,False,False,True,,,5000000,1000000,5000000,5000000,5000000,1000000,build_5m_then_reinsert_1m_existing,True,,5M
total_ref_5_smt.csv,total_ref_5_smt,324,current,,smt,build_10m_then_reinsert_2m_existing,10000000,10000000,2000000,15147040500,7573,0-10%=7.812µs(n=200000)|10-20%=7.561µs(n=200000)|20-30%=7.568µs(n=200000)|30-40%=7.554µs(n=200000)|40-50%=7.551µs(n=200000)|50-60%=7.579µs(n=200000)|60-70%=7.579µs(n=200000)|70-80%=7.51µs(n=200000)|80-90%=7.525µs(n=200000)|90-100%=7.49µs(n=200000),259.92,259.92,119000964,10000116,1000001,9000115,0,0,0,0,0,0,0,0,0,0,0,0.0,0.0,0,0,0,0,5,build_then_reinsert_existing,build_then_reinsert_existing,False,False,False,False,False,False,False,True,,,10000000,2000000,10000000,10000000,10000000,2000000,build_10m_then_reinsert_2m_existing,True,,10M
total_ref_5_smt.csv,total_ref_5_smt,325,current,,smt,build_25m_then_reinsert_5m_existing,25000000,25000000,5000000,45708882661,9141,0-10%=9.228µs(n=500000)|10-20%=9.137µs(n=500000)|20-30%=9.209µs(n=500000)|30-40%=9.202µs(n=500000)|40-50%=9.238µs(n=500000)|50-60%=9.212µs(n=500000)|60-70%=9.118µs(n=500000)|70-80%=9.006µs(n=500000)|80-90%=9.019µs(n=500000)|90-100%=9.044µs(n=500000),650.11,650.11,297501107,25000254,2500000,22500254,0,0,0,0,0,0,0,0,0,0,0,0.0,0.0,0,0,0,0,5,build_then_reinsert_existing,build_then_reinsert_existing,False,False,False,False,False,False,False,True,,,25000000,5000000,25000000,25000000,25000000,5000000,build_25m_then_reinsert_5m_existing,True,,25M
total_ref_5_smt.csv,total_ref_5_smt,326,current,,smt,insert_only_build_10k,0,10000,10000,24311267,2431,0-10%=1.76µs(n=1000)|10-20%=2.087µs(n=1000)|20-30%=2.173µs(n=1000)|30-40%=3.081µs(n=1000)|40-50%=2.35µs(n=1000)|50-60%=2.399µs(n=1000)|60-70%=2.608µs(n=1000)|70-80%=2.864µs(n=1000)|80-90%=2.463µs(n=1000)|90-100%=2.519µs(n=1000),5.58,6.88,127774,180036,52801,127235,0,0,0,0,0,0,0,0,0,0,0,0.0,0.0,0,0,0,0,6,insert_only_build,insert_only_build,False,False,True,False,False,False,False,False,,,0,10000,10000,10000,10000,,insert_only_build_10k,True,,10K
total_ref_5_smt.csv,total_ref_5_smt,327,current,,smt,insert_only_build_50k,0,50000,50000,138620927,2772,0-10%=2.339µs(n=5000)|10-20%=2.692µs(n=5000)|20-30%=2.766µs(n=5000)|30-40%=2.69µs(n=5000)|40-50%=2.728µs(n=5000)|50-60%=2.938µs(n=5000)|60-70%=2.573µs(n=5000)|70-80%=2.597µs(n=5000)|80-90%=2.979µs(n=5000)|90-100%=3.417µs(n=5000),25.33,34.31,553910,900070,346710,553360,0,0,0,0,0,0,0,0,0,0,0,0.0,0.0,0,0,0,0,6,insert_only_build,insert_only_build,False,False,True,False,False,False,False,False,,,0,50000,50000,50000,50000,,insert_only_build_50k,True,,50K
total_ref_5_smt.csv,total_ref_5_smt,328,current,,smt,insert_only_build_100k,0,100000,100000,293026794,2930,0-10%=2.524µs(n=10000)|10-20%=2.422µs(n=10000)|20-30%=2.616µs(n=10000)|30-40%=2.64µs(n=10000)|40-50%=2.805µs(n=10000)|50-60%=3.132µs(n=10000)|60-70%=3.096µs(n=10000)|70-80%=3.362µs(n=10000)|80-90%=3.397µs(n=10000)|90-100%=3.303µs(n=10000),51.97,68.52,1151375,1800034,649247,1150787,0,0,0,0,0,0,0,0,0,0,0,0.0,0.0,0,0,0,0,6,insert_only_build,insert_only_build,False,False,True,False,False,False,False,False,,,0,100000,100000,100000,100000,,insert_only_build_100k,True,,100K
total_ref_5_smt.csv,total_ref_5_smt,329,current,,smt,insert_only_build_200k,0,200000,200000,584497075,2922,0-10%=2.081µs(n=20000)|10-20%=2.338µs(n=20000)|20-30%=2.495µs(n=20000)|30-40%=2.549µs(n=20000)|40-50%=2.952µs(n=20000)|50-60%=3.006µs(n=20000)|60-70%=3.227µs(n=20000)|70-80%=3.614µs(n=20000)|80-90%=3.459µs(n=20000)|90-100%=3.498µs(n=20000),108.45,137.03,2444222,3600044,1156421,2443623,0,0,0,0,0,0,0,0,0,0,0,0.0,0.0,0,0,0,0,6,insert_only_build,insert_only_build,False,False,True,False,False,False,False,False,,,0,200000,200000,200000,200000,,insert_only_build_200k,True,,200K
total_ref_5_smt.csv,total_ref_5_smt,330,current,,smt,insert_only_build_300k,0,300000,300000,984027192,3280,0-10%=2.261µs(n=30000)|10-20%=2.575µs(n=30000)|20-30%=2.83µs(n=30000)|30-40%=2.98µs(n=30000)|40-50%=2.953µs(n=30000)|50-60%=3.45µs(n=30000)|60-70%=3.454µs(n=30000)|70-80%=3.854µs(n=30000)|80-90%=4.213µs(n=30000)|90-100%=4.226µs(n=30000),157.34,205.54,3497949,5400040,1902703,3497337,0,0,0,0,0,0,0,0,0,0,0,0.0,0.0,0,0,0,0,6,insert_only_build,insert_only_build,False,False,True,False,False,False,False,False,,,0,300000,300000,300000,300000,,insert_only_build_300k,True,,300K
total_ref_5_smt.csv,total_ref_5_smt,331,current,,smt,insert_only_build_500k,0,500000,500000,1900425189,3800,0-10%=2.346µs(n=50000)|10-20%=2.647µs(n=50000)|20-30%=3.012µs(n=50000)|30-40%=3.468µs(n=50000)|40-50%=3.4µs(n=50000)|50-60%=3.988µs(n=50000)|60-70%=4.587µs(n=50000)|70-80%=4.801µs(n=50000)|80-90%=4.68µs(n=50000)|90-100%=5.076µs(n=50000),259.72,342.57,5749190,9000054,3251479,5748575,0,0,0,0,0,0,0,0,0,0,0,0.0,0.0,0,0,0,0,6,insert_only_build,insert_only_build,False,False,True,False,False,False,False,False,,,0,500000,500000,500000,500000,,insert_only_build_500k,True,,500K
total_ref_5_smt.csv,total_ref_5_smt,332,current,,smt,insert_only_build_700k,0,700000,700000,2716641081,3880,0-10%=2.474µs(n=70000)|10-20%=2.892µs(n=70000)|20-30%=3.19µs(n=70000)|30-40%=3.438µs(n=70000)|40-50%=4.016µs(n=70000)|50-60%=4.082µs(n=70000)|60-70%=4.45µs(n=70000)|70-80%=4.846µs(n=70000)|80-90%=4.595µs(n=70000)|90-100%=4.821µs(n=70000),395.11,479.55,9042993,12600053,3557691,9042362,0,0,0,0,0,0,0,0,0,0,0,0.0,0.0,0,0,0,0,6,insert_only_build,insert_only_build,False,False,True,False,False,False,False,False,,,0,700000,700000,700000,700000,,insert_only_build_700k,True,,700K
total_ref_5_smt.csv,total_ref_5_smt,333,current,,smt,insert_only_build_900k,0,900000,900000,3618018974,4020,0-10%=2.429µs(n=90000)|10-20%=3.137µs(n=90000)|20-30%=3.436µs(n=90000)|30-40%=3.929µs(n=90000)|40-50%=3.893µs(n=90000)|50-60%=4.641µs(n=90000)|60-70%=4.19µs(n=90000)|70-80%=4.486µs(n=90000)|80-90%=4.941µs(n=90000)|90-100%=5.114µs(n=90000),472.68,616.58,10511597,16200058,5689100,10510958,0,0,0,0,0,0,0,0,0,0,0,0.0,0.0,0,0,0,0,6,insert_only_build,insert_only_build,False,False,True,False,False,False,False,False,,,0,900000,900000,900000,900000,,insert_only_build_900k,True,,900K
total_ref_5_smt.csv,total_ref_5_smt,334,current,,smt,insert_only_build_1m,0,1000000,1000000,4416795039,4416,0-10%=2.504µs(n=100000)|10-20%=3.326µs(n=100000)|20-30%=3.968µs(n=100000)|30-40%=4.114µs(n=100000)|40-50%=4.616µs(n=100000)|50-60%=4.631µs(n=100000)|60-70%=4.648µs(n=100000)|70-80%=5.049µs(n=100000)|80-90%=5.945µs(n=100000)|90-100%=5.363µs(n=100000),539.75,685.07,12138838,18000060,5861869,12138191,0,0,0,0,0,0,0,0,0,0,0,0.0,0.0,0,0,0,0,6,insert_only_build,insert_only_build,False,False,True,False,False,False,False,False,,,0,1000000,1000000,1000000,1000000,,insert_only_build_1m,True,,1M
total_ref_5_smt.csv,total_ref_5_smt,335,current,,smt,insert_only_build_2m,0,2000000,2000000,10342267378,5171,0-10%=3.088µs(n=200000)|10-20%=4.056µs(n=200000)|20-30%=4.724µs(n=200000)|30-40%=4.812µs(n=200000)|40-50%=5.647µs(n=200000)|50-60%=5.547µs(n=200000)|60-70%=5.975µs(n=200000)|70-80%=5.974µs(n=200000)|80-90%=5.949µs(n=200000)|90-100%=5.933µs(n=200000),1119.82,1370.2,25546745,36000085,10453995,25546090,0,0,0,0,0,0,0,0,0,0,0,0.0,0.0,0,0,0,0,6,insert_only_build,insert_only_build,False,False,True,False,False,False,False,False,,,0,2000000,2000000,2000000,2000000,,insert_only_build_2m,True,,2M
total_ref_5_smt.csv,total_ref_5_smt,336,current,,smt,insert_only_build_5m,0,5000000,5000000,29174636234,5834,0-10%=3.765µs(n=500000)|10-20%=4.923µs(n=500000)|20-30%=5.217µs(n=500000)|30-40%=5.278µs(n=500000)|40-50%=5.96µs(n=500000)|50-60%=5.85µs(n=500000)|60-70%=6.479µs(n=500000)|70-80%=7.097µs(n=500000)|80-90%=6.881µs(n=500000)|90-100%=6.896µs(n=500000),2780.41,3425.55,63259894,90000169,26740936,63259233,0,0,0,0,0,0,0,0,0,0,0,0.0,0.0,0,0,0,0,6,insert_only_build,insert_only_build,False,False,True,False,False,False,False,False,,,0,5000000,5000000,5000000,5000000,,insert_only_build_5m,True,,5M
total_ref_5_smt.csv,total_ref_5_smt,337,current,,smt,insert_only_build_10m,0,10000000,10000000,66061460334,6606,0-10%=4.377µs(n=1000000)|10-20%=5.398µs(n=1000000)|20-30%=5.671µs(n=1000000)|30-40%=6.241µs(n=1000000)|40-50%=7.159µs(n=1000000)|50-60%=7.102µs(n=1000000)|60-70%=7.422µs(n=1000000)|70-80%=7.066µs(n=1000000)|80-90%=7.717µs(n=1000000)|90-100%=7.905µs(n=1000000),5608.74,6851.32,128023065,180000323,51977934,128022389,0,0,0,0,0,0,0,0,0,0,0,0.0,0.0,0,0,0,0,6,insert_only_build,insert_only_build,False,False,True,False,False,False,False,False,,,0,10000000,10000000,10000000,10000000,,insert_only_build_10m,True,,10M
total_ref_5_smt.csv,total_ref_5_smt,338,current,,smt,insert_only_build_25m,0,25000000,25000000,199115096438,7964,0-10%=4.998µs(n=2500000)|10-20%=6.435µs(n=2500000)|20-30%=7.107µs(n=2500000)|30-40%=7.865µs(n=2500000)|40-50%=8.25µs(n=2500000)|50-60%=8.375µs(n=2500000)|60-70%=8.782µs(n=2500000)|70-80%=8.643µs(n=2500000)|80-90%=9.612µs(n=2500000)|90-100%=9.574µs(n=2500000),13432.65,17129.54,301432257,450000917,148569350,301431567,0,0,0,0,0,0,0,0,0,0,0,0.0,0.0,0,0,0,0,6,insert_only_build,insert_only_build,False,False,True,False,False,False,False,False,,,0,25000000,25000000,25000000,25000000,,insert_only_build_25m,True,,25M
total_ref_5_smt.csv,total_ref_5_smt,339,current,,smt,prehashed_ordered_insert_only_10k,0,10000,10000,13702639,1370,0-10%=1.086µs(n=1000)|10-20%=1.22µs(n=1000)|20-30%=1.743µs(n=1000)|30-40%=1.322µs(n=1000)|40-50%=1.251µs(n=1000)|50-60%=1.21µs(n=1000)|60-70%=1.922µs(n=1000)|70-80%=1.289µs(n=1000)|80-90%=1.295µs(n=1000)|90-100%=1.359µs(n=1000),4.99,6.73,129630,180024,61098,118926,0,0,0,0,0,0,0,0,0,0,0,0.0,0.0,0,0,0,0,6,insert_only_build,prehashed_ordered_insert_only,True,True,True,False,False,False,False,False,,,0,10000,10000,10000,10000,,prehashed_ordered_insert_only_10k,True,,10K
total_ref_5_smt.csv,total_ref_5_smt,340,current,,smt,prehashed_ordered_insert_only_50k,0,50000,50000,72423560,1448,0-10%=1.311µs(n=5000)|10-20%=1.431µs(n=5000)|20-30%=1.528µs(n=5000)|30-40%=1.442µs(n=5000)|40-50%=1.641µs(n=5000)|50-60%=1.285µs(n=5000)|60-70%=1.587µs(n=5000)|70-80%=1.364µs(n=5000)|80-90%=1.407µs(n=5000)|90-100%=1.483µs(n=5000),27.96,33.57,642217,899989,258418,641571,0,0,0,0,0,0,0,0,0,0,0,0.0,0.0,0,0,0,0,6,insert_only_build,prehashed_ordered_insert_only,True,True,True,False,False,False,False,False,,,0,50000,50000,50000,50000,,prehashed_ordered_insert_only_50k,True,,50K
total_ref_5_smt.csv,total_ref_5_smt,341,current,,smt,prehashed_ordered_insert_only_100k,0,100000,100000,148174191,1481,0-10%=1.395µs(n=10000)|10-20%=1.516µs(n=10000)|20-30%=1.493µs(n=10000)|30-40%=1.563µs(n=10000)|40-50%=1.517µs(n=10000)|50-60%=1.292µs(n=10000)|60-70%=1.581µs(n=10000)|70-80%=1.459µs(n=10000)|80-90%=1.452µs(n=10000)|90-100%=1.545µs(n=10000),55.66,67.16,1274404,1799995,526237,1273758,0,0,0,0,0,0,0,0,0,0,0,0.0,0.0,0,0,0,0,6,insert_only_build,prehashed_ordered_insert_only,True,True,True,False,False,False,False,False,,,0,100000,100000,100000,100000,,prehashed_ordered_insert_only_100k,True,,100K
total_ref_5_smt.csv,total_ref_5_smt,342,current,,smt,prehashed_ordered_insert_only_200k,0,200000,200000,303204166,1516,0-10%=1.346µs(n=20000)|10-20%=1.47µs(n=20000)|20-30%=1.533µs(n=20000)|30-40%=1.467µs(n=20000)|40-50%=1.725µs(n=20000)|50-60%=1.352µs(n=20000)|60-70%=1.429µs(n=20000)|70-80%=1.462µs(n=20000)|80-90%=1.773µs(n=20000)|90-100%=1.599µs(n=20000),94.85,134.32,2408151,3600037,1392503,2207534,0,0,0,0,0,0,0,0,0,0,0,0.0,0.0,0,0,0,0,6,insert_only_build,prehashed_ordered_insert_only,True,True,True,False,False,False,False,False,,,0,200000,200000,200000,200000,,prehashed_ordered_insert_only_200k,True,,200K
total_ref_5_smt.csv,total_ref_5_smt,343,current,,smt,prehashed_ordered_insert_only_300k,0,300000,300000,478785454,1595,0-10%=1.378µs(n=30000)|10-20%=1.49µs(n=30000)|20-30%=1.574µs(n=30000)|30-40%=1.503µs(n=30000)|40-50%=1.729µs(n=30000)|50-60%=1.424µs(n=30000)|60-70%=1.596µs(n=30000)|70-80%=1.63µs(n=30000)|80-90%=1.901µs(n=30000)|90-100%=1.731µs(n=30000),141.27,201.45,3578782,5400037,2121877,3278160,0,0,0,0,0,0,0,0,0,0,0,0.0,0.0,0,0,0,0,6,insert_only_build,prehashed_ordered_insert_only,True,True,True,False,False,False,False,False,,,0,300000,300000,300000,300000,,prehashed_ordered_insert_only_300k,True,,300K
total_ref_5_smt.csv,total_ref_5_smt,344,current,,smt,prehashed_ordered_insert_only_500k,0,500000,500000,841049519,1682,0-10%=1.515µs(n=50000)|10-20%=1.502µs(n=50000)|20-30%=1.68µs(n=50000)|30-40%=1.669µs(n=50000)|40-50%=1.901µs(n=50000)|50-60%=1.518µs(n=50000)|60-70%=1.636µs(n=50000)|70-80%=1.673µs(n=50000)|80-90%=1.947µs(n=50000)|90-100%=1.776µs(n=50000),237.36,335.73,6027834,9000041,3472833,5527208,0,0,0,0,0,0,0,0,0,0,0,0.0,0.0,0,0,0,0,6,insert_only_build,prehashed_ordered_insert_only,True,True,True,False,False,False,False,False,,,0,500000,500000,500000,500000,,prehashed_ordered_insert_only_500k,True,,500K
total_ref_5_smt.csv,total_ref_5_smt,345,current,,smt,prehashed_ordered_insert_only_700k,0,700000,700000,1199997779,1714,0-10%=1.506µs(n=70000)|10-20%=1.543µs(n=70000)|20-30%=1.743µs(n=70000)|30-40%=1.757µs(n=70000)|40-50%=1.946µs(n=70000)|50-60%=1.568µs(n=70000)|60-70%=1.661µs(n=70000)|70-80%=1.929µs(n=70000)|80-90%=1.687µs(n=70000)|90-100%=1.798µs(n=70000),341.81,470.01,8749652,12600044,4551022,8049022,0,0,0,0,0,0,0,0,0,0,0,0.0,0.0,0,0,0,0,6,insert_only_build,prehashed_ordered_insert_only,True,True,True,False,False,False,False,False,,,0,700000,700000,700000,700000,,prehashed_ordered_insert_only_700k,True,,700K
total_ref_5_smt.csv,total_ref_5_smt,346,current,,smt,prehashed_ordered_insert_only_900k,0,900000,900000,1565436212,1739,0-10%=1.598µs(n=90000)|10-20%=1.58µs(n=90000)|20-30%=1.759µs(n=90000)|30-40%=1.717µs(n=90000)|40-50%=2.016µs(n=90000)|50-60%=1.556µs(n=90000)|60-70%=1.648µs(n=90000)|70-80%=1.767µs(n=90000)|80-90%=1.884µs(n=90000)|90-100%=1.863µs(n=90000),429.52,604.27,10923552,16200036,6177127,10022909,0,0,0,0,0,0,0,0,0,0,0,0.0,0.0,0,0,0,0,6,insert_only_build,prehashed_ordered_insert_only,True,True,True,False,False,False,False,False,,,0,900000,900000,900000,900000,,prehashed_ordered_insert_only_900k,True,,900K
total_ref_5_smt.csv,total_ref_5_smt,347,current,,smt,prehashed_ordered_insert_only_1m,0,1000000,1000000,1809831228,1809,0-10%=1.55µs(n=100000)|10-20%=1.619µs(n=100000)|20-30%=1.819µs(n=100000)|30-40%=1.779µs(n=100000)|40-50%=1.981µs(n=100000)|50-60%=1.559µs(n=100000)|60-70%=1.768µs(n=100000)|70-80%=1.994µs(n=100000)|80-90%=2.043µs(n=100000)|90-100%=1.981µs(n=100000),477.9,671.44,12158636,18000046,6842050,11157996,0,0,0,0,0,0,0,0,0,0,0,0.0,0.0,0,0,0,0,6,insert_only_build,prehashed_ordered_insert_only,True,True,True,False,False,False,False,False,,,0,1000000,1000000,1000000,1000000,,prehashed_ordered_insert_only_1m,True,,1M
total_ref_5_smt.csv,total_ref_5_smt,348,current,,smt,prehashed_ordered_insert_only_2m,0,2000000,2000000,3936719570,1968,0-10%=1.748µs(n=200000)|10-20%=1.806µs(n=200000)|20-30%=2.005µs(n=200000)|30-40%=1.903µs(n=200000)|40-50%=2.216µs(n=200000)|50-60%=1.757µs(n=200000)|60-70%=1.86µs(n=200000)|70-80%=2.145µs(n=200000)|80-90%=2.088µs(n=200000)|90-100%=2.152µs(n=200000),958.91,1342.9,24418254,36000047,13582443,22417604,0,0,0,0,0,0,0,0,0,0,0,0.0,0.0,0,0,0,0,6,insert_only_build,prehashed_ordered_insert_only,True,True,True,False,False,False,False,False,,,0,2000000,2000000,2000000,2000000,,prehashed_ordered_insert_only_2m,True,,2M
total_ref_5_smt.csv,total_ref_5_smt,349,current,,smt,prehashed_ordered_insert_only_5m,0,5000000,5000000,10166801781,2033,0-10%=1.807µs(n=500000)|10-20%=1.875µs(n=500000)|20-30%=2.129µs(n=500000)|30-40%=2.017µs(n=500000)|40-50%=2.292µs(n=500000)|50-60%=1.832µs(n=500000)|60-70%=1.95µs(n=500000)|70-80%=2.173µs(n=500000)|80-90%=2.149µs(n=500000)|90-100%=2.105µs(n=500000),2393.6,3357.29,60924373,90000079,34076354,55923725,0,0,0,0,0,0,0,0,0,0,0,0.0,0.0,0,0,0,0,6,insert_only_build,prehashed_ordered_insert_only,True,True,True,False,False,False,False,False,,,0,5000000,5000000,5000000,5000000,,prehashed_ordered_insert_only_5m,True,,5M
total_ref_5_smt.csv,total_ref_5_smt,350,current,,smt,prehashed_ordered_insert_only_10m,0,10000000,10000000,20739474871,2073,0-10%=1.762µs(n=1000000)|10-20%=1.85µs(n=1000000)|20-30%=2µs(n=1000000)|30-40%=1.925µs(n=1000000)|40-50%=2.344µs(n=1000000)|50-60%=1.938µs(n=1000000)|60-70%=2.077µs(n=1000000)|70-80%=2.468µs(n=1000000)|80-90%=2.13µs(n=1000000)|90-100%=2.241µs(n=1000000),4855.76,6714.55,124095374,180000120,65905400,114094720,0,0,0,0,0,0,0,0,0,0,0,0.0,0.0,0,0,0,0,6,insert_only_build,prehashed_ordered_insert_only,True,True,True,False,False,False,False,False,,,0,10000000,10000000,10000000,10000000,,prehashed_ordered_insert_only_10m,True,,10M
total_ref_5_smt.csv,total_ref_5_smt,351,current,,smt,prehashed_ordered_insert_only_25m,0,25000000,25000000,56715668855,2268,0-10%=1.959µs(n=2500000)|10-20%=2.023µs(n=2500000)|20-30%=2.203µs(n=2500000)|30-40%=2.117µs(n=2500000)|40-50%=2.407µs(n=2500000)|50-60%=2.01µs(n=2500000)|60-70%=2.23µs(n=2500000)|70-80%=2.681µs(n=2500000)|80-90%=2.358µs(n=2500000)|90-100%=2.694µs(n=2500000),12133.84,16786.18,310059997,450000219,164940884,285059335,0,0,0,0,0,0,0,0,0,0,0,0.0,0.0,0,0,0,0,6,insert_only_build,prehashed_ordered_insert_only,True,True,True,False,False,False,False,False,,,0,25000000,25000000,25000000,25000000,,prehashed_ordered_insert_only_25m,True,,25M
total_ref_5_smt.csv,total_ref_5_smt,352,current,,smt,proof_only_after_10k_build_sample_5pct,10000,10000,0,0,0,,0.0,0.0,0,0,0,0,865073,1730,631,3157,0,0,0,0,0,0,0,0.0,0.0,0,0,0,0,6,proof_only_after_build,proof_only_after_build,False,False,False,True,False,False,False,False,5.0,5.0,10000,0,10000,10000,10000,,proof_only_after_10k_build_sample_5pct,True,,10K
total_ref_5_smt.csv,total_ref_5_smt,353,current,,smt,proof_only_after_50k_build_sample_5pct,50000,50000,0,0,0,,0.0,0.0,0,0,0,0,3393533,1357,721,3202,0,0,0,0,0,0,0,0.0,0.0,0,0,0,0,6,proof_only_after_build,proof_only_after_build,False,False,False,True,False,False,False,False,5.0,5.0,50000,0,50000,50000,50000,,proof_only_after_50k_build_sample_5pct,True,,50K
total_ref_5_smt.csv,total_ref_5_smt,354,current,,smt,proof_only_after_100k_build_sample_5pct,100000,100000,0,0,0,,0.0,0.0,0,0,0,0,8291887,1658,758,3669,0,0,0,0,0,0,0,0.0,0.0,0,0,0,0,6,proof_only_after_build,proof_only_after_build,False,False,False,True,False,False,False,False,5.0,5.0,100000,0,100000,100000,100000,,proof_only_after_100k_build_sample_5pct,True,,100K
total_ref_5_smt.csv,total_ref_5_smt,355,current,,smt,proof_only_after_200k_build_sample_5pct,200000,200000,0,0,0,,0.0,0.0,0,0,0,0,20815798,2081,796,4120,0,0,0,0,0,0,0,0.0,0.0,0,0,0,0,6,proof_only_after_build,proof_only_after_build,False,False,False,True,False,False,False,False,5.0,5.0,200000,0,200000,200000,200000,,proof_only_after_200k_build_sample_5pct,True,,200K
total_ref_5_smt.csv,total_ref_5_smt,356,current,,smt,proof_only_after_300k_build_sample_5pct,300000,300000,0,0,0,,0.0,0.0,0,0,0,0,46679478,3111,819,4691,0,0,0,0,0,0,0,0.0,0.0,0,0,0,0,6,proof_only_after_build,proof_only_after_build,False,False,False,True,False,False,False,False,5.0,5.0,300000,0,300000,300000,300000,,proof_only_after_300k_build_sample_5pct,True,,300K
total_ref_5_smt.csv,total_ref_5_smt,357,current,,smt,proof_only_after_500k_build_sample_5pct,500000,500000,0,0,0,,0.0,0.0,0,0,0,0,88422265,3536,847,5281,0,0,0,0,0,0,0,0.0,0.0,0,0,0,0,6,proof_only_after_build,proof_only_after_build,False,False,False,True,False,False,False,False,5.0,5.0,500000,0,500000,500000,500000,,proof_only_after_500k_build_sample_5pct,True,,500K
total_ref_5_smt.csv,total_ref_5_smt,358,current,,smt,proof_only_after_700k_build_sample_5pct,700000,700000,0,0,0,,0.0,0.0,0,0,0,0,124111810,3546,865,4960,0,0,0,0,0,0,0,0.0,0.0,0,0,0,0,6,proof_only_after_build,proof_only_after_build,False,False,False,True,False,False,False,False,5.0,5.0,700000,0,700000,700000,700000,,proof_only_after_700k_build_sample_5pct,True,,700K
total_ref_5_smt.csv,total_ref_5_smt,359,current,,smt,proof_only_after_900k_build_sample_5pct,900000,900000,0,0,0,,0.0,0.0,0,0,0,0,161756566,3594,879,5162,0,0,0,0,0,0,0,0.0,0.0,0,0,0,0,6,proof_only_after_build,proof_only_after_build,False,False,False,True,False,False,False,False,5.0,5.0,900000,0,900000,900000,900000,,proof_only_after_900k_build_sample_5pct,True,,900K
total_ref_5_smt.csv,total_ref_5_smt,360,current,,smt,proof_only_after_1m_build_sample_5pct,1000000,1000000,0,0,0,,0.0,0.0,0,0,0,0,186037115,3720,884,5286,0,0,0,0,0,0,0,0.0,0.0,0,0,0,0,6,proof_only_after_build,proof_only_after_build,False,False,False,True,False,False,False,False,5.0,5.0,1000000,0,1000000,1000000,1000000,,proof_only_after_1m_build_sample_5pct,True,,1M
total_ref_5_smt.csv,total_ref_5_smt,361,current,,smt,proof_only_after_2m_build_sample_3pct,2000000,2000000,0,0,0,,0.0,0.0,0,0,0,0,242382357,4039,923,6038,0,0,0,0,0,0,0,0.0,0.0,0,0,0,0,6,proof_only_after_build,proof_only_after_build,False,False,False,True,False,False,False,False,3.0,3.0,2000000,0,2000000,2000000,2000000,,proof_only_after_2m_build_sample_3pct,True,,2M
total_ref_5_smt.csv,total_ref_5_smt,362,current,,smt,proof_only_after_5m_build_sample_3pct,5000000,5000000,0,0,0,,0.0,0.0,0,0,0,0,662978991,4419,973,6247,0,0,0,0,0,0,0,0.0,0.0,0,0,0,0,6,proof_only_after_build,proof_only_after_build,False,False,False,True,False,False,False,False,3.0,3.0,5000000,0,5000000,5000000,5000000,,proof_only_after_5m_build_sample_3pct,True,,5M
total_ref_5_smt.csv,total_ref_5_smt,363,current,,smt,proof_only_after_10m_build_sample_2pct,10000000,10000000,0,0,0,,0.0,0.0,0,0,0,0,988117378,4940,1011,7177,0,0,0,0,0,0,0,0.0,0.0,0,0,0,0,6,proof_only_after_build,proof_only_after_build,False,False,False,True,False,False,False,False,2.0,2.0,10000000,0,10000000,10000000,10000000,,proof_only_after_10m_build_sample_2pct,True,,10M
total_ref_5_smt.csv,total_ref_5_smt,364,current,,smt,proof_only_after_25m_build_sample_2pct,25000000,25000000,0,0,0,,0.0,0.0,0,0,0,0,4827372294,9654,1061,8315,0,0,0,0,0,0,0,0.0,0.0,0,0,0,0,6,proof_only_after_build,proof_only_after_build,False,False,False,True,False,False,False,False,2.0,2.0,25000000,0,25000000,25000000,25000000,,proof_only_after_25m_build_sample_2pct,True,,25M
total_ref_5_smt.csv,total_ref_5_smt,365,current,,smt,build_10k_then_add_2k_new,10000,12000,2000,5633656,2816,0-10%=3.648µs(n=200)|10-20%=2.967µs(n=200)|20-30%=2.828µs(n=200)|30-40%=2.717µs(n=200)|40-50%=2.959µs(n=200)|50-60%=2.506µs(n=200)|60-70%=2.716µs(n=200)|70-80%=2.743µs(n=200)|80-90%=2.565µs(n=200)|90-100%=2.51µs(n=200),1.39,1.39,144201,36038,2552,33486,0,0,0,0,0,0,0,0,0,0,0,0.0,0.0,0,0,0,0,6,build_then_add_new,build_then_add_new,False,False,False,False,False,True,True,False,,,10000,2000,12000,10000,10000,2000,build_10k_then_add_2k_new,True,,10K
total_ref_5_smt.csv,total_ref_5_smt,366,current,,smt,build_50k_then_add_10k_new,50000,60000,10000,37009948,3700,0-10%=5.341µs(n=1000)|10-20%=4.19µs(n=1000)|20-30%=3.789µs(n=1000)|30-40%=3.653µs(n=1000)|40-50%=3.369µs(n=1000)|50-60%=3.55µs(n=1000)|60-70%=3.379µs(n=1000)|70-80%=3.464µs(n=1000)|80-90%=3.184µs(n=1000)|90-100%=3.085µs(n=1000),6.87,6.87,718005,180038,12753,167285,0,0,0,0,0,0,0,0,0,0,0,0.0,0.0,0,0,0,0,6,build_then_add_new,build_then_add_new,False,False,False,False,False,True,True,False,,,50000,10000,60000,50000,50000,10000,build_50k_then_add_10k_new,True,,50K
total_ref_5_smt.csv,total_ref_5_smt,367,current,,smt,build_100k_then_add_20k_new,100000,120000,20000,74193144,3709,0-10%=4.244µs(n=2000)|10-20%=4.042µs(n=2000)|20-30%=3.97µs(n=2000)|30-40%=3.685µs(n=2000)|40-50%=3.614µs(n=2000)|50-60%=3.592µs(n=2000)|60-70%=3.531µs(n=2000)|70-80%=3.465µs(n=2000)|80-90%=3.469µs(n=2000)|90-100%=3.479µs(n=2000),13.72,13.72,1435269,360038,25494,334544,0,0,0,0,0,0,0,0,0,0,0,0.0,0.0,0,0,0,0,6,build_then_add_new,build_then_add_new,False,False,False,False,False,True,True,False,,,100000,20000,120000,100000,100000,20000,build_100k_then_add_20k_new,True,,100K
total_ref_5_smt.csv,total_ref_5_smt,368,current,,smt,build_200k_then_add_40k_new,200000,240000,40000,181346805,4533,0-10%=5.717µs(n=4000)|10-20%=4.866µs(n=4000)|20-30%=4.657µs(n=4000)|30-40%=4.472µs(n=4000)|40-50%=4.482µs(n=4000)|50-60%=4.299µs(n=4000)|60-70%=4.074µs(n=4000)|70-80%=3.983µs(n=4000)|80-90%=4.321µs(n=4000)|90-100%=4.46µs(n=4000),27.43,27.43,2869729,720045,51049,668996,0,0,0,0,0,0,0,0,0,0,0,0.0,0.0,0,0,0,0,6,build_then_add_new,build_then_add_new,False,False,False,False,False,True,True,False,,,200000,40000,240000,200000,200000,40000,build_200k_then_add_40k_new,True,,200K
total_ref_5_smt.csv,total_ref_5_smt,369,current,,smt,build_300k_then_add_60k_new,300000,360000,60000,296714198,4945,0-10%=5.823µs(n=6000)|10-20%=5.303µs(n=6000)|20-30%=5.332µs(n=6000)|30-40%=4.971µs(n=6000)|40-50%=4.682µs(n=6000)|50-60%=4.598µs(n=6000)|60-70%=4.606µs(n=6000)|70-80%=4.667µs(n=6000)|80-90%=4.713µs(n=6000)|90-100%=4.753µs(n=6000),41.13,41.13,4304195,1080047,76595,1003452,0,0,0,0,0,0,0,0,0,0,0,0.0,0.0,0,0,0,0,6,build_then_add_new,build_then_add_new,False,False,False,False,False,True,True,False,,,300000,60000,360000,300000,300000,60000,build_300k_then_add_60k_new,True,,300K
total_ref_5_smt.csv,total_ref_5_smt,370,current,,smt,build_500k_then_add_100k_new,500000,600000,100000,568709398,5687,0-10%=6.935µs(n=10000)|10-20%=6.287µs(n=10000)|20-30%=6.174µs(n=10000)|30-40%=6.988µs(n=10000)|40-50%=5.415µs(n=10000)|50-60%=5.056µs(n=10000)|60-70%=5.037µs(n=10000)|70-80%=5.101µs(n=10000)|80-90%=5.076µs(n=10000)|90-100%=4.797µs(n=10000),68.51,68.51,7172675,1800050,128125,1671925,0,0,0,0,0,0,0,0,0,0,0,0.0,0.0,0,0,0,0,6,build_then_add_new,build_then_add_new,False,False,False,False,False,True,True,False,,,500000,100000,600000,500000,500000,100000,build_500k_then_add_100k_new,True,,500K
total_ref_5_smt.csv,total_ref_5_smt,371,current,,smt,build_700k_then_add_140k_new,700000,840000,140000,826548629,5903,0-10%=6.363µs(n=14000)|10-20%=5.771µs(n=14000)|20-30%=5.628µs(n=14000)|30-40%=5.559µs(n=14000)|40-50%=6.476µs(n=14000)|50-60%=5.802µs(n=14000)|60-70%=5.605µs(n=14000)|70-80%=5.773µs(n=14000)|80-90%=6.161µs(n=14000)|90-100%=5.895µs(n=14000),95.95,95.95,10041968,2520053,178844,2341209,0,0,0,0,0,0,0,0,0,0,0,0.0,0.0,0,0,0,0,6,build_then_add_new,build_then_add_new,False,False,False,False,False,True,True,False,,,700000,140000,840000,700000,700000,140000,build_700k_then_add_140k_new,True,,700K
total_ref_5_smt.csv,total_ref_5_smt,372,current,,smt,build_900k_then_add_180k_new,900000,1080000,180000,998637988,5547,0-10%=8.117µs(n=18000)|10-20%=5.936µs(n=18000)|20-30%=5.631µs(n=18000)|30-40%=5.391µs(n=18000)|40-50%=4.972µs(n=18000)|50-60%=4.729µs(n=18000)|60-70%=4.789µs(n=18000)|70-80%=4.983µs(n=18000)|80-90%=4.889µs(n=18000)|90-100%=6.038µs(n=18000),123.33,123.33,12910616,3240053,230207,3009846,0,0,0,0,0,0,0,0,0,0,0,0.0,0.0,0,0,0,0,6,build_then_add_new,build_then_add_new,False,False,False,False,False,True,True,False,,,900000,180000,1080000,900000,900000,180000,build_900k_then_add_180k_new,True,,900K
total_ref_5_smt.csv,total_ref_5_smt,373,current,,smt,build_1m_then_add_200k_new,1000000,1200000,200000,1145157640,5725,0-10%=6.517µs(n=20000)|10-20%=6.017µs(n=20000)|20-30%=5.912µs(n=20000)|30-40%=5.913µs(n=20000)|40-50%=6.022µs(n=20000)|50-60%=5.698µs(n=20000)|60-70%=5.351µs(n=20000)|70-80%=5.298µs(n=20000)|80-90%=5.282µs(n=20000)|90-100%=5.243µs(n=20000),137.04,137.04,14345234,3600053,255593,3344460,0,0,0,0,0,0,0,0,0,0,0,0.0,0.0,0,0,0,0,6,build_then_add_new,build_then_add_new,False,False,False,False,False,True,True,False,,,1000000,200000,1200000,1000000,1000000,200000,build_1m_then_add_200k_new,True,,1M
total_ref_5_smt.csv,total_ref_5_smt,374,current,,smt,build_2m_then_add_400k_new,2000000,2400000,400000,2539639047,6349,0-10%=6.93µs(n=40000)|10-20%=6.419µs(n=40000)|20-30%=6.329µs(n=40000)|30-40%=6.233µs(n=40000)|40-50%=6.359µs(n=40000)|50-60%=6.406µs(n=40000)|60-70%=6.353µs(n=40000)|70-80%=6.338µs(n=40000)|80-90%=6.165µs(n=40000)|90-100%=5.954µs(n=40000),274.09,274.09,28689608,7200064,511239,6688825,0,0,0,0,0,0,0,0,0,0,0,0.0,0.0,0,0,0,0,6,build_then_add_new,build_then_add_new,False,False,False,False,False,True,True,False,,,2000000,400000,2400000,2000000,2000000,400000,build_2m_then_add_400k_new,True,,2M
total_ref_5_smt.csv,total_ref_5_smt,375,current,,smt,build_5m_then_add_1m_new,5000000,6000000,1000000,7167244844,7167,0-10%=7.756µs(n=100000)|10-20%=7.375µs(n=100000)|20-30%=7.273µs(n=100000)|30-40%=7.345µs(n=100000)|40-50%=7.26µs(n=100000)|50-60%=7.151µs(n=100000)|60-70%=6.882µs(n=100000)|70-80%=6.785µs(n=100000)|80-90%=6.855µs(n=100000)|90-100%=6.986µs(n=100000),685.2,685.2,71722988,18000082,1277893,16722189,0,0,0,0,0,0,0,0,0,0,0,0.0,0.0,0,0,0,0,6,build_then_add_new,build_then_add_new,False,False,False,False,False,True,True,False,,,5000000,1000000,6000000,5000000,5000000,1000000,build_5m_then_add_1m_new,True,,5M
total_ref_5_smt.csv,total_ref_5_smt,376,current,,smt,build_10m_then_add_2m_new,10000000,12000000,2000000,16269050288,8134,0-10%=8.457µs(n=200000)|10-20%=8.041µs(n=200000)|20-30%=8.121µs(n=200000)|30-40%=8.239µs(n=200000)|40-50%=8.244µs(n=200000)|50-60%=8.177µs(n=200000)|60-70%=8.024µs(n=200000)|70-80%=8.017µs(n=200000)|80-90%=7.984µs(n=200000)|90-100%=8.036µs(n=200000),1370.35,1370.35,143443526,36000121,2557403,33442718,0,0,0,0,0,0,0,0,0,0,0,0.0,0.0,0,0,0,0,6,build_then_add_new,build_then_add_new,False,False,False,False,False,True,True,False,,,10000000,2000000,12000000,10000000,10000000,2000000,build_10m_then_add_2m_new,True,,10M
total_ref_5_smt.csv,total_ref_5_smt,377,current,,smt,build_25m_then_add_5m_new,25000000,30000000,5000000,49211989401,9842,0-10%=10.048µs(n=500000)|10-20%=9.856µs(n=500000)|20-30%=9.978µs(n=500000)|30-40%=9.885µs(n=500000)|40-50%=9.615µs(n=500000)|50-60%=9.726µs(n=500000)|60-70%=9.892µs(n=500000)|70-80%=9.748µs(n=500000)|80-90%=9.78µs(n=500000)|90-100%=9.891µs(n=500000),3426.26,3426.26,358607672,90000277,6393418,83606859,0,0,0,0,0,0,0,0,0,0,0,0.0,0.0,0,0,0,0,6,build_then_add_new,build_then_add_new,False,False,False,False,False,True,True,False,,,25000000,5000000,30000000,25000000,25000000,5000000,build_25m_then_add_5m_new,True,,25M
total_ref_5_smt.csv,total_ref_5_smt,378,current,,smt,build_10k_then_reinsert_2k_existing,10000,10000,2000,4905463,2452,0-10%=3.097µs(n=200)|10-20%=2.556µs(n=200)|20-30%=2.459µs(n=200)|30-40%=2.688µs(n=200)|40-50%=2.523µs(n=200)|50-60%=2.548µs(n=200)|60-70%=2.3µs(n=200)|70-80%=2.141µs(n=200)|80-90%=2.132µs(n=200)|90-100%=2.076µs(n=200),0.27,0.27,119864,10038,1001,9037,0,0,0,0,0,0,0,0,0,0,0,0.0,0.0,0,0,0,0,6,build_then_reinsert_existing,build_then_reinsert_existing,False,False,False,False,False,False,False,True,,,10000,2000,10000,10000,10000,2000,build_10k_then_reinsert_2k_existing,True,,10K
total_ref_5_smt.csv,total_ref_5_smt,379,current,,smt,build_50k_then_reinsert_10k_existing,50000,50000,10000,32348783,3234,0-10%=3.901µs(n=1000)|10-20%=3.469µs(n=1000)|20-30%=3.272µs(n=1000)|30-40%=3.34µs(n=1000)|40-50%=3.088µs(n=1000)|50-60%=3.203µs(n=1000)|60-70%=2.957µs(n=1000)|70-80%=3.125µs(n=1000)|80-90%=2.993µs(n=1000)|90-100%=2.995µs(n=1000),1.31,1.31,595870,50038,5001,45037,0,0,0,0,0,0,0,0,0,0,0,0.0,0.0,0,0,0,0,6,build_then_reinsert_existing,build_then_reinsert_existing,False,False,False,False,False,False,False,True,,,50000,10000,50000,50000,50000,10000,build_50k_then_reinsert_10k_existing,True,,50K
total_ref_5_smt.csv,total_ref_5_smt,380,current,,smt,build_100k_then_reinsert_20k_existing,100000,100000,20000,74260457,3713,0-10%=4.529µs(n=2000)|10-20%=4.082µs(n=2000)|20-30%=3.871µs(n=2000)|30-40%=3.742µs(n=2000)|40-50%=3.671µs(n=2000)|50-60%=3.717µs(n=2000)|60-70%=3.539µs(n=2000)|70-80%=3.359µs(n=2000)|80-90%=3.321µs(n=2000)|90-100%=3.292µs(n=2000),2.61,2.61,1190813,100038,10001,90037,0,0,0,0,0,0,0,0,0,0,0,0.0,0.0,0,0,0,0,6,build_then_reinsert_existing,build_then_reinsert_existing,False,False,False,False,False,False,False,True,,,100000,20000,100000,100000,100000,20000,build_100k_then_reinsert_20k_existing,True,,100K
total_ref_5_smt.csv,total_ref_5_smt,381,current,,smt,build_200k_then_reinsert_40k_existing,200000,200000,40000,153838213,3845,0-10%=4.519µs(n=4000)|10-20%=4.064µs(n=4000)|20-30%=3.932µs(n=4000)|30-40%=3.835µs(n=4000)|40-50%=3.801µs(n=4000)|50-60%=3.755µs(n=4000)|60-70%=3.707µs(n=4000)|70-80%=3.663µs(n=4000)|80-90%=3.61µs(n=4000)|90-100%=3.569µs(n=4000),5.22,5.22,2380825,200045,20001,180044,0,0,0,0,0,0,0,0,0,0,0,0.0,0.0,0,0,0,0,6,build_then_reinsert_existing,build_then_reinsert_existing,False,False,False,False,False,False,False,True,,,200000,40000,200000,200000,200000,40000,build_200k_then_reinsert_40k_existing,True,,200K
total_ref_5_smt.csv,total_ref_5_smt,382,current,,smt,build_300k_then_reinsert_60k_existing,300000,300000,60000,230891027,3848,0-10%=4.676µs(n=6000)|10-20%=4.125µs(n=6000)|20-30%=3.914µs(n=6000)|30-40%=3.81µs(n=6000)|40-50%=3.778µs(n=6000)|50-60%=3.74µs(n=6000)|60-70%=3.71µs(n=6000)|70-80%=3.633µs(n=6000)|80-90%=3.559µs(n=6000)|90-100%=3.533µs(n=6000),7.81,7.81,3570834,300047,30001,270046,0,0,0,0,0,0,0,0,0,0,0,0.0,0.0,0,0,0,0,6,build_then_reinsert_existing,build_then_reinsert_existing,False,False,False,False,False,False,False,True,,,300000,60000,300000,300000,300000,60000,build_300k_then_reinsert_60k_existing,True,,300K
total_ref_5_smt.csv,total_ref_5_smt,383,current,,smt,build_500k_then_reinsert_100k_existing,500000,500000,100000,442534174,4425,0-10%=5.402µs(n=10000)|10-20%=4.664µs(n=10000)|20-30%=4.444µs(n=10000)|30-40%=4.305µs(n=10000)|40-50%=4.245µs(n=10000)|50-60%=4.189µs(n=10000)|60-70%=4.814µs(n=10000)|70-80%=4.222µs(n=10000)|80-90%=3.992µs(n=10000)|90-100%=3.97µs(n=10000),13.01,13.01,5950845,500042,50001,450041,0,0,0,0,0,0,0,0,0,0,0,0.0,0.0,0,0,0,0,6,build_then_reinsert_existing,build_then_reinsert_existing,False,False,False,False,False,False,False,True,,,500000,100000,500000,500000,500000,100000,build_500k_then_reinsert_100k_existing,True,,500K
total_ref_5_smt.csv,total_ref_5_smt,384,current,,smt,build_700k_then_reinsert_140k_existing,700000,700000,140000,685258229,4894,0-10%=5.481µs(n=14000)|10-20%=4.983µs(n=14000)|20-30%=4.829µs(n=14000)|30-40%=4.768µs(n=14000)|40-50%=5.322µs(n=14000)|50-60%=4.748µs(n=14000)|60-70%=4.666µs(n=14000)|70-80%=4.626µs(n=14000)|80-90%=4.693µs(n=14000)|90-100%=4.827µs(n=14000),18.2,18.2,8330853,700044,70001,630043,0,0,0,0,0,0,0,0,0,0,0,0.0,0.0,0,0,0,0,6,build_then_reinsert_existing,build_then_reinsert_existing,False,False,False,False,False,False,False,True,,,700000,140000,700000,700000,700000,140000,build_700k_then_reinsert_140k_existing,True,,700K
total_ref_5_smt.csv,total_ref_5_smt,385,current,,smt,build_900k_then_reinsert_180k_existing,900000,900000,180000,903809662,5021,0-10%=5.645µs(n=18000)|10-20%=5.303µs(n=18000)|20-30%=5.125µs(n=18000)|30-40%=4.988µs(n=18000)|40-50%=4.924µs(n=18000)|50-60%=4.889µs(n=18000)|60-70%=4.88µs(n=18000)|70-80%=4.785µs(n=18000)|80-90%=4.827µs(n=18000)|90-100%=4.841µs(n=18000),23.4,23.4,10710863,900053,90001,810052,0,0,0,0,0,0,0,0,0,0,0,0.0,0.0,0,0,0,0,6,build_then_reinsert_existing,build_then_reinsert_existing,False,False,False,False,False,False,False,True,,,900000,180000,900000,900000,900000,180000,build_900k_then_reinsert_180k_existing,True,,900K
total_ref_5_smt.csv,total_ref_5_smt,386,current,,smt,build_1m_then_reinsert_200k_existing,1000000,1000000,200000,1030155849,5150,0-10%=5.821µs(n=20000)|10-20%=5.241µs(n=20000)|20-30%=5.124µs(n=20000)|30-40%=5.105µs(n=20000)|40-50%=5.073µs(n=20000)|50-60%=5.016µs(n=20000)|60-70%=5.016µs(n=20000)|70-80%=4.968µs(n=20000)|80-90%=5.057µs(n=20000)|90-100%=5.082µs(n=20000),25.99,25.99,11900873,1000045,100001,900044,0,0,0,0,0,0,0,0,0,0,0,0.0,0.0,0,0,0,0,6,build_then_reinsert_existing,build_then_reinsert_existing,False,False,False,False,False,False,False,True,,,1000000,200000,1000000,1000000,1000000,200000,build_1m_then_reinsert_200k_existing,True,,1M
total_ref_5_smt.csv,total_ref_5_smt,387,current,,smt,build_2m_then_reinsert_400k_existing,2000000,2000000,400000,2267172186,5667,0-10%=6.432µs(n=40000)|10-20%=6.083µs(n=40000)|20-30%=5.97µs(n=40000)|30-40%=5.731µs(n=40000)|40-50%=5.741µs(n=40000)|50-60%=5.77µs(n=40000)|60-70%=5.326µs(n=40000)|70-80%=5.164µs(n=40000)|80-90%=5.185µs(n=40000)|90-100%=5.273µs(n=40000),51.97,51.97,23800889,2000059,200001,1800058,0,0,0,0,0,0,0,0,0,0,0,0.0,0.0,0,0,0,0,6,build_then_reinsert_existing,build_then_reinsert_existing,False,False,False,False,False,False,False,True,,,2000000,400000,2000000,2000000,2000000,400000,build_2m_then_reinsert_400k_existing,True,,2M
total_ref_5_smt.csv,total_ref_5_smt,388,current,,smt,build_5m_then_reinsert_1m_existing,5000000,5000000,1000000,6216672186,6216,0-10%=6.891µs(n=100000)|10-20%=6.159µs(n=100000)|20-30%=6.145µs(n=100000)|30-40%=6.126µs(n=100000)|40-50%=6.147µs(n=100000)|50-60%=6.082µs(n=100000)|60-70%=6.129µs(n=100000)|70-80%=6.124µs(n=100000)|80-90%=6.012µs(n=100000)|90-100%=6.346µs(n=100000),129.95,129.95,59500919,5000080,500001,4500079,0,0,0,0,0,0,0,0,0,0,0,0.0,0.0,0,0,0,0,6,build_then_reinsert_existing,build_then_reinsert_existing,False,False,False,False,False,False,False,True,,,5000000,1000000,5000000,5000000,5000000,1000000,build_5m_then_reinsert_1m_existing,True,,5M
total_ref_5_smt.csv,total_ref_5_smt,389,current,,smt,build_10m_then_reinsert_2m_existing,10000000,10000000,2000000,15075873716,7537,0-10%=7.745µs(n=200000)|10-20%=7.421µs(n=200000)|20-30%=7.619µs(n=200000)|30-40%=7.591µs(n=200000)|40-50%=7.596µs(n=200000)|50-60%=7.439µs(n=200000)|60-70%=7.42µs(n=200000)|70-80%=7.481µs(n=200000)|80-90%=7.569µs(n=200000)|90-100%=7.493µs(n=200000),259.92,259.92,119000961,10000116,1000001,9000115,0,0,0,0,0,0,0,0,0,0,0,0.0,0.0,0,0,0,0,6,build_then_reinsert_existing,build_then_reinsert_existing,False,False,False,False,False,False,False,True,,,10000000,2000000,10000000,10000000,10000000,2000000,build_10m_then_reinsert_2m_existing,True,,10M
total_ref_5_smt.csv,total_ref_5_smt,390,current,,smt,build_25m_then_reinsert_5m_existing,25000000,25000000,5000000,44679712013,8935,0-10%=9.038µs(n=500000)|10-20%=8.971µs(n=500000)|20-30%=8.865µs(n=500000)|30-40%=8.894µs(n=500000)|40-50%=8.99µs(n=500000)|50-60%=8.978µs(n=500000)|60-70%=8.886µs(n=500000)|70-80%=8.857µs(n=500000)|80-90%=8.842µs(n=500000)|90-100%=9.033µs(n=500000),650.12,650.12,297501111,25000255,2500000,22500255,0,0,0,0,0,0,0,0,0,0,0,0.0,0.0,0,0,0,0,6,build_then_reinsert_existing,build_then_reinsert_existing,False,False,False,False,False,False,False,True,,,25000000,5000000,25000000,25000000,25000000,5000000,build_25m_then_reinsert_5m_existing,True,,25M
total_ref_5_smt.csv,total_ref_5_smt,391,current,,smt,insert_only_build_10k,0,10000,10000,25394862,2539,0-10%=1.806µs(n=1000)|10-20%=2.096µs(n=1000)|20-30%=2.233µs(n=1000)|30-40%=3.019µs(n=1000)|40-50%=2.497µs(n=1000)|50-60%=2.583µs(n=1000)|60-70%=2.64µs(n=1000)|70-80%=3.212µs(n=1000)|80-90%=2.609µs(n=1000)|90-100%=2.696µs(n=1000),5.51,6.88,125465,180040,55113,124927,0,0,0,0,0,0,0,0,0,0,0,0.0,0.0,0,0,0,0,7,insert_only_build,insert_only_build,False,False,True,False,False,False,False,False,,,0,10000,10000,10000,10000,,insert_only_build_10k,True,,10K
total_ref_5_smt.csv,total_ref_5_smt,392,current,,smt,insert_only_build_50k,0,50000,50000,133103833,2662,0-10%=2.263µs(n=5000)|10-20%=2.484µs(n=5000)|20-30%=2.358µs(n=5000)|30-40%=2.642µs(n=5000)|40-50%=2.504µs(n=5000)|50-60%=2.836µs(n=5000)|60-70%=2.744µs(n=5000)|70-80%=2.833µs(n=5000)|80-90%=2.92µs(n=5000)|90-100%=3.032µs(n=5000),29.17,34.3,675377,900065,225235,674830,0,0,0,0,0,0,0,0,0,0,0,0.0,0.0,0,0,0,0,7,insert_only_build,insert_only_build,False,False,True,False,False,False,False,False,,,0,50000,50000,50000,50000,,insert_only_build_50k,True,,50K
total_ref_5_smt.csv,total_ref_5_smt,393,current,,smt,insert_only_build_100k,0,100000,100000,294026440,2940,0-10%=2.265µs(n=10000)|10-20%=2.586µs(n=10000)|20-30%=2.811µs(n=10000)|30-40%=2.853µs(n=10000)|40-50%=3.068µs(n=10000)|50-60%=2.934µs(n=10000)|60-70%=3.077µs(n=10000)|70-80%=3.327µs(n=10000)|80-90%=3.243µs(n=10000)|90-100%=3.234µs(n=10000),55.53,68.52,1263487,1800039,537146,1262893,0,0,0,0,0,0,0,0,0,0,0,0.0,0.0,0,0,0,0,7,insert_only_build,insert_only_build,False,False,True,False,False,False,False,False,,,0,100000,100000,100000,100000,,insert_only_build_100k,True,,100K
total_ref_5_smt.csv,total_ref_5_smt,394,current,,smt,insert_only_build_200k,0,200000,200000,632956362,3164,0-10%=2.379µs(n=20000)|10-20%=2.719µs(n=20000)|20-30%=2.976µs(n=20000)|30-40%=2.998µs(n=20000)|40-50%=3.23µs(n=20000)|50-60%=3.286µs(n=20000)|60-70%=3.266µs(n=20000)|70-80%=3.563µs(n=20000)|80-90%=3.639µs(n=20000)|90-100%=3.587µs(n=20000),108.29,137.03,2439370,3600043,1161279,2438764,0,0,0,0,0,0,0,0,0,0,0,0.0,0.0,0,0,0,0,7,insert_only_build,insert_only_build,False,False,True,False,False,False,False,False,,,0,200000,200000,200000,200000,,insert_only_build_200k,True,,200K
total_ref_5_smt.csv,total_ref_5_smt,395,current,,smt,insert_only_build_300k,0,300000,300000,1044586879,3481,0-10%=2.665µs(n=30000)|10-20%=2.977µs(n=30000)|20-30%=2.904µs(n=30000)|30-40%=3.278µs(n=30000)|40-50%=3.513µs(n=30000)|50-60%=3.774µs(n=30000)|60-70%=3.598µs(n=30000)|70-80%=3.635µs(n=30000)|80-90%=3.913µs(n=30000)|90-100%=4.557µs(n=30000),156.73,205.54,3478705,5400043,1921954,3478089,0,0,0,0,0,0,0,0,0,0,0,0.0,0.0,0,0,0,0,7,insert_only_build,insert_only_build,False,False,True,False,False,False,False,False,,,0,300000,300000,300000,300000,,insert_only_build_300k,True,,300K
total_ref_5_smt.csv,total_ref_5_smt,396,current,,smt,insert_only_build_500k,0,500000,500000,2056616836,4113,0-10%=2.507µs(n=50000)|10-20%=2.988µs(n=50000)|20-30%=3.188µs(n=50000)|30-40%=3.599µs(n=50000)|40-50%=3.673µs(n=50000)|50-60%=5.102µs(n=50000)|60-70%=4.867µs(n=50000)|70-80%=4.685µs(n=50000)|80-90%=4.839µs(n=50000)|90-100%=5.679µs(n=50000),259.39,342.56,5739090,9000051,3261580,5738471,0,0,0,0,0,0,0,0,0,0,0,0.0,0.0,0,0,0,0,7,insert_only_build,insert_only_build,False,False,True,False,False,False,False,False,,,0,500000,500000,500000,500000,,insert_only_build_500k,True,,500K
total_ref_5_smt.csv,total_ref_5_smt,397,current,,smt,insert_only_build_700k,0,700000,700000,2932323256,4189,0-10%=2.708µs(n=70000)|10-20%=3.149µs(n=70000)|20-30%=3.765µs(n=70000)|30-40%=4.161µs(n=70000)|40-50%=4.269µs(n=70000)|50-60%=4.199µs(n=70000)|60-70%=4.842µs(n=70000)|70-80%=4.984µs(n=70000)|80-90%=4.693µs(n=70000)|90-100%=5.114µs(n=70000),395.01,479.55,9039702,12600057,3560988,9039069,0,0,0,0,0,0,0,0,0,0,0,0.0,0.0,0,0,0,0,7,insert_only_build,insert_only_build,False,False,True,False,False,False,False,False,,,0,700000,700000,700000,700000,,insert_only_build_700k,True,,700K
total_ref_5_smt.csv,total_ref_5_smt,398,current,,smt,insert_only_build_900k,0,900000,900000,4119795424,4577,0-10%=2.702µs(n=90000)|10-20%=3.842µs(n=90000)|20-30%=4.241µs(n=90000)|30-40%=4.862µs(n=90000)|40-50%=4.588µs(n=90000)|50-60%=5.001µs(n=90000)|60-70%=4.793µs(n=90000)|70-80%=4.807µs(n=90000)|80-90%=5.14µs(n=90000)|90-100%=5.795µs(n=90000),471.01,616.59,10458646,16200060,5742059,10458001,0,0,0,0,0,0,0,0,0,0,0,0.0,0.0,0,0,0,0,7,insert_only_build,insert_only_build,False,False,True,False,False,False,False,False,,,0,900000,900000,900000,900000,,insert_only_build_900k,True,,900K
total_ref_5_smt.csv,total_ref_5_smt,399,current,,smt,insert_only_build_1m,0,1000000,1000000,4786400097,4786,0-10%=2.995µs(n=100000)|10-20%=4.066µs(n=100000)|20-30%=4.573µs(n=100000)|30-40%=4.555µs(n=100000)|40-50%=4.881µs(n=100000)|50-60%=4.956µs(n=100000)|60-70%=4.771µs(n=100000)|70-80%=5.38µs(n=100000)|80-90%=5.772µs(n=100000)|90-100%=5.908µs(n=100000),540.84,685.09,12172815,18000060,5827893,12172167,0,0,0,0,0,0,0,0,0,0,0,0.0,0.0,0,0,0,0,7,insert_only_build,insert_only_build,False,False,True,False,False,False,False,False,,,0,1000000,1000000,1000000,1000000,,insert_only_build_1m,True,,1M
total_ref_5_smt.csv,total_ref_5_smt,400,current,,smt,insert_only_build_2m,0,2000000,2000000,10703329039,5351,0-10%=3.216µs(n=200000)|10-20%=4.146µs(n=200000)|20-30%=4.831µs(n=200000)|30-40%=5.304µs(n=200000)|40-50%=5.802µs(n=200000)|50-60%=5.262µs(n=200000)|60-70%=7.155µs(n=200000)|70-80%=6.302µs(n=200000)|80-90%=5.774µs(n=200000)|90-100%=5.72µs(n=200000),1121.86,1370.22,25610612,36000086,10390134,25609952,0,0,0,0,0,0,0,0,0,0,0,0.0,0.0,0,0,0,0,7,insert_only_build,insert_only_build,False,False,True,False,False,False,False,False,,,0,2000000,2000000,2000000,2000000,,insert_only_build_2m,True,,2M
total_ref_5_smt.csv,total_ref_5_smt,401,current,,smt,insert_only_build_5m,0,5000000,5000000,30220914805,6044,0-10%=3.905µs(n=500000)|10-20%=5.157µs(n=500000)|20-30%=5.581µs(n=500000)|30-40%=5.802µs(n=500000)|40-50%=6.295µs(n=500000)|50-60%=6.389µs(n=500000)|60-70%=6.424µs(n=500000)|70-80%=6.98µs(n=500000)|80-90%=7.095µs(n=500000)|90-100%=6.808µs(n=500000),2714.75,3425.54,61188579,90000173,28812263,61187910,0,0,0,0,0,0,0,0,0,0,0,0.0,0.0,0,0,0,0,7,insert_only_build,insert_only_build,False,False,True,False,False,False,False,False,,,0,5000000,5000000,5000000,5000000,,insert_only_build_5m,True,,5M
total_ref_5_smt.csv,total_ref_5_smt,402,current,,smt,insert_only_build_10m,0,10000000,10000000,68246499281,6824,0-10%=4.507µs(n=1000000)|10-20%=5.685µs(n=1000000)|20-30%=6.465µs(n=1000000)|30-40%=6.492µs(n=1000000)|40-50%=7.155µs(n=1000000)|50-60%=6.983µs(n=1000000)|60-70%=7.128µs(n=1000000)|70-80%=8.17µs(n=1000000)|80-90%=7.594µs(n=1000000)|90-100%=8.063µs(n=1000000),5579.13,6851.32,127089024,180000325,52911981,127088344,0,0,0,0,0,0,0,0,0,0,0,0.0,0.0,0,0,0,0,7,insert_only_build,insert_only_build,False,False,True,False,False,False,False,False,,,0,10000000,10000000,10000000,10000000,,insert_only_build_10m,True,,10M
total_ref_5_smt.csv,total_ref_5_smt,403,current,,smt,insert_only_build_25m,0,25000000,25000000,207196225284,8287,0-10%=5.351µs(n=2500000)|10-20%=6.775µs(n=2500000)|20-30%=7.303µs(n=2500000)|30-40%=7.718µs(n=2500000)|40-50%=8.733µs(n=2500000)|50-60%=8.761µs(n=2500000)|60-70%=9.067µs(n=2500000)|70-80%=9.224µs(n=2500000)|80-90%=10.188µs(n=2500000)|90-100%=9.754µs(n=2500000),13427.91,17129.6,301281133,450000929,148720492,301280437,0,0,0,0,0,0,0,0,0,0,0,0.0,0.0,0,0,0,0,7,insert_only_build,insert_only_build,False,False,True,False,False,False,False,False,,,0,25000000,25000000,25000000,25000000,,insert_only_build_25m,True,,25M
total_ref_5_smt.csv,total_ref_5_smt,404,current,,smt,prehashed_ordered_insert_only_10k,0,10000,10000,15387517,1538,0-10%=1.132µs(n=1000)|10-20%=1.262µs(n=1000)|20-30%=2.127µs(n=1000)|30-40%=1.42µs(n=1000)|40-50%=1.428µs(n=1000)|50-60%=1.189µs(n=1000)|60-70%=2.396µs(n=1000)|70-80%=1.534µs(n=1000)|80-90%=1.369µs(n=1000)|90-100%=1.525µs(n=1000),5.0,6.73,130269,180023,60470,119553,0,0,0,0,0,0,0,0,0,0,0,0.0,0.0,0,0,0,0,7,insert_only_build,prehashed_ordered_insert_only,True,True,True,False,False,False,False,False,,,0,10000,10000,10000,10000,,prehashed_ordered_insert_only_10k,True,,10K
total_ref_5_smt.csv,total_ref_5_smt,405,current,,smt,prehashed_ordered_insert_only_50k,0,50000,50000,79098368,1581,0-10%=1.446µs(n=5000)|10-20%=1.588µs(n=5000)|20-30%=1.65µs(n=5000)|30-40%=1.49µs(n=5000)|40-50%=1.834µs(n=5000)|50-60%=1.34µs(n=5000)|60-70%=1.79µs(n=5000)|70-80%=1.504µs(n=5000)|80-90%=1.53µs(n=5000)|90-100%=1.643µs(n=5000),27.89,33.57,640121,899987,260524,639463,0,0,0,0,0,0,0,0,0,0,0,0.0,0.0,0,0,0,0,7,insert_only_build,prehashed_ordered_insert_only,True,True,True,False,False,False,False,False,,,0,50000,50000,50000,50000,,prehashed_ordered_insert_only_50k,True,,50K
total_ref_5_smt.csv,total_ref_5_smt,406,current,,smt,prehashed_ordered_insert_only_100k,0,100000,100000,161573289,1615,0-10%=1.645µs(n=10000)|10-20%=1.581µs(n=10000)|20-30%=1.575µs(n=10000)|30-40%=1.695µs(n=10000)|40-50%=1.653µs(n=10000)|50-60%=1.408µs(n=10000)|60-70%=1.767µs(n=10000)|70-80%=1.553µs(n=10000)|80-90%=1.586µs(n=10000)|90-100%=1.689µs(n=10000),49.91,67.18,1285694,1800035,614972,1185063,0,0,0,0,0,0,0,0,0,0,0,0.0,0.0,0,0,0,0,7,insert_only_build,prehashed_ordered_insert_only,True,True,True,False,False,False,False,False,,,0,100000,100000,100000,100000,,prehashed_ordered_insert_only_100k,True,,100K
total_ref_5_smt.csv,total_ref_5_smt,407,current,,smt,prehashed_ordered_insert_only_200k,0,200000,200000,336753137,1683,0-10%=1.481µs(n=20000)|10-20%=1.631µs(n=20000)|20-30%=1.697µs(n=20000)|30-40%=1.605µs(n=20000)|40-50%=1.889µs(n=20000)|50-60%=1.51µs(n=20000)|60-70%=1.609µs(n=20000)|70-80%=1.828µs(n=20000)|80-90%=1.791µs(n=20000)|90-100%=1.792µs(n=20000),95.77,134.32,2438379,3600037,1362289,2237748,0,0,0,0,0,0,0,0,0,0,0,0.0,0.0,0,0,0,0,7,insert_only_build,prehashed_ordered_insert_only,True,True,True,False,False,False,False,False,,,0,200000,200000,200000,200000,,prehashed_ordered_insert_only_200k,True,,200K
total_ref_5_smt.csv,total_ref_5_smt,408,current,,smt,prehashed_ordered_insert_only_300k,0,300000,300000,503761471,1679,0-10%=1.493µs(n=30000)|10-20%=1.689µs(n=30000)|20-30%=1.634µs(n=30000)|30-40%=1.765µs(n=30000)|40-50%=1.739µs(n=30000)|50-60%=1.507µs(n=30000)|60-70%=1.869µs(n=30000)|70-80%=1.64µs(n=30000)|80-90%=1.678µs(n=30000)|90-100%=1.774µs(n=30000),152.45,201.45,3945395,5400039,1755288,3644751,0,0,0,0,0,0,0,0,0,0,0,0.0,0.0,0,0,0,0,7,insert_only_build,prehashed_ordered_insert_only,True,True,True,False,False,False,False,False,,,0,300000,300000,300000,300000,,prehashed_ordered_insert_only_300k,True,,300K
total_ref_5_smt.csv,total_ref_5_smt,409,current,,smt,prehashed_ordered_insert_only_500k,0,500000,500000,922308108,1844,0-10%=1.65µs(n=50000)|10-20%=1.644µs(n=50000)|20-30%=1.842µs(n=50000)|30-40%=1.887µs(n=50000)|40-50%=2.062µs(n=50000)|50-60%=1.666µs(n=50000)|60-70%=1.763µs(n=50000)|70-80%=2.082µs(n=50000)|80-90%=1.811µs(n=50000)|90-100%=2.035µs(n=50000),241.24,335.73,6154762,9000032,3345918,5654114,0,0,0,0,0,0,0,0,0,0,0,0.0,0.0,0,0,0,0,7,insert_only_build,prehashed_ordered_insert_only,True,True,True,False,False,False,False,False,,,0,500000,500000,500000,500000,,prehashed_ordered_insert_only_500k,True,,500K
total_ref_5_smt.csv,total_ref_5_smt,410,current,,smt,prehashed_ordered_insert_only_700k,0,700000,700000,1304212257,1863,0-10%=1.657µs(n=70000)|10-20%=1.654µs(n=70000)|20-30%=1.9µs(n=70000)|30-40%=1.858µs(n=70000)|40-50%=2.116µs(n=70000)|50-60%=1.69µs(n=70000)|60-70%=1.811µs(n=70000)|70-80%=1.835µs(n=70000)|80-90%=2.148µs(n=70000)|90-100%=1.957µs(n=70000),333.24,470.02,8468805,12600045,4831882,7768163,0,0,0,0,0,0,0,0,0,0,0,0.0,0.0,0,0,0,0,7,insert_only_build,prehashed_ordered_insert_only,True,True,True,False,False,False,False,False,,,0,700000,700000,700000,700000,,prehashed_ordered_insert_only_700k,True,,700K
total_ref_5_smt.csv,total_ref_5_smt,411,current,,smt,prehashed_ordered_insert_only_900k,0,900000,900000,1696390098,1884,0-10%=1.672µs(n=90000)|10-20%=1.715µs(n=90000)|20-30%=1.907µs(n=90000)|30-40%=1.873µs(n=90000)|40-50%=2.121µs(n=90000)|50-60%=1.726µs(n=90000)|60-70%=1.823µs(n=90000)|70-80%=2.01µs(n=90000)|80-90%=1.983µs(n=90000)|90-100%=2.013µs(n=90000),430.63,604.28,10960159,16200044,6140532,10059512,0,0,0,0,0,0,0,0,0,0,0,0.0,0.0,0,0,0,0,7,insert_only_build,prehashed_ordered_insert_only,True,True,True,False,False,False,False,False,,,0,900000,900000,900000,900000,,prehashed_ordered_insert_only_900k,True,,900K
total_ref_5_smt.csv,total_ref_5_smt,412,current,,smt,prehashed_ordered_insert_only_1m,0,1000000,1000000,1887929731,1887,0-10%=1.691µs(n=100000)|10-20%=1.723µs(n=100000)|20-30%=1.906µs(n=100000)|30-40%=1.869µs(n=100000)|40-50%=2.129µs(n=100000)|50-60%=1.71µs(n=100000)|60-70%=1.823µs(n=100000)|70-80%=2.091µs(n=100000)|80-90%=1.965µs(n=100000)|90-100%=1.967µs(n=100000),478.78,671.44,12187347,18000046,6813352,11186694,0,0,0,0,0,0,0,0,0,0,0,0.0,0.0,0,0,0,0,7,insert_only_build,prehashed_ordered_insert_only,True,True,True,False,False,False,False,False,,,0,1000000,1000000,1000000,1000000,,prehashed_ordered_insert_only_1m,True,,1M
total_ref_5_smt.csv,total_ref_5_smt,413,current,,smt,prehashed_ordered_insert_only_2m,0,2000000,2000000,3883849784,1941,0-10%=1.71µs(n=200000)|10-20%=1.818µs(n=200000)|20-30%=1.984µs(n=200000)|30-40%=1.934µs(n=200000)|40-50%=2.203µs(n=200000)|50-60%=1.761µs(n=200000)|60-70%=1.876µs(n=200000)|70-80%=2.182µs(n=200000)|80-90%=1.915µs(n=200000)|90-100%=2.032µs(n=200000),981.02,1342.88,25143384,36000052,12857325,23142727,0,0,0,0,0,0,0,0,0,0,0,0.0,0.0,0,0,0,0,7,insert_only_build,prehashed_ordered_insert_only,True,True,True,False,False,False,False,False,,,0,2000000,2000000,2000000,2000000,,prehashed_ordered_insert_only_2m,True,,2M
total_ref_5_smt.csv,total_ref_5_smt,414,current,,smt,prehashed_ordered_insert_only_5m,0,5000000,5000000,10139182883,2027,0-10%=1.82µs(n=500000)|10-20%=1.864µs(n=500000)|20-30%=2.061µs(n=500000)|30-40%=2.03µs(n=500000)|40-50%=2.279µs(n=500000)|50-60%=1.841µs(n=500000)|60-70%=1.98µs(n=500000)|70-80%=2.276µs(n=500000)|80-90%=2.006µs(n=500000)|90-100%=2.116µs(n=500000),2433.89,3357.28,62244845,90000077,32755891,57244186,0,0,0,0,0,0,0,0,0,0,0,0.0,0.0,0,0,0,0,7,insert_only_build,prehashed_ordered_insert_only,True,True,True,False,False,False,False,False,,,0,5000000,5000000,5000000,5000000,,prehashed_ordered_insert_only_5m,True,,5M
total_ref_5_smt.csv,total_ref_5_smt,415,current,,smt,prehashed_ordered_insert_only_10m,0,10000000,10000000,20850872845,2085,0-10%=1.861µs(n=1000000)|10-20%=1.946µs(n=1000000)|20-30%=2.123µs(n=1000000)|30-40%=2.038µs(n=1000000)|40-50%=2.351µs(n=1000000)|50-60%=1.874µs(n=1000000)|60-70%=2.005µs(n=1000000)|70-80%=2.281µs(n=1000000)|80-90%=2.195µs(n=1000000)|90-100%=2.171µs(n=1000000),4787.24,6714.54,121850341,180000118,68150440,111849678,0,0,0,0,0,0,0,0,0,0,0,0.0,0.0,0,0,0,0,7,insert_only_build,prehashed_ordered_insert_only,True,True,True,False,False,False,False,False,,,0,10000000,10000000,10000000,10000000,,prehashed_ordered_insert_only_10m,True,,10M
total_ref_5_smt.csv,total_ref_5_smt,416,current,,smt,prehashed_ordered_insert_only_25m,0,25000000,25000000,56533097428,2261,0-10%=1.968µs(n=2500000)|10-20%=2.029µs(n=2500000)|20-30%=2.194µs(n=2500000)|30-40%=2.14µs(n=2500000)|40-50%=2.438µs(n=2500000)|50-60%=1.954µs(n=2500000)|60-70%=2.22µs(n=2500000)|70-80%=2.714µs(n=2500000)|80-90%=2.341µs(n=2500000)|90-100%=2.611µs(n=2500000),12116.76,16786.17,309500017,450000217,165500868,284499349,0,0,0,0,0,0,0,0,0,0,0,0.0,0.0,0,0,0,0,7,insert_only_build,prehashed_ordered_insert_only,True,True,True,False,False,False,False,False,,,0,25000000,25000000,25000000,25000000,,prehashed_ordered_insert_only_25m,True,,25M
total_ref_5_smt.csv,total_ref_5_smt,417,current,,smt,proof_only_after_10k_build_sample_5pct,10000,10000,0,0,0,,0.0,0.0,0,0,0,0,733751,1467,634,3155,0,0,0,0,0,0,0,0.0,0.0,0,0,0,0,7,proof_only_after_build,proof_only_after_build,False,False,False,True,False,False,False,False,5.0,5.0,10000,0,10000,10000,10000,,proof_only_after_10k_build_sample_5pct,True,,10K
total_ref_5_smt.csv,total_ref_5_smt,418,current,,smt,proof_only_after_50k_build_sample_5pct,50000,50000,0,0,0,,0.0,0.0,0,0,0,0,4005514,1602,721,3600,0,0,0,0,0,0,0,0.0,0.0,0,0,0,0,7,proof_only_after_build,proof_only_after_build,False,False,False,True,False,False,False,False,5.0,5.0,50000,0,50000,50000,50000,,proof_only_after_50k_build_sample_5pct,True,,50K
total_ref_5_smt.csv,total_ref_5_smt,419,current,,smt,proof_only_after_100k_build_sample_5pct,100000,100000,0,0,0,,0.0,0.0,0,0,0,0,9827708,1965,758,4160,0,0,0,0,0,0,0,0.0,0.0,0,0,0,0,7,proof_only_after_build,proof_only_after_build,False,False,False,True,False,False,False,False,5.0,5.0,100000,0,100000,100000,100000,,proof_only_after_100k_build_sample_5pct,True,,100K
total_ref_5_smt.csv,total_ref_5_smt,420,current,,smt,proof_only_after_200k_build_sample_5pct,200000,200000,0,0,0,,0.0,0.0,0,0,0,0,26229501,2622,796,4729,0,0,0,0,0,0,0,0.0,0.0,0,0,0,0,7,proof_only_after_build,proof_only_after_build,False,False,False,True,False,False,False,False,5.0,5.0,200000,0,200000,200000,200000,,proof_only_after_200k_build_sample_5pct,True,,200K
total_ref_5_smt.csv,total_ref_5_smt,421,current,,smt,proof_only_after_300k_build_sample_5pct,300000,300000,0,0,0,,0.0,0.0,0,0,0,0,50099470,3339,818,5092,0,0,0,0,0,0,0,0.0,0.0,0,0,0,0,7,proof_only_after_build,proof_only_after_build,False,False,False,True,False,False,False,False,5.0,5.0,300000,0,300000,300000,300000,,proof_only_after_300k_build_sample_5pct,True,,300K
total_ref_5_smt.csv,total_ref_5_smt,422,current,,smt,proof_only_after_500k_build_sample_5pct,500000,500000,0,0,0,,0.0,0.0,0,0,0,0,93959620,3758,847,5352,0,0,0,0,0,0,0,0.0,0.0,0,0,0,0,7,proof_only_after_build,proof_only_after_build,False,False,False,True,False,False,False,False,5.0,5.0,500000,0,500000,500000,500000,,proof_only_after_500k_build_sample_5pct,True,,500K
total_ref_5_smt.csv,total_ref_5_smt,423,current,,smt,proof_only_after_700k_build_sample_5pct,700000,700000,0,0,0,,0.0,0.0,0,0,0,0,140751378,4021,865,5240,0,0,0,0,0,0,0,0.0,0.0,0,0,0,0,7,proof_only_after_build,proof_only_after_build,False,False,False,True,False,False,False,False,5.0,5.0,700000,0,700000,700000,700000,,proof_only_after_700k_build_sample_5pct,True,,700K
total_ref_5_smt.csv,total_ref_5_smt,424,current,,smt,proof_only_after_900k_build_sample_5pct,900000,900000,0,0,0,,0.0,0.0,0,0,0,0,179704602,3993,879,5580,0,0,0,0,0,0,0,0.0,0.0,0,0,0,0,7,proof_only_after_build,proof_only_after_build,False,False,False,True,False,False,False,False,5.0,5.0,900000,0,900000,900000,900000,,proof_only_after_900k_build_sample_5pct,True,,900K
total_ref_5_smt.csv,total_ref_5_smt,425,current,,smt,proof_only_after_1m_build_sample_5pct,1000000,1000000,0,0,0,,0.0,0.0,0,0,0,0,196718038,3934,884,5379,0,0,0,0,0,0,0,0.0,0.0,0,0,0,0,7,proof_only_after_build,proof_only_after_build,False,False,False,True,False,False,False,False,5.0,5.0,1000000,0,1000000,1000000,1000000,,proof_only_after_1m_build_sample_5pct,True,,1M
total_ref_5_smt.csv,total_ref_5_smt,426,current,,smt,proof_only_after_2m_build_sample_3pct,2000000,2000000,0,0,0,,0.0,0.0,0,0,0,0,258656682,4310,922,6422,0,0,0,0,0,0,0,0.0,0.0,0,0,0,0,7,proof_only_after_build,proof_only_after_build,False,False,False,True,False,False,False,False,3.0,3.0,2000000,0,2000000,2000000,2000000,,proof_only_after_2m_build_sample_3pct,True,,2M
total_ref_5_smt.csv,total_ref_5_smt,427,current,,smt,proof_only_after_5m_build_sample_3pct,5000000,5000000,0,0,0,,0.0,0.0,0,0,0,0,727710500,4851,973,6679,0,0,0,0,0,0,0,0.0,0.0,0,0,0,0,7,proof_only_after_build,proof_only_after_build,False,False,False,True,False,False,False,False,3.0,3.0,5000000,0,5000000,5000000,5000000,,proof_only_after_5m_build_sample_3pct,True,,5M
total_ref_5_smt.csv,total_ref_5_smt,428,current,,smt,proof_only_after_10m_build_sample_2pct,10000000,10000000,0,0,0,,0.0,0.0,0,0,0,0,1094050576,5470,1011,7545,0,0,0,0,0,0,0,0.0,0.0,0,0,0,0,7,proof_only_after_build,proof_only_after_build,False,False,False,True,False,False,False,False,2.0,2.0,10000000,0,10000000,10000000,10000000,,proof_only_after_10m_build_sample_2pct,True,,10M
total_ref_5_smt.csv,total_ref_5_smt,429,current,,smt,proof_only_after_25m_build_sample_2pct,25000000,25000000,0,0,0,,0.0,0.0,0,0,0,0,4810224435,9620,1061,8521,0,0,0,0,0,0,0,0.0,0.0,0,0,0,0,7,proof_only_after_build,proof_only_after_build,False,False,False,True,False,False,False,False,2.0,2.0,25000000,0,25000000,25000000,25000000,,proof_only_after_25m_build_sample_2pct,True,,25M
total_ref_5_smt.csv,total_ref_5_smt,430,current,,smt,build_10k_then_add_2k_new,10000,12000,2000,4960083,2480,0-10%=2.806µs(n=200)|10-20%=2.404µs(n=200)|20-30%=2.62µs(n=200)|30-40%=2.382µs(n=200)|40-50%=2.392µs(n=200)|50-60%=2.252µs(n=200)|60-70%=2.76µs(n=200)|70-80%=2.542µs(n=200)|80-90%=2.421µs(n=200)|90-100%=2.211µs(n=200),1.39,1.39,144217,36038,2552,33486,0,0,0,0,0,0,0,0,0,0,0,0.0,0.0,0,0,0,0,7,build_then_add_new,build_then_add_new,False,False,False,False,False,True,True,False,,,10000,2000,12000,10000,10000,2000,build_10k_then_add_2k_new,True,,10K
total_ref_5_smt.csv,total_ref_5_smt,431,current,,smt,build_50k_then_add_10k_new,50000,60000,10000,36291985,3629,0-10%=4.477µs(n=1000)|10-20%=3.956µs(n=1000)|20-30%=3.761µs(n=1000)|30-40%=3.641µs(n=1000)|40-50%=3.454µs(n=1000)|50-60%=3.503µs(n=1000)|60-70%=3.408µs(n=1000)|70-80%=3.492µs(n=1000)|80-90%=3.429µs(n=1000)|90-100%=3.165µs(n=1000),6.87,6.87,718029,180038,12753,167285,0,0,0,0,0,0,0,0,0,0,0,0.0,0.0,0,0,0,0,7,build_then_add_new,build_then_add_new,False,False,False,False,False,True,True,False,,,50000,10000,60000,50000,50000,10000,build_50k_then_add_10k_new,True,,50K
total_ref_5_smt.csv,total_ref_5_smt,432,current,,smt,build_100k_then_add_20k_new,100000,120000,20000,79301094,3965,0-10%=4.699µs(n=2000)|10-20%=4.303µs(n=2000)|20-30%=4.106µs(n=2000)|30-40%=4.004µs(n=2000)|40-50%=3.685µs(n=2000)|50-60%=3.702µs(n=2000)|60-70%=3.728µs(n=2000)|70-80%=3.815µs(n=2000)|80-90%=3.735µs(n=2000)|90-100%=3.868µs(n=2000),13.72,13.72,1435292,360038,25494,334544,0,0,0,0,0,0,0,0,0,0,0,0.0,0.0,0,0,0,0,7,build_then_add_new,build_then_add_new,False,False,False,False,False,True,True,False,,,100000,20000,120000,100000,100000,20000,build_100k_then_add_20k_new,True,,100K
total_ref_5_smt.csv,total_ref_5_smt,433,current,,smt,build_200k_then_add_40k_new,200000,240000,40000,175846803,4396,0-10%=5.188µs(n=4000)|10-20%=4.774µs(n=4000)|20-30%=4.586µs(n=4000)|30-40%=4.492µs(n=4000)|40-50%=4.403µs(n=4000)|50-60%=4.266µs(n=4000)|60-70%=4.141µs(n=4000)|70-80%=4.037µs(n=4000)|80-90%=4.043µs(n=4000)|90-100%=4.026µs(n=4000),27.43,27.43,2869753,720045,51049,668996,0,0,0,0,0,0,0,0,0,0,0,0.0,0.0,0,0,0,0,7,build_then_add_new,build_then_add_new,False,False,False,False,False,True,True,False,,,200000,40000,240000,200000,200000,40000,build_200k_then_add_40k_new,True,,200K
total_ref_5_smt.csv,total_ref_5_smt,434,current,,smt,build_300k_then_add_60k_new,300000,360000,60000,293074422,4884,0-10%=5.73µs(n=6000)|10-20%=5.249µs(n=6000)|20-30%=5.325µs(n=6000)|30-40%=5.176µs(n=6000)|40-50%=4.88µs(n=6000)|50-60%=4.6µs(n=6000)|60-70%=4.521µs(n=6000)|70-80%=4.458µs(n=6000)|80-90%=4.46µs(n=6000)|90-100%=4.441µs(n=6000),41.13,41.13,4304213,1080047,76595,1003452,0,0,0,0,0,0,0,0,0,0,0,0.0,0.0,0,0,0,0,7,build_then_add_new,build_then_add_new,False,False,False,False,False,True,True,False,,,300000,60000,360000,300000,300000,60000,build_300k_then_add_60k_new,True,,300K
total_ref_5_smt.csv,total_ref_5_smt,435,current,,smt,build_500k_then_add_100k_new,500000,600000,100000,521264740,5212,0-10%=6.234µs(n=10000)|10-20%=5.726µs(n=10000)|20-30%=5.525µs(n=10000)|30-40%=5.236µs(n=10000)|40-50%=5.042µs(n=10000)|50-60%=5.175µs(n=10000)|60-70%=4.939µs(n=10000)|70-80%=4.79µs(n=10000)|80-90%=4.729µs(n=10000)|90-100%=4.727µs(n=10000),68.51,68.51,7172693,1800050,128126,1671924,0,0,0,0,0,0,0,0,0,0,0,0.0,0.0,0,0,0,0,7,build_then_add_new,build_then_add_new,False,False,False,False,False,True,True,False,,,500000,100000,600000,500000,500000,100000,build_500k_then_add_100k_new,True,,500K
total_ref_5_smt.csv,total_ref_5_smt,436,current,,smt,build_700k_then_add_140k_new,700000,840000,140000,824380000,5888,0-10%=6.513µs(n=14000)|10-20%=6.115µs(n=14000)|20-30%=5.914µs(n=14000)|30-40%=5.699µs(n=14000)|40-50%=5.643µs(n=14000)|50-60%=5.687µs(n=14000)|60-70%=5.698µs(n=14000)|70-80%=6.503µs(n=14000)|80-90%=5.63µs(n=14000)|90-100%=5.477µs(n=14000),95.95,95.95,10041920,2520053,178844,2341209,0,0,0,0,0,0,0,0,0,0,0,0.0,0.0,0,0,0,0,7,build_then_add_new,build_then_add_new,False,False,False,False,False,True,True,False,,,700000,140000,840000,700000,700000,140000,build_700k_then_add_140k_new,True,,700K
total_ref_5_smt.csv,total_ref_5_smt,437,current,,smt,build_900k_then_add_180k_new,900000,1080000,180000,1049643045,5831,0-10%=7.23µs(n=18000)|10-20%=6.278µs(n=18000)|20-30%=5.983µs(n=18000)|30-40%=5.867µs(n=18000)|40-50%=5.781µs(n=18000)|50-60%=5.586µs(n=18000)|60-70%=5.377µs(n=18000)|70-80%=5.344µs(n=18000)|80-90%=5.368µs(n=18000)|90-100%=5.494µs(n=18000),123.33,123.33,12910572,3240053,230207,3009846,0,0,0,0,0,0,0,0,0,0,0,0.0,0.0,0,0,0,0,7,build_then_add_new,build_then_add_new,False,False,False,False,False,True,True,False,,,900000,180000,1080000,900000,900000,180000,build_900k_then_add_180k_new,True,,900K
total_ref_5_smt.csv,total_ref_5_smt,438,current,,smt,build_1m_then_add_200k_new,1000000,1200000,200000,1193054740,5965,0-10%=6.752µs(n=20000)|10-20%=6.427µs(n=20000)|20-30%=6.084µs(n=20000)|30-40%=5.908µs(n=20000)|40-50%=5.902µs(n=20000)|50-60%=5.977µs(n=20000)|60-70%=5.657µs(n=20000)|70-80%=5.51µs(n=20000)|80-90%=5.481µs(n=20000)|90-100%=5.95µs(n=20000),137.04,137.04,14345190,3600053,255593,3344460,0,0,0,0,0,0,0,0,0,0,0,0.0,0.0,0,0,0,0,7,build_then_add_new,build_then_add_new,False,False,False,False,False,True,True,False,,,1000000,200000,1200000,1000000,1000000,200000,build_1m_then_add_200k_new,True,,1M
total_ref_5_smt.csv,total_ref_5_smt,439,current,,smt,build_2m_then_add_400k_new,2000000,2400000,400000,2628271174,6570,0-10%=7.066µs(n=40000)|10-20%=6.767µs(n=40000)|20-30%=6.621µs(n=40000)|30-40%=6.55µs(n=40000)|40-50%=6.55µs(n=40000)|50-60%=6.674µs(n=40000)|60-70%=6.482µs(n=40000)|70-80%=6.499µs(n=40000)|80-90%=6.249µs(n=40000)|90-100%=6.244µs(n=40000),274.08,274.08,28689565,7200063,511238,6688825,0,0,0,0,0,0,0,0,0,0,0,0.0,0.0,0,0,0,0,7,build_then_add_new,build_then_add_new,False,False,False,False,False,True,True,False,,,2000000,400000,2400000,2000000,2000000,400000,build_2m_then_add_400k_new,True,,2M
total_ref_5_smt.csv,total_ref_5_smt,440,current,,smt,build_5m_then_add_1m_new,5000000,6000000,1000000,7406712822,7406,0-10%=7.913µs(n=100000)|10-20%=7.608µs(n=100000)|20-30%=7.544µs(n=100000)|30-40%=7.415µs(n=100000)|40-50%=7.489µs(n=100000)|50-60%=7.556µs(n=100000)|60-70%=7.324µs(n=100000)|70-80%=7.058µs(n=100000)|80-90%=7.067µs(n=100000)|90-100%=7.089µs(n=100000),685.2,685.2,71722947,18000082,1277893,16722189,0,0,0,0,0,0,0,0,0,0,0,0.0,0.0,0,0,0,0,7,build_then_add_new,build_then_add_new,False,False,False,False,False,True,True,False,,,5000000,1000000,6000000,5000000,5000000,1000000,build_5m_then_add_1m_new,True,,5M
total_ref_5_smt.csv,total_ref_5_smt,441,current,,smt,build_10m_then_add_2m_new,10000000,12000000,2000000,16721406750,8360,0-10%=8.63µs(n=200000)|10-20%=8.427µs(n=200000)|20-30%=8.513µs(n=200000)|30-40%=8.463µs(n=200000)|40-50%=8.283µs(n=200000)|50-60%=8.305µs(n=200000)|60-70%=8.331µs(n=200000)|70-80%=8.391µs(n=200000)|80-90%=8.144µs(n=200000)|90-100%=8.115µs(n=200000),1370.35,1370.35,143443482,36000121,2557403,33442718,0,0,0,0,0,0,0,0,0,0,0,0.0,0.0,0,0,0,0,7,build_then_add_new,build_then_add_new,False,False,False,False,False,True,True,False,,,10000000,2000000,12000000,10000000,10000000,2000000,build_10m_then_add_2m_new,True,,10M
total_ref_5_smt.csv,total_ref_5_smt,442,current,,smt,build_25m_then_add_5m_new,25000000,30000000,5000000,51580591913,10316,0-10%=10.517µs(n=500000)|10-20%=10.332µs(n=500000)|20-30%=10.336µs(n=500000)|30-40%=10.381µs(n=500000)|40-50%=10.377µs(n=500000)|50-60%=10.217µs(n=500000)|60-70%=10.248µs(n=500000)|70-80%=10.295µs(n=500000)|80-90%=10.07µs(n=500000)|90-100%=10.385µs(n=500000),3426.28,3426.28,358607624,90000279,6393418,83606861,0,0,0,0,0,0,0,0,0,0,0,0.0,0.0,0,0,0,0,7,build_then_add_new,build_then_add_new,False,False,False,False,False,True,True,False,,,25000000,5000000,30000000,25000000,25000000,5000000,build_25m_then_add_5m_new,True,,25M
total_ref_5_smt.csv,total_ref_5_smt,443,current,,smt,build_10k_then_reinsert_2k_existing,10000,10000,2000,4418011,2209,0-10%=2.651µs(n=200)|10-20%=2.275µs(n=200)|20-30%=2.172µs(n=200)|30-40%=2.226µs(n=200)|40-50%=2.123µs(n=200)|50-60%=2.089µs(n=200)|60-70%=2.105µs(n=200)|70-80%=2.059µs(n=200)|80-90%=2.306µs(n=200)|90-100%=2.076µs(n=200),0.27,0.27,119820,10038,1001,9037,0,0,0,0,0,0,0,0,0,0,0,0.0,0.0,0,0,0,0,7,build_then_reinsert_existing,build_then_reinsert_existing,False,False,False,False,False,False,False,True,,,10000,2000,10000,10000,10000,2000,build_10k_then_reinsert_2k_existing,True,,10K
total_ref_5_smt.csv,total_ref_5_smt,444,current,,smt,build_50k_then_reinsert_10k_existing,50000,50000,10000,31137493,3113,0-10%=3.724µs(n=1000)|10-20%=3.296µs(n=1000)|20-30%=3.071µs(n=1000)|30-40%=3.387µs(n=1000)|40-50%=2.97µs(n=1000)|50-60%=3.061µs(n=1000)|60-70%=2.943µs(n=1000)|70-80%=2.926µs(n=1000)|80-90%=2.908µs(n=1000)|90-100%=2.846µs(n=1000),1.31,1.31,595824,50038,5001,45037,0,0,0,0,0,0,0,0,0,0,0,0.0,0.0,0,0,0,0,7,build_then_reinsert_existing,build_then_reinsert_existing,False,False,False,False,False,False,False,True,,,50000,10000,50000,50000,50000,10000,build_50k_then_reinsert_10k_existing,True,,50K
total_ref_5_smt.csv,total_ref_5_smt,445,current,,smt,build_100k_then_reinsert_20k_existing,100000,100000,20000,71974583,3598,0-10%=4.223µs(n=2000)|10-20%=3.889µs(n=2000)|20-30%=3.71µs(n=2000)|30-40%=3.68µs(n=2000)|40-50%=3.607µs(n=2000)|50-60%=3.529µs(n=2000)|60-70%=3.452µs(n=2000)|70-80%=3.342µs(n=2000)|80-90%=3.294µs(n=2000)|90-100%=3.256µs(n=2000),2.61,2.61,1190831,100038,10001,90037,0,0,0,0,0,0,0,0,0,0,0,0.0,0.0,0,0,0,0,7,build_then_reinsert_existing,build_then_reinsert_existing,False,False,False,False,False,False,False,True,,,100000,20000,100000,100000,100000,20000,build_100k_then_reinsert_20k_existing,True,,100K
total_ref_5_smt.csv,total_ref_5_smt,446,current,,smt,build_200k_then_reinsert_40k_existing,200000,200000,40000,164440441,4111,0-10%=4.829µs(n=4000)|10-20%=4.353µs(n=4000)|20-30%=4.187µs(n=4000)|30-40%=4.106µs(n=4000)|40-50%=4.053µs(n=4000)|50-60%=3.987µs(n=4000)|60-70%=3.973µs(n=4000)|70-80%=3.906µs(n=4000)|80-90%=3.835µs(n=4000)|90-100%=3.876µs(n=4000),5.22,5.22,2380847,200045,20001,180044,0,0,0,0,0,0,0,0,0,0,0,0.0,0.0,0,0,0,0,7,build_then_reinsert_existing,build_then_reinsert_existing,False,False,False,False,False,False,False,True,,,200000,40000,200000,200000,200000,40000,build_200k_then_reinsert_40k_existing,True,,200K
total_ref_5_smt.csv,total_ref_5_smt,447,current,,smt,build_300k_then_reinsert_60k_existing,300000,300000,60000,257923733,4298,0-10%=5.434µs(n=6000)|10-20%=4.676µs(n=6000)|20-30%=4.465µs(n=6000)|30-40%=4.312µs(n=6000)|40-50%=4.198µs(n=6000)|50-60%=4.141µs(n=6000)|60-70%=4.043µs(n=6000)|70-80%=3.941µs(n=6000)|80-90%=3.901µs(n=6000)|90-100%=3.871µs(n=6000),7.81,7.81,3570852,300047,30001,270046,0,0,0,0,0,0,0,0,0,0,0,0.0,0.0,0,0,0,0,7,build_then_reinsert_existing,build_then_reinsert_existing,False,False,False,False,False,False,False,True,,,300000,60000,300000,300000,300000,60000,build_300k_then_reinsert_60k_existing,True,,300K
total_ref_5_smt.csv,total_ref_5_smt,448,current,,smt,build_500k_then_reinsert_100k_existing,500000,500000,100000,479298929,4792,0-10%=5.86µs(n=10000)|10-20%=5.158µs(n=10000)|20-30%=4.925µs(n=10000)|30-40%=4.761µs(n=10000)|40-50%=4.647µs(n=10000)|50-60%=4.597µs(n=10000)|60-70%=4.543µs(n=10000)|70-80%=4.508µs(n=10000)|80-90%=4.481µs(n=10000)|90-100%=4.445µs(n=10000),13.0,13.0,5950864,500049,50001,450048,0,0,0,0,0,0,0,0,0,0,0,0.0,0.0,0,0,0,0,7,build_then_reinsert_existing,build_then_reinsert_existing,False,False,False,False,False,False,False,True,,,500000,100000,500000,500000,500000,100000,build_500k_then_reinsert_100k_existing,True,,500K
total_ref_5_smt.csv,total_ref_5_smt,449,current,,smt,build_700k_then_reinsert_140k_existing,700000,700000,140000,707187574,5051,0-10%=5.792µs(n=14000)|10-20%=5.185µs(n=14000)|20-30%=5.064µs(n=14000)|30-40%=4.989µs(n=14000)|40-50%=4.954µs(n=14000)|50-60%=4.909µs(n=14000)|60-70%=4.914µs(n=14000)|70-80%=4.908µs(n=14000)|80-90%=4.866µs(n=14000)|90-100%=4.926µs(n=14000),18.2,18.2,8330883,700052,70001,630051,0,0,0,0,0,0,0,0,0,0,0,0.0,0.0,0,0,0,0,7,build_then_reinsert_existing,build_then_reinsert_existing,False,False,False,False,False,False,False,True,,,700000,140000,700000,700000,700000,140000,build_700k_then_reinsert_140k_existing,True,,700K
total_ref_5_smt.csv,total_ref_5_smt,450,current,,smt,build_900k_then_reinsert_180k_existing,900000,900000,180000,962726565,5348,0-10%=6.045µs(n=18000)|10-20%=5.517µs(n=18000)|20-30%=5.503µs(n=18000)|30-40%=5.784µs(n=18000)|40-50%=5.254µs(n=18000)|50-60%=5.155µs(n=18000)|60-70%=5.121µs(n=18000)|70-80%=5.107µs(n=18000)|80-90%=5.007µs(n=18000)|90-100%=4.986µs(n=18000),23.4,23.4,10710890,900053,90001,810052,0,0,0,0,0,0,0,0,0,0,0,0.0,0.0,0,0,0,0,7,build_then_reinsert_existing,build_then_reinsert_existing,False,False,False,False,False,False,False,True,,,900000,180000,900000,900000,900000,180000,build_900k_then_reinsert_180k_existing,True,,900K
total_ref_5_smt.csv,total_ref_5_smt,451,current,,smt,build_1m_then_reinsert_200k_existing,1000000,1000000,200000,1092125846,5460,0-10%=6.366µs(n=20000)|10-20%=5.587µs(n=20000)|20-30%=5.468µs(n=20000)|30-40%=5.389µs(n=20000)|40-50%=5.335µs(n=20000)|50-60%=5.28µs(n=20000)|60-70%=5.298µs(n=20000)|70-80%=5.419µs(n=20000)|80-90%=5.311µs(n=20000)|90-100%=5.147µs(n=20000),25.99,25.99,11900836,1000053,100001,900052,0,0,0,0,0,0,0,0,0,0,0,0.0,0.0,0,0,0,0,7,build_then_reinsert_existing,build_then_reinsert_existing,False,False,False,False,False,False,False,True,,,1000000,200000,1000000,1000000,1000000,200000,build_1m_then_reinsert_200k_existing,True,,1M
total_ref_5_smt.csv,total_ref_5_smt,452,current,,smt,build_2m_then_reinsert_400k_existing,2000000,2000000,400000,2389582883,5973,0-10%=6.377µs(n=40000)|10-20%=6.042µs(n=40000)|20-30%=5.951µs(n=40000)|30-40%=5.92µs(n=40000)|40-50%=5.901µs(n=40000)|50-60%=5.988µs(n=40000)|60-70%=5.972µs(n=40000)|70-80%=5.886µs(n=40000)|80-90%=5.821µs(n=40000)|90-100%=5.877µs(n=40000),51.98,51.98,23800851,2000062,200001,1800061,0,0,0,0,0,0,0,0,0,0,0,0.0,0.0,0,0,0,0,7,build_then_reinsert_existing,build_then_reinsert_existing,False,False,False,False,False,False,False,True,,,2000000,400000,2000000,2000000,2000000,400000,build_2m_then_reinsert_400k_existing,True,,2M
total_ref_5_smt.csv,total_ref_5_smt,453,current,,smt,build_5m_then_reinsert_1m_existing,5000000,5000000,1000000,6998402438,6998,0-10%=7.187µs(n=100000)|10-20%=7.063µs(n=100000)|20-30%=7.053µs(n=100000)|30-40%=6.827µs(n=100000)|40-50%=6.881µs(n=100000)|50-60%=7.01µs(n=100000)|60-70%=6.927µs(n=100000)|70-80%=7.162µs(n=100000)|80-90%=6.993µs(n=100000)|90-100%=6.875µs(n=100000),129.95,129.95,59500881,5000080,500001,4500079,0,0,0,0,0,0,0,0,0,0,0,0.0,0.0,0,0,0,0,7,build_then_reinsert_existing,build_then_reinsert_existing,False,False,False,False,False,False,False,True,,,5000000,1000000,5000000,5000000,5000000,1000000,build_5m_then_reinsert_1m_existing,True,,5M
total_ref_5_smt.csv,total_ref_5_smt,454,current,,smt,build_10m_then_reinsert_2m_existing,10000000,10000000,2000000,15596640272,7798,0-10%=8.081µs(n=200000)|10-20%=7.764µs(n=200000)|20-30%=7.714µs(n=200000)|30-40%=7.761µs(n=200000)|40-50%=7.833µs(n=200000)|50-60%=7.792µs(n=200000)|60-70%=7.961µs(n=200000)|70-80%=7.699µs(n=200000)|80-90%=7.67µs(n=200000)|90-100%=7.704µs(n=200000),259.92,259.92,119000927,10000115,1000001,9000114,0,0,0,0,0,0,0,0,0,0,0,0.0,0.0,0,0,0,0,7,build_then_reinsert_existing,build_then_reinsert_existing,False,False,False,False,False,False,False,True,,,10000000,2000000,10000000,10000000,10000000,2000000,build_10m_then_reinsert_2m_existing,True,,10M
total_ref_5_smt.csv,total_ref_5_smt,455,current,,smt,build_25m_then_reinsert_5m_existing,25000000,25000000,5000000,46454928568,9290,0-10%=9.433µs(n=500000)|10-20%=9.285µs(n=500000)|20-30%=9.32µs(n=500000)|30-40%=9.266µs(n=500000)|40-50%=9.269µs(n=500000)|50-60%=9.28µs(n=500000)|60-70%=9.368µs(n=500000)|70-80%=9.254µs(n=500000)|80-90%=9.242µs(n=500000)|90-100%=9.188µs(n=500000),650.13,650.13,297501073,25000257,2500001,22500256,0,0,0,0,0,0,0,0,0,0,0,0.0,0.0,0,0,0,0,7,build_then_reinsert_existing,build_then_reinsert_existing,False,False,False,False,False,False,False,True,,,25000000,5000000,25000000,25000000,25000000,5000000,build_25m_then_reinsert_5m_existing,True,,25M
total_ref_5_smt.csv,total_ref_5_smt,456,current,,smt,insert_only_build_10k,0,10000,10000,27031502,2703,0-10%=1.6µs(n=1000)|10-20%=1.791µs(n=1000)|20-30%=1.854µs(n=1000)|30-40%=2.684µs(n=1000)|40-50%=2.168µs(n=1000)|50-60%=2.24µs(n=1000)|60-70%=2.714µs(n=1000)|70-80%=2.616µs(n=1000)|80-90%=2.305µs(n=1000)|90-100%=7.053µs(n=1000),5.58,6.87,127729,180036,52843,127193,0,0,0,0,0,0,0,0,0,0,0,0.0,0.0,0,0,0,0,8,insert_only_build,insert_only_build,False,False,True,False,False,False,False,False,,,0,10000,10000,10000,10000,,insert_only_build_10k,True,,10K
total_ref_5_smt.csv,total_ref_5_smt,457,current,,smt,insert_only_build_50k,0,50000,50000,129991758,2599,0-10%=2.14µs(n=5000)|10-20%=2.382µs(n=5000)|20-30%=2.553µs(n=5000)|30-40%=2.458µs(n=5000)|40-50%=2.729µs(n=5000)|50-60%=2.543µs(n=5000)|60-70%=2.649µs(n=5000)|70-80%=2.725µs(n=5000)|80-90%=3.041µs(n=5000)|90-100%=2.773µs(n=5000),26.56,34.31,592765,900070,307853,592217,0,0,0,0,0,0,0,0,0,0,0,0.0,0.0,0,0,0,0,8,insert_only_build,insert_only_build,False,False,True,False,False,False,False,False,,,0,50000,50000,50000,50000,,insert_only_build_50k,True,,50K
total_ref_5_smt.csv,total_ref_5_smt,458,current,,smt,insert_only_build_100k,0,100000,100000,296669158,2966,0-10%=2.174µs(n=10000)|10-20%=2.524µs(n=10000)|20-30%=2.812µs(n=10000)|30-40%=2.751µs(n=10000)|40-50%=2.837µs(n=10000)|50-60%=3.273µs(n=10000)|60-70%=3.235µs(n=10000)|70-80%=3.178µs(n=10000)|80-90%=3.241µs(n=10000)|90-100%=3.636µs(n=10000),51.85,68.53,1147418,1800040,653209,1146831,0,0,0,0,0,0,0,0,0,0,0,0.0,0.0,0,0,0,0,8,insert_only_build,insert_only_build,False,False,True,False,False,False,False,False,,,0,100000,100000,100000,100000,,insert_only_build_100k,True,,100K
total_ref_5_smt.csv,total_ref_5_smt,459,current,,smt,insert_only_build_200k,0,200000,200000,661767560,3308,0-10%=2.391µs(n=20000)|10-20%=2.77µs(n=20000)|20-30%=2.943µs(n=20000)|30-40%=3.039µs(n=20000)|40-50%=3.379µs(n=20000)|50-60%=3.349µs(n=20000)|60-70%=3.456µs(n=20000)|70-80%=3.929µs(n=20000)|80-90%=4.07µs(n=20000)|90-100%=3.756µs(n=20000),109.53,137.03,2478246,3600046,1122407,2477639,0,0,0,0,0,0,0,0,0,0,0,0.0,0.0,0,0,0,0,8,insert_only_build,insert_only_build,False,False,True,False,False,False,False,False,,,0,200000,200000,200000,200000,,insert_only_build_200k,True,,200K
total_ref_5_smt.csv,total_ref_5_smt,460,current,,smt,insert_only_build_300k,0,300000,300000,1107571744,3691,0-10%=2.422µs(n=30000)|10-20%=3.186µs(n=30000)|20-30%=3.247µs(n=30000)|30-40%=3.314µs(n=30000)|40-50%=3.268µs(n=30000)|50-60%=3.695µs(n=30000)|60-70%=4.27µs(n=30000)|70-80%=4.278µs(n=30000)|80-90%=4.243µs(n=30000)|90-100%=4.991µs(n=30000),156.53,205.56,3471708,5400045,1928959,3471086,0,0,0,0,0,0,0,0,0,0,0,0.0,0.0,0,0,0,0,8,insert_only_build,insert_only_build,False,False,True,False,False,False,False,False,,,0,300000,300000,300000,300000,,insert_only_build_300k,True,,300K
total_ref_5_smt.csv,total_ref_5_smt,461,current,,smt,insert_only_build_500k,0,500000,500000,1962130135,3924,0-10%=2.674µs(n=50000)|10-20%=3.025µs(n=50000)|20-30%=3.205µs(n=50000)|30-40%=3.759µs(n=50000)|40-50%=3.662µs(n=50000)|50-60%=4.653µs(n=50000)|60-70%=4.345µs(n=50000)|70-80%=4.365µs(n=50000)|80-90%=4.428µs(n=50000)|90-100%=5.121µs(n=50000),258.97,342.55,5726104,9000047,3274574,5725473,0,0,0,0,0,0,0,0,0,0,0,0.0,0.0,0,0,0,0,8,insert_only_build,insert_only_build,False,False,True,False,False,False,False,False,,,0,500000,500000,500000,500000,,insert_only_build_500k,True,,500K
total_ref_5_smt.csv,total_ref_5_smt,462,current,,smt,insert_only_build_700k,0,700000,700000,3042043857,4345,0-10%=2.653µs(n=70000)|10-20%=3.253µs(n=70000)|20-30%=3.646µs(n=70000)|30-40%=4.198µs(n=70000)|40-50%=4.866µs(n=70000)|50-60%=4.651µs(n=70000)|60-70%=5.179µs(n=70000)|70-80%=5.5µs(n=70000)|80-90%=4.642µs(n=70000)|90-100%=4.864µs(n=70000),393.48,479.55,8991642,12600057,3609054,8991003,0,0,0,0,0,0,0,0,0,0,0,0.0,0.0,0,0,0,0,8,insert_only_build,insert_only_build,False,False,True,False,False,False,False,False,,,0,700000,700000,700000,700000,,insert_only_build_700k,True,,700K
total_ref_5_smt.csv,total_ref_5_smt,463,current,,smt,insert_only_build_900k,0,900000,900000,4135320251,4594,0-10%=2.77µs(n=90000)|10-20%=3.379µs(n=90000)|20-30%=3.748µs(n=90000)|30-40%=4.474µs(n=90000)|40-50%=4.308µs(n=90000)|50-60%=5.218µs(n=90000)|60-70%=4.742µs(n=90000)|70-80%=5.188µs(n=90000)|80-90%=5.557µs(n=90000)|90-100%=6.559µs(n=90000),470.19,616.59,10432861,16200062,5767850,10432212,0,0,0,0,0,0,0,0,0,0,0,0.0,0.0,0,0,0,0,8,insert_only_build,insert_only_build,False,False,True,False,False,False,False,False,,,0,900000,900000,900000,900000,,insert_only_build_900k,True,,900K
total_ref_5_smt.csv,total_ref_5_smt,464,current,,smt,insert_only_build_1m,0,1000000,1000000,4673071703,4673,0-10%=2.971µs(n=100000)|10-20%=3.495µs(n=100000)|20-30%=3.992µs(n=100000)|30-40%=4.244µs(n=100000)|40-50%=4.877µs(n=100000)|50-60%=5.239µs(n=100000)|60-70%=5.173µs(n=100000)|70-80%=5.03µs(n=100000)|80-90%=5.946µs(n=100000)|90-100%=5.759µs(n=100000),540.33,685.08,12156671,18000052,5844048,12156004,0,0,0,0,0,0,0,0,0,0,0,0.0,0.0,0,0,0,0,8,insert_only_build,insert_only_build,False,False,True,False,False,False,False,False,,,0,1000000,1000000,1000000,1000000,,insert_only_build_1m,True,,1M
total_ref_5_smt.csv,total_ref_5_smt,465,current,,smt,insert_only_build_2m,0,2000000,2000000,10872146871,5436,0-10%=3.317µs(n=200000)|10-20%=4.379µs(n=200000)|20-30%=5.3µs(n=200000)|30-40%=5.311µs(n=200000)|40-50%=6.657µs(n=200000)|50-60%=5.808µs(n=200000)|60-70%=5.975µs(n=200000)|70-80%=6.085µs(n=200000)|80-90%=5.817µs(n=200000)|90-100%=5.705µs(n=200000),1126.5,1370.22,25756607,36000086,10244146,25755940,0,0,0,0,0,0,0,0,0,0,0,0.0,0.0,0,0,0,0,8,insert_only_build,insert_only_build,False,False,True,False,False,False,False,False,,,0,2000000,2000000,2000000,2000000,,insert_only_build_2m,True,,2M
total_ref_5_smt.csv,total_ref_5_smt,466,current,,smt,insert_only_build_5m,0,5000000,5000000,30065059646,6013,0-10%=4.085µs(n=500000)|10-20%=5.094µs(n=500000)|20-30%=5.564µs(n=500000)|30-40%=5.743µs(n=500000)|40-50%=6.239µs(n=500000)|50-60%=6.439µs(n=500000)|60-70%=6.27µs(n=500000)|70-80%=6.332µs(n=500000)|80-90%=7.367µs(n=500000)|90-100%=6.991µs(n=500000),2691.24,3425.54,60446918,90000166,29553922,60446244,0,0,0,0,0,0,0,0,0,0,0,0.0,0.0,0,0,0,0,8,insert_only_build,insert_only_build,False,False,True,False,False,False,False,False,,,0,5000000,5000000,5000000,5000000,,insert_only_build_5m,True,,5M
total_ref_5_smt.csv,total_ref_5_smt,467,current,,smt,insert_only_build_10m,0,10000000,10000000,68551516521,6855,0-10%=4.496µs(n=1000000)|10-20%=5.691µs(n=1000000)|20-30%=6.294µs(n=1000000)|30-40%=6.348µs(n=1000000)|40-50%=7.207µs(n=1000000)|50-60%=6.891µs(n=1000000)|60-70%=7.299µs(n=1000000)|70-80%=8.218µs(n=1000000)|80-90%=8.01µs(n=1000000)|90-100%=8.092µs(n=1000000),5573.22,6851.33,126902471,180000324,53098536,126901788,0,0,0,0,0,0,0,0,0,0,0,0.0,0.0,0,0,0,0,8,insert_only_build,insert_only_build,False,False,True,False,False,False,False,False,,,0,10000000,10000000,10000000,10000000,,insert_only_build_10m,True,,10M
total_ref_5_smt.csv,total_ref_5_smt,468,current,,smt,insert_only_build_25m,0,25000000,25000000,206262001041,8250,0-10%=5.395µs(n=2500000)|10-20%=6.739µs(n=2500000)|20-30%=7.316µs(n=2500000)|30-40%=7.935µs(n=2500000)|40-50%=8.635µs(n=2500000)|50-60%=8.743µs(n=2500000)|60-70%=8.856µs(n=2500000)|70-80%=9.116µs(n=2500000)|80-90%=10.038µs(n=2500000)|90-100%=9.727µs(n=2500000),13416.2,17129.58,300912020,450000930,149089603,300911327,0,0,0,0,0,0,0,0,0,0,0,0.0,0.0,0,0,0,0,8,insert_only_build,insert_only_build,False,False,True,False,False,False,False,False,,,0,25000000,25000000,25000000,25000000,,insert_only_build_25m,True,,25M
total_ref_5_smt.csv,total_ref_5_smt,469,current,,smt,prehashed_ordered_insert_only_10k,0,10000,10000,15001351,1500,0-10%=1.173µs(n=1000)|10-20%=1.245µs(n=1000)|20-30%=1.844µs(n=1000)|30-40%=1.392µs(n=1000)|40-50%=1.442µs(n=1000)|50-60%=1.202µs(n=1000)|60-70%=2.352µs(n=1000)|70-80%=1.447µs(n=1000)|80-90%=1.414µs(n=1000)|90-100%=1.485µs(n=1000),4.99,6.73,129705,180022,61031,118991,0,0,0,0,0,0,0,0,0,0,0,0.0,0.0,0,0,0,0,8,insert_only_build,prehashed_ordered_insert_only,True,True,True,False,False,False,False,False,,,0,10000,10000,10000,10000,,prehashed_ordered_insert_only_10k,True,,10K
total_ref_5_smt.csv,total_ref_5_smt,470,current,,smt,prehashed_ordered_insert_only_50k,0,50000,50000,79374446,1587,0-10%=1.438µs(n=5000)|10-20%=1.625µs(n=5000)|20-30%=1.667µs(n=5000)|30-40%=1.596µs(n=5000)|40-50%=1.724µs(n=5000)|50-60%=1.351µs(n=5000)|60-70%=1.801µs(n=5000)|70-80%=1.498µs(n=5000)|80-90%=1.525µs(n=5000)|90-100%=1.645µs(n=5000),28.08,33.57,646177,899988,254467,645521,0,0,0,0,0,0,0,0,0,0,0,0.0,0.0,0,0,0,0,8,insert_only_build,prehashed_ordered_insert_only,True,True,True,False,False,False,False,False,,,0,50000,50000,50000,50000,,prehashed_ordered_insert_only_50k,True,,50K
total_ref_5_smt.csv,total_ref_5_smt,471,current,,smt,prehashed_ordered_insert_only_100k,0,100000,100000,161978769,1619,0-10%=1.563µs(n=10000)|10-20%=1.576µs(n=10000)|20-30%=1.653µs(n=10000)|30-40%=1.727µs(n=10000)|40-50%=1.683µs(n=10000)|50-60%=1.399µs(n=10000)|60-70%=1.766µs(n=10000)|70-80%=1.554µs(n=10000)|80-90%=1.592µs(n=10000)|90-100%=1.679µs(n=10000),55.94,67.18,1283134,1800027,517519,1282508,0,0,0,0,0,0,0,0,0,0,0,0.0,0.0,0,0,0,0,8,insert_only_build,prehashed_ordered_insert_only,True,True,True,False,False,False,False,False,,,0,100000,100000,100000,100000,,prehashed_ordered_insert_only_100k,True,,100K
total_ref_5_smt.csv,total_ref_5_smt,472,current,,smt,prehashed_ordered_insert_only_200k,0,200000,200000,336405485,1682,0-10%=1.469µs(n=20000)|10-20%=1.61µs(n=20000)|20-30%=1.692µs(n=20000)|30-40%=1.649µs(n=20000)|40-50%=1.919µs(n=20000)|50-60%=1.516µs(n=20000)|60-70%=1.605µs(n=20000)|70-80%=1.634µs(n=20000)|80-90%=1.974µs(n=20000)|90-100%=1.746µs(n=20000),94.88,134.32,2409079,3600036,1391585,2208451,0,0,0,0,0,0,0,0,0,0,0,0.0,0.0,0,0,0,0,8,insert_only_build,prehashed_ordered_insert_only,True,True,True,False,False,False,False,False,,,0,200000,200000,200000,200000,,prehashed_ordered_insert_only_200k,True,,200K
total_ref_5_smt.csv,total_ref_5_smt,473,current,,smt,prehashed_ordered_insert_only_300k,0,300000,300000,499673866,1665,0-10%=1.483µs(n=30000)|10-20%=1.607µs(n=30000)|20-30%=1.665µs(n=30000)|30-40%=1.664µs(n=30000)|40-50%=1.85µs(n=30000)|50-60%=1.496µs(n=30000)|60-70%=1.645µs(n=30000)|70-80%=1.836µs(n=30000)|80-90%=1.655µs(n=30000)|90-100%=1.75µs(n=30000),148.09,201.44,3802683,5400039,1897987,3502052,0,0,0,0,0,0,0,0,0,0,0,0.0,0.0,0,0,0,0,8,insert_only_build,prehashed_ordered_insert_only,True,True,True,False,False,False,False,False,,,0,300000,300000,300000,300000,,prehashed_ordered_insert_only_300k,True,,300K
total_ref_5_smt.csv,total_ref_5_smt,474,current,,smt,prehashed_ordered_insert_only_500k,0,500000,500000,921770904,1843,0-10%=1.627µs(n=50000)|10-20%=1.661µs(n=50000)|20-30%=1.832µs(n=50000)|30-40%=1.812µs(n=50000)|40-50%=2.066µs(n=50000)|50-60%=1.652µs(n=50000)|60-70%=1.768µs(n=50000)|70-80%=1.812µs(n=50000)|80-90%=2.172µs(n=50000)|90-100%=2.03µs(n=50000),237.44,335.72,6030577,9000033,3470104,5529929,0,0,0,0,0,0,0,0,0,0,0,0.0,0.0,0,0,0,0,8,insert_only_build,prehashed_ordered_insert_only,True,True,True,False,False,False,False,False,,,0,500000,500000,500000,500000,,prehashed_ordered_insert_only_500k,True,,500K
total_ref_5_smt.csv,total_ref_5_smt,475,current,,smt,prehashed_ordered_insert_only_700k,0,700000,700000,1306352135,1866,0-10%=1.675µs(n=70000)|10-20%=1.712µs(n=70000)|20-30%=1.873µs(n=70000)|30-40%=1.855µs(n=70000)|40-50%=2.114µs(n=70000)|50-60%=1.692µs(n=70000)|60-70%=1.81µs(n=70000)|70-80%=1.828µs(n=70000)|80-90%=2.162µs(n=70000)|90-100%=1.936µs(n=70000),333.25,470.02,8469293,12600035,4831396,7768639,0,0,0,0,0,0,0,0,0,0,0,0.0,0.0,0,0,0,0,8,insert_only_build,prehashed_ordered_insert_only,True,True,True,False,False,False,False,False,,,0,700000,700000,700000,700000,,prehashed_ordered_insert_only_700k,True,,700K
total_ref_5_smt.csv,total_ref_5_smt,476,current,,smt,prehashed_ordered_insert_only_900k,0,900000,900000,1688365408,1875,0-10%=1.657µs(n=90000)|10-20%=1.725µs(n=90000)|20-30%=1.896µs(n=90000)|30-40%=1.867µs(n=90000)|40-50%=2.096µs(n=90000)|50-60%=1.713µs(n=90000)|60-70%=1.812µs(n=90000)|70-80%=2.103µs(n=90000)|80-90%=1.844µs(n=90000)|90-100%=2.042µs(n=90000),439.15,604.28,11239146,16200043,5861545,10338498,0,0,0,0,0,0,0,0,0,0,0,0.0,0.0,0,0,0,0,8,insert_only_build,prehashed_ordered_insert_only,True,True,True,False,False,False,False,False,,,0,900000,900000,900000,900000,,prehashed_ordered_insert_only_900k,True,,900K
total_ref_5_smt.csv,total_ref_5_smt,477,current,,smt,prehashed_ordered_insert_only_1m,0,1000000,1000000,1916140661,1916,0-10%=1.703µs(n=100000)|10-20%=1.74µs(n=100000)|20-30%=1.945µs(n=100000)|30-40%=1.907µs(n=100000)|40-50%=2.172µs(n=100000)|50-60%=1.732µs(n=100000)|60-70%=1.839µs(n=100000)|70-80%=2.117µs(n=100000)|80-90%=1.995µs(n=100000)|90-100%=2.007µs(n=100000),478.94,671.44,12192537,18000045,6808163,11191882,0,0,0,0,0,0,0,0,0,0,0,0.0,0.0,0,0,0,0,8,insert_only_build,prehashed_ordered_insert_only,True,True,True,False,False,False,False,False,,,0,1000000,1000000,1000000,1000000,,prehashed_ordered_insert_only_1m,True,,1M
total_ref_5_smt.csv,total_ref_5_smt,478,current,,smt,prehashed_ordered_insert_only_2m,0,2000000,2000000,3944950584,1972,0-10%=1.777µs(n=200000)|10-20%=1.809µs(n=200000)|20-30%=2.049µs(n=200000)|30-40%=1.943µs(n=200000)|40-50%=2.261µs(n=200000)|50-60%=1.759µs(n=200000)|60-70%=1.891µs(n=200000)|70-80%=2.159µs(n=200000)|80-90%=2.022µs(n=200000)|90-100%=2.051µs(n=200000),958.88,1342.88,24418097,36000046,13582615,22417431,0,0,0,0,0,0,0,0,0,0,0,0.0,0.0,0,0,0,0,8,insert_only_build,prehashed_ordered_insert_only,True,True,True,False,False,False,False,False,,,0,2000000,2000000,2000000,2000000,,prehashed_ordered_insert_only_2m,True,,2M
total_ref_5_smt.csv,total_ref_5_smt,479,current,,smt,prehashed_ordered_insert_only_5m,0,5000000,5000000,10199357296,2039,0-10%=1.798µs(n=500000)|10-20%=1.909µs(n=500000)|20-30%=2.113µs(n=500000)|30-40%=1.994µs(n=500000)|40-50%=2.337µs(n=500000)|50-60%=1.884µs(n=500000)|60-70%=1.946µs(n=500000)|70-80%=2.289µs(n=500000)|80-90%=2.002µs(n=500000)|90-100%=2.121µs(n=500000),2458.43,3357.28,63048894,90000079,31951849,58048230,0,0,0,0,0,0,0,0,0,0,0,0.0,0.0,0,0,0,0,8,insert_only_build,prehashed_ordered_insert_only,True,True,True,False,False,False,False,False,,,0,5000000,5000000,5000000,5000000,,prehashed_ordered_insert_only_5m,True,,5M
total_ref_5_smt.csv,total_ref_5_smt,480,current,,smt,prehashed_ordered_insert_only_10m,0,10000000,10000000,21348617486,2134,0-10%=1.897µs(n=1000000)|10-20%=1.993µs(n=1000000)|20-30%=2.166µs(n=1000000)|30-40%=2.107µs(n=1000000)|40-50%=2.405µs(n=1000000)|50-60%=1.94µs(n=1000000)|60-70%=2.061µs(n=1000000)|70-80%=2.412µs(n=1000000)|80-90%=2.131µs(n=1000000)|90-100%=2.233µs(n=1000000),4859.85,6714.55,124229141,180000116,65771644,114228472,0,0,0,0,0,0,0,0,0,0,0,0.0,0.0,0,0,0,0,8,insert_only_build,prehashed_ordered_insert_only,True,True,True,False,False,False,False,False,,,0,10000000,10000000,10000000,10000000,,prehashed_ordered_insert_only_10m,True,,10M
total_ref_5_smt.csv,total_ref_5_smt,481,current,,smt,prehashed_ordered_insert_only_25m,0,25000000,25000000,56751849055,2270,0-10%=1.931µs(n=2500000)|10-20%=2.039µs(n=2500000)|20-30%=2.223µs(n=2500000)|30-40%=2.138µs(n=2500000)|40-50%=2.422µs(n=2500000)|50-60%=1.952µs(n=2500000)|60-70%=2.337µs(n=2500000)|70-80%=2.626µs(n=2500000)|80-90%=2.42µs(n=2500000)|90-100%=2.608µs(n=2500000),12249.3,16786.18,313841491,450000220,161159402,288840818,0,0,0,0,0,0,0,0,0,0,0,0.0,0.0,0,0,0,0,8,insert_only_build,prehashed_ordered_insert_only,True,True,True,False,False,False,False,False,,,0,25000000,25000000,25000000,25000000,,prehashed_ordered_insert_only_25m,True,,25M
total_ref_5_smt.csv,total_ref_5_smt,482,current,,smt,proof_only_after_10k_build_sample_5pct,10000,10000,0,0,0,,0.0,0.0,0,0,0,0,539025,1078,635,2938,0,0,0,0,0,0,0,0.0,0.0,0,0,0,0,8,proof_only_after_build,proof_only_after_build,False,False,False,True,False,False,False,False,5.0,5.0,10000,0,10000,10000,10000,,proof_only_after_10k_build_sample_5pct,True,,10K
total_ref_5_smt.csv,total_ref_5_smt,483,current,,smt,proof_only_after_50k_build_sample_5pct,50000,50000,0,0,0,,0.0,0.0,0,0,0,0,4067863,1627,720,3648,0,0,0,0,0,0,0,0.0,0.0,0,0,0,0,8,proof_only_after_build,proof_only_after_build,False,False,False,True,False,False,False,False,5.0,5.0,50000,0,50000,50000,50000,,proof_only_after_50k_build_sample_5pct,True,,50K
total_ref_5_smt.csv,total_ref_5_smt,484,current,,smt,proof_only_after_100k_build_sample_5pct,100000,100000,0,0,0,,0.0,0.0,0,0,0,0,9805137,1961,758,4039,0,0,0,0,0,0,0,0.0,0.0,0,0,0,0,8,proof_only_after_build,proof_only_after_build,False,False,False,True,False,False,False,False,5.0,5.0,100000,0,100000,100000,100000,,proof_only_after_100k_build_sample_5pct,True,,100K
total_ref_5_smt.csv,total_ref_5_smt,485,current,,smt,proof_only_after_200k_build_sample_5pct,200000,200000,0,0,0,,0.0,0.0,0,0,0,0,24125596,2412,797,4562,0,0,0,0,0,0,0,0.0,0.0,0,0,0,0,8,proof_only_after_build,proof_only_after_build,False,False,False,True,False,False,False,False,5.0,5.0,200000,0,200000,200000,200000,,proof_only_after_200k_build_sample_5pct,True,,200K
total_ref_5_smt.csv,total_ref_5_smt,486,current,,smt,proof_only_after_300k_build_sample_5pct,300000,300000,0,0,0,,0.0,0.0,0,0,0,0,49486382,3299,818,5040,0,0,0,0,0,0,0,0.0,0.0,0,0,0,0,8,proof_only_after_build,proof_only_after_build,False,False,False,True,False,False,False,False,5.0,5.0,300000,0,300000,300000,300000,,proof_only_after_300k_build_sample_5pct,True,,300K
total_ref_5_smt.csv,total_ref_5_smt,487,current,,smt,proof_only_after_500k_build_sample_5pct,500000,500000,0,0,0,,0.0,0.0,0,0,0,0,89968705,3598,846,5240,0,0,0,0,0,0,0,0.0,0.0,0,0,0,0,8,proof_only_after_build,proof_only_after_build,False,False,False,True,False,False,False,False,5.0,5.0,500000,0,500000,500000,500000,,proof_only_after_500k_build_sample_5pct,True,,500K
total_ref_5_smt.csv,total_ref_5_smt,488,current,,smt,proof_only_after_700k_build_sample_5pct,700000,700000,0,0,0,,0.0,0.0,0,0,0,0,128389457,3668,865,5045,0,0,0,0,0,0,0,0.0,0.0,0,0,0,0,8,proof_only_after_build,proof_only_after_build,False,False,False,True,False,False,False,False,5.0,5.0,700000,0,700000,700000,700000,,proof_only_after_700k_build_sample_5pct,True,,700K
total_ref_5_smt.csv,total_ref_5_smt,489,current,,smt,proof_only_after_900k_build_sample_5pct,900000,900000,0,0,0,,0.0,0.0,0,0,0,0,176559706,3923,879,5699,0,0,0,0,0,0,0,0.0,0.0,0,0,0,0,8,proof_only_after_build,proof_only_after_build,False,False,False,True,False,False,False,False,5.0,5.0,900000,0,900000,900000,900000,,proof_only_after_900k_build_sample_5pct,True,,900K
total_ref_5_smt.csv,total_ref_5_smt,490,current,,smt,proof_only_after_1m_build_sample_5pct,1000000,1000000,0,0,0,,0.0,0.0,0,0,0,0,189128572,3782,885,5400,0,0,0,0,0,0,0,0.0,0.0,0,0,0,0,8,proof_only_after_build,proof_only_after_build,False,False,False,True,False,False,False,False,5.0,5.0,1000000,0,1000000,1000000,1000000,,proof_only_after_1m_build_sample_5pct,True,,1M
total_ref_5_smt.csv,total_ref_5_smt,491,current,,smt,proof_only_after_2m_build_sample_3pct,2000000,2000000,0,0,0,,0.0,0.0,0,0,0,0,253159136,4219,922,5630,0,0,0,0,0,0,0,0.0,0.0,0,0,0,0,8,proof_only_after_build,proof_only_after_build,False,False,False,True,False,False,False,False,3.0,3.0,2000000,0,2000000,2000000,2000000,,proof_only_after_2m_build_sample_3pct,True,,2M
total_ref_5_smt.csv,total_ref_5_smt,492,current,,smt,proof_only_after_5m_build_sample_3pct,5000000,5000000,0,0,0,,0.0,0.0,0,0,0,0,717157469,4781,973,6574,0,0,0,0,0,0,0,0.0,0.0,0,0,0,0,8,proof_only_after_build,proof_only_after_build,False,False,False,True,False,False,False,False,3.0,3.0,5000000,0,5000000,5000000,5000000,,proof_only_after_5m_build_sample_3pct,True,,5M
total_ref_5_smt.csv,total_ref_5_smt,493,current,,smt,proof_only_after_10m_build_sample_2pct,10000000,10000000,0,0,0,,0.0,0.0,0,0,0,0,1067497231,5337,1011,7525,0,0,0,0,0,0,0,0.0,0.0,0,0,0,0,8,proof_only_after_build,proof_only_after_build,False,False,False,True,False,False,False,False,2.0,2.0,10000000,0,10000000,10000000,10000000,,proof_only_after_10m_build_sample_2pct,True,,10M
total_ref_5_smt.csv,total_ref_5_smt,494,current,,smt,proof_only_after_25m_build_sample_2pct,25000000,25000000,0,0,0,,0.0,0.0,0,0,0,0,4663900825,9327,1061,8435,0,0,0,0,0,0,0,0.0,0.0,0,0,0,0,8,proof_only_after_build,proof_only_after_build,False,False,False,True,False,False,False,False,2.0,2.0,25000000,0,25000000,25000000,25000000,,proof_only_after_25m_build_sample_2pct,True,,25M
total_ref_5_smt.csv,total_ref_5_smt,495,current,,smt,build_10k_then_add_2k_new,10000,12000,2000,4940377,2470,0-10%=2.859µs(n=200)|10-20%=2.371µs(n=200)|20-30%=2.328µs(n=200)|30-40%=2.579µs(n=200)|40-50%=2.375µs(n=200)|50-60%=2.305µs(n=200)|60-70%=2.347µs(n=200)|70-80%=2.434µs(n=200)|80-90%=2.563µs(n=200)|90-100%=2.532µs(n=200),1.39,1.39,144226,36038,2552,33486,0,0,0,0,0,0,0,0,0,0,0,0.0,0.0,0,0,0,0,8,build_then_add_new,build_then_add_new,False,False,False,False,False,True,True,False,,,10000,2000,12000,10000,10000,2000,build_10k_then_add_2k_new,True,,10K
total_ref_5_smt.csv,total_ref_5_smt,496,current,,smt,build_50k_then_add_10k_new,50000,60000,10000,32640509,3264,0-10%=3.498µs(n=1000)|10-20%=3.229µs(n=1000)|20-30%=3.346µs(n=1000)|30-40%=3.106µs(n=1000)|40-50%=3.326µs(n=1000)|50-60%=3.076µs(n=1000)|60-70%=3.365µs(n=1000)|70-80%=3.264µs(n=1000)|80-90%=3.399µs(n=1000)|90-100%=3.026µs(n=1000),6.87,6.87,718032,180038,12753,167285,0,0,0,0,0,0,0,0,0,0,0,0.0,0.0,0,0,0,0,8,build_then_add_new,build_then_add_new,False,False,False,False,False,True,True,False,,,50000,10000,60000,50000,50000,10000,build_50k_then_add_10k_new,True,,50K
total_ref_5_smt.csv,total_ref_5_smt,497,current,,smt,build_100k_then_add_20k_new,100000,120000,20000,77655693,3882,0-10%=4.523µs(n=2000)|10-20%=4.131µs(n=2000)|20-30%=4.047µs(n=2000)|30-40%=3.951µs(n=2000)|40-50%=3.744µs(n=2000)|50-60%=3.749µs(n=2000)|60-70%=3.654µs(n=2000)|70-80%=3.696µs(n=2000)|80-90%=3.667µs(n=2000)|90-100%=3.659µs(n=2000),13.72,13.72,1435298,360038,25494,334544,0,0,0,0,0,0,0,0,0,0,0,0.0,0.0,0,0,0,0,8,build_then_add_new,build_then_add_new,False,False,False,False,False,True,True,False,,,100000,20000,120000,100000,100000,20000,build_100k_then_add_20k_new,True,,100K
total_ref_5_smt.csv,total_ref_5_smt,498,current,,smt,build_200k_then_add_40k_new,200000,240000,40000,187662414,4691,0-10%=5.697µs(n=4000)|10-20%=5.088µs(n=4000)|20-30%=4.892µs(n=4000)|30-40%=4.82µs(n=4000)|40-50%=4.78µs(n=4000)|50-60%=4.508µs(n=4000)|60-70%=4.33µs(n=4000)|70-80%=4.248µs(n=4000)|80-90%=4.296µs(n=4000)|90-100%=4.252µs(n=4000),27.43,27.43,2869759,720045,51049,668996,0,0,0,0,0,0,0,0,0,0,0,0.0,0.0,0,0,0,0,8,build_then_add_new,build_then_add_new,False,False,False,False,False,True,True,False,,,200000,40000,240000,200000,200000,40000,build_200k_then_add_40k_new,True,,200K
total_ref_5_smt.csv,total_ref_5_smt,499,current,,smt,build_300k_then_add_60k_new,300000,360000,60000,280537038,4675,0-10%=5.803µs(n=6000)|10-20%=5.179µs(n=6000)|20-30%=5.073µs(n=6000)|30-40%=4.638µs(n=6000)|40-50%=4.495µs(n=6000)|50-60%=4.376µs(n=6000)|60-70%=4.323µs(n=6000)|70-80%=4.288µs(n=6000)|80-90%=4.291µs(n=6000)|90-100%=4.285µs(n=6000),41.13,41.13,4304220,1080047,76595,1003452,0,0,0,0,0,0,0,0,0,0,0,0.0,0.0,0,0,0,0,8,build_then_add_new,build_then_add_new,False,False,False,False,False,True,True,False,,,300000,60000,360000,300000,300000,60000,build_300k_then_add_60k_new,True,,300K
total_ref_5_smt.csv,total_ref_5_smt,500,current,,smt,build_500k_then_add_100k_new,500000,600000,100000,528538613,5285,0-10%=6.453µs(n=10000)|10-20%=5.788µs(n=10000)|20-30%=5.848µs(n=10000)|30-40%=5.216µs(n=10000)|40-50%=5.023µs(n=10000)|50-60%=4.881µs(n=10000)|60-70%=4.833µs(n=10000)|70-80%=4.821µs(n=10000)|80-90%=4.89µs(n=10000)|90-100%=5.096µs(n=10000),68.51,68.51,7172703,1800042,128125,1671917,0,0,0,0,0,0,0,0,0,0,0,0.0,0.0,0,0,0,0,8,build_then_add_new,build_then_add_new,False,False,False,False,False,True,True,False,,,500000,100000,600000,500000,500000,100000,build_500k_then_add_100k_new,True,,500K
total_ref_5_smt.csv,total_ref_5_smt,501,current,,smt,build_700k_then_add_140k_new,700000,840000,140000,825894700,5899,0-10%=6.569µs(n=14000)|10-20%=5.957µs(n=14000)|20-30%=5.815µs(n=14000)|30-40%=5.683µs(n=14000)|40-50%=5.761µs(n=14000)|50-60%=5.689µs(n=14000)|60-70%=6.354µs(n=14000)|70-80%=6.182µs(n=14000)|80-90%=5.545µs(n=14000)|90-100%=5.433µs(n=14000),95.94,95.94,10041994,2520052,178844,2341208,0,0,0,0,0,0,0,0,0,0,0,0.0,0.0,0,0,0,0,8,build_then_add_new,build_then_add_new,False,False,False,False,False,True,True,False,,,700000,140000,840000,700000,700000,140000,build_700k_then_add_140k_new,True,,700K
total_ref_5_smt.csv,total_ref_5_smt,502,current,,smt,build_900k_then_add_180k_new,900000,1080000,180000,1058974332,5883,0-10%=7.216µs(n=18000)|10-20%=6.49µs(n=18000)|20-30%=6.432µs(n=18000)|30-40%=6.139µs(n=18000)|40-50%=5.609µs(n=18000)|50-60%=5.352µs(n=18000)|60-70%=5.514µs(n=18000)|70-80%=5.405µs(n=18000)|80-90%=5.323µs(n=18000)|90-100%=5.346µs(n=18000),123.33,123.33,12910642,3240053,230207,3009846,0,0,0,0,0,0,0,0,0,0,0,0.0,0.0,0,0,0,0,8,build_then_add_new,build_then_add_new,False,False,False,False,False,True,True,False,,,900000,180000,1080000,900000,900000,180000,build_900k_then_add_180k_new,True,,900K
total_ref_5_smt.csv,total_ref_5_smt,503,current,,smt,build_1m_then_add_200k_new,1000000,1200000,200000,1186920390,5934,0-10%=6.51µs(n=20000)|10-20%=6.074µs(n=20000)|20-30%=6.09µs(n=20000)|30-40%=6.153µs(n=20000)|40-50%=6.008µs(n=20000)|50-60%=6.052µs(n=20000)|60-70%=5.583µs(n=20000)|70-80%=5.376µs(n=20000)|80-90%=5.319µs(n=20000)|90-100%=6.176µs(n=20000),137.04,137.04,14345205,3600053,255593,3344460,0,0,0,0,0,0,0,0,0,0,0,0.0,0.0,0,0,0,0,8,build_then_add_new,build_then_add_new,False,False,False,False,False,True,True,False,,,1000000,200000,1200000,1000000,1000000,200000,build_1m_then_add_200k_new,True,,1M
total_ref_5_smt.csv,total_ref_5_smt,504,current,,smt,build_2m_then_add_400k_new,2000000,2400000,400000,2654298471,6635,0-10%=7.137µs(n=40000)|10-20%=6.715µs(n=40000)|20-30%=6.752µs(n=40000)|30-40%=6.515µs(n=40000)|40-50%=6.465µs(n=40000)|50-60%=6.491µs(n=40000)|60-70%=6.602µs(n=40000)|70-80%=6.62µs(n=40000)|80-90%=6.557µs(n=40000)|90-100%=6.498µs(n=40000),274.09,274.09,28689578,7200064,511238,6688826,0,0,0,0,0,0,0,0,0,0,0,0.0,0.0,0,0,0,0,8,build_then_add_new,build_then_add_new,False,False,False,False,False,True,True,False,,,2000000,400000,2400000,2000000,2000000,400000,build_2m_then_add_400k_new,True,,2M
total_ref_5_smt.csv,total_ref_5_smt,505,current,,smt,build_5m_then_add_1m_new,5000000,6000000,1000000,7527978598,7527,0-10%=7.904µs(n=100000)|10-20%=7.696µs(n=100000)|20-30%=7.614µs(n=100000)|30-40%=7.539µs(n=100000)|40-50%=7.69µs(n=100000)|50-60%=7.797µs(n=100000)|60-70%=7.675µs(n=100000)|70-80%=7.243µs(n=100000)|80-90%=7.048µs(n=100000)|90-100%=7.07µs(n=100000),685.2,685.2,71722955,18000082,1277893,16722189,0,0,0,0,0,0,0,0,0,0,0,0.0,0.0,0,0,0,0,8,build_then_add_new,build_then_add_new,False,False,False,False,False,True,True,False,,,5000000,1000000,6000000,5000000,5000000,1000000,build_5m_then_add_1m_new,True,,5M
total_ref_5_smt.csv,total_ref_5_smt,506,current,,smt,build_10m_then_add_2m_new,10000000,12000000,2000000,16986087152,8493,0-10%=8.639µs(n=200000)|10-20%=8.398µs(n=200000)|20-30%=8.318µs(n=200000)|30-40%=8.605µs(n=200000)|40-50%=8.607µs(n=200000)|50-60%=8.603µs(n=200000)|60-70%=8.649µs(n=200000)|70-80%=8.445µs(n=200000)|80-90%=8.224µs(n=200000)|90-100%=8.437µs(n=200000),1370.36,1370.36,143443491,36000122,2557403,33442719,0,0,0,0,0,0,0,0,0,0,0,0.0,0.0,0,0,0,0,8,build_then_add_new,build_then_add_new,False,False,False,False,False,True,True,False,,,10000000,2000000,12000000,10000000,10000000,2000000,build_10m_then_add_2m_new,True,,10M
total_ref_5_smt.csv,total_ref_5_smt,507,current,,smt,build_25m_then_add_5m_new,25000000,30000000,5000000,51350714092,10270,0-10%=10.308µs(n=500000)|10-20%=10.376µs(n=500000)|20-30%=10.353µs(n=500000)|30-40%=10.361µs(n=500000)|40-50%=10.129µs(n=500000)|50-60%=10.397µs(n=500000)|60-70%=10.205µs(n=500000)|70-80%=10.251µs(n=500000)|80-90%=10.212µs(n=500000)|90-100%=10.104µs(n=500000),3426.28,3426.28,358607641,90000279,6393417,83606862,0,0,0,0,0,0,0,0,0,0,0,0.0,0.0,0,0,0,0,8,build_then_add_new,build_then_add_new,False,False,False,False,False,True,True,False,,,25000000,5000000,30000000,25000000,25000000,5000000,build_25m_then_add_5m_new,True,,25M
total_ref_5_smt.csv,total_ref_5_smt,508,current,,smt,build_10k_then_reinsert_2k_existing,10000,10000,2000,5213053,2606,0-10%=3.862µs(n=200)|10-20%=2.903µs(n=200)|20-30%=2.666µs(n=200)|30-40%=2.532µs(n=200)|40-50%=2.435µs(n=200)|50-60%=2.419µs(n=200)|60-70%=2.374µs(n=200)|70-80%=2.406µs(n=200)|80-90%=2.211µs(n=200)|90-100%=2.248µs(n=200),0.27,0.27,119829,10038,1001,9037,0,0,0,0,0,0,0,0,0,0,0,0.0,0.0,0,0,0,0,8,build_then_reinsert_existing,build_then_reinsert_existing,False,False,False,False,False,False,False,True,,,10000,2000,10000,10000,10000,2000,build_10k_then_reinsert_2k_existing,True,,10K
total_ref_5_smt.csv,total_ref_5_smt,509,current,,smt,build_50k_then_reinsert_10k_existing,50000,50000,10000,31577901,3157,0-10%=3.872µs(n=1000)|10-20%=3.278µs(n=1000)|20-30%=3.321µs(n=1000)|30-40%=3.101µs(n=1000)|40-50%=3.141µs(n=1000)|50-60%=3.002µs(n=1000)|60-70%=3.038µs(n=1000)|70-80%=2.902µs(n=1000)|80-90%=3.046µs(n=1000)|90-100%=2.869µs(n=1000),1.31,1.31,595834,50038,5001,45037,0,0,0,0,0,0,0,0,0,0,0,0.0,0.0,0,0,0,0,8,build_then_reinsert_existing,build_then_reinsert_existing,False,False,False,False,False,False,False,True,,,50000,10000,50000,50000,50000,10000,build_50k_then_reinsert_10k_existing,True,,50K
total_ref_5_smt.csv,total_ref_5_smt,510,current,,smt,build_100k_then_reinsert_20k_existing,100000,100000,20000,74492928,3724,0-10%=4.544µs(n=2000)|10-20%=4.061µs(n=2000)|20-30%=3.884µs(n=2000)|30-40%=3.755µs(n=2000)|40-50%=3.75µs(n=2000)|50-60%=3.597µs(n=2000)|60-70%=3.524µs(n=2000)|70-80%=3.438µs(n=2000)|80-90%=3.359µs(n=2000)|90-100%=3.33µs(n=2000),2.61,2.61,1190841,100038,10001,90037,0,0,0,0,0,0,0,0,0,0,0,0.0,0.0,0,0,0,0,8,build_then_reinsert_existing,build_then_reinsert_existing,False,False,False,False,False,False,False,True,,,100000,20000,100000,100000,100000,20000,build_100k_then_reinsert_20k_existing,True,,100K
total_ref_5_smt.csv,total_ref_5_smt,511,current,,smt,build_200k_then_reinsert_40k_existing,200000,200000,40000,168549352,4213,0-10%=5.255µs(n=4000)|10-20%=4.581µs(n=4000)|20-30%=4.312µs(n=4000)|30-40%=4.152µs(n=4000)|40-50%=4.094µs(n=4000)|50-60%=4.063µs(n=4000)|60-70%=4.047µs(n=4000)|70-80%=3.951µs(n=4000)|80-90%=3.885µs(n=4000)|90-100%=3.793µs(n=4000),5.22,5.22,2380858,200045,20001,180044,0,0,0,0,0,0,0,0,0,0,0,0.0,0.0,0,0,0,0,8,build_then_reinsert_existing,build_then_reinsert_existing,False,False,False,False,False,False,False,True,,,200000,40000,200000,200000,200000,40000,build_200k_then_reinsert_40k_existing,True,,200K
total_ref_5_smt.csv,total_ref_5_smt,512,current,,smt,build_300k_then_reinsert_60k_existing,300000,300000,60000,259154664,4319,0-10%=5.371µs(n=6000)|10-20%=4.806µs(n=6000)|20-30%=4.512µs(n=6000)|30-40%=4.331µs(n=6000)|40-50%=4.204µs(n=6000)|50-60%=4.166µs(n=6000)|60-70%=4.066µs(n=6000)|70-80%=3.943µs(n=6000)|80-90%=3.922µs(n=6000)|90-100%=3.867µs(n=6000),7.81,7.81,3570868,300047,30001,270046,0,0,0,0,0,0,0,0,0,0,0,0.0,0.0,0,0,0,0,8,build_then_reinsert_existing,build_then_reinsert_existing,False,False,False,False,False,False,False,True,,,300000,60000,300000,300000,300000,60000,build_300k_then_reinsert_60k_existing,True,,300K
total_ref_5_smt.csv,total_ref_5_smt,513,current,,smt,build_500k_then_reinsert_100k_existing,500000,500000,100000,475228828,4752,0-10%=5.655µs(n=10000)|10-20%=4.978µs(n=10000)|20-30%=4.941µs(n=10000)|30-40%=4.786µs(n=10000)|40-50%=4.721µs(n=10000)|50-60%=4.641µs(n=10000)|60-70%=4.562µs(n=10000)|70-80%=4.457µs(n=10000)|80-90%=4.404µs(n=10000)|90-100%=4.374µs(n=10000),13.01,13.01,5950878,500050,50001,450049,0,0,0,0,0,0,0,0,0,0,0,0.0,0.0,0,0,0,0,8,build_then_reinsert_existing,build_then_reinsert_existing,False,False,False,False,False,False,False,True,,,500000,100000,500000,500000,500000,100000,build_500k_then_reinsert_100k_existing,True,,500K
total_ref_5_smt.csv,total_ref_5_smt,514,current,,smt,build_700k_then_reinsert_140k_existing,700000,700000,140000,702129981,5015,0-10%=5.959µs(n=14000)|10-20%=5.121µs(n=14000)|20-30%=4.933µs(n=14000)|30-40%=4.923µs(n=14000)|40-50%=4.871µs(n=14000)|50-60%=4.861µs(n=14000)|60-70%=4.847µs(n=14000)|70-80%=4.794µs(n=14000)|80-90%=4.825µs(n=14000)|90-100%=5.013µs(n=14000),18.2,18.2,8330887,700052,70001,630051,0,0,0,0,0,0,0,0,0,0,0,0.0,0.0,0,0,0,0,8,build_then_reinsert_existing,build_then_reinsert_existing,False,False,False,False,False,False,False,True,,,700000,140000,700000,700000,700000,140000,build_700k_then_reinsert_140k_existing,True,,700K
total_ref_5_smt.csv,total_ref_5_smt,515,current,,smt,build_900k_then_reinsert_180k_existing,900000,900000,180000,975800599,5421,0-10%=6.083µs(n=18000)|10-20%=5.495µs(n=18000)|20-30%=5.399µs(n=18000)|30-40%=5.29µs(n=18000)|40-50%=5.429µs(n=18000)|50-60%=5.843µs(n=18000)|60-70%=5.297µs(n=18000)|70-80%=5.176µs(n=18000)|80-90%=5.174µs(n=18000)|90-100%=5.02µs(n=18000),23.4,23.4,10710893,900053,90001,810052,0,0,0,0,0,0,0,0,0,0,0,0.0,0.0,0,0,0,0,8,build_then_reinsert_existing,build_then_reinsert_existing,False,False,False,False,False,False,False,True,,,900000,180000,900000,900000,900000,180000,build_900k_then_reinsert_180k_existing,True,,900K
total_ref_5_smt.csv,total_ref_5_smt,516,current,,smt,build_1m_then_reinsert_200k_existing,1000000,1000000,200000,1176439308,5882,0-10%=6.145µs(n=20000)|10-20%=5.58µs(n=20000)|20-30%=5.722µs(n=20000)|30-40%=5.362µs(n=20000)|40-50%=5.381µs(n=20000)|50-60%=5.315µs(n=20000)|60-70%=5.473µs(n=20000)|70-80%=7.151µs(n=20000)|80-90%=6.395µs(n=20000)|90-100%=6.293µs(n=20000),25.99,25.99,11900900,1000053,100001,900052,0,0,0,0,0,0,0,0,0,0,0,0.0,0.0,0,0,0,0,8,build_then_reinsert_existing,build_then_reinsert_existing,False,False,False,False,False,False,False,True,,,1000000,200000,1000000,1000000,1000000,200000,build_1m_then_reinsert_200k_existing,True,,1M
total_ref_5_smt.csv,total_ref_5_smt,517,current,,smt,build_2m_then_reinsert_400k_existing,2000000,2000000,400000,2410306941,6025,0-10%=6.52µs(n=40000)|10-20%=6.097µs(n=40000)|20-30%=6.124µs(n=40000)|30-40%=6.036µs(n=40000)|40-50%=5.967µs(n=40000)|50-60%=5.927µs(n=40000)|60-70%=5.984µs(n=40000)|70-80%=5.897µs(n=40000)|80-90%=5.834µs(n=40000)|90-100%=5.867µs(n=40000),51.98,51.98,23800862,2000062,200001,1800061,0,0,0,0,0,0,0,0,0,0,0,0.0,0.0,0,0,0,0,8,build_then_reinsert_existing,build_then_reinsert_existing,False,False,False,False,False,False,False,True,,,2000000,400000,2000000,2000000,2000000,400000,build_2m_then_reinsert_400k_existing,True,,2M
total_ref_5_smt.csv,total_ref_5_smt,518,current,,smt,build_5m_then_reinsert_1m_existing,5000000,5000000,1000000,6951605947,6951,0-10%=7.256µs(n=100000)|10-20%=7.078µs(n=100000)|20-30%=7.033µs(n=100000)|30-40%=6.924µs(n=100000)|40-50%=6.91µs(n=100000)|50-60%=6.879µs(n=100000)|60-70%=6.9µs(n=100000)|70-80%=6.868µs(n=100000)|80-90%=6.823µs(n=100000)|90-100%=6.841µs(n=100000),129.95,129.95,59500890,5000073,500000,4500073,0,0,0,0,0,0,0,0,0,0,0,0.0,0.0,0,0,0,0,8,build_then_reinsert_existing,build_then_reinsert_existing,False,False,False,False,False,False,False,True,,,5000000,1000000,5000000,5000000,5000000,1000000,build_5m_then_reinsert_1m_existing,True,,5M
total_ref_5_smt.csv,total_ref_5_smt,519,current,,smt,build_10m_then_reinsert_2m_existing,10000000,10000000,2000000,15658751250,7829,0-10%=8.046µs(n=200000)|10-20%=7.927µs(n=200000)|20-30%=7.952µs(n=200000)|30-40%=7.918µs(n=200000)|40-50%=7.875µs(n=200000)|50-60%=7.795µs(n=200000)|60-70%=7.75µs(n=200000)|70-80%=7.716µs(n=200000)|80-90%=7.588µs(n=200000)|90-100%=7.721µs(n=200000),259.92,259.92,119000934,10000116,1000001,9000115,0,0,0,0,0,0,0,0,0,0,0,0.0,0.0,0,0,0,0,8,build_then_reinsert_existing,build_then_reinsert_existing,False,False,False,False,False,False,False,True,,,10000000,2000000,10000000,10000000,10000000,2000000,build_10m_then_reinsert_2m_existing,True,,10M
total_ref_5_smt.csv,total_ref_5_smt,520,current,,smt,build_25m_then_reinsert_5m_existing,25000000,25000000,5000000,46856177540,9371,0-10%=9.48µs(n=500000)|10-20%=9.384µs(n=500000)|20-30%=9.391µs(n=500000)|30-40%=9.401µs(n=500000)|40-50%=9.309µs(n=500000)|50-60%=9.381µs(n=500000)|60-70%=9.395µs(n=500000)|70-80%=9.489µs(n=500000)|80-90%=9.286µs(n=500000)|90-100%=9.192µs(n=500000),650.13,650.13,297501076,25000257,2500001,22500256,0,0,0,0,0,0,0,0,0,0,0,0.0,0.0,0,0,0,0,8,build_then_reinsert_existing,build_then_reinsert_existing,False,False,False,False,False,False,False,True,,,25000000,5000000,25000000,25000000,25000000,5000000,build_25m_then_reinsert_5m_existing,True,,25M
total_ref_5_smt.csv,total_ref_5_smt,521,current,,smt,insert_only_build_10k,0,10000,10000,25306483,2530,0-10%=1.955µs(n=1000)|10-20%=2.082µs(n=1000)|20-30%=2.197µs(n=1000)|30-40%=2.964µs(n=1000)|40-50%=2.432µs(n=1000)|50-60%=2.575µs(n=1000)|60-70%=2.659µs(n=1000)|70-80%=3.059µs(n=1000)|80-90%=2.682µs(n=1000)|90-100%=2.696µs(n=1000),5.54,6.88,126392,180030,54186,125844,0,0,0,0,0,0,0,0,0,0,0,0.0,0.0,0,0,0,0,9,insert_only_build,insert_only_build,False,False,True,False,False,False,False,False,,,0,10000,10000,10000,10000,,insert_only_build_10k,True,,10K
total_ref_5_smt.csv,total_ref_5_smt,522,current,,smt,insert_only_build_50k,0,50000,50000,137335684,2746,0-10%=2.264µs(n=5000)|10-20%=2.579µs(n=5000)|20-30%=2.729µs(n=5000)|30-40%=2.479µs(n=5000)|40-50%=2.511µs(n=5000)|50-60%=2.904µs(n=5000)|60-70%=2.763µs(n=5000)|70-80%=2.889µs(n=5000)|80-90%=2.998µs(n=5000)|90-100%=3.347µs(n=5000),25.88,34.3,571593,900065,329020,571045,0,0,0,0,0,0,0,0,0,0,0,0.0,0.0,0,0,0,0,9,insert_only_build,insert_only_build,False,False,True,False,False,False,False,False,,,0,50000,50000,50000,50000,,insert_only_build_50k,True,,50K
total_ref_5_smt.csv,total_ref_5_smt,523,current,,smt,insert_only_build_100k,0,100000,100000,293029293,2930,0-10%=2.247µs(n=10000)|10-20%=2.555µs(n=10000)|20-30%=2.627µs(n=10000)|30-40%=2.64µs(n=10000)|40-50%=2.775µs(n=10000)|50-60%=3.162µs(n=10000)|60-70%=3.186µs(n=10000)|70-80%=3.219µs(n=10000)|80-90%=3.294µs(n=10000)|90-100%=3.594µs(n=10000),52.14,68.53,1156680,1800041,643948,1156093,0,0,0,0,0,0,0,0,0,0,0,0.0,0.0,0,0,0,0,9,insert_only_build,insert_only_build,False,False,True,False,False,False,False,False,,,0,100000,100000,100000,100000,,insert_only_build_100k,True,,100K
total_ref_5_smt.csv,total_ref_5_smt,524,current,,smt,insert_only_build_200k,0,200000,200000,632783469,3163,0-10%=2.34µs(n=20000)|10-20%=2.619µs(n=20000)|20-30%=2.847µs(n=20000)|30-40%=2.965µs(n=20000)|40-50%=3.215µs(n=20000)|50-60%=3.272µs(n=20000)|60-70%=3.325µs(n=20000)|70-80%=3.595µs(n=20000)|80-90%=3.768µs(n=20000)|90-100%=3.688µs(n=20000),108.57,137.03,2448187,3600039,1152460,2447579,0,0,0,0,0,0,0,0,0,0,0,0.0,0.0,0,0,0,0,9,insert_only_build,insert_only_build,False,False,True,False,False,False,False,False,,,0,200000,200000,200000,200000,,insert_only_build_200k,True,,200K
total_ref_5_smt.csv,total_ref_5_smt,525,current,,smt,insert_only_build_300k,0,300000,300000,1042093627,3473,0-10%=2.734µs(n=30000)|10-20%=3.131µs(n=30000)|20-30%=2.998µs(n=30000)|30-40%=3.204µs(n=30000)|40-50%=3.269µs(n=30000)|50-60%=3.751µs(n=30000)|60-70%=3.573µs(n=30000)|70-80%=3.688µs(n=30000)|80-90%=4.109µs(n=30000)|90-100%=4.274µs(n=30000),157.83,205.54,3513262,5400047,1887400,3512647,0,0,0,0,0,0,0,0,0,0,0,0.0,0.0,0,0,0,0,9,insert_only_build,insert_only_build,False,False,True,False,False,False,False,False,,,0,300000,300000,300000,300000,,insert_only_build_300k,True,,300K
total_ref_5_smt.csv,total_ref_5_smt,526,current,,smt,insert_only_build_500k,0,500000,500000,1960459379,3920,0-10%=2.513µs(n=50000)|10-20%=3.017µs(n=50000)|20-30%=3.296µs(n=50000)|30-40%=3.631µs(n=50000)|40-50%=3.705µs(n=50000)|50-60%=4.782µs(n=50000)|60-70%=4.197µs(n=50000)|70-80%=4.187µs(n=50000)|80-90%=4.259µs(n=50000)|90-100%=5.618µs(n=50000),259.83,342.55,5753288,9000048,3247380,5752668,0,0,0,0,0,0,0,0,0,0,0,0.0,0.0,0,0,0,0,9,insert_only_build,insert_only_build,False,False,True,False,False,False,False,False,,,0,500000,500000,500000,500000,,insert_only_build_500k,True,,500K
total_ref_5_smt.csv,total_ref_5_smt,527,current,,smt,insert_only_build_700k,0,700000,700000,3064158691,4377,0-10%=2.808µs(n=70000)|10-20%=3.528µs(n=70000)|20-30%=4.17µs(n=70000)|30-40%=4.669µs(n=70000)|40-50%=4.761µs(n=70000)|50-60%=4.472µs(n=70000)|60-70%=4.82µs(n=70000)|70-80%=4.841µs(n=70000)|80-90%=4.667µs(n=70000)|90-100%=5.032µs(n=70000),395.5,479.55,9055277,12600054,3545412,9054642,0,0,0,0,0,0,0,0,0,0,0,0.0,0.0,0,0,0,0,9,insert_only_build,insert_only_build,False,False,True,False,False,False,False,False,,,0,700000,700000,700000,700000,,insert_only_build_700k,True,,700K
total_ref_5_smt.csv,total_ref_5_smt,528,current,,smt,insert_only_build_900k,0,900000,900000,4111512499,4568,0-10%=2.708µs(n=90000)|10-20%=3.447µs(n=90000)|20-30%=3.761µs(n=90000)|30-40%=4.295µs(n=90000)|40-50%=4.519µs(n=90000)|50-60%=5.045µs(n=90000)|60-70%=5.22µs(n=90000)|70-80%=5.245µs(n=90000)|80-90%=5.636µs(n=90000)|90-100%=5.803µs(n=90000),473.04,616.56,10523567,16200058,5677135,10522923,0,0,0,0,0,0,0,0,0,0,0,0.0,0.0,0,0,0,0,9,insert_only_build,insert_only_build,False,False,True,False,False,False,False,False,,,0,900000,900000,900000,900000,,insert_only_build_900k,True,,900K
total_ref_5_smt.csv,total_ref_5_smt,529,current,,smt,insert_only_build_1m,0,1000000,1000000,4671581712,4671,0-10%=2.73µs(n=100000)|10-20%=3.503µs(n=100000)|20-30%=4.092µs(n=100000)|30-40%=4.407µs(n=100000)|40-50%=4.869µs(n=100000)|50-60%=5.451µs(n=100000)|60-70%=5.26µs(n=100000)|70-80%=5.18µs(n=100000)|80-90%=5.838µs(n=100000)|90-100%=5.381µs(n=100000),537.82,685.09,12077307,18000060,5923399,12076661,0,0,0,0,0,0,0,0,0,0,0,0.0,0.0,0,0,0,0,9,insert_only_build,insert_only_build,False,False,True,False,False,False,False,False,,,0,1000000,1000000,1000000,1000000,,insert_only_build_1m,True,,1M
total_ref_5_smt.csv,total_ref_5_smt,530,current,,smt,insert_only_build_2m,0,2000000,2000000,10692416592,5346,0-10%=3.198µs(n=200000)|10-20%=4.631µs(n=200000)|20-30%=5.028µs(n=200000)|30-40%=5.101µs(n=200000)|40-50%=6.859µs(n=200000)|50-60%=5.431µs(n=200000)|60-70%=5.695µs(n=200000)|70-80%=6.038µs(n=200000)|80-90%=5.739µs(n=200000)|90-100%=5.738µs(n=200000),1118.55,1370.22,25506221,36000089,10494527,25505562,0,0,0,0,0,0,0,0,0,0,0,0.0,0.0,0,0,0,0,9,insert_only_build,insert_only_build,False,False,True,False,False,False,False,False,,,0,2000000,2000000,2000000,2000000,,insert_only_build_2m,True,,2M
total_ref_5_smt.csv,total_ref_5_smt,531,current,,smt,insert_only_build_5m,0,5000000,5000000,30036841980,6007,0-10%=3.881µs(n=500000)|10-20%=5.134µs(n=500000)|20-30%=5.614µs(n=500000)|30-40%=5.766µs(n=500000)|40-50%=6.264µs(n=500000)|50-60%=6.314µs(n=500000)|60-70%=6.303µs(n=500000)|70-80%=6.727µs(n=500000)|80-90%=7.187µs(n=500000)|90-100%=6.879µs(n=500000),2703.97,3425.54,60848595,90000164,29152246,60847918,0,0,0,0,0,0,0,0,0,0,0,0.0,0.0,0,0,0,0,9,insert_only_build,insert_only_build,False,False,True,False,False,False,False,False,,,0,5000000,5000000,5000000,5000000,,insert_only_build_5m,True,,5M
total_ref_5_smt.csv,total_ref_5_smt,532,current,,smt,insert_only_build_10m,0,10000000,10000000,68286254692,6828,0-10%=4.503µs(n=1000000)|10-20%=5.681µs(n=1000000)|20-30%=6.318µs(n=1000000)|30-40%=6.422µs(n=1000000)|40-50%=7.175µs(n=1000000)|50-60%=6.941µs(n=1000000)|60-70%=7.441µs(n=1000000)|70-80%=7.734µs(n=1000000)|80-90%=7.958µs(n=1000000)|90-100%=8.108µs(n=1000000),5590.68,6851.32,127453580,180000323,52547422,127452901,0,0,0,0,0,0,0,0,0,0,0,0.0,0.0,0,0,0,0,9,insert_only_build,insert_only_build,False,False,True,False,False,False,False,False,,,0,10000000,10000000,10000000,10000000,,insert_only_build_10m,True,,10M
total_ref_5_smt.csv,total_ref_5_smt,533,current,,smt,insert_only_build_25m,0,25000000,25000000,207001409645,8280,0-10%=5.384µs(n=2500000)|10-20%=6.748µs(n=2500000)|20-30%=7.342µs(n=2500000)|30-40%=7.815µs(n=2500000)|40-50%=8.731µs(n=2500000)|50-60%=8.695µs(n=2500000)|60-70%=8.95µs(n=2500000)|70-80%=9.219µs(n=2500000)|80-90%=10.146µs(n=2500000)|90-100%=9.764µs(n=2500000),13474.43,17129.6,302748748,450000928,147252877,302748051,0,0,0,0,0,0,0,0,0,0,0,0.0,0.0,0,0,0,0,9,insert_only_build,insert_only_build,False,False,True,False,False,False,False,False,,,0,25000000,25000000,25000000,25000000,,insert_only_build_25m,True,,25M
total_ref_5_smt.csv,total_ref_5_smt,534,current,,smt,prehashed_ordered_insert_only_10k,0,10000,10000,15170149,1517,0-10%=1.177µs(n=1000)|10-20%=1.32µs(n=1000)|20-30%=1.96µs(n=1000)|30-40%=1.424µs(n=1000)|40-50%=1.468µs(n=1000)|50-60%=1.234µs(n=1000)|60-70%=2.201µs(n=1000)|70-80%=1.445µs(n=1000)|80-90%=1.458µs(n=1000)|90-100%=1.478µs(n=1000),4.98,6.73,129461,180023,61280,118743,0,0,0,0,0,0,0,0,0,0,0,0.0,0.0,0,0,0,0,9,insert_only_build,prehashed_ordered_insert_only,True,True,True,False,False,False,False,False,,,0,10000,10000,10000,10000,,prehashed_ordered_insert_only_10k,True,,10K
total_ref_5_smt.csv,total_ref_5_smt,535,current,,smt,prehashed_ordered_insert_only_50k,0,50000,50000,79202019,1584,0-10%=1.442µs(n=5000)|10-20%=1.617µs(n=5000)|20-30%=1.669µs(n=5000)|30-40%=1.49µs(n=5000)|40-50%=1.879µs(n=5000)|50-60%=1.349µs(n=5000)|60-70%=1.752µs(n=5000)|70-80%=1.489µs(n=5000)|80-90%=1.523µs(n=5000)|90-100%=1.625µs(n=5000),27.93,33.57,641386,899989,259263,640726,0,0,0,0,0,0,0,0,0,0,0,0.0,0.0,0,0,0,0,9,insert_only_build,prehashed_ordered_insert_only,True,True,True,False,False,False,False,False,,,0,50000,50000,50000,50000,,prehashed_ordered_insert_only_50k,True,,50K
total_ref_5_smt.csv,total_ref_5_smt,536,current,,smt,prehashed_ordered_insert_only_100k,0,100000,100000,160100356,1601,0-10%=1.499µs(n=10000)|10-20%=1.553µs(n=10000)|20-30%=1.632µs(n=10000)|30-40%=1.692µs(n=10000)|40-50%=1.633µs(n=10000)|50-60%=1.398µs(n=10000)|60-70%=1.745µs(n=10000)|70-80%=1.579µs(n=10000)|80-90%=1.596µs(n=10000)|90-100%=1.68µs(n=10000),55.79,67.16,1278675,1799996,521980,1278016,0,0,0,0,0,0,0,0,0,0,0,0.0,0.0,0,0,0,0,9,insert_only_build,prehashed_ordered_insert_only,True,True,True,False,False,False,False,False,,,0,100000,100000,100000,100000,,prehashed_ordered_insert_only_100k,True,,100K
total_ref_5_smt.csv,total_ref_5_smt,537,current,,smt,prehashed_ordered_insert_only_200k,0,200000,200000,336092359,1680,0-10%=1.485µs(n=20000)|10-20%=1.632µs(n=20000)|20-30%=1.704µs(n=20000)|30-40%=1.617µs(n=20000)|40-50%=1.867µs(n=20000)|50-60%=1.492µs(n=20000)|60-70%=1.581µs(n=20000)|70-80%=1.705µs(n=20000)|80-90%=1.911µs(n=20000)|90-100%=1.807µs(n=20000),95.41,134.32,2426542,3600035,1374125,2225910,0,0,0,0,0,0,0,0,0,0,0,0.0,0.0,0,0,0,0,9,insert_only_build,prehashed_ordered_insert_only,True,True,True,False,False,False,False,False,,,0,200000,200000,200000,200000,,prehashed_ordered_insert_only_200k,True,,200K
total_ref_5_smt.csv,total_ref_5_smt,538,current,,smt,prehashed_ordered_insert_only_300k,0,300000,300000,505365717,1684,0-10%=1.52µs(n=30000)|10-20%=1.676µs(n=30000)|20-30%=1.641µs(n=30000)|30-40%=1.785µs(n=30000)|40-50%=1.754µs(n=30000)|50-60%=1.515µs(n=30000)|60-70%=1.86µs(n=30000)|70-80%=1.638µs(n=30000)|80-90%=1.679µs(n=30000)|90-100%=1.773µs(n=30000),152.85,201.45,3958557,5400041,1742123,3657918,0,0,0,0,0,0,0,0,0,0,0,0.0,0.0,0,0,0,0,9,insert_only_build,prehashed_ordered_insert_only,True,True,True,False,False,False,False,False,,,0,300000,300000,300000,300000,,prehashed_ordered_insert_only_300k,True,,300K
total_ref_5_smt.csv,total_ref_5_smt,539,current,,smt,prehashed_ordered_insert_only_500k,0,500000,500000,938787311,1877,0-10%=1.678µs(n=50000)|10-20%=1.703µs(n=50000)|20-30%=1.89µs(n=50000)|30-40%=1.881µs(n=50000)|40-50%=2.11µs(n=50000)|50-60%=1.671µs(n=50000)|60-70%=1.792µs(n=50000)|70-80%=1.833µs(n=50000)|80-90%=2.147µs(n=50000)|90-100%=2.065µs(n=50000),237.58,335.73,6034849,9000042,3465833,5534209,0,0,0,0,0,0,0,0,0,0,0,0.0,0.0,0,0,0,0,9,insert_only_build,prehashed_ordered_insert_only,True,True,True,False,False,False,False,False,,,0,500000,500000,500000,500000,,prehashed_ordered_insert_only_500k,True,,500K
total_ref_5_smt.csv,total_ref_5_smt,540,current,,smt,prehashed_ordered_insert_only_700k,0,700000,700000,1333712926,1905,0-10%=1.684µs(n=70000)|10-20%=1.734µs(n=70000)|20-30%=1.914µs(n=70000)|30-40%=1.87µs(n=70000)|40-50%=2.148µs(n=70000)|50-60%=1.743µs(n=70000)|60-70%=1.863µs(n=70000)|70-80%=2.144µs(n=70000)|80-90%=1.981µs(n=70000)|90-100%=1.967µs(n=70000),335.23,470.01,8534336,12600044,4766353,7833691,0,0,0,0,0,0,0,0,0,0,0,0.0,0.0,0,0,0,0,9,insert_only_build,prehashed_ordered_insert_only,True,True,True,False,False,False,False,False,,,0,700000,700000,700000,700000,,prehashed_ordered_insert_only_700k,True,,700K
total_ref_5_smt.csv,total_ref_5_smt,541,current,,smt,prehashed_ordered_insert_only_900k,0,900000,900000,1703098481,1892,0-10%=1.715µs(n=90000)|10-20%=1.7µs(n=90000)|20-30%=1.927µs(n=90000)|30-40%=1.885µs(n=90000)|40-50%=2.135µs(n=90000)|50-60%=1.712µs(n=90000)|60-70%=1.828µs(n=90000)|70-80%=1.997µs(n=90000)|80-90%=2.058µs(n=90000)|90-100%=1.963µs(n=90000),430.3,604.28,10949266,16200043,6151429,10048614,0,0,0,0,0,0,0,0,0,0,0,0.0,0.0,0,0,0,0,9,insert_only_build,prehashed_ordered_insert_only,True,True,True,False,False,False,False,False,,,0,900000,900000,900000,900000,,prehashed_ordered_insert_only_900k,True,,900K
total_ref_5_smt.csv,total_ref_5_smt,542,current,,smt,prehashed_ordered_insert_only_1m,0,1000000,1000000,1902108297,1902,0-10%=1.707µs(n=100000)|10-20%=1.758µs(n=100000)|20-30%=1.926µs(n=100000)|30-40%=1.886µs(n=100000)|40-50%=2.139µs(n=100000)|50-60%=1.716µs(n=100000)|60-70%=1.886µs(n=100000)|70-80%=2.042µs(n=100000)|80-90%=1.979µs(n=100000)|90-100%=1.977µs(n=100000),478.95,671.43,12193421,18000045,6807281,11192764,0,0,0,0,0,0,0,0,0,0,0,0.0,0.0,0,0,0,0,9,insert_only_build,prehashed_ordered_insert_only,True,True,True,False,False,False,False,False,,,0,1000000,1000000,1000000,1000000,,prehashed_ordered_insert_only_1m,True,,1M
total_ref_5_smt.csv,total_ref_5_smt,543,current,,smt,prehashed_ordered_insert_only_2m,0,2000000,2000000,3875054298,1937,0-10%=1.731µs(n=200000)|10-20%=1.797µs(n=200000)|20-30%=1.972µs(n=200000)|30-40%=1.932µs(n=200000)|40-50%=2.192µs(n=200000)|50-60%=1.759µs(n=200000)|60-70%=1.886µs(n=200000)|70-80%=2.158µs(n=200000)|80-90%=1.914µs(n=200000)|90-100%=2.031µs(n=200000),982.5,1342.88,25191976,36000055,12808740,23191315,0,0,0,0,0,0,0,0,0,0,0,0.0,0.0,0,0,0,0,9,insert_only_build,prehashed_ordered_insert_only,True,True,True,False,False,False,False,False,,,0,2000000,2000000,2000000,2000000,,prehashed_ordered_insert_only_2m,True,,2M
total_ref_5_smt.csv,total_ref_5_smt,544,current,,smt,prehashed_ordered_insert_only_5m,0,5000000,5000000,10178298322,2035,0-10%=1.821µs(n=500000)|10-20%=1.865µs(n=500000)|20-30%=2.098µs(n=500000)|30-40%=2µs(n=500000)|40-50%=2.308µs(n=500000)|50-60%=1.875µs(n=500000)|60-70%=1.955µs(n=500000)|70-80%=2.226µs(n=500000)|80-90%=2.102µs(n=500000)|90-100%=2.101µs(n=500000),2398.75,3357.29,61093144,90000079,33907603,56092476,0,0,0,0,0,0,0,0,0,0,0,0.0,0.0,0,0,0,0,9,insert_only_build,prehashed_ordered_insert_only,True,True,True,False,False,False,False,False,,,0,5000000,5000000,5000000,5000000,,prehashed_ordered_insert_only_5m,True,,5M
total_ref_5_smt.csv,total_ref_5_smt,545,current,,smt,prehashed_ordered_insert_only_10m,0,10000000,10000000,20909643311,2090,0-10%=1.857µs(n=1000000)|10-20%=1.964µs(n=1000000)|20-30%=2.142µs(n=1000000)|30-40%=2.052µs(n=1000000)|40-50%=2.377µs(n=1000000)|50-60%=1.88µs(n=1000000)|60-70%=1.988µs(n=1000000)|70-80%=2.266µs(n=1000000)|80-90%=2.179µs(n=1000000)|90-100%=2.198µs(n=1000000),4788.6,6714.54,121894798,180000118,68105994,111894124,0,0,0,0,0,0,0,0,0,0,0,0.0,0.0,0,0,0,0,9,insert_only_build,prehashed_ordered_insert_only,True,True,True,False,False,False,False,False,,,0,10000000,10000000,10000000,10000000,,prehashed_ordered_insert_only_10m,True,,10M
total_ref_5_smt.csv,total_ref_5_smt,546,current,,smt,prehashed_ordered_insert_only_25m,0,25000000,25000000,56540599597,2261,0-10%=1.935µs(n=2500000)|10-20%=2.03µs(n=2500000)|20-30%=2.204µs(n=2500000)|30-40%=2.103µs(n=2500000)|40-50%=2.414µs(n=2500000)|50-60%=1.975µs(n=2500000)|60-70%=2.265µs(n=2500000)|70-80%=2.7µs(n=2500000)|80-90%=2.369µs(n=2500000)|90-100%=2.617µs(n=2500000),12151.75,16786.17,310646212,450000219,164354687,285645532,0,0,0,0,0,0,0,0,0,0,0,0.0,0.0,0,0,0,0,9,insert_only_build,prehashed_ordered_insert_only,True,True,True,False,False,False,False,False,,,0,25000000,25000000,25000000,25000000,,prehashed_ordered_insert_only_25m,True,,25M
total_ref_5_smt.csv,total_ref_5_smt,547,current,,smt,proof_only_after_10k_build_sample_5pct,10000,10000,0,0,0,,0.0,0.0,0,0,0,0,543675,1087,630,2941,0,0,0,0,0,0,0,0.0,0.0,0,0,0,0,9,proof_only_after_build,proof_only_after_build,False,False,False,True,False,False,False,False,5.0,5.0,10000,0,10000,10000,10000,,proof_only_after_10k_build_sample_5pct,True,,10K
total_ref_5_smt.csv,total_ref_5_smt,548,current,,smt,proof_only_after_50k_build_sample_5pct,50000,50000,0,0,0,,0.0,0.0,0,0,0,0,3971157,1588,721,3515,0,0,0,0,0,0,0,0.0,0.0,0,0,0,0,9,proof_only_after_build,proof_only_after_build,False,False,False,True,False,False,False,False,5.0,5.0,50000,0,50000,50000,50000,,proof_only_after_50k_build_sample_5pct,True,,50K
total_ref_5_smt.csv,total_ref_5_smt,549,current,,smt,proof_only_after_100k_build_sample_5pct,100000,100000,0,0,0,,0.0,0.0,0,0,0,0,10064296,2012,759,4136,0,0,0,0,0,0,0,0.0,0.0,0,0,0,0,9,proof_only_after_build,proof_only_after_build,False,False,False,True,False,False,False,False,5.0,5.0,100000,0,100000,100000,100000,,proof_only_after_100k_build_sample_5pct,True,,100K
total_ref_5_smt.csv,total_ref_5_smt,550,current,,smt,proof_only_after_200k_build_sample_5pct,200000,200000,0,0,0,,0.0,0.0,0,0,0,0,25182438,2518,796,4762,0,0,0,0,0,0,0,0.0,0.0,0,0,0,0,9,proof_only_after_build,proof_only_after_build,False,False,False,True,False,False,False,False,5.0,5.0,200000,0,200000,200000,200000,,proof_only_after_200k_build_sample_5pct,True,,200K
total_ref_5_smt.csv,total_ref_5_smt,551,current,,smt,proof_only_after_300k_build_sample_5pct,300000,300000,0,0,0,,0.0,0.0,0,0,0,0,52852598,3523,819,5293,0,0,0,0,0,0,0,0.0,0.0,0,0,0,0,9,proof_only_after_build,proof_only_after_build,False,False,False,True,False,False,False,False,5.0,5.0,300000,0,300000,300000,300000,,proof_only_after_300k_build_sample_5pct,True,,300K
total_ref_5_smt.csv,total_ref_5_smt,552,current,,smt,proof_only_after_500k_build_sample_5pct,500000,500000,0,0,0,,0.0,0.0,0,0,0,0,91373539,3654,847,5282,0,0,0,0,0,0,0,0.0,0.0,0,0,0,0,9,proof_only_after_build,proof_only_after_build,False,False,False,True,False,False,False,False,5.0,5.0,500000,0,500000,500000,500000,,proof_only_after_500k_build_sample_5pct,True,,500K
total_ref_5_smt.csv,total_ref_5_smt,553,current,,smt,proof_only_after_700k_build_sample_5pct,700000,700000,0,0,0,,0.0,0.0,0,0,0,0,126288249,3608,865,5328,0,0,0,0,0,0,0,0.0,0.0,0,0,0,0,9,proof_only_after_build,proof_only_after_build,False,False,False,True,False,False,False,False,5.0,5.0,700000,0,700000,700000,700000,,proof_only_after_700k_build_sample_5pct,True,,700K
total_ref_5_smt.csv,total_ref_5_smt,554,current,,smt,proof_only_after_900k_build_sample_5pct,900000,900000,0,0,0,,0.0,0.0,0,0,0,0,177771677,3950,878,5487,0,0,0,0,0,0,0,0.0,0.0,0,0,0,0,9,proof_only_after_build,proof_only_after_build,False,False,False,True,False,False,False,False,5.0,5.0,900000,0,900000,900000,900000,,proof_only_after_900k_build_sample_5pct,True,,900K
total_ref_5_smt.csv,total_ref_5_smt,555,current,,smt,proof_only_after_1m_build_sample_5pct,1000000,1000000,0,0,0,,0.0,0.0,0,0,0,0,189410406,3788,884,5431,0,0,0,0,0,0,0,0.0,0.0,0,0,0,0,9,proof_only_after_build,proof_only_after_build,False,False,False,True,False,False,False,False,5.0,5.0,1000000,0,1000000,1000000,1000000,,proof_only_after_1m_build_sample_5pct,True,,1M
total_ref_5_smt.csv,total_ref_5_smt,556,current,,smt,proof_only_after_2m_build_sample_3pct,2000000,2000000,0,0,0,,0.0,0.0,0,0,0,0,254647960,4244,922,5880,0,0,0,0,0,0,0,0.0,0.0,0,0,0,0,9,proof_only_after_build,proof_only_after_build,False,False,False,True,False,False,False,False,3.0,3.0,2000000,0,2000000,2000000,2000000,,proof_only_after_2m_build_sample_3pct,True,,2M
total_ref_5_smt.csv,total_ref_5_smt,557,current,,smt,proof_only_after_5m_build_sample_3pct,5000000,5000000,0,0,0,,0.0,0.0,0,0,0,0,718318566,4788,973,6313,0,0,0,0,0,0,0,0.0,0.0,0,0,0,0,9,proof_only_after_build,proof_only_after_build,False,False,False,True,False,False,False,False,3.0,3.0,5000000,0,5000000,5000000,5000000,,proof_only_after_5m_build_sample_3pct,True,,5M
total_ref_5_smt.csv,total_ref_5_smt,558,current,,smt,proof_only_after_10m_build_sample_2pct,10000000,10000000,0,0,0,,0.0,0.0,0,0,0,0,1047990282,5239,1011,7601,0,0,0,0,0,0,0,0.0,0.0,0,0,0,0,9,proof_only_after_build,proof_only_after_build,False,False,False,True,False,False,False,False,2.0,2.0,10000000,0,10000000,10000000,10000000,,proof_only_after_10m_build_sample_2pct,True,,10M
total_ref_5_smt.csv,total_ref_5_smt,559,current,,smt,proof_only_after_25m_build_sample_2pct,25000000,25000000,0,0,0,,0.0,0.0,0,0,0,0,4725441414,9450,1061,8739,0,0,0,0,0,0,0,0.0,0.0,0,0,0,0,9,proof_only_after_build,proof_only_after_build,False,False,False,True,False,False,False,False,2.0,2.0,25000000,0,25000000,25000000,25000000,,proof_only_after_25m_build_sample_2pct,True,,25M
total_ref_5_smt.csv,total_ref_5_smt,560,current,,smt,build_10k_then_add_2k_new,10000,12000,2000,4836842,2418,0-10%=3.139µs(n=200)|10-20%=2.42µs(n=200)|20-30%=2.321µs(n=200)|30-40%=2.396µs(n=200)|40-50%=2.34µs(n=200)|50-60%=2.237µs(n=200)|60-70%=2.274µs(n=200)|70-80%=2.356µs(n=200)|80-90%=2.219µs(n=200)|90-100%=2.476µs(n=200),1.39,1.39,144224,36038,2552,33486,0,0,0,0,0,0,0,0,0,0,0,0.0,0.0,0,0,0,0,9,build_then_add_new,build_then_add_new,False,False,False,False,False,True,True,False,,,10000,2000,12000,10000,10000,2000,build_10k_then_add_2k_new,True,,10K
total_ref_5_smt.csv,total_ref_5_smt,561,current,,smt,build_50k_then_add_10k_new,50000,60000,10000,32851503,3285,0-10%=3.844µs(n=1000)|10-20%=3.328µs(n=1000)|20-30%=3.413µs(n=1000)|30-40%=3.241µs(n=1000)|40-50%=3.316µs(n=1000)|50-60%=3.315µs(n=1000)|60-70%=3.17µs(n=1000)|70-80%=3.126µs(n=1000)|80-90%=3.115µs(n=1000)|90-100%=2.978µs(n=1000),6.87,6.87,718030,180038,12753,167285,0,0,0,0,0,0,0,0,0,0,0,0.0,0.0,0,0,0,0,9,build_then_add_new,build_then_add_new,False,False,False,False,False,True,True,False,,,50000,10000,60000,50000,50000,10000,build_50k_then_add_10k_new,True,,50K
total_ref_5_smt.csv,total_ref_5_smt,562,current,,smt,build_100k_then_add_20k_new,100000,120000,20000,75261471,3763,0-10%=4.242µs(n=2000)|10-20%=3.949µs(n=2000)|20-30%=3.957µs(n=2000)|30-40%=3.845µs(n=2000)|40-50%=3.621µs(n=2000)|50-60%=3.572µs(n=2000)|60-70%=3.537µs(n=2000)|70-80%=3.707µs(n=2000)|80-90%=3.585µs(n=2000)|90-100%=3.61µs(n=2000),13.72,13.72,1435292,360038,25495,334543,0,0,0,0,0,0,0,0,0,0,0,0.0,0.0,0,0,0,0,9,build_then_add_new,build_then_add_new,False,False,False,False,False,True,True,False,,,100000,20000,120000,100000,100000,20000,build_100k_then_add_20k_new,True,,100K
total_ref_5_smt.csv,total_ref_5_smt,563,current,,smt,build_200k_then_add_40k_new,200000,240000,40000,183229264,4580,0-10%=5.691µs(n=4000)|10-20%=5.079µs(n=4000)|20-30%=4.86µs(n=4000)|30-40%=4.684µs(n=4000)|40-50%=4.603µs(n=4000)|50-60%=4.435µs(n=4000)|60-70%=4.212µs(n=4000)|70-80%=4.077µs(n=4000)|80-90%=4.085µs(n=4000)|90-100%=4.075µs(n=4000),27.43,27.43,2869758,720045,51049,668996,0,0,0,0,0,0,0,0,0,0,0,0.0,0.0,0,0,0,0,9,build_then_add_new,build_then_add_new,False,False,False,False,False,True,True,False,,,200000,40000,240000,200000,200000,40000,build_200k_then_add_40k_new,True,,200K
total_ref_5_smt.csv,total_ref_5_smt,564,current,,smt,build_300k_then_add_60k_new,300000,360000,60000,278350318,4639,0-10%=5.625µs(n=6000)|10-20%=5.116µs(n=6000)|20-30%=5.044µs(n=6000)|30-40%=4.656µs(n=6000)|40-50%=4.424µs(n=6000)|50-60%=4.271µs(n=6000)|60-70%=4.242µs(n=6000)|70-80%=4.305µs(n=6000)|80-90%=4.363µs(n=6000)|90-100%=4.339µs(n=6000),41.13,41.13,4304226,1080047,76595,1003452,0,0,0,0,0,0,0,0,0,0,0,0.0,0.0,0,0,0,0,9,build_then_add_new,build_then_add_new,False,False,False,False,False,True,True,False,,,300000,60000,360000,300000,300000,60000,build_300k_then_add_60k_new,True,,300K
total_ref_5_smt.csv,total_ref_5_smt,565,current,,smt,build_500k_then_add_100k_new,500000,600000,100000,529046012,5290,0-10%=6.907µs(n=10000)|10-20%=5.998µs(n=10000)|20-30%=5.672µs(n=10000)|30-40%=5.194µs(n=10000)|40-50%=4.931µs(n=10000)|50-60%=4.893µs(n=10000)|60-70%=4.824µs(n=10000)|70-80%=4.874µs(n=10000)|80-90%=4.817µs(n=10000)|90-100%=4.789µs(n=10000),68.51,68.51,7172708,1800050,128125,1671925,0,0,0,0,0,0,0,0,0,0,0,0.0,0.0,0,0,0,0,9,build_then_add_new,build_then_add_new,False,False,False,False,False,True,True,False,,,500000,100000,600000,500000,500000,100000,build_500k_then_add_100k_new,True,,500K
total_ref_5_smt.csv,total_ref_5_smt,566,current,,smt,build_700k_then_add_140k_new,700000,840000,140000,809679373,5783,0-10%=6.448µs(n=14000)|10-20%=5.908µs(n=14000)|20-30%=5.686µs(n=14000)|30-40%=5.565µs(n=14000)|40-50%=5.542µs(n=14000)|50-60%=6.317µs(n=14000)|60-70%=5.82µs(n=14000)|70-80%=5.747µs(n=14000)|80-90%=5.433µs(n=14000)|90-100%=5.363µs(n=14000),95.95,95.95,10041999,2520053,178844,2341209,0,0,0,0,0,0,0,0,0,0,0,0.0,0.0,0,0,0,0,9,build_then_add_new,build_then_add_new,False,False,False,False,False,True,True,False,,,700000,140000,840000,700000,700000,140000,build_700k_then_add_140k_new,True,,700K
total_ref_5_smt.csv,total_ref_5_smt,567,current,,smt,build_900k_then_add_180k_new,900000,1080000,180000,1049436221,5830,0-10%=6.792µs(n=18000)|10-20%=6.255µs(n=18000)|20-30%=6.142µs(n=18000)|30-40%=6.028µs(n=18000)|40-50%=5.861µs(n=18000)|50-60%=5.497µs(n=18000)|60-70%=5.448µs(n=18000)|70-80%=5.492µs(n=18000)|80-90%=5.432µs(n=18000)|90-100%=5.35µs(n=18000),123.33,123.33,12910646,3240053,230207,3009846,0,0,0,0,0,0,0,0,0,0,0,0.0,0.0,0,0,0,0,9,build_then_add_new,build_then_add_new,False,False,False,False,False,True,True,False,,,900000,180000,1080000,900000,900000,180000,build_900k_then_add_180k_new,True,,900K
total_ref_5_smt.csv,total_ref_5_smt,568,current,,smt,build_1m_then_add_200k_new,1000000,1200000,200000,1200802765,6004,0-10%=6.89µs(n=20000)|10-20%=6.272µs(n=20000)|20-30%=6.095µs(n=20000)|30-40%=6.006µs(n=20000)|40-50%=5.918µs(n=20000)|50-60%=5.939µs(n=20000)|60-70%=5.615µs(n=20000)|70-80%=6.144µs(n=20000)|80-90%=5.584µs(n=20000)|90-100%=5.571µs(n=20000),137.04,137.04,14345263,3600053,255593,3344460,0,0,0,0,0,0,0,0,0,0,0,0.0,0.0,0,0,0,0,9,build_then_add_new,build_then_add_new,False,False,False,False,False,True,True,False,,,1000000,200000,1200000,1000000,1000000,200000,build_1m_then_add_200k_new,True,,1M
total_ref_5_smt.csv,total_ref_5_smt,569,current,,smt,build_2m_then_add_400k_new,2000000,2400000,400000,2620367176,6550,0-10%=7.072µs(n=40000)|10-20%=6.864µs(n=40000)|20-30%=6.605µs(n=40000)|30-40%=6.446µs(n=40000)|40-50%=6.48µs(n=40000)|50-60%=6.569µs(n=40000)|60-70%=6.531µs(n=40000)|70-80%=6.458µs(n=40000)|80-90%=6.291µs(n=40000)|90-100%=6.189µs(n=40000),274.08,274.08,28689575,7200062,511238,6688824,0,0,0,0,0,0,0,0,0,0,0,0.0,0.0,0,0,0,0,9,build_then_add_new,build_then_add_new,False,False,False,False,False,True,True,False,,,2000000,400000,2400000,2000000,2000000,400000,build_2m_then_add_400k_new,True,,2M
total_ref_5_smt.csv,total_ref_5_smt,570,current,,smt,build_5m_then_add_1m_new,5000000,6000000,1000000,7408746454,7408,0-10%=7.909µs(n=100000)|10-20%=7.613µs(n=100000)|20-30%=7.56µs(n=100000)|30-40%=7.452µs(n=100000)|40-50%=7.489µs(n=100000)|50-60%=7.432µs(n=100000)|60-70%=7.321µs(n=100000)|70-80%=7.066µs(n=100000)|80-90%=7.134µs(n=100000)|90-100%=7.105µs(n=100000),685.2,685.2,71722952,18000082,1277893,16722189,0,0,0,0,0,0,0,0,0,0,0,0.0,0.0,0,0,0,0,9,build_then_add_new,build_then_add_new,False,False,False,False,False,True,True,False,,,5000000,1000000,6000000,5000000,5000000,1000000,build_5m_then_add_1m_new,True,,5M
total_ref_5_smt.csv,total_ref_5_smt,571,current,,smt,build_10m_then_add_2m_new,10000000,12000000,2000000,16778169513,8389,0-10%=8.668µs(n=200000)|10-20%=8.489µs(n=200000)|20-30%=8.459µs(n=200000)|30-40%=8.415µs(n=200000)|40-50%=8.304µs(n=200000)|50-60%=8.305µs(n=200000)|60-70%=8.506µs(n=200000)|70-80%=8.362µs(n=200000)|80-90%=8.118µs(n=200000)|90-100%=8.261µs(n=200000),1370.36,1370.36,143443486,36000122,2557405,33442717,0,0,0,0,0,0,0,0,0,0,0,0.0,0.0,0,0,0,0,9,build_then_add_new,build_then_add_new,False,False,False,False,False,True,True,False,,,10000000,2000000,12000000,10000000,10000000,2000000,build_10m_then_add_2m_new,True,,10M
total_ref_5_smt.csv,total_ref_5_smt,572,current,,smt,build_25m_then_add_5m_new,25000000,30000000,5000000,51375622317,10275,0-10%=10.447µs(n=500000)|10-20%=10.339µs(n=500000)|20-30%=10.356µs(n=500000)|30-40%=10.267µs(n=500000)|40-50%=10.262µs(n=500000)|50-60%=10.192µs(n=500000)|60-70%=10.133µs(n=500000)|70-80%=10.398µs(n=500000)|80-90%=10.134µs(n=500000)|90-100%=10.218µs(n=500000),3426.29,3426.29,358607631,90000280,6393419,83606861,0,0,0,0,0,0,0,0,0,0,0,0.0,0.0,0,0,0,0,9,build_then_add_new,build_then_add_new,False,False,False,False,False,True,True,False,,,25000000,5000000,30000000,25000000,25000000,5000000,build_25m_then_add_5m_new,True,,25M
total_ref_5_smt.csv,total_ref_5_smt,573,current,,smt,build_10k_then_reinsert_2k_existing,10000,10000,2000,4740050,2370,0-10%=3.053µs(n=200)|10-20%=2.414µs(n=200)|20-30%=2.279µs(n=200)|30-40%=2.323µs(n=200)|40-50%=2.466µs(n=200)|50-60%=2.387µs(n=200)|60-70%=2.214µs(n=200)|70-80%=2.211µs(n=200)|80-90%=2.24µs(n=200)|90-100%=2.104µs(n=200),0.27,0.27,119826,10038,1001,9037,0,0,0,0,0,0,0,0,0,0,0,0.0,0.0,0,0,0,0,9,build_then_reinsert_existing,build_then_reinsert_existing,False,False,False,False,False,False,False,True,,,10000,2000,10000,10000,10000,2000,build_10k_then_reinsert_2k_existing,True,,10K
total_ref_5_smt.csv,total_ref_5_smt,574,current,,smt,build_50k_then_reinsert_10k_existing,50000,50000,10000,28481416,2848,0-10%=3.177µs(n=1000)|10-20%=2.989µs(n=1000)|20-30%=2.81µs(n=1000)|30-40%=2.909µs(n=1000)|40-50%=2.748µs(n=1000)|50-60%=2.908µs(n=1000)|60-70%=2.713µs(n=1000)|70-80%=2.747µs(n=1000)|80-90%=2.787µs(n=1000)|90-100%=2.688µs(n=1000),1.31,1.31,595832,50038,5001,45037,0,0,0,0,0,0,0,0,0,0,0,0.0,0.0,0,0,0,0,9,build_then_reinsert_existing,build_then_reinsert_existing,False,False,False,False,False,False,False,True,,,50000,10000,50000,50000,50000,10000,build_50k_then_reinsert_10k_existing,True,,50K
total_ref_5_smt.csv,total_ref_5_smt,575,current,,smt,build_100k_then_reinsert_20k_existing,100000,100000,20000,75702620,3785,0-10%=4.724µs(n=2000)|10-20%=4.055µs(n=2000)|20-30%=3.942µs(n=2000)|30-40%=3.796µs(n=2000)|40-50%=3.835µs(n=2000)|50-60%=3.677µs(n=2000)|60-70%=3.571µs(n=2000)|70-80%=3.461µs(n=2000)|80-90%=3.415µs(n=2000)|90-100%=3.369µs(n=2000),2.61,2.61,1190839,100038,10001,90037,0,0,0,0,0,0,0,0,0,0,0,0.0,0.0,0,0,0,0,9,build_then_reinsert_existing,build_then_reinsert_existing,False,False,False,False,False,False,False,True,,,100000,20000,100000,100000,100000,20000,build_100k_then_reinsert_20k_existing,True,,100K
total_ref_5_smt.csv,total_ref_5_smt,576,current,,smt,build_200k_then_reinsert_40k_existing,200000,200000,40000,164460728,4111,0-10%=4.864µs(n=4000)|10-20%=4.33µs(n=4000)|20-30%=4.144µs(n=4000)|30-40%=4.058µs(n=4000)|40-50%=4.064µs(n=4000)|50-60%=4.056µs(n=4000)|60-70%=3.956µs(n=4000)|70-80%=3.925µs(n=4000)|80-90%=3.878µs(n=4000)|90-100%=3.835µs(n=4000),5.22,5.22,2380856,200045,20001,180044,0,0,0,0,0,0,0,0,0,0,0,0.0,0.0,0,0,0,0,9,build_then_reinsert_existing,build_then_reinsert_existing,False,False,False,False,False,False,False,True,,,200000,40000,200000,200000,200000,40000,build_200k_then_reinsert_40k_existing,True,,200K
total_ref_5_smt.csv,total_ref_5_smt,577,current,,smt,build_300k_then_reinsert_60k_existing,300000,300000,60000,262532360,4375,0-10%=5.274µs(n=6000)|10-20%=4.723µs(n=6000)|20-30%=4.504µs(n=6000)|30-40%=4.364µs(n=6000)|40-50%=4.268µs(n=6000)|50-60%=4.229µs(n=6000)|60-70%=4.15µs(n=6000)|70-80%=4.079µs(n=6000)|80-90%=4.086µs(n=6000)|90-100%=4.075µs(n=6000),7.81,7.81,3570871,300039,30001,270038,0,0,0,0,0,0,0,0,0,0,0,0.0,0.0,0,0,0,0,9,build_then_reinsert_existing,build_then_reinsert_existing,False,False,False,False,False,False,False,True,,,300000,60000,300000,300000,300000,60000,build_300k_then_reinsert_60k_existing,True,,300K
total_ref_5_smt.csv,total_ref_5_smt,578,current,,smt,build_500k_then_reinsert_100k_existing,500000,500000,100000,467173512,4671,0-10%=5.661µs(n=10000)|10-20%=4.947µs(n=10000)|20-30%=4.762µs(n=10000)|30-40%=4.689µs(n=10000)|40-50%=4.582µs(n=10000)|50-60%=4.511µs(n=10000)|60-70%=4.513µs(n=10000)|70-80%=4.36µs(n=10000)|80-90%=4.344µs(n=10000)|90-100%=4.343µs(n=10000),13.01,13.01,5950885,500050,50001,450049,0,0,0,0,0,0,0,0,0,0,0,0.0,0.0,0,0,0,0,9,build_then_reinsert_existing,build_then_reinsert_existing,False,False,False,False,False,False,False,True,,,500000,100000,500000,500000,500000,100000,build_500k_then_reinsert_100k_existing,True,,500K
total_ref_5_smt.csv,total_ref_5_smt,579,current,,smt,build_700k_then_reinsert_140k_existing,700000,700000,140000,701936404,5013,0-10%=5.863µs(n=14000)|10-20%=5.123µs(n=14000)|20-30%=5.002µs(n=14000)|30-40%=4.939µs(n=14000)|40-50%=4.869µs(n=14000)|50-60%=4.838µs(n=14000)|60-70%=4.872µs(n=14000)|70-80%=4.833µs(n=14000)|80-90%=4.844µs(n=14000)|90-100%=4.951µs(n=14000),18.2,18.2,8330896,700052,70001,630051,0,0,0,0,0,0,0,0,0,0,0,0.0,0.0,0,0,0,0,9,build_then_reinsert_existing,build_then_reinsert_existing,False,False,False,False,False,False,False,True,,,700000,140000,700000,700000,700000,140000,build_700k_then_reinsert_140k_existing,True,,700K
total_ref_5_smt.csv,total_ref_5_smt,580,current,,smt,build_900k_then_reinsert_180k_existing,900000,900000,180000,963140973,5350,0-10%=6.144µs(n=18000)|10-20%=5.481µs(n=18000)|20-30%=5.3µs(n=18000)|30-40%=5.225µs(n=18000)|40-50%=5.633µs(n=18000)|50-60%=5.305µs(n=18000)|60-70%=5.24µs(n=18000)|70-80%=5.154µs(n=18000)|80-90%=5.054µs(n=18000)|90-100%=4.969µs(n=18000),23.4,23.4,10710842,900053,90001,810052,0,0,0,0,0,0,0,0,0,0,0,0.0,0.0,0,0,0,0,9,build_then_reinsert_existing,build_then_reinsert_existing,False,False,False,False,False,False,False,True,,,900000,180000,900000,900000,900000,180000,build_900k_then_reinsert_180k_existing,True,,900K
total_ref_5_smt.csv,total_ref_5_smt,581,current,,smt,build_1m_then_reinsert_200k_existing,1000000,1000000,200000,1078220640,5391,0-10%=5.966µs(n=20000)|10-20%=5.774µs(n=20000)|20-30%=5.456µs(n=20000)|30-40%=5.313µs(n=20000)|40-50%=5.25µs(n=20000)|50-60%=5.213µs(n=20000)|60-70%=5.37µs(n=20000)|70-80%=5.296µs(n=20000)|80-90%=5.164µs(n=20000)|90-100%=5.103µs(n=20000),25.99,25.99,11900851,1000053,100001,900052,0,0,0,0,0,0,0,0,0,0,0,0.0,0.0,0,0,0,0,9,build_then_reinsert_existing,build_then_reinsert_existing,False,False,False,False,False,False,False,True,,,1000000,200000,1000000,1000000,1000000,200000,build_1m_then_reinsert_200k_existing,True,,1M
total_ref_5_smt.csv,total_ref_5_smt,582,current,,smt,build_2m_then_reinsert_400k_existing,2000000,2000000,400000,2390237705,5975,0-10%=6.379µs(n=40000)|10-20%=5.96µs(n=40000)|20-30%=5.843µs(n=40000)|30-40%=5.848µs(n=40000)|40-50%=6.047µs(n=40000)|50-60%=6.179µs(n=40000)|60-70%=6.026µs(n=40000)|70-80%=5.812µs(n=40000)|80-90%=5.793µs(n=40000)|90-100%=5.865µs(n=40000),51.97,51.97,23800863,2000060,200001,1800059,0,0,0,0,0,0,0,0,0,0,0,0.0,0.0,0,0,0,0,9,build_then_reinsert_existing,build_then_reinsert_existing,False,False,False,False,False,False,False,True,,,2000000,400000,2000000,2000000,2000000,400000,build_2m_then_reinsert_400k_existing,True,,2M
total_ref_5_smt.csv,total_ref_5_smt,583,current,,smt,build_5m_then_reinsert_1m_existing,5000000,5000000,1000000,6961989182,6961,0-10%=7.135µs(n=100000)|10-20%=6.957µs(n=100000)|20-30%=6.945µs(n=100000)|30-40%=6.932µs(n=100000)|40-50%=6.836µs(n=100000)|50-60%=6.929µs(n=100000)|60-70%=6.945µs(n=100000)|70-80%=6.973µs(n=100000)|80-90%=6.912µs(n=100000)|90-100%=7.05µs(n=100000),129.95,129.95,59500893,5000080,500001,4500079,0,0,0,0,0,0,0,0,0,0,0,0.0,0.0,0,0,0,0,9,build_then_reinsert_existing,build_then_reinsert_existing,False,False,False,False,False,False,False,True,,,5000000,1000000,5000000,5000000,5000000,1000000,build_5m_then_reinsert_1m_existing,True,,5M
total_ref_5_smt.csv,total_ref_5_smt,584,current,,smt,build_10m_then_reinsert_2m_existing,10000000,10000000,2000000,15535158533,7767,0-10%=7.977µs(n=200000)|10-20%=7.851µs(n=200000)|20-30%=7.802µs(n=200000)|30-40%=7.744µs(n=200000)|40-50%=7.753µs(n=200000)|50-60%=7.717µs(n=200000)|60-70%=7.807µs(n=200000)|70-80%=7.654µs(n=200000)|80-90%=7.671µs(n=200000)|90-100%=7.695µs(n=200000),259.91,259.91,119000940,10000107,1000001,9000106,0,0,0,0,0,0,0,0,0,0,0,0.0,0.0,0,0,0,0,9,build_then_reinsert_existing,build_then_reinsert_existing,False,False,False,False,False,False,False,True,,,10000000,2000000,10000000,10000000,10000000,2000000,build_10m_then_reinsert_2m_existing,True,,10M
total_ref_5_smt.csv,total_ref_5_smt,585,current,,smt,build_25m_then_reinsert_5m_existing,25000000,25000000,5000000,46723404795,9344,0-10%=9.586µs(n=500000)|10-20%=9.471µs(n=500000)|20-30%=9.303µs(n=500000)|30-40%=9.331µs(n=500000)|40-50%=9.399µs(n=500000)|50-60%=9.267µs(n=500000)|60-70%=9.41µs(n=500000)|70-80%=9.277µs(n=500000)|80-90%=9.162µs(n=500000)|90-100%=9.237µs(n=500000),650.13,650.13,297501077,25000249,2500000,22500249,0,0,0,0,0,0,0,0,0,0,0,0.0,0.0,0,0,0,0,9,build_then_reinsert_existing,build_then_reinsert_existing,False,False,False,False,False,False,False,True,,,25000000,5000000,25000000,25000000,25000000,5000000,build_25m_then_reinsert_5m_existing,True,,25M
total_ref_5_smt.csv,total_ref_5_smt,586,current,,smt,insert_only_build_10k,0,10000,10000,26813493,2681,0-10%=2.157µs(n=1000)|10-20%=2.022µs(n=1000)|20-30%=2.302µs(n=1000)|30-40%=2.92µs(n=1000)|40-50%=2.24µs(n=1000)|50-60%=2.326µs(n=1000)|60-70%=2.416µs(n=1000)|70-80%=3.761µs(n=1000)|80-90%=3.332µs(n=1000)|90-100%=3.33µs(n=1000),5.54,6.88,126368,180033,54219,125814,0,0,0,0,0,0,0,0,0,0,0,0.0,0.0,0,0,0,0,10,insert_only_build,insert_only_build,False,False,True,False,False,False,False,False,,,0,10000,10000,10000,10000,,insert_only_build_10k,True,,10K
total_ref_5_smt.csv,total_ref_5_smt,587,current,,smt,insert_only_build_50k,0,50000,50000,135344065,2706,0-10%=2.151µs(n=5000)|10-20%=2.442µs(n=5000)|20-30%=2.7µs(n=5000)|30-40%=2.545µs(n=5000)|40-50%=2.524µs(n=5000)|50-60%=2.879µs(n=5000)|60-70%=2.759µs(n=5000)|70-80%=2.833µs(n=5000)|80-90%=2.923µs(n=5000)|90-100%=3.308µs(n=5000),25.56,34.3,561403,900066,339212,560854,0,0,0,0,0,0,0,0,0,0,0,0.0,0.0,0,0,0,0,10,insert_only_build,insert_only_build,False,False,True,False,False,False,False,False,,,0,50000,50000,50000,50000,,insert_only_build_50k,True,,50K
total_ref_5_smt.csv,total_ref_5_smt,588,current,,smt,insert_only_build_100k,0,100000,100000,287129802,2871,0-10%=2.238µs(n=10000)|10-20%=2.502µs(n=10000)|20-30%=2.768µs(n=10000)|30-40%=2.761µs(n=10000)|40-50%=2.896µs(n=10000)|50-60%=3.015µs(n=10000)|60-70%=2.913µs(n=10000)|70-80%=2.999µs(n=10000)|80-90%=3.28µs(n=10000)|90-100%=3.336µs(n=10000),52.34,68.52,1163160,1800032,637465,1162567,0,0,0,0,0,0,0,0,0,0,0,0.0,0.0,0,0,0,0,10,insert_only_build,insert_only_build,False,False,True,False,False,False,False,False,,,0,100000,100000,100000,100000,,insert_only_build_100k,True,,100K
total_ref_5_smt.csv,total_ref_5_smt,589,current,,smt,insert_only_build_200k,0,200000,200000,665223608,3326,0-10%=2.449µs(n=20000)|10-20%=2.767µs(n=20000)|20-30%=3.011µs(n=20000)|30-40%=3.214µs(n=20000)|40-50%=3.463µs(n=20000)|50-60%=3.329µs(n=20000)|60-70%=3.474µs(n=20000)|70-80%=3.866µs(n=20000)|80-90%=4.039µs(n=20000)|90-100%=3.644µs(n=20000),109.37,137.03,2473494,3600044,1127151,2472893,0,0,0,0,0,0,0,0,0,0,0,0.0,0.0,0,0,0,0,10,insert_only_build,insert_only_build,False,False,True,False,False,False,False,False,,,0,200000,200000,200000,200000,,insert_only_build_200k,True,,200K
total_ref_5_smt.csv,total_ref_5_smt,590,current,,smt,insert_only_build_300k,0,300000,300000,1041072243,3470,0-10%=2.41µs(n=30000)|10-20%=3.056µs(n=30000)|20-30%=3.446µs(n=30000)|30-40%=3.542µs(n=30000)|40-50%=3.262µs(n=30000)|50-60%=3.647µs(n=30000)|60-70%=3.442µs(n=30000)|70-80%=3.618µs(n=30000)|80-90%=3.986µs(n=30000)|90-100%=4.287µs(n=30000),157.74,205.54,3510465,5400042,1890184,3509858,0,0,0,0,0,0,0,0,0,0,0,0.0,0.0,0,0,0,0,10,insert_only_build,insert_only_build,False,False,True,False,False,False,False,False,,,0,300000,300000,300000,300000,,insert_only_build_300k,True,,300K
total_ref_5_smt.csv,total_ref_5_smt,591,current,,smt,insert_only_build_500k,0,500000,500000,2146812387,4293,0-10%=2.634µs(n=50000)|10-20%=3.482µs(n=50000)|20-30%=3.721µs(n=50000)|30-40%=4.132µs(n=50000)|40-50%=4.096µs(n=50000)|50-60%=5.062µs(n=50000)|60-70%=4.765µs(n=50000)|70-80%=4.489µs(n=50000)|80-90%=4.756µs(n=50000)|90-100%=5.795µs(n=50000),258.7,342.57,5717151,9000053,3283519,5716534,0,0,0,0,0,0,0,0,0,0,0,0.0,0.0,0,0,0,0,10,insert_only_build,insert_only_build,False,False,True,False,False,False,False,False,,,0,500000,500000,500000,500000,,insert_only_build_500k,True,,500K
total_ref_5_smt.csv,total_ref_5_smt,592,current,,smt,insert_only_build_700k,0,700000,700000,3072467592,4389,0-10%=2.806µs(n=70000)|10-20%=3.562µs(n=70000)|20-30%=4.212µs(n=70000)|30-40%=4.374µs(n=70000)|40-50%=4.284µs(n=70000)|50-60%=4.796µs(n=70000)|60-70%=5.301µs(n=70000)|70-80%=5.178µs(n=70000)|80-90%=4.576µs(n=70000)|90-100%=4.798µs(n=70000),396.51,479.56,9086845,12600056,3513840,9086216,0,0,0,0,0,0,0,0,0,0,0,0.0,0.0,0,0,0,0,10,insert_only_build,insert_only_build,False,False,True,False,False,False,False,False,,,0,700000,700000,700000,700000,,insert_only_build_700k,True,,700K
total_ref_5_smt.csv,total_ref_5_smt,593,current,,smt,insert_only_build_900k,0,900000,900000,4046002090,4495,0-10%=2.892µs(n=90000)|10-20%=3.918µs(n=90000)|20-30%=3.828µs(n=90000)|30-40%=4.283µs(n=90000)|40-50%=4.249µs(n=90000)|50-60%=5.247µs(n=90000)|60-70%=5.17µs(n=90000)|70-80%=4.684µs(n=90000)|80-90%=5.108µs(n=90000)|90-100%=5.573µs(n=90000),472.11,616.58,10493453,16200060,5707246,10492814,0,0,0,0,0,0,0,0,0,0,0,0.0,0.0,0,0,0,0,10,insert_only_build,insert_only_build,False,False,True,False,False,False,False,False,,,0,900000,900000,900000,900000,,insert_only_build_900k,True,,900K
total_ref_5_smt.csv,total_ref_5_smt,594,current,,smt,insert_only_build_1m,0,1000000,1000000,4617338793,4617,0-10%=2.951µs(n=100000)|10-20%=3.394µs(n=100000)|20-30%=3.959µs(n=100000)|30-40%=4.143µs(n=100000)|40-50%=5.145µs(n=100000)|50-60%=5.04µs(n=100000)|60-70%=4.65µs(n=100000)|70-80%=4.976µs(n=100000)|80-90%=6.076µs(n=100000)|90-100%=5.833µs(n=100000),541.57,685.08,12195777,18000055,5804926,12195129,0,0,0,0,0,0,0,0,0,0,0,0.0,0.0,0,0,0,0,10,insert_only_build,insert_only_build,False,False,True,False,False,False,False,False,,,0,1000000,1000000,1000000,1000000,,insert_only_build_1m,True,,1M
total_ref_5_smt.csv,total_ref_5_smt,595,current,,smt,insert_only_build_2m,0,2000000,2000000,10296256675,5148,0-10%=3.282µs(n=200000)|10-20%=4.299µs(n=200000)|20-30%=4.802µs(n=200000)|30-40%=4.857µs(n=200000)|40-50%=5.43µs(n=200000)|50-60%=5.188µs(n=200000)|60-70%=5.596µs(n=200000)|70-80%=5.982µs(n=200000)|80-90%=5.924µs(n=200000)|90-100%=6.117µs(n=200000),1122.26,1370.21,25623290,36000085,10377445,25622640,0,0,0,0,0,0,0,0,0,0,0,0.0,0.0,0,0,0,0,10,insert_only_build,insert_only_build,False,False,True,False,False,False,False,False,,,0,2000000,2000000,2000000,2000000,,insert_only_build_2m,True,,2M
total_ref_5_smt.csv,total_ref_5_smt,596,current,,smt,insert_only_build_5m,0,5000000,5000000,30837843077,6167,0-10%=3.84µs(n=500000)|10-20%=5.039µs(n=500000)|20-30%=5.553µs(n=500000)|30-40%=5.881µs(n=500000)|40-50%=6.604µs(n=500000)|50-60%=6.643µs(n=500000)|60-70%=6.614µs(n=500000)|70-80%=7.11µs(n=500000)|80-90%=7.174µs(n=500000)|90-100%=7.214µs(n=500000),2710.99,3425.55,61069390,90000168,28931436,61068732,0,0,0,0,0,0,0,0,0,0,0,0.0,0.0,0,0,0,0,10,insert_only_build,insert_only_build,False,False,True,False,False,False,False,False,,,0,5000000,5000000,5000000,5000000,,insert_only_build_5m,True,,5M
total_ref_5_smt.csv,total_ref_5_smt,597,current,,smt,insert_only_build_10m,0,10000000,10000000,69207217451,6920,0-10%=4.47µs(n=1000000)|10-20%=5.634µs(n=1000000)|20-30%=6.338µs(n=1000000)|30-40%=6.438µs(n=1000000)|40-50%=7.369µs(n=1000000)|50-60%=7.218µs(n=1000000)|60-70%=7.855µs(n=1000000)|70-80%=7.797µs(n=1000000)|80-90%=7.983µs(n=1000000)|90-100%=8.101µs(n=1000000),5597.43,6851.38,127664330,180000328,52336666,127663662,0,0,0,0,0,0,0,0,0,0,0,0.0,0.0,0,0,0,0,10,insert_only_build,insert_only_build,False,False,True,False,False,False,False,False,,,0,10000000,10000000,10000000,10000000,,insert_only_build_10m,True,,10M
total_ref_5_smt.csv,total_ref_5_smt,598,current,,smt,insert_only_build_25m,0,25000000,25000000,206618908001,8264,0-10%=5.392µs(n=2500000)|10-20%=6.72µs(n=2500000)|20-30%=7.482µs(n=2500000)|30-40%=8.029µs(n=2500000)|40-50%=8.559µs(n=2500000)|50-60%=8.672µs(n=2500000)|60-70%=8.931µs(n=2500000)|70-80%=9.144µs(n=2500000)|80-90%=10.038µs(n=2500000)|90-100%=9.676µs(n=2500000),13422.48,17129.6,301109574,450000922,148892022,301108900,0,0,0,0,0,0,0,0,0,0,0,0.0,0.0,0,0,0,0,10,insert_only_build,insert_only_build,False,False,True,False,False,False,False,False,,,0,25000000,25000000,25000000,25000000,,insert_only_build_25m,True,,25M
total_ref_5_smt.csv,total_ref_5_smt,599,current,,smt,prehashed_ordered_insert_only_10k,0,10000,10000,14885757,1488,0-10%=1.176µs(n=1000)|10-20%=1.271µs(n=1000)|20-30%=2.112µs(n=1000)|30-40%=1.389µs(n=1000)|40-50%=1.351µs(n=1000)|50-60%=1.233µs(n=1000)|60-70%=2.085µs(n=1000)|70-80%=1.378µs(n=1000)|80-90%=1.437µs(n=1000)|90-100%=1.448µs(n=1000),4.98,6.73,129561,180021,61152,118869,0,0,0,0,0,0,0,0,0,0,0,0.0,0.0,0,0,0,0,10,insert_only_build,prehashed_ordered_insert_only,True,True,True,False,False,False,False,False,,,0,10000,10000,10000,10000,,prehashed_ordered_insert_only_10k,True,,10K
total_ref_5_smt.csv,total_ref_5_smt,600,current,,smt,prehashed_ordered_insert_only_50k,0,50000,50000,79263308,1585,0-10%=1.413µs(n=5000)|10-20%=1.599µs(n=5000)|20-30%=1.617µs(n=5000)|30-40%=1.472µs(n=5000)|40-50%=1.919µs(n=5000)|50-60%=1.376µs(n=5000)|60-70%=1.806µs(n=5000)|70-80%=1.492µs(n=5000)|80-90%=1.519µs(n=5000)|90-100%=1.635µs(n=5000),27.98,33.57,642857,899988,257762,642226,0,0,0,0,0,0,0,0,0,0,0,0.0,0.0,0,0,0,0,10,insert_only_build,prehashed_ordered_insert_only,True,True,True,False,False,False,False,False,,,0,50000,50000,50000,50000,,prehashed_ordered_insert_only_50k,True,,50K
total_ref_5_smt.csv,total_ref_5_smt,601,current,,smt,prehashed_ordered_insert_only_100k,0,100000,100000,162945869,1629,0-10%=1.526µs(n=10000)|10-20%=1.574µs(n=10000)|20-30%=1.622µs(n=10000)|30-40%=1.676µs(n=10000)|40-50%=1.69µs(n=10000)|50-60%=1.435µs(n=10000)|60-70%=1.74µs(n=10000)|70-80%=1.689µs(n=10000)|80-90%=1.624µs(n=10000)|90-100%=1.713µs(n=10000),55.55,67.16,1270755,1799995,529870,1270125,0,0,0,0,0,0,0,0,0,0,0,0.0,0.0,0,0,0,0,10,insert_only_build,prehashed_ordered_insert_only,True,True,True,False,False,False,False,False,,,0,100000,100000,100000,100000,,prehashed_ordered_insert_only_100k,True,,100K
total_ref_5_smt.csv,total_ref_5_smt,602,current,,smt,prehashed_ordered_insert_only_200k,0,200000,200000,330945843,1654,0-10%=1.444µs(n=20000)|10-20%=1.574µs(n=20000)|20-30%=1.641µs(n=20000)|30-40%=1.596µs(n=20000)|40-50%=1.881µs(n=20000)|50-60%=1.5µs(n=20000)|60-70%=1.6µs(n=20000)|70-80%=1.907µs(n=20000)|80-90%=1.665µs(n=20000)|90-100%=1.734µs(n=20000),96.43,134.32,2459866,3600038,1340773,2259265,0,0,0,0,0,0,0,0,0,0,0,0.0,0.0,0,0,0,0,10,insert_only_build,prehashed_ordered_insert_only,True,True,True,False,False,False,False,False,,,0,200000,200000,200000,200000,,prehashed_ordered_insert_only_200k,True,,200K
total_ref_5_smt.csv,total_ref_5_smt,603,current,,smt,prehashed_ordered_insert_only_300k,0,300000,300000,520058726,1733,0-10%=1.521µs(n=30000)|10-20%=1.607µs(n=30000)|20-30%=1.664µs(n=30000)|30-40%=1.647µs(n=30000)|40-50%=1.867µs(n=30000)|50-60%=1.536µs(n=30000)|60-70%=1.715µs(n=30000)|70-80%=1.99µs(n=30000)|80-90%=1.82µs(n=30000)|90-100%=1.963µs(n=30000),146.2,201.45,3740351,5400038,1960292,3439746,0,0,0,0,0,0,0,0,0,0,0,0.0,0.0,0,0,0,0,10,insert_only_build,prehashed_ordered_insert_only,True,True,True,False,False,False,False,False,,,0,300000,300000,300000,300000,,prehashed_ordered_insert_only_300k,True,,300K
total_ref_5_smt.csv,total_ref_5_smt,604,current,,smt,prehashed_ordered_insert_only_500k,0,500000,500000,916997884,1833,0-10%=1.634µs(n=50000)|10-20%=1.647µs(n=50000)|20-30%=1.802µs(n=50000)|30-40%=1.792µs(n=50000)|40-50%=2.059µs(n=50000)|50-60%=1.663µs(n=50000)|60-70%=1.782µs(n=50000)|70-80%=1.802µs(n=50000)|80-90%=2.098µs(n=50000)|90-100%=2.056µs(n=50000),237.44,335.73,6029928,9000041,3470722,5529319,0,0,0,0,0,0,0,0,0,0,0,0.0,0.0,0,0,0,0,10,insert_only_build,prehashed_ordered_insert_only,True,True,True,False,False,False,False,False,,,0,500000,500000,500000,500000,,prehashed_ordered_insert_only_500k,True,,500K
total_ref_5_smt.csv,total_ref_5_smt,605,current,,smt,prehashed_ordered_insert_only_700k,0,700000,700000,1332504563,1903,0-10%=1.687µs(n=70000)|10-20%=1.734µs(n=70000)|20-30%=1.899µs(n=70000)|30-40%=1.865µs(n=70000)|40-50%=2.146µs(n=70000)|50-60%=1.753µs(n=70000)|60-70%=1.824µs(n=70000)|70-80%=2.024µs(n=70000)|80-90%=2.081µs(n=70000)|90-100%=2.019µs(n=70000),334.33,470.01,8504913,12600043,4795741,7804302,0,0,0,0,0,0,0,0,0,0,0,0.0,0.0,0,0,0,0,10,insert_only_build,prehashed_ordered_insert_only,True,True,True,False,False,False,False,False,,,0,700000,700000,700000,700000,,prehashed_ordered_insert_only_700k,True,,700K
total_ref_5_smt.csv,total_ref_5_smt,606,current,,smt,prehashed_ordered_insert_only_900k,0,900000,900000,1717076320,1907,0-10%=1.714µs(n=90000)|10-20%=1.733µs(n=90000)|20-30%=1.905µs(n=90000)|30-40%=1.869µs(n=90000)|40-50%=2.127µs(n=90000)|50-60%=1.734µs(n=90000)|60-70%=1.818µs(n=90000)|70-80%=2.143µs(n=90000)|80-90%=1.995µs(n=90000)|90-100%=2.035µs(n=90000),435.77,604.27,11128360,16200036,5972298,10227738,0,0,0,0,0,0,0,0,0,0,0,0.0,0.0,0,0,0,0,10,insert_only_build,prehashed_ordered_insert_only,True,True,True,False,False,False,False,False,,,0,900000,900000,900000,900000,,prehashed_ordered_insert_only_900k,True,,900K
total_ref_5_smt.csv,total_ref_5_smt,607,current,,smt,prehashed_ordered_insert_only_1m,0,1000000,1000000,1897988499,1897,0-10%=1.712µs(n=100000)|10-20%=1.714µs(n=100000)|20-30%=1.904µs(n=100000)|30-40%=1.89µs(n=100000)|40-50%=2.129µs(n=100000)|50-60%=1.724µs(n=100000)|60-70%=1.925µs(n=100000)|70-80%=2.134µs(n=100000)|80-90%=1.856µs(n=100000)|90-100%=1.987µs(n=100000),485.27,671.42,12400597,18000040,6600070,11399970,0,0,0,0,0,0,0,0,0,0,0,0.0,0.0,0,0,0,0,10,insert_only_build,prehashed_ordered_insert_only,True,True,True,False,False,False,False,False,,,0,1000000,1000000,1000000,1000000,,prehashed_ordered_insert_only_1m,True,,1M
total_ref_5_smt.csv,total_ref_5_smt,608,current,,smt,prehashed_ordered_insert_only_2m,0,2000000,2000000,3881954576,1940,0-10%=1.732µs(n=200000)|10-20%=1.799µs(n=200000)|20-30%=1.97µs(n=200000)|30-40%=1.916µs(n=200000)|40-50%=2.147µs(n=200000)|50-60%=1.765µs(n=200000)|60-70%=1.914µs(n=200000)|70-80%=2.211µs(n=200000)|80-90%=1.925µs(n=200000)|90-100%=2.028µs(n=200000),985.98,1342.88,25306131,36000057,12694553,23305504,0,0,0,0,0,0,0,0,0,0,0,0.0,0.0,0,0,0,0,10,insert_only_build,prehashed_ordered_insert_only,True,True,True,False,False,False,False,False,,,0,2000000,2000000,2000000,2000000,,prehashed_ordered_insert_only_2m,True,,2M
total_ref_5_smt.csv,total_ref_5_smt,609,current,,smt,prehashed_ordered_insert_only_5m,0,5000000,5000000,10068258176,2013,0-10%=1.803µs(n=500000)|10-20%=1.861µs(n=500000)|20-30%=2.049µs(n=500000)|30-40%=1.97µs(n=500000)|40-50%=2.293µs(n=500000)|50-60%=1.837µs(n=500000)|60-70%=1.938µs(n=500000)|70-80%=2.274µs(n=500000)|80-90%=2.005µs(n=500000)|90-100%=2.1µs(n=500000),2428.72,3357.28,62075436,90000079,32925278,57074801,0,0,0,0,0,0,0,0,0,0,0,0.0,0.0,0,0,0,0,10,insert_only_build,prehashed_ordered_insert_only,True,True,True,False,False,False,False,False,,,0,5000000,5000000,5000000,5000000,,prehashed_ordered_insert_only_5m,True,,5M
total_ref_5_smt.csv,total_ref_5_smt,610,current,,smt,prehashed_ordered_insert_only_10m,0,10000000,10000000,20846264681,2084,0-10%=1.877µs(n=1000000)|10-20%=1.943µs(n=1000000)|20-30%=2.118µs(n=1000000)|30-40%=2.037µs(n=1000000)|40-50%=2.352µs(n=1000000)|50-60%=1.885µs(n=1000000)|60-70%=1.985µs(n=1000000)|70-80%=2.356µs(n=1000000)|80-90%=2.118µs(n=1000000)|90-100%=2.171µs(n=1000000),4860.37,6714.54,124246593,180000117,65754164,114245953,0,0,0,0,0,0,0,0,0,0,0,0.0,0.0,0,0,0,0,10,insert_only_build,prehashed_ordered_insert_only,True,True,True,False,False,False,False,False,,,0,10000000,10000000,10000000,10000000,,prehashed_ordered_insert_only_10m,True,,10M
total_ref_5_smt.csv,total_ref_5_smt,611,current,,smt,prehashed_ordered_insert_only_25m,0,25000000,25000000,57256983395,2290,0-10%=1.93µs(n=2500000)|10-20%=2.019µs(n=2500000)|20-30%=2.185µs(n=2500000)|30-40%=2.106µs(n=2500000)|40-50%=2.44µs(n=2500000)|50-60%=2.104µs(n=2500000)|60-70%=2.434µs(n=2500000)|70-80%=2.691µs(n=2500000)|80-90%=2.374µs(n=2500000)|90-100%=2.615µs(n=2500000),12141.71,16786.17,310317259,450000217,164683601,285316616,0,0,0,0,0,0,0,0,0,0,0,0.0,0.0,0,0,0,0,10,insert_only_build,prehashed_ordered_insert_only,True,True,True,False,False,False,False,False,,,0,25000000,25000000,25000000,25000000,,prehashed_ordered_insert_only_25m,True,,25M
total_ref_5_smt.csv,total_ref_5_smt,612,current,,smt,proof_only_after_10k_build_sample_5pct,10000,10000,0,0,0,,0.0,0.0,0,0,0,0,751075,1502,632,2925,0,0,0,0,0,0,0,0.0,0.0,0,0,0,0,10,proof_only_after_build,proof_only_after_build,False,False,False,True,False,False,False,False,5.0,5.0,10000,0,10000,10000,10000,,proof_only_after_10k_build_sample_5pct,True,,10K
total_ref_5_smt.csv,total_ref_5_smt,613,current,,smt,proof_only_after_50k_build_sample_5pct,50000,50000,0,0,0,,0.0,0.0,0,0,0,0,3927753,1571,720,3582,0,0,0,0,0,0,0,0.0,0.0,0,0,0,0,10,proof_only_after_build,proof_only_after_build,False,False,False,True,False,False,False,False,5.0,5.0,50000,0,50000,50000,50000,,proof_only_after_50k_build_sample_5pct,True,,50K
total_ref_5_smt.csv,total_ref_5_smt,614,current,,smt,proof_only_after_100k_build_sample_5pct,100000,100000,0,0,0,,0.0,0.0,0,0,0,0,10779589,2155,759,4224,0,0,0,0,0,0,0,0.0,0.0,0,0,0,0,10,proof_only_after_build,proof_only_after_build,False,False,False,True,False,False,False,False,5.0,5.0,100000,0,100000,100000,100000,,proof_only_after_100k_build_sample_5pct,True,,100K
total_ref_5_smt.csv,total_ref_5_smt,615,current,,smt,proof_only_after_200k_build_sample_5pct,200000,200000,0,0,0,,0.0,0.0,0,0,0,0,24258444,2425,796,4596,0,0,0,0,0,0,0,0.0,0.0,0,0,0,0,10,proof_only_after_build,proof_only_after_build,False,False,False,True,False,False,False,False,5.0,5.0,200000,0,200000,200000,200000,,proof_only_after_200k_build_sample_5pct,True,,200K
total_ref_5_smt.csv,total_ref_5_smt,616,current,,smt,proof_only_after_300k_build_sample_5pct,300000,300000,0,0,0,,0.0,0.0,0,0,0,0,47944805,3196,819,4999,0,0,0,0,0,0,0,0.0,0.0,0,0,0,0,10,proof_only_after_build,proof_only_after_build,False,False,False,True,False,False,False,False,5.0,5.0,300000,0,300000,300000,300000,,proof_only_after_300k_build_sample_5pct,True,,300K
total_ref_5_smt.csv,total_ref_5_smt,617,current,,smt,proof_only_after_500k_build_sample_5pct,500000,500000,0,0,0,,0.0,0.0,0,0,0,0,89259104,3570,846,5248,0,0,0,0,0,0,0,0.0,0.0,0,0,0,0,10,proof_only_after_build,proof_only_after_build,False,False,False,True,False,False,False,False,5.0,5.0,500000,0,500000,500000,500000,,proof_only_after_500k_build_sample_5pct,True,,500K
total_ref_5_smt.csv,total_ref_5_smt,618,current,,smt,proof_only_after_700k_build_sample_5pct,700000,700000,0,0,0,,0.0,0.0,0,0,0,0,123101636,3517,865,4865,0,0,0,0,0,0,0,0.0,0.0,0,0,0,0,10,proof_only_after_build,proof_only_after_build,False,False,False,True,False,False,False,False,5.0,5.0,700000,0,700000,700000,700000,,proof_only_after_700k_build_sample_5pct,True,,700K
total_ref_5_smt.csv,total_ref_5_smt,619,current,,smt,proof_only_after_900k_build_sample_5pct,900000,900000,0,0,0,,0.0,0.0,0,0,0,0,170068042,3779,879,5371,0,0,0,0,0,0,0,0.0,0.0,0,0,0,0,10,proof_only_after_build,proof_only_after_build,False,False,False,True,False,False,False,False,5.0,5.0,900000,0,900000,900000,900000,,proof_only_after_900k_build_sample_5pct,True,,900K
total_ref_5_smt.csv,total_ref_5_smt,620,current,,smt,proof_only_after_1m_build_sample_5pct,1000000,1000000,0,0,0,,0.0,0.0,0,0,0,0,198085220,3961,884,5536,0,0,0,0,0,0,0,0.0,0.0,0,0,0,0,10,proof_only_after_build,proof_only_after_build,False,False,False,True,False,False,False,False,5.0,5.0,1000000,0,1000000,1000000,1000000,,proof_only_after_1m_build_sample_5pct,True,,1M
total_ref_5_smt.csv,total_ref_5_smt,621,current,,smt,proof_only_after_2m_build_sample_3pct,2000000,2000000,0,0,0,,0.0,0.0,0,0,0,0,248003110,4133,922,5629,0,0,0,0,0,0,0,0.0,0.0,0,0,0,0,10,proof_only_after_build,proof_only_after_build,False,False,False,True,False,False,False,False,3.0,3.0,2000000,0,2000000,2000000,2000000,,proof_only_after_2m_build_sample_3pct,True,,2M
total_ref_5_smt.csv,total_ref_5_smt,622,current,,smt,proof_only_after_5m_build_sample_3pct,5000000,5000000,0,0,0,,0.0,0.0,0,0,0,0,708611559,4724,973,6307,0,0,0,0,0,0,0,0.0,0.0,0,0,0,0,10,proof_only_after_build,proof_only_after_build,False,False,False,True,False,False,False,False,3.0,3.0,5000000,0,5000000,5000000,5000000,,proof_only_after_5m_build_sample_3pct,True,,5M
total_ref_5_smt.csv,total_ref_5_smt,623,current,,smt,proof_only_after_10m_build_sample_2pct,10000000,10000000,0,0,0,,0.0,0.0,0,0,0,0,1054890891,5274,1011,7554,0,0,0,0,0,0,0,0.0,0.0,0,0,0,0,10,proof_only_after_build,proof_only_after_build,False,False,False,True,False,False,False,False,2.0,2.0,10000000,0,10000000,10000000,10000000,,proof_only_after_10m_build_sample_2pct,True,,10M
total_ref_5_smt.csv,total_ref_5_smt,624,current,,smt,proof_only_after_25m_build_sample_2pct,25000000,25000000,0,0,0,,0.0,0.0,0,0,0,0,4683967846,9367,1061,8609,0,0,0,0,0,0,0,0.0,0.0,0,0,0,0,10,proof_only_after_build,proof_only_after_build,False,False,False,True,False,False,False,False,2.0,2.0,25000000,0,25000000,25000000,25000000,,proof_only_after_25m_build_sample_2pct,True,,25M
total_ref_5_smt.csv,total_ref_5_smt,625,current,,smt,build_10k_then_add_2k_new,10000,12000,2000,4931157,2465,0-10%=3.009µs(n=200)|10-20%=2.488µs(n=200)|20-30%=2.379µs(n=200)|30-40%=2.343µs(n=200)|40-50%=2.641µs(n=200)|50-60%=2.532µs(n=200)|60-70%=2.334µs(n=200)|70-80%=2.371µs(n=200)|80-90%=2.236µs(n=200)|90-100%=2.316µs(n=200),1.39,1.39,144234,36038,2552,33486,0,0,0,0,0,0,0,0,0,0,0,0.0,0.0,0,0,0,0,10,build_then_add_new,build_then_add_new,False,False,False,False,False,True,True,False,,,10000,2000,12000,10000,10000,2000,build_10k_then_add_2k_new,True,,10K
total_ref_5_smt.csv,total_ref_5_smt,626,current,,smt,build_50k_then_add_10k_new,50000,60000,10000,33226388,3322,0-10%=3.861µs(n=1000)|10-20%=3.608µs(n=1000)|20-30%=3.409µs(n=1000)|30-40%=3.404µs(n=1000)|40-50%=3.143µs(n=1000)|50-60%=3.242µs(n=1000)|60-70%=3.175µs(n=1000)|70-80%=3.359µs(n=1000)|80-90%=3.024µs(n=1000)|90-100%=2.996µs(n=1000),6.87,6.87,718036,180038,12753,167285,0,0,0,0,0,0,0,0,0,0,0,0.0,0.0,0,0,0,0,10,build_then_add_new,build_then_add_new,False,False,False,False,False,True,True,False,,,50000,10000,60000,50000,50000,10000,build_50k_then_add_10k_new,True,,50K
total_ref_5_smt.csv,total_ref_5_smt,627,current,,smt,build_100k_then_add_20k_new,100000,120000,20000,77895747,3894,0-10%=4.399µs(n=2000)|10-20%=4.045µs(n=2000)|20-30%=4.208µs(n=2000)|30-40%=3.875µs(n=2000)|40-50%=3.909µs(n=2000)|50-60%=3.733µs(n=2000)|60-70%=3.686µs(n=2000)|70-80%=3.714µs(n=2000)|80-90%=3.728µs(n=2000)|90-100%=3.646µs(n=2000),13.72,13.72,1435307,360038,25494,334544,0,0,0,0,0,0,0,0,0,0,0,0.0,0.0,0,0,0,0,10,build_then_add_new,build_then_add_new,False,False,False,False,False,True,True,False,,,100000,20000,120000,100000,100000,20000,build_100k_then_add_20k_new,True,,100K
total_ref_5_smt.csv,total_ref_5_smt,628,current,,smt,build_200k_then_add_40k_new,200000,240000,40000,182036170,4550,0-10%=5.763µs(n=4000)|10-20%=5.155µs(n=4000)|20-30%=4.833µs(n=4000)|30-40%=4.554µs(n=4000)|40-50%=4.414µs(n=4000)|50-60%=4.401µs(n=4000)|60-70%=4.291µs(n=4000)|70-80%=4.094µs(n=4000)|80-90%=4.012µs(n=4000)|90-100%=3.988µs(n=4000),27.43,27.43,2869765,720045,51050,668995,0,0,0,0,0,0,0,0,0,0,0,0.0,0.0,0,0,0,0,10,build_then_add_new,build_then_add_new,False,False,False,False,False,True,True,False,,,200000,40000,240000,200000,200000,40000,build_200k_then_add_40k_new,True,,200K
total_ref_5_smt.csv,total_ref_5_smt,629,current,,smt,build_300k_then_add_60k_new,300000,360000,60000,312819903,5213,0-10%=6.615µs(n=6000)|10-20%=5.92µs(n=6000)|20-30%=5.858µs(n=6000)|30-40%=5.274µs(n=6000)|40-50%=5.045µs(n=6000)|50-60%=4.805µs(n=6000)|60-70%=4.701µs(n=6000)|70-80%=4.649µs(n=6000)|80-90%=4.629µs(n=6000)|90-100%=4.635µs(n=6000),41.13,41.13,4304234,1080049,76595,1003454,0,0,0,0,0,0,0,0,0,0,0,0.0,0.0,0,0,0,0,10,build_then_add_new,build_then_add_new,False,False,False,False,False,True,True,False,,,300000,60000,360000,300000,300000,60000,build_300k_then_add_60k_new,True,,300K
total_ref_5_smt.csv,total_ref_5_smt,630,current,,smt,build_500k_then_add_100k_new,500000,600000,100000,503962160,5039,0-10%=6.009µs(n=10000)|10-20%=5.44µs(n=10000)|20-30%=5.422µs(n=10000)|30-40%=5.216µs(n=10000)|40-50%=4.852µs(n=10000)|50-60%=4.706µs(n=10000)|60-70%=4.706µs(n=10000)|70-80%=4.682µs(n=10000)|80-90%=4.679µs(n=10000)|90-100%=4.68µs(n=10000),68.51,68.51,7172714,1800050,128125,1671925,0,0,0,0,0,0,0,0,0,0,0,0.0,0.0,0,0,0,0,10,build_then_add_new,build_then_add_new,False,False,False,False,False,True,True,False,,,500000,100000,600000,500000,500000,100000,build_500k_then_add_100k_new,True,,500K
total_ref_5_smt.csv,total_ref_5_smt,631,current,,smt,build_700k_then_add_140k_new,700000,840000,140000,820968506,5864,0-10%=6.741µs(n=14000)|10-20%=6.011µs(n=14000)|20-30%=5.844µs(n=14000)|30-40%=5.697µs(n=14000)|40-50%=5.665µs(n=14000)|50-60%=5.687µs(n=14000)|60-70%=6.413µs(n=14000)|70-80%=6.038µs(n=14000)|80-90%=5.347µs(n=14000)|90-100%=5.193µs(n=14000),95.95,95.95,10041942,2520053,178844,2341209,0,0,0,0,0,0,0,0,0,0,0,0.0,0.0,0,0,0,0,10,build_then_add_new,build_then_add_new,False,False,False,False,False,True,True,False,,,700000,140000,840000,700000,700000,140000,build_700k_then_add_140k_new,True,,700K
total_ref_5_smt.csv,total_ref_5_smt,632,current,,smt,build_900k_then_add_180k_new,900000,1080000,180000,1028645641,5714,0-10%=7.139µs(n=18000)|10-20%=6.337µs(n=18000)|20-30%=5.975µs(n=18000)|30-40%=5.866µs(n=18000)|40-50%=5.669µs(n=18000)|50-60%=5.311µs(n=18000)|60-70%=5.217µs(n=18000)|70-80%=5.191µs(n=18000)|80-90%=5.226µs(n=18000)|90-100%=5.212µs(n=18000),123.33,123.33,12910587,3240053,230207,3009846,0,0,0,0,0,0,0,0,0,0,0,0.0,0.0,0,0,0,0,10,build_then_add_new,build_then_add_new,False,False,False,False,False,True,True,False,,,900000,180000,1080000,900000,900000,180000,build_900k_then_add_180k_new,True,,900K
total_ref_5_smt.csv,total_ref_5_smt,633,current,,smt,build_1m_then_add_200k_new,1000000,1200000,200000,1221560198,6107,0-10%=6.843µs(n=20000)|10-20%=6.312µs(n=20000)|20-30%=6.179µs(n=20000)|30-40%=6.164µs(n=20000)|40-50%=6.146µs(n=20000)|50-60%=6.008µs(n=20000)|60-70%=5.601µs(n=20000)|70-80%=5.499µs(n=20000)|80-90%=6.226µs(n=20000)|90-100%=6.095µs(n=20000),137.05,137.05,14345212,3600048,255593,3344455,0,0,0,0,0,0,0,0,0,0,0,0.0,0.0,0,0,0,0,10,build_then_add_new,build_then_add_new,False,False,False,False,False,True,True,False,,,1000000,200000,1200000,1000000,1000000,200000,build_1m_then_add_200k_new,True,,1M
total_ref_5_smt.csv,total_ref_5_smt,634,current,,smt,build_2m_then_add_400k_new,2000000,2400000,400000,2582889028,6457,0-10%=6.953µs(n=40000)|10-20%=6.622µs(n=40000)|20-30%=6.534µs(n=40000)|30-40%=6.496µs(n=40000)|40-50%=6.345µs(n=40000)|50-60%=6.402µs(n=40000)|60-70%=6.419µs(n=40000)|70-80%=6.365µs(n=40000)|80-90%=6.27µs(n=40000)|90-100%=6.161µs(n=40000),274.08,274.08,28689583,7200062,511238,6688824,0,0,0,0,0,0,0,0,0,0,0,0.0,0.0,0,0,0,0,10,build_then_add_new,build_then_add_new,False,False,False,False,False,True,True,False,,,2000000,400000,2400000,2000000,2000000,400000,build_2m_then_add_400k_new,True,,2M
total_ref_5_smt.csv,total_ref_5_smt,635,current,,smt,build_5m_then_add_1m_new,5000000,6000000,1000000,7368007579,7368,0-10%=7.829µs(n=100000)|10-20%=7.684µs(n=100000)|20-30%=7.392µs(n=100000)|30-40%=7.393µs(n=100000)|40-50%=7.355µs(n=100000)|50-60%=7.512µs(n=100000)|60-70%=7.348µs(n=100000)|70-80%=7.097µs(n=100000)|80-90%=6.961µs(n=100000)|90-100%=7.104µs(n=100000),685.2,685.2,71722960,18000082,1277892,16722190,0,0,0,0,0,0,0,0,0,0,0,0.0,0.0,0,0,0,0,10,build_then_add_new,build_then_add_new,False,False,False,False,False,True,True,False,,,5000000,1000000,6000000,5000000,5000000,1000000,build_5m_then_add_1m_new,True,,5M
total_ref_5_smt.csv,total_ref_5_smt,636,current,,smt,build_10m_then_add_2m_new,10000000,12000000,2000000,16715410744,8357,0-10%=8.621µs(n=200000)|10-20%=8.343µs(n=200000)|20-30%=8.656µs(n=200000)|30-40%=8.466µs(n=200000)|40-50%=8.446µs(n=200000)|50-60%=8.462µs(n=200000)|60-70%=8.416µs(n=200000)|70-80%=8.066µs(n=200000)|80-90%=8.096µs(n=200000)|90-100%=7.999µs(n=200000),1370.35,1370.35,143443497,36000121,2557404,33442717,0,0,0,0,0,0,0,0,0,0,0,0.0,0.0,0,0,0,0,10,build_then_add_new,build_then_add_new,False,False,False,False,False,True,True,False,,,10000000,2000000,12000000,10000000,10000000,2000000,build_10m_then_add_2m_new,True,,10M
total_ref_5_smt.csv,total_ref_5_smt,637,current,,smt,build_25m_then_add_5m_new,25000000,30000000,5000000,50565761794,10113,0-10%=10.13µs(n=500000)|10-20%=10.071µs(n=500000)|20-30%=10.25µs(n=500000)|30-40%=10.119µs(n=500000)|40-50%=10.067µs(n=500000)|50-60%=10.146µs(n=500000)|60-70%=10.089µs(n=500000)|70-80%=10.068µs(n=500000)|80-90%=10.091µs(n=500000)|90-100%=10.095µs(n=500000),3426.24,3426.24,358607635,90000274,6393418,83606856,0,0,0,0,0,0,0,0,0,0,0,0.0,0.0,0,0,0,0,10,build_then_add_new,build_then_add_new,False,False,False,False,False,True,True,False,,,25000000,5000000,30000000,25000000,25000000,5000000,build_25m_then_add_5m_new,True,,25M
total_ref_5_smt.csv,total_ref_5_smt,638,current,,smt,build_10k_then_reinsert_2k_existing,10000,10000,2000,4665875,2332,0-10%=2.822µs(n=200)|10-20%=2.356µs(n=200)|20-30%=2.248µs(n=200)|30-40%=2.346µs(n=200)|40-50%=2.184µs(n=200)|50-60%=2.178µs(n=200)|60-70%=2.309µs(n=200)|70-80%=2.516µs(n=200)|80-90%=2.282µs(n=200)|90-100%=2.081µs(n=200),0.27,0.27,119839,10038,1001,9037,0,0,0,0,0,0,0,0,0,0,0,0.0,0.0,0,0,0,0,10,build_then_reinsert_existing,build_then_reinsert_existing,False,False,False,False,False,False,False,True,,,10000,2000,10000,10000,10000,2000,build_10k_then_reinsert_2k_existing,True,,10K
total_ref_5_smt.csv,total_ref_5_smt,639,current,,smt,build_50k_then_reinsert_10k_existing,50000,50000,10000,31464063,3146,0-10%=3.864µs(n=1000)|10-20%=3.303µs(n=1000)|20-30%=3.248µs(n=1000)|30-40%=3.092µs(n=1000)|40-50%=3.046µs(n=1000)|50-60%=3.148µs(n=1000)|60-70%=2.92µs(n=1000)|70-80%=2.992µs(n=1000)|80-90%=2.879µs(n=1000)|90-100%=2.965µs(n=1000),1.31,1.31,595846,50038,5001,45037,0,0,0,0,0,0,0,0,0,0,0,0.0,0.0,0,0,0,0,10,build_then_reinsert_existing,build_then_reinsert_existing,False,False,False,False,False,False,False,True,,,50000,10000,50000,50000,50000,10000,build_50k_then_reinsert_10k_existing,True,,50K
total_ref_5_smt.csv,total_ref_5_smt,640,current,,smt,build_100k_then_reinsert_20k_existing,100000,100000,20000,74809589,3740,0-10%=4.475µs(n=2000)|10-20%=4.01µs(n=2000)|20-30%=3.865µs(n=2000)|30-40%=3.732µs(n=2000)|40-50%=3.698µs(n=2000)|50-60%=3.645µs(n=2000)|60-70%=3.562µs(n=2000)|70-80%=3.533µs(n=2000)|80-90%=3.407µs(n=2000)|90-100%=3.471µs(n=2000),2.61,2.61,1190857,100038,10001,90037,0,0,0,0,0,0,0,0,0,0,0,0.0,0.0,0,0,0,0,10,build_then_reinsert_existing,build_then_reinsert_existing,False,False,False,False,False,False,False,True,,,100000,20000,100000,100000,100000,20000,build_100k_then_reinsert_20k_existing,True,,100K
total_ref_5_smt.csv,total_ref_5_smt,641,current,,smt,build_200k_then_reinsert_40k_existing,200000,200000,40000,166043058,4151,0-10%=4.973µs(n=4000)|10-20%=4.395µs(n=4000)|20-30%=4.217µs(n=4000)|30-40%=4.1µs(n=4000)|40-50%=4.045µs(n=4000)|50-60%=4.005µs(n=4000)|60-70%=3.94µs(n=4000)|70-80%=4.013µs(n=4000)|80-90%=3.929µs(n=4000)|90-100%=3.888µs(n=4000),5.22,5.22,2380869,200045,20000,180045,0,0,0,0,0,0,0,0,0,0,0,0.0,0.0,0,0,0,0,10,build_then_reinsert_existing,build_then_reinsert_existing,False,False,False,False,False,False,False,True,,,200000,40000,200000,200000,200000,40000,build_200k_then_reinsert_40k_existing,True,,200K
total_ref_5_smt.csv,total_ref_5_smt,642,current,,smt,build_300k_then_reinsert_60k_existing,300000,300000,60000,257420288,4290,0-10%=5.156µs(n=6000)|10-20%=4.606µs(n=6000)|20-30%=4.403µs(n=6000)|30-40%=4.28µs(n=6000)|40-50%=4.197µs(n=6000)|50-60%=4.187µs(n=6000)|60-70%=4.117µs(n=6000)|70-80%=4.029µs(n=6000)|80-90%=4.022µs(n=6000)|90-100%=3.902µs(n=6000),7.81,7.81,3570880,300047,30001,270046,0,0,0,0,0,0,0,0,0,0,0,0.0,0.0,0,0,0,0,10,build_then_reinsert_existing,build_then_reinsert_existing,False,False,False,False,False,False,False,True,,,300000,60000,300000,300000,300000,60000,build_300k_then_reinsert_60k_existing,True,,300K
total_ref_5_smt.csv,total_ref_5_smt,643,current,,smt,build_500k_then_reinsert_100k_existing,500000,500000,100000,482124473,4821,0-10%=6.185µs(n=10000)|10-20%=4.89µs(n=10000)|20-30%=4.683µs(n=10000)|30-40%=4.575µs(n=10000)|40-50%=4.522µs(n=10000)|50-60%=4.474µs(n=10000)|60-70%=4.466µs(n=10000)|70-80%=4.425µs(n=10000)|80-90%=4.795µs(n=10000)|90-100%=5.193µs(n=10000),13.0,13.0,5950887,500049,50001,450048,0,0,0,0,0,0,0,0,0,0,0,0.0,0.0,0,0,0,0,10,build_then_reinsert_existing,build_then_reinsert_existing,False,False,False,False,False,False,False,True,,,500000,100000,500000,500000,500000,100000,build_500k_then_reinsert_100k_existing,True,,500K
total_ref_5_smt.csv,total_ref_5_smt,644,current,,smt,build_700k_then_reinsert_140k_existing,700000,700000,140000,715993538,5114,0-10%=5.86µs(n=14000)|10-20%=5.128µs(n=14000)|20-30%=4.951µs(n=14000)|30-40%=4.89µs(n=14000)|40-50%=5.037µs(n=14000)|50-60%=5.192µs(n=14000)|60-70%=5.178µs(n=14000)|70-80%=5.028µs(n=14000)|80-90%=4.938µs(n=14000)|90-100%=4.936µs(n=14000),18.2,18.2,8330838,700052,70001,630051,0,0,0,0,0,0,0,0,0,0,0,0.0,0.0,0,0,0,0,10,build_then_reinsert_existing,build_then_reinsert_existing,False,False,False,False,False,False,False,True,,,700000,140000,700000,700000,700000,140000,build_700k_then_reinsert_140k_existing,True,,700K
total_ref_5_smt.csv,total_ref_5_smt,645,current,,smt,build_900k_then_reinsert_180k_existing,900000,900000,180000,955443898,5308,0-10%=5.896µs(n=18000)|10-20%=5.338µs(n=18000)|20-30%=5.196µs(n=18000)|30-40%=5.218µs(n=18000)|40-50%=5.215µs(n=18000)|50-60%=5.646µs(n=18000)|60-70%=5.234µs(n=18000)|70-80%=5.091µs(n=18000)|80-90%=5.15µs(n=18000)|90-100%=5.09µs(n=18000),23.4,23.4,10710847,900045,90001,810044,0,0,0,0,0,0,0,0,0,0,0,0.0,0.0,0,0,0,0,10,build_then_reinsert_existing,build_then_reinsert_existing,False,False,False,False,False,False,False,True,,,900000,180000,900000,900000,900000,180000,build_900k_then_reinsert_180k_existing,True,,900K
total_ref_5_smt.csv,total_ref_5_smt,646,current,,smt,build_1m_then_reinsert_200k_existing,1000000,1000000,200000,1099723725,5498,0-10%=6.208µs(n=20000)|10-20%=5.649µs(n=20000)|20-30%=6.124µs(n=20000)|30-40%=5.65µs(n=20000)|40-50%=5.435µs(n=20000)|50-60%=5.278µs(n=20000)|60-70%=5.235µs(n=20000)|70-80%=5.143µs(n=20000)|80-90%=5.14µs(n=20000)|90-100%=5.119µs(n=20000),25.99,25.99,11900856,1000053,100001,900052,0,0,0,0,0,0,0,0,0,0,0,0.0,0.0,0,0,0,0,10,build_then_reinsert_existing,build_then_reinsert_existing,False,False,False,False,False,False,False,True,,,1000000,200000,1000000,1000000,1000000,200000,build_1m_then_reinsert_200k_existing,True,,1M
total_ref_5_smt.csv,total_ref_5_smt,647,current,,smt,build_2m_then_reinsert_400k_existing,2000000,2000000,400000,2386824016,5967,0-10%=6.389µs(n=40000)|10-20%=6.034µs(n=40000)|20-30%=5.891µs(n=40000)|30-40%=5.847µs(n=40000)|40-50%=5.949µs(n=40000)|50-60%=5.977µs(n=40000)|60-70%=5.903µs(n=40000)|70-80%=5.885µs(n=40000)|80-90%=5.821µs(n=40000)|90-100%=5.969µs(n=40000),51.97,51.97,23800868,2000059,200001,1800058,0,0,0,0,0,0,0,0,0,0,0,0.0,0.0,0,0,0,0,10,build_then_reinsert_existing,build_then_reinsert_existing,False,False,False,False,False,False,False,True,,,2000000,400000,2000000,2000000,2000000,400000,build_2m_then_reinsert_400k_existing,True,,2M
total_ref_5_smt.csv,total_ref_5_smt,648,current,,smt,build_5m_then_reinsert_1m_existing,5000000,5000000,1000000,6875077370,6875,0-10%=7.251µs(n=100000)|10-20%=6.784µs(n=100000)|20-30%=6.881µs(n=100000)|30-40%=6.839µs(n=100000)|40-50%=6.82µs(n=100000)|50-60%=6.867µs(n=100000)|60-70%=6.846µs(n=100000)|70-80%=6.75µs(n=100000)|80-90%=6.912µs(n=100000)|90-100%=6.795µs(n=100000),129.95,129.95,59500905,5000080,500001,4500079,0,0,0,0,0,0,0,0,0,0,0,0.0,0.0,0,0,0,0,10,build_then_reinsert_existing,build_then_reinsert_existing,False,False,False,False,False,False,False,True,,,5000000,1000000,5000000,5000000,5000000,1000000,build_5m_then_reinsert_1m_existing,True,,5M
total_ref_5_smt.csv,total_ref_5_smt,649,current,,smt,build_10m_then_reinsert_2m_existing,10000000,10000000,2000000,15376911927,7688,0-10%=7.791µs(n=200000)|10-20%=7.705µs(n=200000)|20-30%=7.634µs(n=200000)|30-40%=7.767µs(n=200000)|40-50%=7.742µs(n=200000)|50-60%=7.753µs(n=200000)|60-70%=7.709µs(n=200000)|70-80%=7.628µs(n=200000)|80-90%=7.582µs(n=200000)|90-100%=7.569µs(n=200000),259.92,259.92,119000950,10000115,1000001,9000114,0,0,0,0,0,0,0,0,0,0,0,0.0,0.0,0,0,0,0,10,build_then_reinsert_existing,build_then_reinsert_existing,False,False,False,False,False,False,False,True,,,10000000,2000000,10000000,10000000,10000000,2000000,build_10m_then_reinsert_2m_existing,True,,10M
total_ref_5_smt.csv,total_ref_5_smt,650,current,,smt,build_25m_then_reinsert_5m_existing,25000000,25000000,5000000,46267994625,9253,0-10%=9.335µs(n=500000)|10-20%=9.34µs(n=500000)|20-30%=9.296µs(n=500000)|30-40%=9.262µs(n=500000)|40-50%=9.255µs(n=500000)|50-60%=9.204µs(n=500000)|60-70%=9.226µs(n=500000)|70-80%=9.192µs(n=500000)|80-90%=9.17µs(n=500000)|90-100%=9.251µs(n=500000),650.11,650.11,297501089,25000246,2500001,22500245,0,0,0,0,0,0,0,0,0,0,0,0.0,0.0,0,0,0,0,10,build_then_reinsert_existing,build_then_reinsert_existing,False,False,False,False,False,False,False,True,,,25000000,5000000,25000000,25000000,25000000,5000000,build_25m_then_reinsert_5m_existing,True,,25M
total_ref_7_exclusion_only_avl.csv,total_ref_7_exclusion_only_avl,1,current,,avlhashtree,exclusion_proof_only_after_10k_build_sample_5pct,10000,10000,0,0,0,,0.0,0.0,0,0,0,0,0,0,0,0,419142,838,1672,5023,0,0,0,0.0,0.0,0,0,0,0,1,exclusion_proof_only_after_build,exclusion_proof_only_after_build,False,False,False,True,True,False,False,False,5.0,5.0,10000,0,10000,10000,10000,,exclusion_proof_only_after_10k_build_sample_5pct,True,,10K
total_ref_7_exclusion_only_avl.csv,total_ref_7_exclusion_only_avl,2,current,,avlhashtree,exclusion_proof_only_after_50k_build_sample_5pct,50000,50000,0,0,0,,0.0,0.0,0,0,0,0,0,0,0,0,1643748,657,1952,4884,0,0,0,0.0,0.0,0,0,0,0,1,exclusion_proof_only_after_build,exclusion_proof_only_after_build,False,False,False,True,True,False,False,False,5.0,5.0,50000,0,50000,50000,50000,,exclusion_proof_only_after_50k_build_sample_5pct,True,,50K
total_ref_7_exclusion_only_avl.csv,total_ref_7_exclusion_only_avl,3,current,,avlhashtree,exclusion_proof_only_after_100k_build_sample_5pct,100000,100000,0,0,0,,0.0,0.0,0,0,0,0,0,0,0,0,3686041,737,2069,5080,0,0,0,0.0,0.0,0,0,0,0,1,exclusion_proof_only_after_build,exclusion_proof_only_after_build,False,False,False,True,True,False,False,False,5.0,5.0,100000,0,100000,100000,100000,,exclusion_proof_only_after_100k_build_sample_5pct,True,,100K
total_ref_7_exclusion_only_avl.csv,total_ref_7_exclusion_only_avl,4,current,,avlhashtree,exclusion_proof_only_after_200k_build_sample_5pct,200000,200000,0,0,0,,0.0,0.0,0,0,0,0,0,0,0,0,12673885,1267,2189,5621,0,0,0,0.0,0.0,0,0,0,0,1,exclusion_proof_only_after_build,exclusion_proof_only_after_build,False,False,False,True,True,False,False,False,5.0,5.0,200000,0,200000,200000,200000,,exclusion_proof_only_after_200k_build_sample_5pct,True,,200K
total_ref_7_exclusion_only_avl.csv,total_ref_7_exclusion_only_avl,5,current,,avlhashtree,exclusion_proof_only_after_300k_build_sample_5pct,300000,300000,0,0,0,,0.0,0.0,0,0,0,0,0,0,0,0,23514192,1567,2257,5679,0,0,0,0.0,0.0,0,0,0,0,1,exclusion_proof_only_after_build,exclusion_proof_only_after_build,False,False,False,True,True,False,False,False,5.0,5.0,300000,0,300000,300000,300000,,exclusion_proof_only_after_300k_build_sample_5pct,True,,300K
total_ref_7_exclusion_only_avl.csv,total_ref_7_exclusion_only_avl,6,current,,avlhashtree,exclusion_proof_only_after_500k_build_sample_5pct,500000,500000,0,0,0,,0.0,0.0,0,0,0,0,0,0,0,0,50829934,2033,2347,6070,0,0,0,0.0,0.0,0,0,0,0,1,exclusion_proof_only_after_build,exclusion_proof_only_after_build,False,False,False,True,True,False,False,False,5.0,5.0,500000,0,500000,500000,500000,,exclusion_proof_only_after_500k_build_sample_5pct,True,,500K
total_ref_7_exclusion_only_avl.csv,total_ref_7_exclusion_only_avl,7,current,,avlhashtree,exclusion_proof_only_after_700k_build_sample_5pct,700000,700000,0,0,0,,0.0,0.0,0,0,0,0,0,0,0,0,58143306,1661,2408,5865,0,0,0,0.0,0.0,0,0,0,0,1,exclusion_proof_only_after_build,exclusion_proof_only_after_build,False,False,False,True,True,False,False,False,5.0,5.0,700000,0,700000,700000,700000,,exclusion_proof_only_after_700k_build_sample_5pct,True,,700K
total_ref_7_exclusion_only_avl.csv,total_ref_7_exclusion_only_avl,8,current,,avlhashtree,exclusion_proof_only_after_900k_build_sample_5pct,900000,900000,0,0,0,,0.0,0.0,0,0,0,0,0,0,0,0,82120112,1824,2452,6062,0,0,0,0.0,0.0,0,0,0,0,1,exclusion_proof_only_after_build,exclusion_proof_only_after_build,False,False,False,True,True,False,False,False,5.0,5.0,900000,0,900000,900000,900000,,exclusion_proof_only_after_900k_build_sample_5pct,True,,900K
total_ref_7_exclusion_only_avl.csv,total_ref_7_exclusion_only_avl,9,current,,avlhashtree,exclusion_proof_only_after_1m_build_sample_5pct,1000000,1000000,0,0,0,,0.0,0.0,0,0,0,0,0,0,0,0,98248912,1964,2469,6484,0,0,0,0.0,0.0,0,0,0,0,1,exclusion_proof_only_after_build,exclusion_proof_only_after_build,False,False,False,True,True,False,False,False,5.0,5.0,1000000,0,1000000,1000000,1000000,,exclusion_proof_only_after_1m_build_sample_5pct,True,,1M
total_ref_7_exclusion_only_avl.csv,total_ref_7_exclusion_only_avl,10,current,,avlhashtree,exclusion_proof_only_after_2m_build_sample_3pct,2000000,2000000,0,0,0,,0.0,0.0,0,0,0,0,0,0,0,0,159278863,2654,2590,8286,0,0,0,0.0,0.0,0,0,0,0,1,exclusion_proof_only_after_build,exclusion_proof_only_after_build,False,False,False,True,True,False,False,False,3.0,3.0,2000000,0,2000000,2000000,2000000,,exclusion_proof_only_after_2m_build_sample_3pct,True,,2M
total_ref_7_exclusion_only_avl.csv,total_ref_7_exclusion_only_avl,11,current,,avlhashtree,exclusion_proof_only_after_5m_build_sample_3pct,5000000,5000000,0,0,0,,0.0,0.0,0,0,0,0,0,0,0,0,461452813,3076,2754,8923,0,0,0,0.0,0.0,0,0,0,0,1,exclusion_proof_only_after_build,exclusion_proof_only_after_build,False,False,False,True,True,False,False,False,3.0,3.0,5000000,0,5000000,5000000,5000000,,exclusion_proof_only_after_5m_build_sample_3pct,True,,5M
total_ref_7_exclusion_only_avl.csv,total_ref_7_exclusion_only_avl,12,current,,avlhashtree,exclusion_proof_only_after_10m_build_sample_2pct,10000000,10000000,0,0,0,,0.0,0.0,0,0,0,0,0,0,0,0,685205621,3426,2871,9376,0,0,0,0.0,0.0,0,0,0,0,1,exclusion_proof_only_after_build,exclusion_proof_only_after_build,False,False,False,True,True,False,False,False,2.0,2.0,10000000,0,10000000,10000000,10000000,,exclusion_proof_only_after_10m_build_sample_2pct,True,,10M
total_ref_7_exclusion_only_avl.csv,total_ref_7_exclusion_only_avl,13,current,,avlhashtree,exclusion_proof_only_after_25m_build_sample_2pct,25000000,25000000,0,0,0,,0.0,0.0,0,0,0,0,0,0,0,0,2093225973,4186,3035,10203,0,0,0,0.0,0.0,0,0,0,0,1,exclusion_proof_only_after_build,exclusion_proof_only_after_build,False,False,False,True,True,False,False,False,2.0,2.0,25000000,0,25000000,25000000,25000000,,exclusion_proof_only_after_25m_build_sample_2pct,True,,25M
total_ref_7_exclusion_only_avl.csv,total_ref_7_exclusion_only_avl,14,current,,avlhashtree,exclusion_proof_only_after_10k_build_sample_5pct,10000,10000,0,0,0,,0.0,0.0,0,0,0,0,0,0,0,0,258947,517,1672,4897,0,0,0,0.0,0.0,0,0,0,0,2,exclusion_proof_only_after_build,exclusion_proof_only_after_build,False,False,False,True,True,False,False,False,5.0,5.0,10000,0,10000,10000,10000,,exclusion_proof_only_after_10k_build_sample_5pct,True,,10K
total_ref_7_exclusion_only_avl.csv,total_ref_7_exclusion_only_avl,15,current,,avlhashtree,exclusion_proof_only_after_50k_build_sample_5pct,50000,50000,0,0,0,,0.0,0.0,0,0,0,0,0,0,0,0,1981660,792,1952,4976,0,0,0,0.0,0.0,0,0,0,0,2,exclusion_proof_only_after_build,exclusion_proof_only_after_build,False,False,False,True,True,False,False,False,5.0,5.0,50000,0,50000,50000,50000,,exclusion_proof_only_after_50k_build_sample_5pct,True,,50K
total_ref_7_exclusion_only_avl.csv,total_ref_7_exclusion_only_avl,16,current,,avlhashtree,exclusion_proof_only_after_100k_build_sample_5pct,100000,100000,0,0,0,,0.0,0.0,0,0,0,0,0,0,0,0,6528682,1305,2069,5529,0,0,0,0.0,0.0,0,0,0,0,2,exclusion_proof_only_after_build,exclusion_proof_only_after_build,False,False,False,True,True,False,False,False,5.0,5.0,100000,0,100000,100000,100000,,exclusion_proof_only_after_100k_build_sample_5pct,True,,100K
total_ref_7_exclusion_only_avl.csv,total_ref_7_exclusion_only_avl,17,current,,avlhashtree,exclusion_proof_only_after_200k_build_sample_5pct,200000,200000,0,0,0,,0.0,0.0,0,0,0,0,0,0,0,0,11663670,1166,2189,5486,0,0,0,0.0,0.0,0,0,0,0,2,exclusion_proof_only_after_build,exclusion_proof_only_after_build,False,False,False,True,True,False,False,False,5.0,5.0,200000,0,200000,200000,200000,,exclusion_proof_only_after_200k_build_sample_5pct,True,,200K
total_ref_7_exclusion_only_avl.csv,total_ref_7_exclusion_only_avl,18,current,,avlhashtree,exclusion_proof_only_after_300k_build_sample_5pct,300000,300000,0,0,0,,0.0,0.0,0,0,0,0,0,0,0,0,21087435,1405,2257,5576,0,0,0,0.0,0.0,0,0,0,0,2,exclusion_proof_only_after_build,exclusion_proof_only_after_build,False,False,False,True,True,False,False,False,5.0,5.0,300000,0,300000,300000,300000,,exclusion_proof_only_after_300k_build_sample_5pct,True,,300K
total_ref_7_exclusion_only_avl.csv,total_ref_7_exclusion_only_avl,19,current,,avlhashtree,exclusion_proof_only_after_500k_build_sample_5pct,500000,500000,0,0,0,,0.0,0.0,0,0,0,0,0,0,0,0,45636668,1825,2347,5836,0,0,0,0.0,0.0,0,0,0,0,2,exclusion_proof_only_after_build,exclusion_proof_only_after_build,False,False,False,True,True,False,False,False,5.0,5.0,500000,0,500000,500000,500000,,exclusion_proof_only_after_500k_build_sample_5pct,True,,500K
total_ref_7_exclusion_only_avl.csv,total_ref_7_exclusion_only_avl,20,current,,avlhashtree,exclusion_proof_only_after_700k_build_sample_5pct,700000,700000,0,0,0,,0.0,0.0,0,0,0,0,0,0,0,0,73264794,2093,2408,6066,0,0,0,0.0,0.0,0,0,0,0,2,exclusion_proof_only_after_build,exclusion_proof_only_after_build,False,False,False,True,True,False,False,False,5.0,5.0,700000,0,700000,700000,700000,,exclusion_proof_only_after_700k_build_sample_5pct,True,,700K
total_ref_7_exclusion_only_avl.csv,total_ref_7_exclusion_only_avl,21,current,,avlhashtree,exclusion_proof_only_after_900k_build_sample_5pct,900000,900000,0,0,0,,0.0,0.0,0,0,0,0,0,0,0,0,85855262,1907,2452,6021,0,0,0,0.0,0.0,0,0,0,0,2,exclusion_proof_only_after_build,exclusion_proof_only_after_build,False,False,False,True,True,False,False,False,5.0,5.0,900000,0,900000,900000,900000,,exclusion_proof_only_after_900k_build_sample_5pct,True,,900K
total_ref_7_exclusion_only_avl.csv,total_ref_7_exclusion_only_avl,22,current,,avlhashtree,exclusion_proof_only_after_1m_build_sample_5pct,1000000,1000000,0,0,0,,0.0,0.0,0,0,0,0,0,0,0,0,101844860,2036,2469,6301,0,0,0,0.0,0.0,0,0,0,0,2,exclusion_proof_only_after_build,exclusion_proof_only_after_build,False,False,False,True,True,False,False,False,5.0,5.0,1000000,0,1000000,1000000,1000000,,exclusion_proof_only_after_1m_build_sample_5pct,True,,1M
total_ref_7_exclusion_only_avl.csv,total_ref_7_exclusion_only_avl,23,current,,avlhashtree,exclusion_proof_only_after_2m_build_sample_3pct,2000000,2000000,0,0,0,,0.0,0.0,0,0,0,0,0,0,0,0,157017581,2616,2590,8144,0,0,0,0.0,0.0,0,0,0,0,2,exclusion_proof_only_after_build,exclusion_proof_only_after_build,False,False,False,True,True,False,False,False,3.0,3.0,2000000,0,2000000,2000000,2000000,,exclusion_proof_only_after_2m_build_sample_3pct,True,,2M
total_ref_7_exclusion_only_avl.csv,total_ref_7_exclusion_only_avl,24,current,,avlhashtree,exclusion_proof_only_after_5m_build_sample_3pct,5000000,5000000,0,0,0,,0.0,0.0,0,0,0,0,0,0,0,0,451824267,3012,2754,8754,0,0,0,0.0,0.0,0,0,0,0,2,exclusion_proof_only_after_build,exclusion_proof_only_after_build,False,False,False,True,True,False,False,False,3.0,3.0,5000000,0,5000000,5000000,5000000,,exclusion_proof_only_after_5m_build_sample_3pct,True,,5M
total_ref_7_exclusion_only_avl.csv,total_ref_7_exclusion_only_avl,25,current,,avlhashtree,exclusion_proof_only_after_10m_build_sample_2pct,10000000,10000000,0,0,0,,0.0,0.0,0,0,0,0,0,0,0,0,688475616,3442,2871,9310,0,0,0,0.0,0.0,0,0,0,0,2,exclusion_proof_only_after_build,exclusion_proof_only_after_build,False,False,False,True,True,False,False,False,2.0,2.0,10000000,0,10000000,10000000,10000000,,exclusion_proof_only_after_10m_build_sample_2pct,True,,10M
total_ref_7_exclusion_only_avl.csv,total_ref_7_exclusion_only_avl,26,current,,avlhashtree,exclusion_proof_only_after_25m_build_sample_2pct,25000000,25000000,0,0,0,,0.0,0.0,0,0,0,0,0,0,0,0,2068700893,4137,3035,10031,0,0,0,0.0,0.0,0,0,0,0,2,exclusion_proof_only_after_build,exclusion_proof_only_after_build,False,False,False,True,True,False,False,False,2.0,2.0,25000000,0,25000000,25000000,25000000,,exclusion_proof_only_after_25m_build_sample_2pct,True,,25M
total_ref_7_exclusion_only_avl.csv,total_ref_7_exclusion_only_avl,27,current,,avlhashtree,exclusion_proof_only_after_10k_build_sample_5pct,10000,10000,0,0,0,,0.0,0.0,0,0,0,0,0,0,0,0,304235,608,1672,5194,0,0,0,0.0,0.0,0,0,0,0,3,exclusion_proof_only_after_build,exclusion_proof_only_after_build,False,False,False,True,True,False,False,False,5.0,5.0,10000,0,10000,10000,10000,,exclusion_proof_only_after_10k_build_sample_5pct,True,,10K
total_ref_7_exclusion_only_avl.csv,total_ref_7_exclusion_only_avl,28,current,,avlhashtree,exclusion_proof_only_after_50k_build_sample_5pct,50000,50000,0,0,0,,0.0,0.0,0,0,0,0,0,0,0,0,1755595,702,1952,4727,0,0,0,0.0,0.0,0,0,0,0,3,exclusion_proof_only_after_build,exclusion_proof_only_after_build,False,False,False,True,True,False,False,False,5.0,5.0,50000,0,50000,50000,50000,,exclusion_proof_only_after_50k_build_sample_5pct,True,,50K
total_ref_7_exclusion_only_avl.csv,total_ref_7_exclusion_only_avl,29,current,,avlhashtree,exclusion_proof_only_after_100k_build_sample_5pct,100000,100000,0,0,0,,0.0,0.0,0,0,0,0,0,0,0,0,6663485,1332,2069,5429,0,0,0,0.0,0.0,0,0,0,0,3,exclusion_proof_only_after_build,exclusion_proof_only_after_build,False,False,False,True,True,False,False,False,5.0,5.0,100000,0,100000,100000,100000,,exclusion_proof_only_after_100k_build_sample_5pct,True,,100K
total_ref_7_exclusion_only_avl.csv,total_ref_7_exclusion_only_avl,30,current,,avlhashtree,exclusion_proof_only_after_200k_build_sample_5pct,200000,200000,0,0,0,,0.0,0.0,0,0,0,0,0,0,0,0,9025279,902,2189,5408,0,0,0,0.0,0.0,0,0,0,0,3,exclusion_proof_only_after_build,exclusion_proof_only_after_build,False,False,False,True,True,False,False,False,5.0,5.0,200000,0,200000,200000,200000,,exclusion_proof_only_after_200k_build_sample_5pct,True,,200K
total_ref_7_exclusion_only_avl.csv,total_ref_7_exclusion_only_avl,31,current,,avlhashtree,exclusion_proof_only_after_300k_build_sample_5pct,300000,300000,0,0,0,,0.0,0.0,0,0,0,0,0,0,0,0,21042287,1402,2257,5613,0,0,0,0.0,0.0,0,0,0,0,3,exclusion_proof_only_after_build,exclusion_proof_only_after_build,False,False,False,True,True,False,False,False,5.0,5.0,300000,0,300000,300000,300000,,exclusion_proof_only_after_300k_build_sample_5pct,True,,300K
total_ref_7_exclusion_only_avl.csv,total_ref_7_exclusion_only_avl,32,current,,avlhashtree,exclusion_proof_only_after_500k_build_sample_5pct,500000,500000,0,0,0,,0.0,0.0,0,0,0,0,0,0,0,0,45577515,1823,2347,5830,0,0,0,0.0,0.0,0,0,0,0,3,exclusion_proof_only_after_build,exclusion_proof_only_after_build,False,False,False,True,True,False,False,False,5.0,5.0,500000,0,500000,500000,500000,,exclusion_proof_only_after_500k_build_sample_5pct,True,,500K
total_ref_7_exclusion_only_avl.csv,total_ref_7_exclusion_only_avl,33,current,,avlhashtree,exclusion_proof_only_after_700k_build_sample_5pct,700000,700000,0,0,0,,0.0,0.0,0,0,0,0,0,0,0,0,57611125,1646,2408,5792,0,0,0,0.0,0.0,0,0,0,0,3,exclusion_proof_only_after_build,exclusion_proof_only_after_build,False,False,False,True,True,False,False,False,5.0,5.0,700000,0,700000,700000,700000,,exclusion_proof_only_after_700k_build_sample_5pct,True,,700K
total_ref_7_exclusion_only_avl.csv,total_ref_7_exclusion_only_avl,34,current,,avlhashtree,exclusion_proof_only_after_900k_build_sample_5pct,900000,900000,0,0,0,,0.0,0.0,0,0,0,0,0,0,0,0,88227766,1960,2452,6637,0,0,0,0.0,0.0,0,0,0,0,3,exclusion_proof_only_after_build,exclusion_proof_only_after_build,False,False,False,True,True,False,False,False,5.0,5.0,900000,0,900000,900000,900000,,exclusion_proof_only_after_900k_build_sample_5pct,True,,900K
total_ref_7_exclusion_only_avl.csv,total_ref_7_exclusion_only_avl,35,current,,avlhashtree,exclusion_proof_only_after_1m_build_sample_5pct,1000000,1000000,0,0,0,,0.0,0.0,0,0,0,0,0,0,0,0,95153918,1903,2469,6251,0,0,0,0.0,0.0,0,0,0,0,3,exclusion_proof_only_after_build,exclusion_proof_only_after_build,False,False,False,True,True,False,False,False,5.0,5.0,1000000,0,1000000,1000000,1000000,,exclusion_proof_only_after_1m_build_sample_5pct,True,,1M
total_ref_7_exclusion_only_avl.csv,total_ref_7_exclusion_only_avl,36,current,,avlhashtree,exclusion_proof_only_after_2m_build_sample_3pct,2000000,2000000,0,0,0,,0.0,0.0,0,0,0,0,0,0,0,0,162719438,2711,2590,8410,0,0,0,0.0,0.0,0,0,0,0,3,exclusion_proof_only_after_build,exclusion_proof_only_after_build,False,False,False,True,True,False,False,False,3.0,3.0,2000000,0,2000000,2000000,2000000,,exclusion_proof_only_after_2m_build_sample_3pct,True,,2M
total_ref_7_exclusion_only_avl.csv,total_ref_7_exclusion_only_avl,37,current,,avlhashtree,exclusion_proof_only_after_5m_build_sample_3pct,5000000,5000000,0,0,0,,0.0,0.0,0,0,0,0,0,0,0,0,458030057,3053,2754,8967,0,0,0,0.0,0.0,0,0,0,0,3,exclusion_proof_only_after_build,exclusion_proof_only_after_build,False,False,False,True,True,False,False,False,3.0,3.0,5000000,0,5000000,5000000,5000000,,exclusion_proof_only_after_5m_build_sample_3pct,True,,5M
total_ref_7_exclusion_only_avl.csv,total_ref_7_exclusion_only_avl,38,current,,avlhashtree,exclusion_proof_only_after_10m_build_sample_2pct,10000000,10000000,0,0,0,,0.0,0.0,0,0,0,0,0,0,0,0,686048543,3430,2871,9528,0,0,0,0.0,0.0,0,0,0,0,3,exclusion_proof_only_after_build,exclusion_proof_only_after_build,False,False,False,True,True,False,False,False,2.0,2.0,10000000,0,10000000,10000000,10000000,,exclusion_proof_only_after_10m_build_sample_2pct,True,,10M
total_ref_7_exclusion_only_avl.csv,total_ref_7_exclusion_only_avl,39,current,,avlhashtree,exclusion_proof_only_after_25m_build_sample_2pct,25000000,25000000,0,0,0,,0.0,0.0,0,0,0,0,0,0,0,0,2078180580,4156,3035,10127,0,0,0,0.0,0.0,0,0,0,0,3,exclusion_proof_only_after_build,exclusion_proof_only_after_build,False,False,False,True,True,False,False,False,2.0,2.0,25000000,0,25000000,25000000,25000000,,exclusion_proof_only_after_25m_build_sample_2pct,True,,25M
total_ref_7_exclusion_only_avl.csv,total_ref_7_exclusion_only_avl,40,current,,avlhashtree,exclusion_proof_only_after_10k_build_sample_5pct,10000,10000,0,0,0,,0.0,0.0,0,0,0,0,0,0,0,0,332758,665,1672,4259,0,0,0,0.0,0.0,0,0,0,0,4,exclusion_proof_only_after_build,exclusion_proof_only_after_build,False,False,False,True,True,False,False,False,5.0,5.0,10000,0,10000,10000,10000,,exclusion_proof_only_after_10k_build_sample_5pct,True,,10K
total_ref_7_exclusion_only_avl.csv,total_ref_7_exclusion_only_avl,41,current,,avlhashtree,exclusion_proof_only_after_50k_build_sample_5pct,50000,50000,0,0,0,,0.0,0.0,0,0,0,0,0,0,0,0,1652026,660,1952,5179,0,0,0,0.0,0.0,0,0,0,0,4,exclusion_proof_only_after_build,exclusion_proof_only_after_build,False,False,False,True,True,False,False,False,5.0,5.0,50000,0,50000,50000,50000,,exclusion_proof_only_after_50k_build_sample_5pct,True,,50K
total_ref_7_exclusion_only_avl.csv,total_ref_7_exclusion_only_avl,42,current,,avlhashtree,exclusion_proof_only_after_100k_build_sample_5pct,100000,100000,0,0,0,,0.0,0.0,0,0,0,0,0,0,0,0,6460631,1292,2069,5342,0,0,0,0.0,0.0,0,0,0,0,4,exclusion_proof_only_after_build,exclusion_proof_only_after_build,False,False,False,True,True,False,False,False,5.0,5.0,100000,0,100000,100000,100000,,exclusion_proof_only_after_100k_build_sample_5pct,True,,100K
total_ref_7_exclusion_only_avl.csv,total_ref_7_exclusion_only_avl,43,current,,avlhashtree,exclusion_proof_only_after_200k_build_sample_5pct,200000,200000,0,0,0,,0.0,0.0,0,0,0,0,0,0,0,0,13122832,1312,2189,5440,0,0,0,0.0,0.0,0,0,0,0,4,exclusion_proof_only_after_build,exclusion_proof_only_after_build,False,False,False,True,True,False,False,False,5.0,5.0,200000,0,200000,200000,200000,,exclusion_proof_only_after_200k_build_sample_5pct,True,,200K
total_ref_7_exclusion_only_avl.csv,total_ref_7_exclusion_only_avl,44,current,,avlhashtree,exclusion_proof_only_after_300k_build_sample_5pct,300000,300000,0,0,0,,0.0,0.0,0,0,0,0,0,0,0,0,20723707,1381,2257,5530,0,0,0,0.0,0.0,0,0,0,0,4,exclusion_proof_only_after_build,exclusion_proof_only_after_build,False,False,False,True,True,False,False,False,5.0,5.0,300000,0,300000,300000,300000,,exclusion_proof_only_after_300k_build_sample_5pct,True,,300K
total_ref_7_exclusion_only_avl.csv,total_ref_7_exclusion_only_avl,45,current,,avlhashtree,exclusion_proof_only_after_500k_build_sample_5pct,500000,500000,0,0,0,,0.0,0.0,0,0,0,0,0,0,0,0,46649557,1865,2347,5970,0,0,0,0.0,0.0,0,0,0,0,4,exclusion_proof_only_after_build,exclusion_proof_only_after_build,False,False,False,True,True,False,False,False,5.0,5.0,500000,0,500000,500000,500000,,exclusion_proof_only_after_500k_build_sample_5pct,True,,500K
total_ref_7_exclusion_only_avl.csv,total_ref_7_exclusion_only_avl,46,current,,avlhashtree,exclusion_proof_only_after_700k_build_sample_5pct,700000,700000,0,0,0,,0.0,0.0,0,0,0,0,0,0,0,0,61274343,1750,2408,5890,0,0,0,0.0,0.0,0,0,0,0,4,exclusion_proof_only_after_build,exclusion_proof_only_after_build,False,False,False,True,True,False,False,False,5.0,5.0,700000,0,700000,700000,700000,,exclusion_proof_only_after_700k_build_sample_5pct,True,,700K
total_ref_7_exclusion_only_avl.csv,total_ref_7_exclusion_only_avl,47,current,,avlhashtree,exclusion_proof_only_after_900k_build_sample_5pct,900000,900000,0,0,0,,0.0,0.0,0,0,0,0,0,0,0,0,83300078,1851,2452,6158,0,0,0,0.0,0.0,0,0,0,0,4,exclusion_proof_only_after_build,exclusion_proof_only_after_build,False,False,False,True,True,False,False,False,5.0,5.0,900000,0,900000,900000,900000,,exclusion_proof_only_after_900k_build_sample_5pct,True,,900K
total_ref_7_exclusion_only_avl.csv,total_ref_7_exclusion_only_avl,48,current,,avlhashtree,exclusion_proof_only_after_1m_build_sample_5pct,1000000,1000000,0,0,0,,0.0,0.0,0,0,0,0,0,0,0,0,97386497,1947,2469,6290,0,0,0,0.0,0.0,0,0,0,0,4,exclusion_proof_only_after_build,exclusion_proof_only_after_build,False,False,False,True,True,False,False,False,5.0,5.0,1000000,0,1000000,1000000,1000000,,exclusion_proof_only_after_1m_build_sample_5pct,True,,1M
total_ref_7_exclusion_only_avl.csv,total_ref_7_exclusion_only_avl,49,current,,avlhashtree,exclusion_proof_only_after_2m_build_sample_3pct,2000000,2000000,0,0,0,,0.0,0.0,0,0,0,0,0,0,0,0,161265870,2687,2590,8276,0,0,0,0.0,0.0,0,0,0,0,4,exclusion_proof_only_after_build,exclusion_proof_only_after_build,False,False,False,True,True,False,False,False,3.0,3.0,2000000,0,2000000,2000000,2000000,,exclusion_proof_only_after_2m_build_sample_3pct,True,,2M
total_ref_7_exclusion_only_avl.csv,total_ref_7_exclusion_only_avl,50,current,,avlhashtree,exclusion_proof_only_after_5m_build_sample_3pct,5000000,5000000,0,0,0,,0.0,0.0,0,0,0,0,0,0,0,0,457615660,3050,2754,8846,0,0,0,0.0,0.0,0,0,0,0,4,exclusion_proof_only_after_build,exclusion_proof_only_after_build,False,False,False,True,True,False,False,False,3.0,3.0,5000000,0,5000000,5000000,5000000,,exclusion_proof_only_after_5m_build_sample_3pct,True,,5M
total_ref_7_exclusion_only_avl.csv,total_ref_7_exclusion_only_avl,51,current,,avlhashtree,exclusion_proof_only_after_10m_build_sample_2pct,10000000,10000000,0,0,0,,0.0,0.0,0,0,0,0,0,0,0,0,699678670,3498,2871,9333,0,0,0,0.0,0.0,0,0,0,0,4,exclusion_proof_only_after_build,exclusion_proof_only_after_build,False,False,False,True,True,False,False,False,2.0,2.0,10000000,0,10000000,10000000,10000000,,exclusion_proof_only_after_10m_build_sample_2pct,True,,10M
total_ref_7_exclusion_only_avl.csv,total_ref_7_exclusion_only_avl,52,current,,avlhashtree,exclusion_proof_only_after_25m_build_sample_2pct,25000000,25000000,0,0,0,,0.0,0.0,0,0,0,0,0,0,0,0,2065797937,4131,3035,10025,0,0,0,0.0,0.0,0,0,0,0,4,exclusion_proof_only_after_build,exclusion_proof_only_after_build,False,False,False,True,True,False,False,False,2.0,2.0,25000000,0,25000000,25000000,25000000,,exclusion_proof_only_after_25m_build_sample_2pct,True,,25M
total_ref_7_exclusion_only_avl.csv,total_ref_7_exclusion_only_avl,53,current,,avlhashtree,exclusion_proof_only_after_10k_build_sample_5pct,10000,10000,0,0,0,,0.0,0.0,0,0,0,0,0,0,0,0,380398,760,1672,4462,0,0,0,0.0,0.0,0,0,0,0,5,exclusion_proof_only_after_build,exclusion_proof_only_after_build,False,False,False,True,True,False,False,False,5.0,5.0,10000,0,10000,10000,10000,,exclusion_proof_only_after_10k_build_sample_5pct,True,,10K
total_ref_7_exclusion_only_avl.csv,total_ref_7_exclusion_only_avl,54,current,,avlhashtree,exclusion_proof_only_after_50k_build_sample_5pct,50000,50000,0,0,0,,0.0,0.0,0,0,0,0,0,0,0,0,1676207,670,1952,4829,0,0,0,0.0,0.0,0,0,0,0,5,exclusion_proof_only_after_build,exclusion_proof_only_after_build,False,False,False,True,True,False,False,False,5.0,5.0,50000,0,50000,50000,50000,,exclusion_proof_only_after_50k_build_sample_5pct,True,,50K
total_ref_7_exclusion_only_avl.csv,total_ref_7_exclusion_only_avl,55,current,,avlhashtree,exclusion_proof_only_after_100k_build_sample_5pct,100000,100000,0,0,0,,0.0,0.0,0,0,0,0,0,0,0,0,3994777,798,2069,5112,0,0,0,0.0,0.0,0,0,0,0,5,exclusion_proof_only_after_build,exclusion_proof_only_after_build,False,False,False,True,True,False,False,False,5.0,5.0,100000,0,100000,100000,100000,,exclusion_proof_only_after_100k_build_sample_5pct,True,,100K
total_ref_7_exclusion_only_avl.csv,total_ref_7_exclusion_only_avl,56,current,,avlhashtree,exclusion_proof_only_after_200k_build_sample_5pct,200000,200000,0,0,0,,0.0,0.0,0,0,0,0,0,0,0,0,12933252,1293,2189,5464,0,0,0,0.0,0.0,0,0,0,0,5,exclusion_proof_only_after_build,exclusion_proof_only_after_build,False,False,False,True,True,False,False,False,5.0,5.0,200000,0,200000,200000,200000,,exclusion_proof_only_after_200k_build_sample_5pct,True,,200K
total_ref_7_exclusion_only_avl.csv,total_ref_7_exclusion_only_avl,57,current,,avlhashtree,exclusion_proof_only_after_300k_build_sample_5pct,300000,300000,0,0,0,,0.0,0.0,0,0,0,0,0,0,0,0,22294304,1486,2257,5465,0,0,0,0.0,0.0,0,0,0,0,5,exclusion_proof_only_after_build,exclusion_proof_only_after_build,False,False,False,True,True,False,False,False,5.0,5.0,300000,0,300000,300000,300000,,exclusion_proof_only_after_300k_build_sample_5pct,True,,300K
total_ref_7_exclusion_only_avl.csv,total_ref_7_exclusion_only_avl,58,current,,avlhashtree,exclusion_proof_only_after_500k_build_sample_5pct,500000,500000,0,0,0,,0.0,0.0,0,0,0,0,0,0,0,0,46194980,1847,2347,5720,0,0,0,0.0,0.0,0,0,0,0,5,exclusion_proof_only_after_build,exclusion_proof_only_after_build,False,False,False,True,True,False,False,False,5.0,5.0,500000,0,500000,500000,500000,,exclusion_proof_only_after_500k_build_sample_5pct,True,,500K
total_ref_7_exclusion_only_avl.csv,total_ref_7_exclusion_only_avl,59,current,,avlhashtree,exclusion_proof_only_after_700k_build_sample_5pct,700000,700000,0,0,0,,0.0,0.0,0,0,0,0,0,0,0,0,64282035,1836,2408,5860,0,0,0,0.0,0.0,0,0,0,0,5,exclusion_proof_only_after_build,exclusion_proof_only_after_build,False,False,False,True,True,False,False,False,5.0,5.0,700000,0,700000,700000,700000,,exclusion_proof_only_after_700k_build_sample_5pct,True,,700K
total_ref_7_exclusion_only_avl.csv,total_ref_7_exclusion_only_avl,60,current,,avlhashtree,exclusion_proof_only_after_900k_build_sample_5pct,900000,900000,0,0,0,,0.0,0.0,0,0,0,0,0,0,0,0,84803754,1884,2452,6358,0,0,0,0.0,0.0,0,0,0,0,5,exclusion_proof_only_after_build,exclusion_proof_only_after_build,False,False,False,True,True,False,False,False,5.0,5.0,900000,0,900000,900000,900000,,exclusion_proof_only_after_900k_build_sample_5pct,True,,900K
total_ref_7_exclusion_only_avl.csv,total_ref_7_exclusion_only_avl,61,current,,avlhashtree,exclusion_proof_only_after_1m_build_sample_5pct,1000000,1000000,0,0,0,,0.0,0.0,0,0,0,0,0,0,0,0,95987533,1919,2469,6262,0,0,0,0.0,0.0,0,0,0,0,5,exclusion_proof_only_after_build,exclusion_proof_only_after_build,False,False,False,True,True,False,False,False,5.0,5.0,1000000,0,1000000,1000000,1000000,,exclusion_proof_only_after_1m_build_sample_5pct,True,,1M
total_ref_7_exclusion_only_avl.csv,total_ref_7_exclusion_only_avl,62,current,,avlhashtree,exclusion_proof_only_after_2m_build_sample_3pct,2000000,2000000,0,0,0,,0.0,0.0,0,0,0,0,0,0,0,0,161975562,2699,2590,8373,0,0,0,0.0,0.0,0,0,0,0,5,exclusion_proof_only_after_build,exclusion_proof_only_after_build,False,False,False,True,True,False,False,False,3.0,3.0,2000000,0,2000000,2000000,2000000,,exclusion_proof_only_after_2m_build_sample_3pct,True,,2M
total_ref_7_exclusion_only_avl.csv,total_ref_7_exclusion_only_avl,63,current,,avlhashtree,exclusion_proof_only_after_5m_build_sample_3pct,5000000,5000000,0,0,0,,0.0,0.0,0,0,0,0,0,0,0,0,454473092,3029,2754,8961,0,0,0,0.0,0.0,0,0,0,0,5,exclusion_proof_only_after_build,exclusion_proof_only_after_build,False,False,False,True,True,False,False,False,3.0,3.0,5000000,0,5000000,5000000,5000000,,exclusion_proof_only_after_5m_build_sample_3pct,True,,5M
total_ref_7_exclusion_only_avl.csv,total_ref_7_exclusion_only_avl,64,current,,avlhashtree,exclusion_proof_only_after_10m_build_sample_2pct,10000000,10000000,0,0,0,,0.0,0.0,0,0,0,0,0,0,0,0,692916698,3464,2871,9420,0,0,0,0.0,0.0,0,0,0,0,5,exclusion_proof_only_after_build,exclusion_proof_only_after_build,False,False,False,True,True,False,False,False,2.0,2.0,10000000,0,10000000,10000000,10000000,,exclusion_proof_only_after_10m_build_sample_2pct,True,,10M
total_ref_7_exclusion_only_avl.csv,total_ref_7_exclusion_only_avl,65,current,,avlhashtree,exclusion_proof_only_after_25m_build_sample_2pct,25000000,25000000,0,0,0,,0.0,0.0,0,0,0,0,0,0,0,0,2046898669,4093,3035,10050,0,0,0,0.0,0.0,0,0,0,0,5,exclusion_proof_only_after_build,exclusion_proof_only_after_build,False,False,False,True,True,False,False,False,2.0,2.0,25000000,0,25000000,25000000,25000000,,exclusion_proof_only_after_25m_build_sample_2pct,True,,25M
total_ref_7_exclusion_only_avl.csv,total_ref_7_exclusion_only_avl,66,current,,avlhashtree,exclusion_proof_only_after_10k_build_sample_5pct,10000,10000,0,0,0,,0.0,0.0,0,0,0,0,0,0,0,0,289367,578,1672,4604,0,0,0,0.0,0.0,0,0,0,0,6,exclusion_proof_only_after_build,exclusion_proof_only_after_build,False,False,False,True,True,False,False,False,5.0,5.0,10000,0,10000,10000,10000,,exclusion_proof_only_after_10k_build_sample_5pct,True,,10K
total_ref_7_exclusion_only_avl.csv,total_ref_7_exclusion_only_avl,67,current,,avlhashtree,exclusion_proof_only_after_50k_build_sample_5pct,50000,50000,0,0,0,,0.0,0.0,0,0,0,0,0,0,0,0,1759969,703,1952,4740,0,0,0,0.0,0.0,0,0,0,0,6,exclusion_proof_only_after_build,exclusion_proof_only_after_build,False,False,False,True,True,False,False,False,5.0,5.0,50000,0,50000,50000,50000,,exclusion_proof_only_after_50k_build_sample_5pct,True,,50K
total_ref_7_exclusion_only_avl.csv,total_ref_7_exclusion_only_avl,68,current,,avlhashtree,exclusion_proof_only_after_100k_build_sample_5pct,100000,100000,0,0,0,,0.0,0.0,0,0,0,0,0,0,0,0,3674027,734,2069,5071,0,0,0,0.0,0.0,0,0,0,0,6,exclusion_proof_only_after_build,exclusion_proof_only_after_build,False,False,False,True,True,False,False,False,5.0,5.0,100000,0,100000,100000,100000,,exclusion_proof_only_after_100k_build_sample_5pct,True,,100K
total_ref_7_exclusion_only_avl.csv,total_ref_7_exclusion_only_avl,69,current,,avlhashtree,exclusion_proof_only_after_200k_build_sample_5pct,200000,200000,0,0,0,,0.0,0.0,0,0,0,0,0,0,0,0,12336581,1233,2189,5390,0,0,0,0.0,0.0,0,0,0,0,6,exclusion_proof_only_after_build,exclusion_proof_only_after_build,False,False,False,True,True,False,False,False,5.0,5.0,200000,0,200000,200000,200000,,exclusion_proof_only_after_200k_build_sample_5pct,True,,200K
total_ref_7_exclusion_only_avl.csv,total_ref_7_exclusion_only_avl,70,current,,avlhashtree,exclusion_proof_only_after_300k_build_sample_5pct,300000,300000,0,0,0,,0.0,0.0,0,0,0,0,0,0,0,0,21072501,1404,2257,5536,0,0,0,0.0,0.0,0,0,0,0,6,exclusion_proof_only_after_build,exclusion_proof_only_after_build,False,False,False,True,True,False,False,False,5.0,5.0,300000,0,300000,300000,300000,,exclusion_proof_only_after_300k_build_sample_5pct,True,,300K
total_ref_7_exclusion_only_avl.csv,total_ref_7_exclusion_only_avl,71,current,,avlhashtree,exclusion_proof_only_after_500k_build_sample_5pct,500000,500000,0,0,0,,0.0,0.0,0,0,0,0,0,0,0,0,44331423,1773,2347,5731,0,0,0,0.0,0.0,0,0,0,0,6,exclusion_proof_only_after_build,exclusion_proof_only_after_build,False,False,False,True,True,False,False,False,5.0,5.0,500000,0,500000,500000,500000,,exclusion_proof_only_after_500k_build_sample_5pct,True,,500K
total_ref_7_exclusion_only_avl.csv,total_ref_7_exclusion_only_avl,72,current,,avlhashtree,exclusion_proof_only_after_700k_build_sample_5pct,700000,700000,0,0,0,,0.0,0.0,0,0,0,0,0,0,0,0,59030555,1686,2408,5962,0,0,0,0.0,0.0,0,0,0,0,6,exclusion_proof_only_after_build,exclusion_proof_only_after_build,False,False,False,True,True,False,False,False,5.0,5.0,700000,0,700000,700000,700000,,exclusion_proof_only_after_700k_build_sample_5pct,True,,700K
total_ref_7_exclusion_only_avl.csv,total_ref_7_exclusion_only_avl,73,current,,avlhashtree,exclusion_proof_only_after_900k_build_sample_5pct,900000,900000,0,0,0,,0.0,0.0,0,0,0,0,0,0,0,0,88383742,1964,2452,6601,0,0,0,0.0,0.0,0,0,0,0,6,exclusion_proof_only_after_build,exclusion_proof_only_after_build,False,False,False,True,True,False,False,False,5.0,5.0,900000,0,900000,900000,900000,,exclusion_proof_only_after_900k_build_sample_5pct,True,,900K
total_ref_7_exclusion_only_avl.csv,total_ref_7_exclusion_only_avl,74,current,,avlhashtree,exclusion_proof_only_after_1m_build_sample_5pct,1000000,1000000,0,0,0,,0.0,0.0,0,0,0,0,0,0,0,0,97818439,1956,2469,6396,0,0,0,0.0,0.0,0,0,0,0,6,exclusion_proof_only_after_build,exclusion_proof_only_after_build,False,False,False,True,True,False,False,False,5.0,5.0,1000000,0,1000000,1000000,1000000,,exclusion_proof_only_after_1m_build_sample_5pct,True,,1M
total_ref_7_exclusion_only_avl.csv,total_ref_7_exclusion_only_avl,75,current,,avlhashtree,exclusion_proof_only_after_2m_build_sample_3pct,2000000,2000000,0,0,0,,0.0,0.0,0,0,0,0,0,0,0,0,160593882,2676,2590,8322,0,0,0,0.0,0.0,0,0,0,0,6,exclusion_proof_only_after_build,exclusion_proof_only_after_build,False,False,False,True,True,False,False,False,3.0,3.0,2000000,0,2000000,2000000,2000000,,exclusion_proof_only_after_2m_build_sample_3pct,True,,2M
total_ref_7_exclusion_only_avl.csv,total_ref_7_exclusion_only_avl,76,current,,avlhashtree,exclusion_proof_only_after_5m_build_sample_3pct,5000000,5000000,0,0,0,,0.0,0.0,0,0,0,0,0,0,0,0,449741328,2998,2754,8888,0,0,0,0.0,0.0,0,0,0,0,6,exclusion_proof_only_after_build,exclusion_proof_only_after_build,False,False,False,True,True,False,False,False,3.0,3.0,5000000,0,5000000,5000000,5000000,,exclusion_proof_only_after_5m_build_sample_3pct,True,,5M
total_ref_7_exclusion_only_avl.csv,total_ref_7_exclusion_only_avl,77,current,,avlhashtree,exclusion_proof_only_after_10m_build_sample_2pct,10000000,10000000,0,0,0,,0.0,0.0,0,0,0,0,0,0,0,0,689309247,3446,2871,9448,0,0,0,0.0,0.0,0,0,0,0,6,exclusion_proof_only_after_build,exclusion_proof_only_after_build,False,False,False,True,True,False,False,False,2.0,2.0,10000000,0,10000000,10000000,10000000,,exclusion_proof_only_after_10m_build_sample_2pct,True,,10M
total_ref_7_exclusion_only_avl.csv,total_ref_7_exclusion_only_avl,78,current,,avlhashtree,exclusion_proof_only_after_25m_build_sample_2pct,25000000,25000000,0,0,0,,0.0,0.0,0,0,0,0,0,0,0,0,2058521765,4117,3035,10056,0,0,0,0.0,0.0,0,0,0,0,6,exclusion_proof_only_after_build,exclusion_proof_only_after_build,False,False,False,True,True,False,False,False,2.0,2.0,25000000,0,25000000,25000000,25000000,,exclusion_proof_only_after_25m_build_sample_2pct,True,,25M
total_ref_7_exclusion_only_avl.csv,total_ref_7_exclusion_only_avl,79,current,,avlhashtree,exclusion_proof_only_after_10k_build_sample_5pct,10000,10000,0,0,0,,0.0,0.0,0,0,0,0,0,0,0,0,334330,668,1672,4605,0,0,0,0.0,0.0,0,0,0,0,7,exclusion_proof_only_after_build,exclusion_proof_only_after_build,False,False,False,True,True,False,False,False,5.0,5.0,10000,0,10000,10000,10000,,exclusion_proof_only_after_10k_build_sample_5pct,True,,10K
total_ref_7_exclusion_only_avl.csv,total_ref_7_exclusion_only_avl,80,current,,avlhashtree,exclusion_proof_only_after_50k_build_sample_5pct,50000,50000,0,0,0,,0.0,0.0,0,0,0,0,0,0,0,0,2155761,862,1952,4932,0,0,0,0.0,0.0,0,0,0,0,7,exclusion_proof_only_after_build,exclusion_proof_only_after_build,False,False,False,True,True,False,False,False,5.0,5.0,50000,0,50000,50000,50000,,exclusion_proof_only_after_50k_build_sample_5pct,True,,50K
total_ref_7_exclusion_only_avl.csv,total_ref_7_exclusion_only_avl,81,current,,avlhashtree,exclusion_proof_only_after_100k_build_sample_5pct,100000,100000,0,0,0,,0.0,0.0,0,0,0,0,0,0,0,0,3347445,669,2069,4950,0,0,0,0.0,0.0,0,0,0,0,7,exclusion_proof_only_after_build,exclusion_proof_only_after_build,False,False,False,True,True,False,False,False,5.0,5.0,100000,0,100000,100000,100000,,exclusion_proof_only_after_100k_build_sample_5pct,True,,100K
total_ref_7_exclusion_only_avl.csv,total_ref_7_exclusion_only_avl,82,current,,avlhashtree,exclusion_proof_only_after_200k_build_sample_5pct,200000,200000,0,0,0,,0.0,0.0,0,0,0,0,0,0,0,0,9731967,973,2189,5345,0,0,0,0.0,0.0,0,0,0,0,7,exclusion_proof_only_after_build,exclusion_proof_only_after_build,False,False,False,True,True,False,False,False,5.0,5.0,200000,0,200000,200000,200000,,exclusion_proof_only_after_200k_build_sample_5pct,True,,200K
total_ref_7_exclusion_only_avl.csv,total_ref_7_exclusion_only_avl,83,current,,avlhashtree,exclusion_proof_only_after_300k_build_sample_5pct,300000,300000,0,0,0,,0.0,0.0,0,0,0,0,0,0,0,0,23767396,1584,2257,6024,0,0,0,0.0,0.0,0,0,0,0,7,exclusion_proof_only_after_build,exclusion_proof_only_after_build,False,False,False,True,True,False,False,False,5.0,5.0,300000,0,300000,300000,300000,,exclusion_proof_only_after_300k_build_sample_5pct,True,,300K
total_ref_7_exclusion_only_avl.csv,total_ref_7_exclusion_only_avl,84,current,,avlhashtree,exclusion_proof_only_after_500k_build_sample_5pct,500000,500000,0,0,0,,0.0,0.0,0,0,0,0,0,0,0,0,54258288,2170,2347,6856,0,0,0,0.0,0.0,0,0,0,0,7,exclusion_proof_only_after_build,exclusion_proof_only_after_build,False,False,False,True,True,False,False,False,5.0,5.0,500000,0,500000,500000,500000,,exclusion_proof_only_after_500k_build_sample_5pct,True,,500K
total_ref_7_exclusion_only_avl.csv,total_ref_7_exclusion_only_avl,85,current,,avlhashtree,exclusion_proof_only_after_700k_build_sample_5pct,700000,700000,0,0,0,,0.0,0.0,0,0,0,0,0,0,0,0,69694331,1991,2408,7012,0,0,0,0.0,0.0,0,0,0,0,7,exclusion_proof_only_after_build,exclusion_proof_only_after_build,False,False,False,True,True,False,False,False,5.0,5.0,700000,0,700000,700000,700000,,exclusion_proof_only_after_700k_build_sample_5pct,True,,700K
total_ref_7_exclusion_only_avl.csv,total_ref_7_exclusion_only_avl,86,current,,avlhashtree,exclusion_proof_only_after_900k_build_sample_5pct,900000,900000,0,0,0,,0.0,0.0,0,0,0,0,0,0,0,0,85666881,1903,2452,6639,0,0,0,0.0,0.0,0,0,0,0,7,exclusion_proof_only_after_build,exclusion_proof_only_after_build,False,False,False,True,True,False,False,False,5.0,5.0,900000,0,900000,900000,900000,,exclusion_proof_only_after_900k_build_sample_5pct,True,,900K
total_ref_7_exclusion_only_avl.csv,total_ref_7_exclusion_only_avl,87,current,,avlhashtree,exclusion_proof_only_after_1m_build_sample_5pct,1000000,1000000,0,0,0,,0.0,0.0,0,0,0,0,0,0,0,0,101607127,2032,2469,6446,0,0,0,0.0,0.0,0,0,0,0,7,exclusion_proof_only_after_build,exclusion_proof_only_after_build,False,False,False,True,True,False,False,False,5.0,5.0,1000000,0,1000000,1000000,1000000,,exclusion_proof_only_after_1m_build_sample_5pct,True,,1M
total_ref_7_exclusion_only_avl.csv,total_ref_7_exclusion_only_avl,88,current,,avlhashtree,exclusion_proof_only_after_2m_build_sample_3pct,2000000,2000000,0,0,0,,0.0,0.0,0,0,0,0,0,0,0,0,156928167,2615,2590,8331,0,0,0,0.0,0.0,0,0,0,0,7,exclusion_proof_only_after_build,exclusion_proof_only_after_build,False,False,False,True,True,False,False,False,3.0,3.0,2000000,0,2000000,2000000,2000000,,exclusion_proof_only_after_2m_build_sample_3pct,True,,2M
total_ref_7_exclusion_only_avl.csv,total_ref_7_exclusion_only_avl,89,current,,avlhashtree,exclusion_proof_only_after_5m_build_sample_3pct,5000000,5000000,0,0,0,,0.0,0.0,0,0,0,0,0,0,0,0,446993287,2979,2754,8998,0,0,0,0.0,0.0,0,0,0,0,7,exclusion_proof_only_after_build,exclusion_proof_only_after_build,False,False,False,True,True,False,False,False,3.0,3.0,5000000,0,5000000,5000000,5000000,,exclusion_proof_only_after_5m_build_sample_3pct,True,,5M
total_ref_7_exclusion_only_avl.csv,total_ref_7_exclusion_only_avl,90,current,,avlhashtree,exclusion_proof_only_after_10m_build_sample_2pct,10000000,10000000,0,0,0,,0.0,0.0,0,0,0,0,0,0,0,0,696595702,3482,2871,9534,0,0,0,0.0,0.0,0,0,0,0,7,exclusion_proof_only_after_build,exclusion_proof_only_after_build,False,False,False,True,True,False,False,False,2.0,2.0,10000000,0,10000000,10000000,10000000,,exclusion_proof_only_after_10m_build_sample_2pct,True,,10M
total_ref_7_exclusion_only_avl.csv,total_ref_7_exclusion_only_avl,91,current,,avlhashtree,exclusion_proof_only_after_25m_build_sample_2pct,25000000,25000000,0,0,0,,0.0,0.0,0,0,0,0,0,0,0,0,2036181213,4072,3035,10010,0,0,0,0.0,0.0,0,0,0,0,7,exclusion_proof_only_after_build,exclusion_proof_only_after_build,False,False,False,True,True,False,False,False,2.0,2.0,25000000,0,25000000,25000000,25000000,,exclusion_proof_only_after_25m_build_sample_2pct,True,,25M
total_ref_7_exclusion_only_avl.csv,total_ref_7_exclusion_only_avl,92,current,,avlhashtree,exclusion_proof_only_after_10k_build_sample_5pct,10000,10000,0,0,0,,0.0,0.0,0,0,0,0,0,0,0,0,724703,1449,1672,4382,0,0,0,0.0,0.0,0,0,0,0,8,exclusion_proof_only_after_build,exclusion_proof_only_after_build,False,False,False,True,True,False,False,False,5.0,5.0,10000,0,10000,10000,10000,,exclusion_proof_only_after_10k_build_sample_5pct,True,,10K
total_ref_7_exclusion_only_avl.csv,total_ref_7_exclusion_only_avl,93,current,,avlhashtree,exclusion_proof_only_after_50k_build_sample_5pct,50000,50000,0,0,0,,0.0,0.0,0,0,0,0,0,0,0,0,2068362,827,1952,5155,0,0,0,0.0,0.0,0,0,0,0,8,exclusion_proof_only_after_build,exclusion_proof_only_after_build,False,False,False,True,True,False,False,False,5.0,5.0,50000,0,50000,50000,50000,,exclusion_proof_only_after_50k_build_sample_5pct,True,,50K
total_ref_7_exclusion_only_avl.csv,total_ref_7_exclusion_only_avl,94,current,,avlhashtree,exclusion_proof_only_after_100k_build_sample_5pct,100000,100000,0,0,0,,0.0,0.0,0,0,0,0,0,0,0,0,3625541,725,2069,5094,0,0,0,0.0,0.0,0,0,0,0,8,exclusion_proof_only_after_build,exclusion_proof_only_after_build,False,False,False,True,True,False,False,False,5.0,5.0,100000,0,100000,100000,100000,,exclusion_proof_only_after_100k_build_sample_5pct,True,,100K
total_ref_7_exclusion_only_avl.csv,total_ref_7_exclusion_only_avl,95,current,,avlhashtree,exclusion_proof_only_after_200k_build_sample_5pct,200000,200000,0,0,0,,0.0,0.0,0,0,0,0,0,0,0,0,12822844,1282,2189,5715,0,0,0,0.0,0.0,0,0,0,0,8,exclusion_proof_only_after_build,exclusion_proof_only_after_build,False,False,False,True,True,False,False,False,5.0,5.0,200000,0,200000,200000,200000,,exclusion_proof_only_after_200k_build_sample_5pct,True,,200K
total_ref_7_exclusion_only_avl.csv,total_ref_7_exclusion_only_avl,96,current,,avlhashtree,exclusion_proof_only_after_300k_build_sample_5pct,300000,300000,0,0,0,,0.0,0.0,0,0,0,0,0,0,0,0,28141060,1876,2257,6598,0,0,0,0.0,0.0,0,0,0,0,8,exclusion_proof_only_after_build,exclusion_proof_only_after_build,False,False,False,True,True,False,False,False,5.0,5.0,300000,0,300000,300000,300000,,exclusion_proof_only_after_300k_build_sample_5pct,True,,300K
total_ref_7_exclusion_only_avl.csv,total_ref_7_exclusion_only_avl,97,current,,avlhashtree,exclusion_proof_only_after_500k_build_sample_5pct,500000,500000,0,0,0,,0.0,0.0,0,0,0,0,0,0,0,0,52292703,2091,2347,6865,0,0,0,0.0,0.0,0,0,0,0,8,exclusion_proof_only_after_build,exclusion_proof_only_after_build,False,False,False,True,True,False,False,False,5.0,5.0,500000,0,500000,500000,500000,,exclusion_proof_only_after_500k_build_sample_5pct,True,,500K
total_ref_7_exclusion_only_avl.csv,total_ref_7_exclusion_only_avl,98,current,,avlhashtree,exclusion_proof_only_after_700k_build_sample_5pct,700000,700000,0,0,0,,0.0,0.0,0,0,0,0,0,0,0,0,75898040,2168,2408,6943,0,0,0,0.0,0.0,0,0,0,0,8,exclusion_proof_only_after_build,exclusion_proof_only_after_build,False,False,False,True,True,False,False,False,5.0,5.0,700000,0,700000,700000,700000,,exclusion_proof_only_after_700k_build_sample_5pct,True,,700K
total_ref_7_exclusion_only_avl.csv,total_ref_7_exclusion_only_avl,99,current,,avlhashtree,exclusion_proof_only_after_900k_build_sample_5pct,900000,900000,0,0,0,,0.0,0.0,0,0,0,0,0,0,0,0,90157986,2003,2452,6820,0,0,0,0.0,0.0,0,0,0,0,8,exclusion_proof_only_after_build,exclusion_proof_only_after_build,False,False,False,True,True,False,False,False,5.0,5.0,900000,0,900000,900000,900000,,exclusion_proof_only_after_900k_build_sample_5pct,True,,900K
total_ref_7_exclusion_only_avl.csv,total_ref_7_exclusion_only_avl,100,current,,avlhashtree,exclusion_proof_only_after_1m_build_sample_5pct,1000000,1000000,0,0,0,,0.0,0.0,0,0,0,0,0,0,0,0,97317407,1946,2469,6456,0,0,0,0.0,0.0,0,0,0,0,8,exclusion_proof_only_after_build,exclusion_proof_only_after_build,False,False,False,True,True,False,False,False,5.0,5.0,1000000,0,1000000,1000000,1000000,,exclusion_proof_only_after_1m_build_sample_5pct,True,,1M
total_ref_7_exclusion_only_avl.csv,total_ref_7_exclusion_only_avl,101,current,,avlhashtree,exclusion_proof_only_after_2m_build_sample_3pct,2000000,2000000,0,0,0,,0.0,0.0,0,0,0,0,0,0,0,0,153317135,2555,2590,8250,0,0,0,0.0,0.0,0,0,0,0,8,exclusion_proof_only_after_build,exclusion_proof_only_after_build,False,False,False,True,True,False,False,False,3.0,3.0,2000000,0,2000000,2000000,2000000,,exclusion_proof_only_after_2m_build_sample_3pct,True,,2M
total_ref_7_exclusion_only_avl.csv,total_ref_7_exclusion_only_avl,102,current,,avlhashtree,exclusion_proof_only_after_5m_build_sample_3pct,5000000,5000000,0,0,0,,0.0,0.0,0,0,0,0,0,0,0,0,440468779,2936,2754,8884,0,0,0,0.0,0.0,0,0,0,0,8,exclusion_proof_only_after_build,exclusion_proof_only_after_build,False,False,False,True,True,False,False,False,3.0,3.0,5000000,0,5000000,5000000,5000000,,exclusion_proof_only_after_5m_build_sample_3pct,True,,5M
total_ref_7_exclusion_only_avl.csv,total_ref_7_exclusion_only_avl,103,current,,avlhashtree,exclusion_proof_only_after_10m_build_sample_2pct,10000000,10000000,0,0,0,,0.0,0.0,0,0,0,0,0,0,0,0,667596294,3337,2871,9359,0,0,0,0.0,0.0,0,0,0,0,8,exclusion_proof_only_after_build,exclusion_proof_only_after_build,False,False,False,True,True,False,False,False,2.0,2.0,10000000,0,10000000,10000000,10000000,,exclusion_proof_only_after_10m_build_sample_2pct,True,,10M
total_ref_7_exclusion_only_avl.csv,total_ref_7_exclusion_only_avl,104,current,,avlhashtree,exclusion_proof_only_after_25m_build_sample_2pct,25000000,25000000,0,0,0,,0.0,0.0,0,0,0,0,0,0,0,0,2080521930,4161,3035,9999,0,0,0,0.0,0.0,0,0,0,0,8,exclusion_proof_only_after_build,exclusion_proof_only_after_build,False,False,False,True,True,False,False,False,2.0,2.0,25000000,0,25000000,25000000,25000000,,exclusion_proof_only_after_25m_build_sample_2pct,True,,25M
total_ref_7_exclusion_only_avl.csv,total_ref_7_exclusion_only_avl,105,current,,avlhashtree,exclusion_proof_only_after_10k_build_sample_5pct,10000,10000,0,0,0,,0.0,0.0,0,0,0,0,0,0,0,0,643042,1286,1672,4202,0,0,0,0.0,0.0,0,0,0,0,9,exclusion_proof_only_after_build,exclusion_proof_only_after_build,False,False,False,True,True,False,False,False,5.0,5.0,10000,0,10000,10000,10000,,exclusion_proof_only_after_10k_build_sample_5pct,True,,10K
total_ref_7_exclusion_only_avl.csv,total_ref_7_exclusion_only_avl,106,current,,avlhashtree,exclusion_proof_only_after_50k_build_sample_5pct,50000,50000,0,0,0,,0.0,0.0,0,0,0,0,0,0,0,0,1995090,798,1952,5050,0,0,0,0.0,0.0,0,0,0,0,9,exclusion_proof_only_after_build,exclusion_proof_only_after_build,False,False,False,True,True,False,False,False,5.0,5.0,50000,0,50000,50000,50000,,exclusion_proof_only_after_50k_build_sample_5pct,True,,50K
total_ref_7_exclusion_only_avl.csv,total_ref_7_exclusion_only_avl,107,current,,avlhashtree,exclusion_proof_only_after_100k_build_sample_5pct,100000,100000,0,0,0,,0.0,0.0,0,0,0,0,0,0,0,0,3795940,759,2069,5134,0,0,0,0.0,0.0,0,0,0,0,9,exclusion_proof_only_after_build,exclusion_proof_only_after_build,False,False,False,True,True,False,False,False,5.0,5.0,100000,0,100000,100000,100000,,exclusion_proof_only_after_100k_build_sample_5pct,True,,100K
total_ref_7_exclusion_only_avl.csv,total_ref_7_exclusion_only_avl,108,current,,avlhashtree,exclusion_proof_only_after_200k_build_sample_5pct,200000,200000,0,0,0,,0.0,0.0,0,0,0,0,0,0,0,0,12242170,1224,2189,5642,0,0,0,0.0,0.0,0,0,0,0,9,exclusion_proof_only_after_build,exclusion_proof_only_after_build,False,False,False,True,True,False,False,False,5.0,5.0,200000,0,200000,200000,200000,,exclusion_proof_only_after_200k_build_sample_5pct,True,,200K
total_ref_7_exclusion_only_avl.csv,total_ref_7_exclusion_only_avl,109,current,,avlhashtree,exclusion_proof_only_after_300k_build_sample_5pct,300000,300000,0,0,0,,0.0,0.0,0,0,0,0,0,0,0,0,22063823,1470,2257,6099,0,0,0,0.0,0.0,0,0,0,0,9,exclusion_proof_only_after_build,exclusion_proof_only_after_build,False,False,False,True,True,False,False,False,5.0,5.0,300000,0,300000,300000,300000,,exclusion_proof_only_after_300k_build_sample_5pct,True,,300K
total_ref_7_exclusion_only_avl.csv,total_ref_7_exclusion_only_avl,110,current,,avlhashtree,exclusion_proof_only_after_500k_build_sample_5pct,500000,500000,0,0,0,,0.0,0.0,0,0,0,0,0,0,0,0,50630838,2025,2347,7055,0,0,0,0.0,0.0,0,0,0,0,9,exclusion_proof_only_after_build,exclusion_proof_only_after_build,False,False,False,True,True,False,False,False,5.0,5.0,500000,0,500000,500000,500000,,exclusion_proof_only_after_500k_build_sample_5pct,True,,500K
total_ref_7_exclusion_only_avl.csv,total_ref_7_exclusion_only_avl,111,current,,avlhashtree,exclusion_proof_only_after_700k_build_sample_5pct,700000,700000,0,0,0,,0.0,0.0,0,0,0,0,0,0,0,0,75896324,2168,2408,6835,0,0,0,0.0,0.0,0,0,0,0,9,exclusion_proof_only_after_build,exclusion_proof_only_after_build,False,False,False,True,True,False,False,False,5.0,5.0,700000,0,700000,700000,700000,,exclusion_proof_only_after_700k_build_sample_5pct,True,,700K
total_ref_7_exclusion_only_avl.csv,total_ref_7_exclusion_only_avl,112,current,,avlhashtree,exclusion_proof_only_after_900k_build_sample_5pct,900000,900000,0,0,0,,0.0,0.0,0,0,0,0,0,0,0,0,87354165,1941,2452,6847,0,0,0,0.0,0.0,0,0,0,0,9,exclusion_proof_only_after_build,exclusion_proof_only_after_build,False,False,False,True,True,False,False,False,5.0,5.0,900000,0,900000,900000,900000,,exclusion_proof_only_after_900k_build_sample_5pct,True,,900K
total_ref_7_exclusion_only_avl.csv,total_ref_7_exclusion_only_avl,113,current,,avlhashtree,exclusion_proof_only_after_1m_build_sample_5pct,1000000,1000000,0,0,0,,0.0,0.0,0,0,0,0,0,0,0,0,100789322,2015,2469,6362,0,0,0,0.0,0.0,0,0,0,0,9,exclusion_proof_only_after_build,exclusion_proof_only_after_build,False,False,False,True,True,False,False,False,5.0,5.0,1000000,0,1000000,1000000,1000000,,exclusion_proof_only_after_1m_build_sample_5pct,True,,1M
total_ref_7_exclusion_only_avl.csv,total_ref_7_exclusion_only_avl,114,current,,avlhashtree,exclusion_proof_only_after_2m_build_sample_3pct,2000000,2000000,0,0,0,,0.0,0.0,0,0,0,0,0,0,0,0,154727070,2578,2590,8618,0,0,0,0.0,0.0,0,0,0,0,9,exclusion_proof_only_after_build,exclusion_proof_only_after_build,False,False,False,True,True,False,False,False,3.0,3.0,2000000,0,2000000,2000000,2000000,,exclusion_proof_only_after_2m_build_sample_3pct,True,,2M
total_ref_7_exclusion_only_avl.csv,total_ref_7_exclusion_only_avl,115,current,,avlhashtree,exclusion_proof_only_after_5m_build_sample_3pct,5000000,5000000,0,0,0,,0.0,0.0,0,0,0,0,0,0,0,0,437294356,2915,2754,8734,0,0,0,0.0,0.0,0,0,0,0,9,exclusion_proof_only_after_build,exclusion_proof_only_after_build,False,False,False,True,True,False,False,False,3.0,3.0,5000000,0,5000000,5000000,5000000,,exclusion_proof_only_after_5m_build_sample_3pct,True,,5M
total_ref_7_exclusion_only_avl.csv,total_ref_7_exclusion_only_avl,116,current,,avlhashtree,exclusion_proof_only_after_10m_build_sample_2pct,10000000,10000000,0,0,0,,0.0,0.0,0,0,0,0,0,0,0,0,688236259,3441,2871,9695,0,0,0,0.0,0.0,0,0,0,0,9,exclusion_proof_only_after_build,exclusion_proof_only_after_build,False,False,False,True,True,False,False,False,2.0,2.0,10000000,0,10000000,10000000,10000000,,exclusion_proof_only_after_10m_build_sample_2pct,True,,10M
total_ref_7_exclusion_only_avl.csv,total_ref_7_exclusion_only_avl,117,current,,avlhashtree,exclusion_proof_only_after_25m_build_sample_2pct,25000000,25000000,0,0,0,,0.0,0.0,0,0,0,0,0,0,0,0,2062897026,4125,3035,9913,0,0,0,0.0,0.0,0,0,0,0,9,exclusion_proof_only_after_build,exclusion_proof_only_after_build,False,False,False,True,True,False,False,False,2.0,2.0,25000000,0,25000000,25000000,25000000,,exclusion_proof_only_after_25m_build_sample_2pct,True,,25M
total_ref_7_exclusion_only_avl.csv,total_ref_7_exclusion_only_avl,118,current,,avlhashtree,exclusion_proof_only_after_10k_build_sample_5pct,10000,10000,0,0,0,,0.0,0.0,0,0,0,0,0,0,0,0,247911,495,1672,3849,0,0,0,0.0,0.0,0,0,0,0,10,exclusion_proof_only_after_build,exclusion_proof_only_after_build,False,False,False,True,True,False,False,False,5.0,5.0,10000,0,10000,10000,10000,,exclusion_proof_only_after_10k_build_sample_5pct,True,,10K
total_ref_7_exclusion_only_avl.csv,total_ref_7_exclusion_only_avl,119,current,,avlhashtree,exclusion_proof_only_after_50k_build_sample_5pct,50000,50000,0,0,0,,0.0,0.0,0,0,0,0,0,0,0,0,1308987,523,1952,4440,0,0,0,0.0,0.0,0,0,0,0,10,exclusion_proof_only_after_build,exclusion_proof_only_after_build,False,False,False,True,True,False,False,False,5.0,5.0,50000,0,50000,50000,50000,,exclusion_proof_only_after_50k_build_sample_5pct,True,,50K
total_ref_7_exclusion_only_avl.csv,total_ref_7_exclusion_only_avl,120,current,,avlhashtree,exclusion_proof_only_after_100k_build_sample_5pct,100000,100000,0,0,0,,0.0,0.0,0,0,0,0,0,0,0,0,3835674,767,2069,5651,0,0,0,0.0,0.0,0,0,0,0,10,exclusion_proof_only_after_build,exclusion_proof_only_after_build,False,False,False,True,True,False,False,False,5.0,5.0,100000,0,100000,100000,100000,,exclusion_proof_only_after_100k_build_sample_5pct,True,,100K
total_ref_7_exclusion_only_avl.csv,total_ref_7_exclusion_only_avl,121,current,,avlhashtree,exclusion_proof_only_after_200k_build_sample_5pct,200000,200000,0,0,0,,0.0,0.0,0,0,0,0,0,0,0,0,9632035,963,2189,5820,0,0,0,0.0,0.0,0,0,0,0,10,exclusion_proof_only_after_build,exclusion_proof_only_after_build,False,False,False,True,True,False,False,False,5.0,5.0,200000,0,200000,200000,200000,,exclusion_proof_only_after_200k_build_sample_5pct,True,,200K
total_ref_7_exclusion_only_avl.csv,total_ref_7_exclusion_only_avl,122,current,,avlhashtree,exclusion_proof_only_after_300k_build_sample_5pct,300000,300000,0,0,0,,0.0,0.0,0,0,0,0,0,0,0,0,18507762,1233,2257,6055,0,0,0,0.0,0.0,0,0,0,0,10,exclusion_proof_only_after_build,exclusion_proof_only_after_build,False,False,False,True,True,False,False,False,5.0,5.0,300000,0,300000,300000,300000,,exclusion_proof_only_after_300k_build_sample_5pct,True,,300K
total_ref_7_exclusion_only_avl.csv,total_ref_7_exclusion_only_avl,123,current,,avlhashtree,exclusion_proof_only_after_500k_build_sample_5pct,500000,500000,0,0,0,,0.0,0.0,0,0,0,0,0,0,0,0,41075530,1643,2347,6223,0,0,0,0.0,0.0,0,0,0,0,10,exclusion_proof_only_after_build,exclusion_proof_only_after_build,False,False,False,True,True,False,False,False,5.0,5.0,500000,0,500000,500000,500000,,exclusion_proof_only_after_500k_build_sample_5pct,True,,500K
total_ref_7_exclusion_only_avl.csv,total_ref_7_exclusion_only_avl,124,current,,avlhashtree,exclusion_proof_only_after_700k_build_sample_5pct,700000,700000,0,0,0,,0.0,0.0,0,0,0,0,0,0,0,0,59630318,1703,2408,6482,0,0,0,0.0,0.0,0,0,0,0,10,exclusion_proof_only_after_build,exclusion_proof_only_after_build,False,False,False,True,True,False,False,False,5.0,5.0,700000,0,700000,700000,700000,,exclusion_proof_only_after_700k_build_sample_5pct,True,,700K
total_ref_7_exclusion_only_avl.csv,total_ref_7_exclusion_only_avl,125,current,,avlhashtree,exclusion_proof_only_after_900k_build_sample_5pct,900000,900000,0,0,0,,0.0,0.0,0,0,0,0,0,0,0,0,92317553,2051,2452,6467,0,0,0,0.0,0.0,0,0,0,0,10,exclusion_proof_only_after_build,exclusion_proof_only_after_build,False,False,False,True,True,False,False,False,5.0,5.0,900000,0,900000,900000,900000,,exclusion_proof_only_after_900k_build_sample_5pct,True,,900K
total_ref_7_exclusion_only_avl.csv,total_ref_7_exclusion_only_avl,126,current,,avlhashtree,exclusion_proof_only_after_1m_build_sample_5pct,1000000,1000000,0,0,0,,0.0,0.0,0,0,0,0,0,0,0,0,100682499,2013,2469,6280,0,0,0,0.0,0.0,0,0,0,0,10,exclusion_proof_only_after_build,exclusion_proof_only_after_build,False,False,False,True,True,False,False,False,5.0,5.0,1000000,0,1000000,1000000,1000000,,exclusion_proof_only_after_1m_build_sample_5pct,True,,1M
total_ref_7_exclusion_only_avl.csv,total_ref_7_exclusion_only_avl,127,current,,avlhashtree,exclusion_proof_only_after_2m_build_sample_3pct,2000000,2000000,0,0,0,,0.0,0.0,0,0,0,0,0,0,0,0,142469292,2374,2590,7873,0,0,0,0.0,0.0,0,0,0,0,10,exclusion_proof_only_after_build,exclusion_proof_only_after_build,False,False,False,True,True,False,False,False,3.0,3.0,2000000,0,2000000,2000000,2000000,,exclusion_proof_only_after_2m_build_sample_3pct,True,,2M
total_ref_7_exclusion_only_avl.csv,total_ref_7_exclusion_only_avl,128,current,,avlhashtree,exclusion_proof_only_after_5m_build_sample_3pct,5000000,5000000,0,0,0,,0.0,0.0,0,0,0,0,0,0,0,0,434562735,2897,2754,8759,0,0,0,0.0,0.0,0,0,0,0,10,exclusion_proof_only_after_build,exclusion_proof_only_after_build,False,False,False,True,True,False,False,False,3.0,3.0,5000000,0,5000000,5000000,5000000,,exclusion_proof_only_after_5m_build_sample_3pct,True,,5M
total_ref_7_exclusion_only_avl.csv,total_ref_7_exclusion_only_avl,129,current,,avlhashtree,exclusion_proof_only_after_10m_build_sample_2pct,10000000,10000000,0,0,0,,0.0,0.0,0,0,0,0,0,0,0,0,663757300,3318,2871,9492,0,0,0,0.0,0.0,0,0,0,0,10,exclusion_proof_only_after_build,exclusion_proof_only_after_build,False,False,False,True,True,False,False,False,2.0,2.0,10000000,0,10000000,10000000,10000000,,exclusion_proof_only_after_10m_build_sample_2pct,True,,10M
total_ref_7_exclusion_only_avl.csv,total_ref_7_exclusion_only_avl,130,current,,avlhashtree,exclusion_proof_only_after_25m_build_sample_2pct,25000000,25000000,0,0,0,,0.0,0.0,0,0,0,0,0,0,0,0,2048074042,4096,3035,10092,0,0,0,0.0,0.0,0,0,0,0,10,exclusion_proof_only_after_build,exclusion_proof_only_after_build,False,False,False,True,True,False,False,False,2.0,2.0,25000000,0,25000000,25000000,25000000,,exclusion_proof_only_after_25m_build_sample_2pct,True,,25M
total_ref_7_exclusion_only_smt.csv,total_ref_7_exclusion_only_smt,1,current,,smt,exclusion_proof_only_after_10k_build_sample_5pct,10000,10000,0,0,0,,0.0,0.0,0,0,0,0,0,0,0,0,1430309,2860,593,7519,0,0,0,0.0,0.0,0,0,0,0,1,exclusion_proof_only_after_build,exclusion_proof_only_after_build,False,False,False,True,True,False,False,False,5.0,5.0,10000,0,10000,10000,10000,,exclusion_proof_only_after_10k_build_sample_5pct,True,,10K
total_ref_7_exclusion_only_smt.csv,total_ref_7_exclusion_only_smt,2,current,,smt,exclusion_proof_only_after_50k_build_sample_5pct,50000,50000,0,0,0,,0.0,0.0,0,0,0,0,0,0,0,0,7129608,2851,681,7774,0,0,0,0.0,0.0,0,0,0,0,1,exclusion_proof_only_after_build,exclusion_proof_only_after_build,False,False,False,True,True,False,False,False,5.0,5.0,50000,0,50000,50000,50000,,exclusion_proof_only_after_50k_build_sample_5pct,True,,50K
total_ref_7_exclusion_only_smt.csv,total_ref_7_exclusion_only_smt,3,current,,smt,exclusion_proof_only_after_100k_build_sample_5pct,100000,100000,0,0,0,,0.0,0.0,0,0,0,0,0,0,0,0,26273231,5254,718,11351,0,0,0,0.0,0.0,0,0,0,0,1,exclusion_proof_only_after_build,exclusion_proof_only_after_build,False,False,False,True,True,False,False,False,5.0,5.0,100000,0,100000,100000,100000,,exclusion_proof_only_after_100k_build_sample_5pct,True,,100K
total_ref_7_exclusion_only_smt.csv,total_ref_7_exclusion_only_smt,4,current,,smt,exclusion_proof_only_after_200k_build_sample_5pct,200000,200000,0,0,0,,0.0,0.0,0,0,0,0,0,0,0,0,54634394,5463,757,11336,0,0,0,0.0,0.0,0,0,0,0,1,exclusion_proof_only_after_build,exclusion_proof_only_after_build,False,False,False,True,True,False,False,False,5.0,5.0,200000,0,200000,200000,200000,,exclusion_proof_only_after_200k_build_sample_5pct,True,,200K
total_ref_7_exclusion_only_smt.csv,total_ref_7_exclusion_only_smt,5,current,,smt,exclusion_proof_only_after_300k_build_sample_5pct,300000,300000,0,0,0,,0.0,0.0,0,0,0,0,0,0,0,0,86239586,5749,779,12331,0,0,0,0.0,0.0,0,0,0,0,1,exclusion_proof_only_after_build,exclusion_proof_only_after_build,False,False,False,True,True,False,False,False,5.0,5.0,300000,0,300000,300000,300000,,exclusion_proof_only_after_300k_build_sample_5pct,True,,300K
total_ref_7_exclusion_only_smt.csv,total_ref_7_exclusion_only_smt,6,current,,smt,exclusion_proof_only_after_500k_build_sample_5pct,500000,500000,0,0,0,,0.0,0.0,0,0,0,0,0,0,0,0,145704610,5828,807,13271,0,0,0,0.0,0.0,0,0,0,0,1,exclusion_proof_only_after_build,exclusion_proof_only_after_build,False,False,False,True,True,False,False,False,5.0,5.0,500000,0,500000,500000,500000,,exclusion_proof_only_after_500k_build_sample_5pct,True,,500K
total_ref_7_exclusion_only_smt.csv,total_ref_7_exclusion_only_smt,7,current,,smt,exclusion_proof_only_after_700k_build_sample_5pct,700000,700000,0,0,0,,0.0,0.0,0,0,0,0,0,0,0,0,217338999,6209,825,12621,0,0,0,0.0,0.0,0,0,0,0,1,exclusion_proof_only_after_build,exclusion_proof_only_after_build,False,False,False,True,True,False,False,False,5.0,5.0,700000,0,700000,700000,700000,,exclusion_proof_only_after_700k_build_sample_5pct,True,,700K
total_ref_7_exclusion_only_smt.csv,total_ref_7_exclusion_only_smt,8,current,,smt,exclusion_proof_only_after_900k_build_sample_5pct,900000,900000,0,0,0,,0.0,0.0,0,0,0,0,0,0,0,0,222752993,4950,839,12553,0,0,0,0.0,0.0,0,0,0,0,1,exclusion_proof_only_after_build,exclusion_proof_only_after_build,False,False,False,True,True,False,False,False,5.0,5.0,900000,0,900000,900000,900000,,exclusion_proof_only_after_900k_build_sample_5pct,True,,900K
total_ref_7_exclusion_only_smt.csv,total_ref_7_exclusion_only_smt,9,current,,smt,exclusion_proof_only_after_1m_build_sample_5pct,1000000,1000000,0,0,0,,0.0,0.0,0,0,0,0,0,0,0,0,234275707,4685,845,12508,0,0,0,0.0,0.0,0,0,0,0,1,exclusion_proof_only_after_build,exclusion_proof_only_after_build,False,False,False,True,True,False,False,False,5.0,5.0,1000000,0,1000000,1000000,1000000,,exclusion_proof_only_after_1m_build_sample_5pct,True,,1M
total_ref_7_exclusion_only_smt.csv,total_ref_7_exclusion_only_smt,10,current,,smt,exclusion_proof_only_after_2m_build_sample_3pct,2000000,2000000,0,0,0,,0.0,0.0,0,0,0,0,0,0,0,0,405328509,6755,883,13249,0,0,0,0.0,0.0,0,0,0,0,1,exclusion_proof_only_after_build,exclusion_proof_only_after_build,False,False,False,True,True,False,False,False,3.0,3.0,2000000,0,2000000,2000000,2000000,,exclusion_proof_only_after_2m_build_sample_3pct,True,,2M
total_ref_7_exclusion_only_smt.csv,total_ref_7_exclusion_only_smt,11,current,,smt,exclusion_proof_only_after_5m_build_sample_3pct,5000000,5000000,0,0,0,,0.0,0.0,0,0,0,0,0,0,0,0,1135271012,7568,933,14893,0,0,0,0.0,0.0,0,0,0,0,1,exclusion_proof_only_after_build,exclusion_proof_only_after_build,False,False,False,True,True,False,False,False,3.0,3.0,5000000,0,5000000,5000000,5000000,,exclusion_proof_only_after_5m_build_sample_3pct,True,,5M
total_ref_7_exclusion_only_smt.csv,total_ref_7_exclusion_only_smt,12,current,,smt,exclusion_proof_only_after_10m_build_sample_2pct,10000000,10000000,0,0,0,,0.0,0.0,0,0,0,0,0,0,0,0,1610085649,8050,971,14466,0,0,0,0.0,0.0,0,0,0,0,1,exclusion_proof_only_after_build,exclusion_proof_only_after_build,False,False,False,True,True,False,False,False,2.0,2.0,10000000,0,10000000,10000000,10000000,,exclusion_proof_only_after_10m_build_sample_2pct,True,,10M
total_ref_7_exclusion_only_smt.csv,total_ref_7_exclusion_only_smt,13,current,,smt,exclusion_proof_only_after_25m_build_sample_2pct,25000000,25000000,0,0,0,,0.0,0.0,0,0,0,0,0,0,0,0,4780006593,9560,1022,17015,0,0,0,0.0,0.0,0,0,0,0,1,exclusion_proof_only_after_build,exclusion_proof_only_after_build,False,False,False,True,True,False,False,False,2.0,2.0,25000000,0,25000000,25000000,25000000,,exclusion_proof_only_after_25m_build_sample_2pct,True,,25M
total_ref_7_exclusion_only_smt.csv,total_ref_7_exclusion_only_smt,14,current,,smt,exclusion_proof_only_after_10k_build_sample_5pct,10000,10000,0,0,0,,0.0,0.0,0,0,0,0,0,0,0,0,1324924,2649,593,6881,0,0,0,0.0,0.0,0,0,0,0,2,exclusion_proof_only_after_build,exclusion_proof_only_after_build,False,False,False,True,True,False,False,False,5.0,5.0,10000,0,10000,10000,10000,,exclusion_proof_only_after_10k_build_sample_5pct,True,,10K
total_ref_7_exclusion_only_smt.csv,total_ref_7_exclusion_only_smt,15,current,,smt,exclusion_proof_only_after_50k_build_sample_5pct,50000,50000,0,0,0,,0.0,0.0,0,0,0,0,0,0,0,0,6525594,2610,681,7555,0,0,0,0.0,0.0,0,0,0,0,2,exclusion_proof_only_after_build,exclusion_proof_only_after_build,False,False,False,True,True,False,False,False,5.0,5.0,50000,0,50000,50000,50000,,exclusion_proof_only_after_50k_build_sample_5pct,True,,50K
total_ref_7_exclusion_only_smt.csv,total_ref_7_exclusion_only_smt,16,current,,smt,exclusion_proof_only_after_100k_build_sample_5pct,100000,100000,0,0,0,,0.0,0.0,0,0,0,0,0,0,0,0,18772602,3754,718,9255,0,0,0,0.0,0.0,0,0,0,0,2,exclusion_proof_only_after_build,exclusion_proof_only_after_build,False,False,False,True,True,False,False,False,5.0,5.0,100000,0,100000,100000,100000,,exclusion_proof_only_after_100k_build_sample_5pct,True,,100K
total_ref_7_exclusion_only_smt.csv,total_ref_7_exclusion_only_smt,17,current,,smt,exclusion_proof_only_after_200k_build_sample_5pct,200000,200000,0,0,0,,0.0,0.0,0,0,0,0,0,0,0,0,39334657,3933,757,9075,0,0,0,0.0,0.0,0,0,0,0,2,exclusion_proof_only_after_build,exclusion_proof_only_after_build,False,False,False,True,True,False,False,False,5.0,5.0,200000,0,200000,200000,200000,,exclusion_proof_only_after_200k_build_sample_5pct,True,,200K
total_ref_7_exclusion_only_smt.csv,total_ref_7_exclusion_only_smt,18,current,,smt,exclusion_proof_only_after_300k_build_sample_5pct,300000,300000,0,0,0,,0.0,0.0,0,0,0,0,0,0,0,0,56725355,3781,779,9663,0,0,0,0.0,0.0,0,0,0,0,2,exclusion_proof_only_after_build,exclusion_proof_only_after_build,False,False,False,True,True,False,False,False,5.0,5.0,300000,0,300000,300000,300000,,exclusion_proof_only_after_300k_build_sample_5pct,True,,300K
total_ref_7_exclusion_only_smt.csv,total_ref_7_exclusion_only_smt,19,current,,smt,exclusion_proof_only_after_500k_build_sample_5pct,500000,500000,0,0,0,,0.0,0.0,0,0,0,0,0,0,0,0,138763241,5550,807,11889,0,0,0,0.0,0.0,0,0,0,0,2,exclusion_proof_only_after_build,exclusion_proof_only_after_build,False,False,False,True,True,False,False,False,5.0,5.0,500000,0,500000,500000,500000,,exclusion_proof_only_after_500k_build_sample_5pct,True,,500K
total_ref_7_exclusion_only_smt.csv,total_ref_7_exclusion_only_smt,20,current,,smt,exclusion_proof_only_after_700k_build_sample_5pct,700000,700000,0,0,0,,0.0,0.0,0,0,0,0,0,0,0,0,192983835,5513,825,11570,0,0,0,0.0,0.0,0,0,0,0,2,exclusion_proof_only_after_build,exclusion_proof_only_after_build,False,False,False,True,True,False,False,False,5.0,5.0,700000,0,700000,700000,700000,,exclusion_proof_only_after_700k_build_sample_5pct,True,,700K
total_ref_7_exclusion_only_smt.csv,total_ref_7_exclusion_only_smt,21,current,,smt,exclusion_proof_only_after_900k_build_sample_5pct,900000,900000,0,0,0,,0.0,0.0,0,0,0,0,0,0,0,0,234669373,5214,839,13191,0,0,0,0.0,0.0,0,0,0,0,2,exclusion_proof_only_after_build,exclusion_proof_only_after_build,False,False,False,True,True,False,False,False,5.0,5.0,900000,0,900000,900000,900000,,exclusion_proof_only_after_900k_build_sample_5pct,True,,900K
total_ref_7_exclusion_only_smt.csv,total_ref_7_exclusion_only_smt,22,current,,smt,exclusion_proof_only_after_1m_build_sample_5pct,1000000,1000000,0,0,0,,0.0,0.0,0,0,0,0,0,0,0,0,214164684,4283,845,11650,0,0,0,0.0,0.0,0,0,0,0,2,exclusion_proof_only_after_build,exclusion_proof_only_after_build,False,False,False,True,True,False,False,False,5.0,5.0,1000000,0,1000000,1000000,1000000,,exclusion_proof_only_after_1m_build_sample_5pct,True,,1M
total_ref_7_exclusion_only_smt.csv,total_ref_7_exclusion_only_smt,23,current,,smt,exclusion_proof_only_after_2m_build_sample_3pct,2000000,2000000,0,0,0,,0.0,0.0,0,0,0,0,0,0,0,0,406327726,6772,883,13140,0,0,0,0.0,0.0,0,0,0,0,2,exclusion_proof_only_after_build,exclusion_proof_only_after_build,False,False,False,True,True,False,False,False,3.0,3.0,2000000,0,2000000,2000000,2000000,,exclusion_proof_only_after_2m_build_sample_3pct,True,,2M
total_ref_7_exclusion_only_smt.csv,total_ref_7_exclusion_only_smt,24,current,,smt,exclusion_proof_only_after_5m_build_sample_3pct,5000000,5000000,0,0,0,,0.0,0.0,0,0,0,0,0,0,0,0,1065097396,7100,933,13704,0,0,0,0.0,0.0,0,0,0,0,2,exclusion_proof_only_after_build,exclusion_proof_only_after_build,False,False,False,True,True,False,False,False,3.0,3.0,5000000,0,5000000,5000000,5000000,,exclusion_proof_only_after_5m_build_sample_3pct,True,,5M
total_ref_7_exclusion_only_smt.csv,total_ref_7_exclusion_only_smt,25,current,,smt,exclusion_proof_only_after_10m_build_sample_2pct,10000000,10000000,0,0,0,,0.0,0.0,0,0,0,0,0,0,0,0,1570930714,7854,971,14194,0,0,0,0.0,0.0,0,0,0,0,2,exclusion_proof_only_after_build,exclusion_proof_only_after_build,False,False,False,True,True,False,False,False,2.0,2.0,10000000,0,10000000,10000000,10000000,,exclusion_proof_only_after_10m_build_sample_2pct,True,,10M
total_ref_7_exclusion_only_smt.csv,total_ref_7_exclusion_only_smt,26,current,,smt,exclusion_proof_only_after_25m_build_sample_2pct,25000000,25000000,0,0,0,,0.0,0.0,0,0,0,0,0,0,0,0,4409318942,8818,1022,15024,0,0,0,0.0,0.0,0,0,0,0,2,exclusion_proof_only_after_build,exclusion_proof_only_after_build,False,False,False,True,True,False,False,False,2.0,2.0,25000000,0,25000000,25000000,25000000,,exclusion_proof_only_after_25m_build_sample_2pct,True,,25M
total_ref_7_exclusion_only_smt.csv,total_ref_7_exclusion_only_smt,27,current,,smt,exclusion_proof_only_after_10k_build_sample_5pct,10000,10000,0,0,0,,0.0,0.0,0,0,0,0,0,0,0,0,1165080,2330,593,8546,0,0,0,0.0,0.0,0,0,0,0,3,exclusion_proof_only_after_build,exclusion_proof_only_after_build,False,False,False,True,True,False,False,False,5.0,5.0,10000,0,10000,10000,10000,,exclusion_proof_only_after_10k_build_sample_5pct,True,,10K
total_ref_7_exclusion_only_smt.csv,total_ref_7_exclusion_only_smt,28,current,,smt,exclusion_proof_only_after_50k_build_sample_5pct,50000,50000,0,0,0,,0.0,0.0,0,0,0,0,0,0,0,0,11255007,4502,681,9526,0,0,0,0.0,0.0,0,0,0,0,3,exclusion_proof_only_after_build,exclusion_proof_only_after_build,False,False,False,True,True,False,False,False,5.0,5.0,50000,0,50000,50000,50000,,exclusion_proof_only_after_50k_build_sample_5pct,True,,50K
total_ref_7_exclusion_only_smt.csv,total_ref_7_exclusion_only_smt,29,current,,smt,exclusion_proof_only_after_100k_build_sample_5pct,100000,100000,0,0,0,,0.0,0.0,0,0,0,0,0,0,0,0,25381471,5076,718,10577,0,0,0,0.0,0.0,0,0,0,0,3,exclusion_proof_only_after_build,exclusion_proof_only_after_build,False,False,False,True,True,False,False,False,5.0,5.0,100000,0,100000,100000,100000,,exclusion_proof_only_after_100k_build_sample_5pct,True,,100K
total_ref_7_exclusion_only_smt.csv,total_ref_7_exclusion_only_smt,30,current,,smt,exclusion_proof_only_after_200k_build_sample_5pct,200000,200000,0,0,0,,0.0,0.0,0,0,0,0,0,0,0,0,57746305,5774,757,11789,0,0,0,0.0,0.0,0,0,0,0,3,exclusion_proof_only_after_build,exclusion_proof_only_after_build,False,False,False,True,True,False,False,False,5.0,5.0,200000,0,200000,200000,200000,,exclusion_proof_only_after_200k_build_sample_5pct,True,,200K
total_ref_7_exclusion_only_smt.csv,total_ref_7_exclusion_only_smt,31,current,,smt,exclusion_proof_only_after_300k_build_sample_5pct,300000,300000,0,0,0,,0.0,0.0,0,0,0,0,0,0,0,0,73189399,4879,779,11741,0,0,0,0.0,0.0,0,0,0,0,3,exclusion_proof_only_after_build,exclusion_proof_only_after_build,False,False,False,True,True,False,False,False,5.0,5.0,300000,0,300000,300000,300000,,exclusion_proof_only_after_300k_build_sample_5pct,True,,300K
total_ref_7_exclusion_only_smt.csv,total_ref_7_exclusion_only_smt,32,current,,smt,exclusion_proof_only_after_500k_build_sample_5pct,500000,500000,0,0,0,,0.0,0.0,0,0,0,0,0,0,0,0,141867744,5674,807,12795,0,0,0,0.0,0.0,0,0,0,0,3,exclusion_proof_only_after_build,exclusion_proof_only_after_build,False,False,False,True,True,False,False,False,5.0,5.0,500000,0,500000,500000,500000,,exclusion_proof_only_after_500k_build_sample_5pct,True,,500K
total_ref_7_exclusion_only_smt.csv,total_ref_7_exclusion_only_smt,33,current,,smt,exclusion_proof_only_after_700k_build_sample_5pct,700000,700000,0,0,0,,0.0,0.0,0,0,0,0,0,0,0,0,189698804,5419,825,12102,0,0,0,0.0,0.0,0,0,0,0,3,exclusion_proof_only_after_build,exclusion_proof_only_after_build,False,False,False,True,True,False,False,False,5.0,5.0,700000,0,700000,700000,700000,,exclusion_proof_only_after_700k_build_sample_5pct,True,,700K
total_ref_7_exclusion_only_smt.csv,total_ref_7_exclusion_only_smt,34,current,,smt,exclusion_proof_only_after_900k_build_sample_5pct,900000,900000,0,0,0,,0.0,0.0,0,0,0,0,0,0,0,0,232508415,5166,839,12977,0,0,0,0.0,0.0,0,0,0,0,3,exclusion_proof_only_after_build,exclusion_proof_only_after_build,False,False,False,True,True,False,False,False,5.0,5.0,900000,0,900000,900000,900000,,exclusion_proof_only_after_900k_build_sample_5pct,True,,900K
total_ref_7_exclusion_only_smt.csv,total_ref_7_exclusion_only_smt,35,current,,smt,exclusion_proof_only_after_1m_build_sample_5pct,1000000,1000000,0,0,0,,0.0,0.0,0,0,0,0,0,0,0,0,226979745,4539,845,12088,0,0,0,0.0,0.0,0,0,0,0,3,exclusion_proof_only_after_build,exclusion_proof_only_after_build,False,False,False,True,True,False,False,False,5.0,5.0,1000000,0,1000000,1000000,1000000,,exclusion_proof_only_after_1m_build_sample_5pct,True,,1M
total_ref_7_exclusion_only_smt.csv,total_ref_7_exclusion_only_smt,36,current,,smt,exclusion_proof_only_after_2m_build_sample_3pct,2000000,2000000,0,0,0,,0.0,0.0,0,0,0,0,0,0,0,0,412162913,6869,883,13207,0,0,0,0.0,0.0,0,0,0,0,3,exclusion_proof_only_after_build,exclusion_proof_only_after_build,False,False,False,True,True,False,False,False,3.0,3.0,2000000,0,2000000,2000000,2000000,,exclusion_proof_only_after_2m_build_sample_3pct,True,,2M
total_ref_7_exclusion_only_smt.csv,total_ref_7_exclusion_only_smt,37,current,,smt,exclusion_proof_only_after_5m_build_sample_3pct,5000000,5000000,0,0,0,,0.0,0.0,0,0,0,0,0,0,0,0,1146909248,7646,933,14646,0,0,0,0.0,0.0,0,0,0,0,3,exclusion_proof_only_after_build,exclusion_proof_only_after_build,False,False,False,True,True,False,False,False,3.0,3.0,5000000,0,5000000,5000000,5000000,,exclusion_proof_only_after_5m_build_sample_3pct,True,,5M
total_ref_7_exclusion_only_smt.csv,total_ref_7_exclusion_only_smt,38,current,,smt,exclusion_proof_only_after_10m_build_sample_2pct,10000000,10000000,0,0,0,,0.0,0.0,0,0,0,0,0,0,0,0,1677065432,8385,971,14943,0,0,0,0.0,0.0,0,0,0,0,3,exclusion_proof_only_after_build,exclusion_proof_only_after_build,False,False,False,True,True,False,False,False,2.0,2.0,10000000,0,10000000,10000000,10000000,,exclusion_proof_only_after_10m_build_sample_2pct,True,,10M
total_ref_7_exclusion_only_smt.csv,total_ref_7_exclusion_only_smt,39,current,,smt,exclusion_proof_only_after_25m_build_sample_2pct,25000000,25000000,0,0,0,,0.0,0.0,0,0,0,0,0,0,0,0,4756867229,9513,1022,16645,0,0,0,0.0,0.0,0,0,0,0,3,exclusion_proof_only_after_build,exclusion_proof_only_after_build,False,False,False,True,True,False,False,False,2.0,2.0,25000000,0,25000000,25000000,25000000,,exclusion_proof_only_after_25m_build_sample_2pct,True,,25M
total_ref_7_exclusion_only_smt.csv,total_ref_7_exclusion_only_smt,40,current,,smt,exclusion_proof_only_after_10k_build_sample_5pct,10000,10000,0,0,0,,0.0,0.0,0,0,0,0,0,0,0,0,1539720,3079,593,8079,0,0,0,0.0,0.0,0,0,0,0,4,exclusion_proof_only_after_build,exclusion_proof_only_after_build,False,False,False,True,True,False,False,False,5.0,5.0,10000,0,10000,10000,10000,,exclusion_proof_only_after_10k_build_sample_5pct,True,,10K
total_ref_7_exclusion_only_smt.csv,total_ref_7_exclusion_only_smt,41,current,,smt,exclusion_proof_only_after_50k_build_sample_5pct,50000,50000,0,0,0,,0.0,0.0,0,0,0,0,0,0,0,0,7188258,2875,681,7907,0,0,0,0.0,0.0,0,0,0,0,4,exclusion_proof_only_after_build,exclusion_proof_only_after_build,False,False,False,True,True,False,False,False,5.0,5.0,50000,0,50000,50000,50000,,exclusion_proof_only_after_50k_build_sample_5pct,True,,50K
total_ref_7_exclusion_only_smt.csv,total_ref_7_exclusion_only_smt,42,current,,smt,exclusion_proof_only_after_100k_build_sample_5pct,100000,100000,0,0,0,,0.0,0.0,0,0,0,0,0,0,0,0,21397221,4279,718,9917,0,0,0,0.0,0.0,0,0,0,0,4,exclusion_proof_only_after_build,exclusion_proof_only_after_build,False,False,False,True,True,False,False,False,5.0,5.0,100000,0,100000,100000,100000,,exclusion_proof_only_after_100k_build_sample_5pct,True,,100K
total_ref_7_exclusion_only_smt.csv,total_ref_7_exclusion_only_smt,43,current,,smt,exclusion_proof_only_after_200k_build_sample_5pct,200000,200000,0,0,0,,0.0,0.0,0,0,0,0,0,0,0,0,44431211,4443,757,10153,0,0,0,0.0,0.0,0,0,0,0,4,exclusion_proof_only_after_build,exclusion_proof_only_after_build,False,False,False,True,True,False,False,False,5.0,5.0,200000,0,200000,200000,200000,,exclusion_proof_only_after_200k_build_sample_5pct,True,,200K
total_ref_7_exclusion_only_smt.csv,total_ref_7_exclusion_only_smt,44,current,,smt,exclusion_proof_only_after_300k_build_sample_5pct,300000,300000,0,0,0,,0.0,0.0,0,0,0,0,0,0,0,0,76670814,5111,779,11445,0,0,0,0.0,0.0,0,0,0,0,4,exclusion_proof_only_after_build,exclusion_proof_only_after_build,False,False,False,True,True,False,False,False,5.0,5.0,300000,0,300000,300000,300000,,exclusion_proof_only_after_300k_build_sample_5pct,True,,300K
total_ref_7_exclusion_only_smt.csv,total_ref_7_exclusion_only_smt,45,current,,smt,exclusion_proof_only_after_500k_build_sample_5pct,500000,500000,0,0,0,,0.0,0.0,0,0,0,0,0,0,0,0,150806900,6032,807,13138,0,0,0,0.0,0.0,0,0,0,0,4,exclusion_proof_only_after_build,exclusion_proof_only_after_build,False,False,False,True,True,False,False,False,5.0,5.0,500000,0,500000,500000,500000,,exclusion_proof_only_after_500k_build_sample_5pct,True,,500K
total_ref_7_exclusion_only_smt.csv,total_ref_7_exclusion_only_smt,46,current,,smt,exclusion_proof_only_after_700k_build_sample_5pct,700000,700000,0,0,0,,0.0,0.0,0,0,0,0,0,0,0,0,202746893,5792,825,12153,0,0,0,0.0,0.0,0,0,0,0,4,exclusion_proof_only_after_build,exclusion_proof_only_after_build,False,False,False,True,True,False,False,False,5.0,5.0,700000,0,700000,700000,700000,,exclusion_proof_only_after_700k_build_sample_5pct,True,,700K
total_ref_7_exclusion_only_smt.csv,total_ref_7_exclusion_only_smt,47,current,,smt,exclusion_proof_only_after_900k_build_sample_5pct,900000,900000,0,0,0,,0.0,0.0,0,0,0,0,0,0,0,0,234860193,5219,839,12747,0,0,0,0.0,0.0,0,0,0,0,4,exclusion_proof_only_after_build,exclusion_proof_only_after_build,False,False,False,True,True,False,False,False,5.0,5.0,900000,0,900000,900000,900000,,exclusion_proof_only_after_900k_build_sample_5pct,True,,900K
total_ref_7_exclusion_only_smt.csv,total_ref_7_exclusion_only_smt,48,current,,smt,exclusion_proof_only_after_1m_build_sample_5pct,1000000,1000000,0,0,0,,0.0,0.0,0,0,0,0,0,0,0,0,237419581,4748,845,12742,0,0,0,0.0,0.0,0,0,0,0,4,exclusion_proof_only_after_build,exclusion_proof_only_after_build,False,False,False,True,True,False,False,False,5.0,5.0,1000000,0,1000000,1000000,1000000,,exclusion_proof_only_after_1m_build_sample_5pct,True,,1M
total_ref_7_exclusion_only_smt.csv,total_ref_7_exclusion_only_smt,49,current,,smt,exclusion_proof_only_after_2m_build_sample_3pct,2000000,2000000,0,0,0,,0.0,0.0,0,0,0,0,0,0,0,0,412093338,6868,883,13385,0,0,0,0.0,0.0,0,0,0,0,4,exclusion_proof_only_after_build,exclusion_proof_only_after_build,False,False,False,True,True,False,False,False,3.0,3.0,2000000,0,2000000,2000000,2000000,,exclusion_proof_only_after_2m_build_sample_3pct,True,,2M
total_ref_7_exclusion_only_smt.csv,total_ref_7_exclusion_only_smt,50,current,,smt,exclusion_proof_only_after_5m_build_sample_3pct,5000000,5000000,0,0,0,,0.0,0.0,0,0,0,0,0,0,0,0,1141371551,7609,933,14529,0,0,0,0.0,0.0,0,0,0,0,4,exclusion_proof_only_after_build,exclusion_proof_only_after_build,False,False,False,True,True,False,False,False,3.0,3.0,5000000,0,5000000,5000000,5000000,,exclusion_proof_only_after_5m_build_sample_3pct,True,,5M
total_ref_7_exclusion_only_smt.csv,total_ref_7_exclusion_only_smt,51,current,,smt,exclusion_proof_only_after_10m_build_sample_2pct,10000000,10000000,0,0,0,,0.0,0.0,0,0,0,0,0,0,0,0,1676088468,8380,971,14834,0,0,0,0.0,0.0,0,0,0,0,4,exclusion_proof_only_after_build,exclusion_proof_only_after_build,False,False,False,True,True,False,False,False,2.0,2.0,10000000,0,10000000,10000000,10000000,,exclusion_proof_only_after_10m_build_sample_2pct,True,,10M
total_ref_7_exclusion_only_smt.csv,total_ref_7_exclusion_only_smt,52,current,,smt,exclusion_proof_only_after_25m_build_sample_2pct,25000000,25000000,0,0,0,,0.0,0.0,0,0,0,0,0,0,0,0,4732999274,9465,1022,16539,0,0,0,0.0,0.0,0,0,0,0,4,exclusion_proof_only_after_build,exclusion_proof_only_after_build,False,False,False,True,True,False,False,False,2.0,2.0,25000000,0,25000000,25000000,25000000,,exclusion_proof_only_after_25m_build_sample_2pct,True,,25M
total_ref_7_exclusion_only_smt.csv,total_ref_7_exclusion_only_smt,53,current,,smt,exclusion_proof_only_after_10k_build_sample_5pct,10000,10000,0,0,0,,0.0,0.0,0,0,0,0,0,0,0,0,1230916,2461,593,8254,0,0,0,0.0,0.0,0,0,0,0,5,exclusion_proof_only_after_build,exclusion_proof_only_after_build,False,False,False,True,True,False,False,False,5.0,5.0,10000,0,10000,10000,10000,,exclusion_proof_only_after_10k_build_sample_5pct,True,,10K
total_ref_7_exclusion_only_smt.csv,total_ref_7_exclusion_only_smt,54,current,,smt,exclusion_proof_only_after_50k_build_sample_5pct,50000,50000,0,0,0,,0.0,0.0,0,0,0,0,0,0,0,0,7224275,2889,681,7670,0,0,0,0.0,0.0,0,0,0,0,5,exclusion_proof_only_after_build,exclusion_proof_only_after_build,False,False,False,True,True,False,False,False,5.0,5.0,50000,0,50000,50000,50000,,exclusion_proof_only_after_50k_build_sample_5pct,True,,50K
total_ref_7_exclusion_only_smt.csv,total_ref_7_exclusion_only_smt,55,current,,smt,exclusion_proof_only_after_100k_build_sample_5pct,100000,100000,0,0,0,,0.0,0.0,0,0,0,0,0,0,0,0,16813474,3362,718,8694,0,0,0,0.0,0.0,0,0,0,0,5,exclusion_proof_only_after_build,exclusion_proof_only_after_build,False,False,False,True,True,False,False,False,5.0,5.0,100000,0,100000,100000,100000,,exclusion_proof_only_after_100k_build_sample_5pct,True,,100K
total_ref_7_exclusion_only_smt.csv,total_ref_7_exclusion_only_smt,56,current,,smt,exclusion_proof_only_after_200k_build_sample_5pct,200000,200000,0,0,0,,0.0,0.0,0,0,0,0,0,0,0,0,41158739,4115,757,10088,0,0,0,0.0,0.0,0,0,0,0,5,exclusion_proof_only_after_build,exclusion_proof_only_after_build,False,False,False,True,True,False,False,False,5.0,5.0,200000,0,200000,200000,200000,,exclusion_proof_only_after_200k_build_sample_5pct,True,,200K
total_ref_7_exclusion_only_smt.csv,total_ref_7_exclusion_only_smt,57,current,,smt,exclusion_proof_only_after_300k_build_sample_5pct,300000,300000,0,0,0,,0.0,0.0,0,0,0,0,0,0,0,0,65494039,4366,779,10853,0,0,0,0.0,0.0,0,0,0,0,5,exclusion_proof_only_after_build,exclusion_proof_only_after_build,False,False,False,True,True,False,False,False,5.0,5.0,300000,0,300000,300000,300000,,exclusion_proof_only_after_300k_build_sample_5pct,True,,300K
total_ref_7_exclusion_only_smt.csv,total_ref_7_exclusion_only_smt,58,current,,smt,exclusion_proof_only_after_500k_build_sample_5pct,500000,500000,0,0,0,,0.0,0.0,0,0,0,0,0,0,0,0,139001308,5560,807,12203,0,0,0,0.0,0.0,0,0,0,0,5,exclusion_proof_only_after_build,exclusion_proof_only_after_build,False,False,False,True,True,False,False,False,5.0,5.0,500000,0,500000,500000,500000,,exclusion_proof_only_after_500k_build_sample_5pct,True,,500K
total_ref_7_exclusion_only_smt.csv,total_ref_7_exclusion_only_smt,59,current,,smt,exclusion_proof_only_after_700k_build_sample_5pct,700000,700000,0,0,0,,0.0,0.0,0,0,0,0,0,0,0,0,199947147,5712,825,12776,0,0,0,0.0,0.0,0,0,0,0,5,exclusion_proof_only_after_build,exclusion_proof_only_after_build,False,False,False,True,True,False,False,False,5.0,5.0,700000,0,700000,700000,700000,,exclusion_proof_only_after_700k_build_sample_5pct,True,,700K
total_ref_7_exclusion_only_smt.csv,total_ref_7_exclusion_only_smt,60,current,,smt,exclusion_proof_only_after_900k_build_sample_5pct,900000,900000,0,0,0,,0.0,0.0,0,0,0,0,0,0,0,0,227446549,5054,839,12711,0,0,0,0.0,0.0,0,0,0,0,5,exclusion_proof_only_after_build,exclusion_proof_only_after_build,False,False,False,True,True,False,False,False,5.0,5.0,900000,0,900000,900000,900000,,exclusion_proof_only_after_900k_build_sample_5pct,True,,900K
total_ref_7_exclusion_only_smt.csv,total_ref_7_exclusion_only_smt,61,current,,smt,exclusion_proof_only_after_1m_build_sample_5pct,1000000,1000000,0,0,0,,0.0,0.0,0,0,0,0,0,0,0,0,220871602,4417,845,12109,0,0,0,0.0,0.0,0,0,0,0,5,exclusion_proof_only_after_build,exclusion_proof_only_after_build,False,False,False,True,True,False,False,False,5.0,5.0,1000000,0,1000000,1000000,1000000,,exclusion_proof_only_after_1m_build_sample_5pct,True,,1M
total_ref_7_exclusion_only_smt.csv,total_ref_7_exclusion_only_smt,62,current,,smt,exclusion_proof_only_after_2m_build_sample_3pct,2000000,2000000,0,0,0,,0.0,0.0,0,0,0,0,0,0,0,0,410669277,6844,883,13372,0,0,0,0.0,0.0,0,0,0,0,5,exclusion_proof_only_after_build,exclusion_proof_only_after_build,False,False,False,True,True,False,False,False,3.0,3.0,2000000,0,2000000,2000000,2000000,,exclusion_proof_only_after_2m_build_sample_3pct,True,,2M
total_ref_7_exclusion_only_smt.csv,total_ref_7_exclusion_only_smt,63,current,,smt,exclusion_proof_only_after_5m_build_sample_3pct,5000000,5000000,0,0,0,,0.0,0.0,0,0,0,0,0,0,0,0,1142134619,7614,933,14605,0,0,0,0.0,0.0,0,0,0,0,5,exclusion_proof_only_after_build,exclusion_proof_only_after_build,False,False,False,True,True,False,False,False,3.0,3.0,5000000,0,5000000,5000000,5000000,,exclusion_proof_only_after_5m_build_sample_3pct,True,,5M
total_ref_7_exclusion_only_smt.csv,total_ref_7_exclusion_only_smt,64,current,,smt,exclusion_proof_only_after_10m_build_sample_2pct,10000000,10000000,0,0,0,,0.0,0.0,0,0,0,0,0,0,0,0,1677736386,8388,971,15054,0,0,0,0.0,0.0,0,0,0,0,5,exclusion_proof_only_after_build,exclusion_proof_only_after_build,False,False,False,True,True,False,False,False,2.0,2.0,10000000,0,10000000,10000000,10000000,,exclusion_proof_only_after_10m_build_sample_2pct,True,,10M
total_ref_7_exclusion_only_smt.csv,total_ref_7_exclusion_only_smt,65,current,,smt,exclusion_proof_only_after_25m_build_sample_2pct,25000000,25000000,0,0,0,,0.0,0.0,0,0,0,0,0,0,0,0,4626354928,9252,1022,16813,0,0,0,0.0,0.0,0,0,0,0,5,exclusion_proof_only_after_build,exclusion_proof_only_after_build,False,False,False,True,True,False,False,False,2.0,2.0,25000000,0,25000000,25000000,25000000,,exclusion_proof_only_after_25m_build_sample_2pct,True,,25M
total_ref_7_exclusion_only_smt.csv,total_ref_7_exclusion_only_smt,66,current,,smt,exclusion_proof_only_after_10k_build_sample_5pct,10000,10000,0,0,0,,0.0,0.0,0,0,0,0,0,0,0,0,1067557,2135,593,7335,0,0,0,0.0,0.0,0,0,0,0,6,exclusion_proof_only_after_build,exclusion_proof_only_after_build,False,False,False,True,True,False,False,False,5.0,5.0,10000,0,10000,10000,10000,,exclusion_proof_only_after_10k_build_sample_5pct,True,,10K
total_ref_7_exclusion_only_smt.csv,total_ref_7_exclusion_only_smt,67,current,,smt,exclusion_proof_only_after_50k_build_sample_5pct,50000,50000,0,0,0,,0.0,0.0,0,0,0,0,0,0,0,0,7242317,2896,681,7993,0,0,0,0.0,0.0,0,0,0,0,6,exclusion_proof_only_after_build,exclusion_proof_only_after_build,False,False,False,True,True,False,False,False,5.0,5.0,50000,0,50000,50000,50000,,exclusion_proof_only_after_50k_build_sample_5pct,True,,50K
total_ref_7_exclusion_only_smt.csv,total_ref_7_exclusion_only_smt,68,current,,smt,exclusion_proof_only_after_100k_build_sample_5pct,100000,100000,0,0,0,,0.0,0.0,0,0,0,0,0,0,0,0,17200556,3440,718,8707,0,0,0,0.0,0.0,0,0,0,0,6,exclusion_proof_only_after_build,exclusion_proof_only_after_build,False,False,False,True,True,False,False,False,5.0,5.0,100000,0,100000,100000,100000,,exclusion_proof_only_after_100k_build_sample_5pct,True,,100K
total_ref_7_exclusion_only_smt.csv,total_ref_7_exclusion_only_smt,69,current,,smt,exclusion_proof_only_after_200k_build_sample_5pct,200000,200000,0,0,0,,0.0,0.0,0,0,0,0,0,0,0,0,41511474,4151,757,9912,0,0,0,0.0,0.0,0,0,0,0,6,exclusion_proof_only_after_build,exclusion_proof_only_after_build,False,False,False,True,True,False,False,False,5.0,5.0,200000,0,200000,200000,200000,,exclusion_proof_only_after_200k_build_sample_5pct,True,,200K
total_ref_7_exclusion_only_smt.csv,total_ref_7_exclusion_only_smt,70,current,,smt,exclusion_proof_only_after_300k_build_sample_5pct,300000,300000,0,0,0,,0.0,0.0,0,0,0,0,0,0,0,0,65455334,4363,779,10868,0,0,0,0.0,0.0,0,0,0,0,6,exclusion_proof_only_after_build,exclusion_proof_only_after_build,False,False,False,True,True,False,False,False,5.0,5.0,300000,0,300000,300000,300000,,exclusion_proof_only_after_300k_build_sample_5pct,True,,300K
total_ref_7_exclusion_only_smt.csv,total_ref_7_exclusion_only_smt,71,current,,smt,exclusion_proof_only_after_500k_build_sample_5pct,500000,500000,0,0,0,,0.0,0.0,0,0,0,0,0,0,0,0,168813296,6752,807,12975,0,0,0,0.0,0.0,0,0,0,0,6,exclusion_proof_only_after_build,exclusion_proof_only_after_build,False,False,False,True,True,False,False,False,5.0,5.0,500000,0,500000,500000,500000,,exclusion_proof_only_after_500k_build_sample_5pct,True,,500K
total_ref_7_exclusion_only_smt.csv,total_ref_7_exclusion_only_smt,72,current,,smt,exclusion_proof_only_after_700k_build_sample_5pct,700000,700000,0,0,0,,0.0,0.0,0,0,0,0,0,0,0,0,199101337,5688,825,12245,0,0,0,0.0,0.0,0,0,0,0,6,exclusion_proof_only_after_build,exclusion_proof_only_after_build,False,False,False,True,True,False,False,False,5.0,5.0,700000,0,700000,700000,700000,,exclusion_proof_only_after_700k_build_sample_5pct,True,,700K
total_ref_7_exclusion_only_smt.csv,total_ref_7_exclusion_only_smt,73,current,,smt,exclusion_proof_only_after_900k_build_sample_5pct,900000,900000,0,0,0,,0.0,0.0,0,0,0,0,0,0,0,0,227842459,5063,839,12637,0,0,0,0.0,0.0,0,0,0,0,6,exclusion_proof_only_after_build,exclusion_proof_only_after_build,False,False,False,True,True,False,False,False,5.0,5.0,900000,0,900000,900000,900000,,exclusion_proof_only_after_900k_build_sample_5pct,True,,900K
total_ref_7_exclusion_only_smt.csv,total_ref_7_exclusion_only_smt,74,current,,smt,exclusion_proof_only_after_1m_build_sample_5pct,1000000,1000000,0,0,0,,0.0,0.0,0,0,0,0,0,0,0,0,230818865,4616,845,12192,0,0,0,0.0,0.0,0,0,0,0,6,exclusion_proof_only_after_build,exclusion_proof_only_after_build,False,False,False,True,True,False,False,False,5.0,5.0,1000000,0,1000000,1000000,1000000,,exclusion_proof_only_after_1m_build_sample_5pct,True,,1M
total_ref_7_exclusion_only_smt.csv,total_ref_7_exclusion_only_smt,75,current,,smt,exclusion_proof_only_after_2m_build_sample_3pct,2000000,2000000,0,0,0,,0.0,0.0,0,0,0,0,0,0,0,0,416638446,6943,883,13541,0,0,0,0.0,0.0,0,0,0,0,6,exclusion_proof_only_after_build,exclusion_proof_only_after_build,False,False,False,True,True,False,False,False,3.0,3.0,2000000,0,2000000,2000000,2000000,,exclusion_proof_only_after_2m_build_sample_3pct,True,,2M
total_ref_7_exclusion_only_smt.csv,total_ref_7_exclusion_only_smt,76,current,,smt,exclusion_proof_only_after_5m_build_sample_3pct,5000000,5000000,0,0,0,,0.0,0.0,0,0,0,0,0,0,0,0,1134685976,7564,933,14752,0,0,0,0.0,0.0,0,0,0,0,6,exclusion_proof_only_after_build,exclusion_proof_only_after_build,False,False,False,True,True,False,False,False,3.0,3.0,5000000,0,5000000,5000000,5000000,,exclusion_proof_only_after_5m_build_sample_3pct,True,,5M
total_ref_7_exclusion_only_smt.csv,total_ref_7_exclusion_only_smt,77,current,,smt,exclusion_proof_only_after_10m_build_sample_2pct,10000000,10000000,0,0,0,,0.0,0.0,0,0,0,0,0,0,0,0,1671797261,8358,971,14940,0,0,0,0.0,0.0,0,0,0,0,6,exclusion_proof_only_after_build,exclusion_proof_only_after_build,False,False,False,True,True,False,False,False,2.0,2.0,10000000,0,10000000,10000000,10000000,,exclusion_proof_only_after_10m_build_sample_2pct,True,,10M
total_ref_7_exclusion_only_smt.csv,total_ref_7_exclusion_only_smt,78,current,,smt,exclusion_proof_only_after_25m_build_sample_2pct,25000000,25000000,0,0,0,,0.0,0.0,0,0,0,0,0,0,0,0,4706002089,9412,1022,17072,0,0,0,0.0,0.0,0,0,0,0,6,exclusion_proof_only_after_build,exclusion_proof_only_after_build,False,False,False,True,True,False,False,False,2.0,2.0,25000000,0,25000000,25000000,25000000,,exclusion_proof_only_after_25m_build_sample_2pct,True,,25M
total_ref_7_exclusion_only_smt.csv,total_ref_7_exclusion_only_smt,79,current,,smt,exclusion_proof_only_after_10k_build_sample_5pct,10000,10000,0,0,0,,0.0,0.0,0,0,0,0,0,0,0,0,1341242,2682,593,7204,0,0,0,0.0,0.0,0,0,0,0,7,exclusion_proof_only_after_build,exclusion_proof_only_after_build,False,False,False,True,True,False,False,False,5.0,5.0,10000,0,10000,10000,10000,,exclusion_proof_only_after_10k_build_sample_5pct,True,,10K
total_ref_7_exclusion_only_smt.csv,total_ref_7_exclusion_only_smt,80,current,,smt,exclusion_proof_only_after_50k_build_sample_5pct,50000,50000,0,0,0,,0.0,0.0,0,0,0,0,0,0,0,0,6949837,2779,681,11852,0,0,0,0.0,0.0,0,0,0,0,7,exclusion_proof_only_after_build,exclusion_proof_only_after_build,False,False,False,True,True,False,False,False,5.0,5.0,50000,0,50000,50000,50000,,exclusion_proof_only_after_50k_build_sample_5pct,True,,50K
total_ref_7_exclusion_only_smt.csv,total_ref_7_exclusion_only_smt,81,current,,smt,exclusion_proof_only_after_100k_build_sample_5pct,100000,100000,0,0,0,,0.0,0.0,0,0,0,0,0,0,0,0,17842708,3568,718,9012,0,0,0,0.0,0.0,0,0,0,0,7,exclusion_proof_only_after_build,exclusion_proof_only_after_build,False,False,False,True,True,False,False,False,5.0,5.0,100000,0,100000,100000,100000,,exclusion_proof_only_after_100k_build_sample_5pct,True,,100K
total_ref_7_exclusion_only_smt.csv,total_ref_7_exclusion_only_smt,82,current,,smt,exclusion_proof_only_after_200k_build_sample_5pct,200000,200000,0,0,0,,0.0,0.0,0,0,0,0,0,0,0,0,46889407,4688,757,10727,0,0,0,0.0,0.0,0,0,0,0,7,exclusion_proof_only_after_build,exclusion_proof_only_after_build,False,False,False,True,True,False,False,False,5.0,5.0,200000,0,200000,200000,200000,,exclusion_proof_only_after_200k_build_sample_5pct,True,,200K
total_ref_7_exclusion_only_smt.csv,total_ref_7_exclusion_only_smt,83,current,,smt,exclusion_proof_only_after_300k_build_sample_5pct,300000,300000,0,0,0,,0.0,0.0,0,0,0,0,0,0,0,0,79860357,5324,779,12086,0,0,0,0.0,0.0,0,0,0,0,7,exclusion_proof_only_after_build,exclusion_proof_only_after_build,False,False,False,True,True,False,False,False,5.0,5.0,300000,0,300000,300000,300000,,exclusion_proof_only_after_300k_build_sample_5pct,True,,300K
total_ref_7_exclusion_only_smt.csv,total_ref_7_exclusion_only_smt,84,current,,smt,exclusion_proof_only_after_500k_build_sample_5pct,500000,500000,0,0,0,,0.0,0.0,0,0,0,0,0,0,0,0,279266333,11170,807,17004,0,0,0,0.0,0.0,0,0,0,0,7,exclusion_proof_only_after_build,exclusion_proof_only_after_build,False,False,False,True,True,False,False,False,5.0,5.0,500000,0,500000,500000,500000,,exclusion_proof_only_after_500k_build_sample_5pct,True,,500K
total_ref_7_exclusion_only_smt.csv,total_ref_7_exclusion_only_smt,85,current,,smt,exclusion_proof_only_after_700k_build_sample_5pct,700000,700000,0,0,0,,0.0,0.0,0,0,0,0,0,0,0,0,254407819,7268,825,16016,0,0,0,0.0,0.0,0,0,0,0,7,exclusion_proof_only_after_build,exclusion_proof_only_after_build,False,False,False,True,True,False,False,False,5.0,5.0,700000,0,700000,700000,700000,,exclusion_proof_only_after_700k_build_sample_5pct,True,,700K
total_ref_7_exclusion_only_smt.csv,total_ref_7_exclusion_only_smt,86,current,,smt,exclusion_proof_only_after_900k_build_sample_5pct,900000,900000,0,0,0,,0.0,0.0,0,0,0,0,0,0,0,0,220417944,4898,839,12557,0,0,0,0.0,0.0,0,0,0,0,7,exclusion_proof_only_after_build,exclusion_proof_only_after_build,False,False,False,True,True,False,False,False,5.0,5.0,900000,0,900000,900000,900000,,exclusion_proof_only_after_900k_build_sample_5pct,True,,900K
total_ref_7_exclusion_only_smt.csv,total_ref_7_exclusion_only_smt,87,current,,smt,exclusion_proof_only_after_1m_build_sample_5pct,1000000,1000000,0,0,0,,0.0,0.0,0,0,0,0,0,0,0,0,224519232,4490,845,12170,0,0,0,0.0,0.0,0,0,0,0,7,exclusion_proof_only_after_build,exclusion_proof_only_after_build,False,False,False,True,True,False,False,False,5.0,5.0,1000000,0,1000000,1000000,1000000,,exclusion_proof_only_after_1m_build_sample_5pct,True,,1M
total_ref_7_exclusion_only_smt.csv,total_ref_7_exclusion_only_smt,88,current,,smt,exclusion_proof_only_after_2m_build_sample_3pct,2000000,2000000,0,0,0,,0.0,0.0,0,0,0,0,0,0,0,0,410529206,6842,883,13370,0,0,0,0.0,0.0,0,0,0,0,7,exclusion_proof_only_after_build,exclusion_proof_only_after_build,False,False,False,True,True,False,False,False,3.0,3.0,2000000,0,2000000,2000000,2000000,,exclusion_proof_only_after_2m_build_sample_3pct,True,,2M
total_ref_7_exclusion_only_smt.csv,total_ref_7_exclusion_only_smt,89,current,,smt,exclusion_proof_only_after_5m_build_sample_3pct,5000000,5000000,0,0,0,,0.0,0.0,0,0,0,0,0,0,0,0,1121170640,7474,933,14774,0,0,0,0.0,0.0,0,0,0,0,7,exclusion_proof_only_after_build,exclusion_proof_only_after_build,False,False,False,True,True,False,False,False,3.0,3.0,5000000,0,5000000,5000000,5000000,,exclusion_proof_only_after_5m_build_sample_3pct,True,,5M
total_ref_7_exclusion_only_smt.csv,total_ref_7_exclusion_only_smt,90,current,,smt,exclusion_proof_only_after_10m_build_sample_2pct,10000000,10000000,0,0,0,,0.0,0.0,0,0,0,0,0,0,0,0,1668725366,8343,971,15038,0,0,0,0.0,0.0,0,0,0,0,7,exclusion_proof_only_after_build,exclusion_proof_only_after_build,False,False,False,True,True,False,False,False,2.0,2.0,10000000,0,10000000,10000000,10000000,,exclusion_proof_only_after_10m_build_sample_2pct,True,,10M
total_ref_7_exclusion_only_smt.csv,total_ref_7_exclusion_only_smt,91,current,,smt,exclusion_proof_only_after_25m_build_sample_2pct,25000000,25000000,0,0,0,,0.0,0.0,0,0,0,0,0,0,0,0,4699735518,9399,1022,16524,0,0,0,0.0,0.0,0,0,0,0,7,exclusion_proof_only_after_build,exclusion_proof_only_after_build,False,False,False,True,True,False,False,False,2.0,2.0,25000000,0,25000000,25000000,25000000,,exclusion_proof_only_after_25m_build_sample_2pct,True,,25M
total_ref_7_exclusion_only_smt.csv,total_ref_7_exclusion_only_smt,92,current,,smt,exclusion_proof_only_after_10k_build_sample_5pct,10000,10000,0,0,0,,0.0,0.0,0,0,0,0,0,0,0,0,1197998,2395,593,6924,0,0,0,0.0,0.0,0,0,0,0,8,exclusion_proof_only_after_build,exclusion_proof_only_after_build,False,False,False,True,True,False,False,False,5.0,5.0,10000,0,10000,10000,10000,,exclusion_proof_only_after_10k_build_sample_5pct,True,,10K
total_ref_7_exclusion_only_smt.csv,total_ref_7_exclusion_only_smt,93,current,,smt,exclusion_proof_only_after_50k_build_sample_5pct,50000,50000,0,0,0,,0.0,0.0,0,0,0,0,0,0,0,0,6994774,2797,681,7719,0,0,0,0.0,0.0,0,0,0,0,8,exclusion_proof_only_after_build,exclusion_proof_only_after_build,False,False,False,True,True,False,False,False,5.0,5.0,50000,0,50000,50000,50000,,exclusion_proof_only_after_50k_build_sample_5pct,True,,50K
total_ref_7_exclusion_only_smt.csv,total_ref_7_exclusion_only_smt,94,current,,smt,exclusion_proof_only_after_100k_build_sample_5pct,100000,100000,0,0,0,,0.0,0.0,0,0,0,0,0,0,0,0,19698627,3939,718,9433,0,0,0,0.0,0.0,0,0,0,0,8,exclusion_proof_only_after_build,exclusion_proof_only_after_build,False,False,False,True,True,False,False,False,5.0,5.0,100000,0,100000,100000,100000,,exclusion_proof_only_after_100k_build_sample_5pct,True,,100K
total_ref_7_exclusion_only_smt.csv,total_ref_7_exclusion_only_smt,95,current,,smt,exclusion_proof_only_after_200k_build_sample_5pct,200000,200000,0,0,0,,0.0,0.0,0,0,0,0,0,0,0,0,37105990,3710,757,9302,0,0,0,0.0,0.0,0,0,0,0,8,exclusion_proof_only_after_build,exclusion_proof_only_after_build,False,False,False,True,True,False,False,False,5.0,5.0,200000,0,200000,200000,200000,,exclusion_proof_only_after_200k_build_sample_5pct,True,,200K
total_ref_7_exclusion_only_smt.csv,total_ref_7_exclusion_only_smt,96,current,,smt,exclusion_proof_only_after_300k_build_sample_5pct,300000,300000,0,0,0,,0.0,0.0,0,0,0,0,0,0,0,0,61996453,4133,779,10450,0,0,0,0.0,0.0,0,0,0,0,8,exclusion_proof_only_after_build,exclusion_proof_only_after_build,False,False,False,True,True,False,False,False,5.0,5.0,300000,0,300000,300000,300000,,exclusion_proof_only_after_300k_build_sample_5pct,True,,300K
total_ref_7_exclusion_only_smt.csv,total_ref_7_exclusion_only_smt,97,current,,smt,exclusion_proof_only_after_500k_build_sample_5pct,500000,500000,0,0,0,,0.0,0.0,0,0,0,0,0,0,0,0,121289009,4851,807,11525,0,0,0,0.0,0.0,0,0,0,0,8,exclusion_proof_only_after_build,exclusion_proof_only_after_build,False,False,False,True,True,False,False,False,5.0,5.0,500000,0,500000,500000,500000,,exclusion_proof_only_after_500k_build_sample_5pct,True,,500K
total_ref_7_exclusion_only_smt.csv,total_ref_7_exclusion_only_smt,98,current,,smt,exclusion_proof_only_after_700k_build_sample_5pct,700000,700000,0,0,0,,0.0,0.0,0,0,0,0,0,0,0,0,188940462,5398,825,11691,0,0,0,0.0,0.0,0,0,0,0,8,exclusion_proof_only_after_build,exclusion_proof_only_after_build,False,False,False,True,True,False,False,False,5.0,5.0,700000,0,700000,700000,700000,,exclusion_proof_only_after_700k_build_sample_5pct,True,,700K
total_ref_7_exclusion_only_smt.csv,total_ref_7_exclusion_only_smt,99,current,,smt,exclusion_proof_only_after_900k_build_sample_5pct,900000,900000,0,0,0,,0.0,0.0,0,0,0,0,0,0,0,0,238977509,5310,839,12959,0,0,0,0.0,0.0,0,0,0,0,8,exclusion_proof_only_after_build,exclusion_proof_only_after_build,False,False,False,True,True,False,False,False,5.0,5.0,900000,0,900000,900000,900000,,exclusion_proof_only_after_900k_build_sample_5pct,True,,900K
total_ref_7_exclusion_only_smt.csv,total_ref_7_exclusion_only_smt,100,current,,smt,exclusion_proof_only_after_1m_build_sample_5pct,1000000,1000000,0,0,0,,0.0,0.0,0,0,0,0,0,0,0,0,223594990,4471,845,12005,0,0,0,0.0,0.0,0,0,0,0,8,exclusion_proof_only_after_build,exclusion_proof_only_after_build,False,False,False,True,True,False,False,False,5.0,5.0,1000000,0,1000000,1000000,1000000,,exclusion_proof_only_after_1m_build_sample_5pct,True,,1M
total_ref_7_exclusion_only_smt.csv,total_ref_7_exclusion_only_smt,101,current,,smt,exclusion_proof_only_after_2m_build_sample_3pct,2000000,2000000,0,0,0,,0.0,0.0,0,0,0,0,0,0,0,0,422928741,7048,883,13180,0,0,0,0.0,0.0,0,0,0,0,8,exclusion_proof_only_after_build,exclusion_proof_only_after_build,False,False,False,True,True,False,False,False,3.0,3.0,2000000,0,2000000,2000000,2000000,,exclusion_proof_only_after_2m_build_sample_3pct,True,,2M
total_ref_7_exclusion_only_smt.csv,total_ref_7_exclusion_only_smt,102,current,,smt,exclusion_proof_only_after_5m_build_sample_3pct,5000000,5000000,0,0,0,,0.0,0.0,0,0,0,0,0,0,0,0,1138657013,7591,933,14641,0,0,0,0.0,0.0,0,0,0,0,8,exclusion_proof_only_after_build,exclusion_proof_only_after_build,False,False,False,True,True,False,False,False,3.0,3.0,5000000,0,5000000,5000000,5000000,,exclusion_proof_only_after_5m_build_sample_3pct,True,,5M
total_ref_7_exclusion_only_smt.csv,total_ref_7_exclusion_only_smt,103,current,,smt,exclusion_proof_only_after_10m_build_sample_2pct,10000000,10000000,0,0,0,,0.0,0.0,0,0,0,0,0,0,0,0,1524931061,7624,971,13761,0,0,0,0.0,0.0,0,0,0,0,8,exclusion_proof_only_after_build,exclusion_proof_only_after_build,False,False,False,True,True,False,False,False,2.0,2.0,10000000,0,10000000,10000000,10000000,,exclusion_proof_only_after_10m_build_sample_2pct,True,,10M
total_ref_7_exclusion_only_smt.csv,total_ref_7_exclusion_only_smt,104,current,,smt,exclusion_proof_only_after_25m_build_sample_2pct,25000000,25000000,0,0,0,,0.0,0.0,0,0,0,0,0,0,0,0,4476145133,8952,1022,16192,0,0,0,0.0,0.0,0,0,0,0,8,exclusion_proof_only_after_build,exclusion_proof_only_after_build,False,False,False,True,True,False,False,False,2.0,2.0,25000000,0,25000000,25000000,25000000,,exclusion_proof_only_after_25m_build_sample_2pct,True,,25M
total_ref_7_exclusion_only_smt.csv,total_ref_7_exclusion_only_smt,105,current,,smt,exclusion_proof_only_after_10k_build_sample_5pct,10000,10000,0,0,0,,0.0,0.0,0,0,0,0,0,0,0,0,1325531,2651,593,7567,0,0,0,0.0,0.0,0,0,0,0,9,exclusion_proof_only_after_build,exclusion_proof_only_after_build,False,False,False,True,True,False,False,False,5.0,5.0,10000,0,10000,10000,10000,,exclusion_proof_only_after_10k_build_sample_5pct,True,,10K
total_ref_7_exclusion_only_smt.csv,total_ref_7_exclusion_only_smt,106,current,,smt,exclusion_proof_only_after_50k_build_sample_5pct,50000,50000,0,0,0,,0.0,0.0,0,0,0,0,0,0,0,0,6838248,2735,681,7683,0,0,0,0.0,0.0,0,0,0,0,9,exclusion_proof_only_after_build,exclusion_proof_only_after_build,False,False,False,True,True,False,False,False,5.0,5.0,50000,0,50000,50000,50000,,exclusion_proof_only_after_50k_build_sample_5pct,True,,50K
total_ref_7_exclusion_only_smt.csv,total_ref_7_exclusion_only_smt,107,current,,smt,exclusion_proof_only_after_100k_build_sample_5pct,100000,100000,0,0,0,,0.0,0.0,0,0,0,0,0,0,0,0,19483187,3896,718,9192,0,0,0,0.0,0.0,0,0,0,0,9,exclusion_proof_only_after_build,exclusion_proof_only_after_build,False,False,False,True,True,False,False,False,5.0,5.0,100000,0,100000,100000,100000,,exclusion_proof_only_after_100k_build_sample_5pct,True,,100K
total_ref_7_exclusion_only_smt.csv,total_ref_7_exclusion_only_smt,108,current,,smt,exclusion_proof_only_after_200k_build_sample_5pct,200000,200000,0,0,0,,0.0,0.0,0,0,0,0,0,0,0,0,37356879,3735,757,9287,0,0,0,0.0,0.0,0,0,0,0,9,exclusion_proof_only_after_build,exclusion_proof_only_after_build,False,False,False,True,True,False,False,False,5.0,5.0,200000,0,200000,200000,200000,,exclusion_proof_only_after_200k_build_sample_5pct,True,,200K
total_ref_7_exclusion_only_smt.csv,total_ref_7_exclusion_only_smt,109,current,,smt,exclusion_proof_only_after_300k_build_sample_5pct,300000,300000,0,0,0,,0.0,0.0,0,0,0,0,0,0,0,0,56257775,3750,779,10145,0,0,0,0.0,0.0,0,0,0,0,9,exclusion_proof_only_after_build,exclusion_proof_only_after_build,False,False,False,True,True,False,False,False,5.0,5.0,300000,0,300000,300000,300000,,exclusion_proof_only_after_300k_build_sample_5pct,True,,300K
total_ref_7_exclusion_only_smt.csv,total_ref_7_exclusion_only_smt,110,current,,smt,exclusion_proof_only_after_500k_build_sample_5pct,500000,500000,0,0,0,,0.0,0.0,0,0,0,0,0,0,0,0,127281599,5091,807,11533,0,0,0,0.0,0.0,0,0,0,0,9,exclusion_proof_only_after_build,exclusion_proof_only_after_build,False,False,False,True,True,False,False,False,5.0,5.0,500000,0,500000,500000,500000,,exclusion_proof_only_after_500k_build_sample_5pct,True,,500K
total_ref_7_exclusion_only_smt.csv,total_ref_7_exclusion_only_smt,111,current,,smt,exclusion_proof_only_after_700k_build_sample_5pct,700000,700000,0,0,0,,0.0,0.0,0,0,0,0,0,0,0,0,192722422,5506,825,11914,0,0,0,0.0,0.0,0,0,0,0,9,exclusion_proof_only_after_build,exclusion_proof_only_after_build,False,False,False,True,True,False,False,False,5.0,5.0,700000,0,700000,700000,700000,,exclusion_proof_only_after_700k_build_sample_5pct,True,,700K
total_ref_7_exclusion_only_smt.csv,total_ref_7_exclusion_only_smt,112,current,,smt,exclusion_proof_only_after_900k_build_sample_5pct,900000,900000,0,0,0,,0.0,0.0,0,0,0,0,0,0,0,0,223951574,4976,839,12589,0,0,0,0.0,0.0,0,0,0,0,9,exclusion_proof_only_after_build,exclusion_proof_only_after_build,False,False,False,True,True,False,False,False,5.0,5.0,900000,0,900000,900000,900000,,exclusion_proof_only_after_900k_build_sample_5pct,True,,900K
total_ref_7_exclusion_only_smt.csv,total_ref_7_exclusion_only_smt,113,current,,smt,exclusion_proof_only_after_1m_build_sample_5pct,1000000,1000000,0,0,0,,0.0,0.0,0,0,0,0,0,0,0,0,226083180,4521,845,12169,0,0,0,0.0,0.0,0,0,0,0,9,exclusion_proof_only_after_build,exclusion_proof_only_after_build,False,False,False,True,True,False,False,False,5.0,5.0,1000000,0,1000000,1000000,1000000,,exclusion_proof_only_after_1m_build_sample_5pct,True,,1M
total_ref_7_exclusion_only_smt.csv,total_ref_7_exclusion_only_smt,114,current,,smt,exclusion_proof_only_after_2m_build_sample_3pct,2000000,2000000,0,0,0,,0.0,0.0,0,0,0,0,0,0,0,0,412504041,6875,883,13132,0,0,0,0.0,0.0,0,0,0,0,9,exclusion_proof_only_after_build,exclusion_proof_only_after_build,False,False,False,True,True,False,False,False,3.0,3.0,2000000,0,2000000,2000000,2000000,,exclusion_proof_only_after_2m_build_sample_3pct,True,,2M
total_ref_7_exclusion_only_smt.csv,total_ref_7_exclusion_only_smt,115,current,,smt,exclusion_proof_only_after_5m_build_sample_3pct,5000000,5000000,0,0,0,,0.0,0.0,0,0,0,0,0,0,0,0,1131551521,7543,933,14736,0,0,0,0.0,0.0,0,0,0,0,9,exclusion_proof_only_after_build,exclusion_proof_only_after_build,False,False,False,True,True,False,False,False,3.0,3.0,5000000,0,5000000,5000000,5000000,,exclusion_proof_only_after_5m_build_sample_3pct,True,,5M
total_ref_7_exclusion_only_smt.csv,total_ref_7_exclusion_only_smt,116,current,,smt,exclusion_proof_only_after_10m_build_sample_2pct,10000000,10000000,0,0,0,,0.0,0.0,0,0,0,0,0,0,0,0,1670811623,8354,971,15098,0,0,0,0.0,0.0,0,0,0,0,9,exclusion_proof_only_after_build,exclusion_proof_only_after_build,False,False,False,True,True,False,False,False,2.0,2.0,10000000,0,10000000,10000000,10000000,,exclusion_proof_only_after_10m_build_sample_2pct,True,,10M
total_ref_7_exclusion_only_smt.csv,total_ref_7_exclusion_only_smt,117,current,,smt,exclusion_proof_only_after_25m_build_sample_2pct,25000000,25000000,0,0,0,,0.0,0.0,0,0,0,0,0,0,0,0,4693251167,9386,1022,17019,0,0,0,0.0,0.0,0,0,0,0,9,exclusion_proof_only_after_build,exclusion_proof_only_after_build,False,False,False,True,True,False,False,False,2.0,2.0,25000000,0,25000000,25000000,25000000,,exclusion_proof_only_after_25m_build_sample_2pct,True,,25M
total_ref_7_exclusion_only_smt.csv,total_ref_7_exclusion_only_smt,118,current,,smt,exclusion_proof_only_after_10k_build_sample_5pct,10000,10000,0,0,0,,0.0,0.0,0,0,0,0,0,0,0,0,967159,1934,593,6883,0,0,0,0.0,0.0,0,0,0,0,10,exclusion_proof_only_after_build,exclusion_proof_only_after_build,False,False,False,True,True,False,False,False,5.0,5.0,10000,0,10000,10000,10000,,exclusion_proof_only_after_10k_build_sample_5pct,True,,10K
total_ref_7_exclusion_only_smt.csv,total_ref_7_exclusion_only_smt,119,current,,smt,exclusion_proof_only_after_50k_build_sample_5pct,50000,50000,0,0,0,,0.0,0.0,0,0,0,0,0,0,0,0,7461435,2984,681,7918,0,0,0,0.0,0.0,0,0,0,0,10,exclusion_proof_only_after_build,exclusion_proof_only_after_build,False,False,False,True,True,False,False,False,5.0,5.0,50000,0,50000,50000,50000,,exclusion_proof_only_after_50k_build_sample_5pct,True,,50K
total_ref_7_exclusion_only_smt.csv,total_ref_7_exclusion_only_smt,120,current,,smt,exclusion_proof_only_after_100k_build_sample_5pct,100000,100000,0,0,0,,0.0,0.0,0,0,0,0,0,0,0,0,15808093,3161,718,8665,0,0,0,0.0,0.0,0,0,0,0,10,exclusion_proof_only_after_build,exclusion_proof_only_after_build,False,False,False,True,True,False,False,False,5.0,5.0,100000,0,100000,100000,100000,,exclusion_proof_only_after_100k_build_sample_5pct,True,,100K
total_ref_7_exclusion_only_smt.csv,total_ref_7_exclusion_only_smt,121,current,,smt,exclusion_proof_only_after_200k_build_sample_5pct,200000,200000,0,0,0,,0.0,0.0,0,0,0,0,0,0,0,0,46730674,4673,757,10684,0,0,0,0.0,0.0,0,0,0,0,10,exclusion_proof_only_after_build,exclusion_proof_only_after_build,False,False,False,True,True,False,False,False,5.0,5.0,200000,0,200000,200000,200000,,exclusion_proof_only_after_200k_build_sample_5pct,True,,200K
total_ref_7_exclusion_only_smt.csv,total_ref_7_exclusion_only_smt,122,current,,smt,exclusion_proof_only_after_300k_build_sample_5pct,300000,300000,0,0,0,,0.0,0.0,0,0,0,0,0,0,0,0,71788113,4785,779,11313,0,0,0,0.0,0.0,0,0,0,0,10,exclusion_proof_only_after_build,exclusion_proof_only_after_build,False,False,False,True,True,False,False,False,5.0,5.0,300000,0,300000,300000,300000,,exclusion_proof_only_after_300k_build_sample_5pct,True,,300K
total_ref_7_exclusion_only_smt.csv,total_ref_7_exclusion_only_smt,123,current,,smt,exclusion_proof_only_after_500k_build_sample_5pct,500000,500000,0,0,0,,0.0,0.0,0,0,0,0,0,0,0,0,133323700,5332,807,12004,0,0,0,0.0,0.0,0,0,0,0,10,exclusion_proof_only_after_build,exclusion_proof_only_after_build,False,False,False,True,True,False,False,False,5.0,5.0,500000,0,500000,500000,500000,,exclusion_proof_only_after_500k_build_sample_5pct,True,,500K
total_ref_7_exclusion_only_smt.csv,total_ref_7_exclusion_only_smt,124,current,,smt,exclusion_proof_only_after_700k_build_sample_5pct,700000,700000,0,0,0,,0.0,0.0,0,0,0,0,0,0,0,0,207090444,5916,825,12408,0,0,0,0.0,0.0,0,0,0,0,10,exclusion_proof_only_after_build,exclusion_proof_only_after_build,False,False,False,True,True,False,False,False,5.0,5.0,700000,0,700000,700000,700000,,exclusion_proof_only_after_700k_build_sample_5pct,True,,700K
total_ref_7_exclusion_only_smt.csv,total_ref_7_exclusion_only_smt,125,current,,smt,exclusion_proof_only_after_900k_build_sample_5pct,900000,900000,0,0,0,,0.0,0.0,0,0,0,0,0,0,0,0,236484561,5255,839,13078,0,0,0,0.0,0.0,0,0,0,0,10,exclusion_proof_only_after_build,exclusion_proof_only_after_build,False,False,False,True,True,False,False,False,5.0,5.0,900000,0,900000,900000,900000,,exclusion_proof_only_after_900k_build_sample_5pct,True,,900K
total_ref_7_exclusion_only_smt.csv,total_ref_7_exclusion_only_smt,126,current,,smt,exclusion_proof_only_after_1m_build_sample_5pct,1000000,1000000,0,0,0,,0.0,0.0,0,0,0,0,0,0,0,0,234018931,4680,845,12393,0,0,0,0.0,0.0,0,0,0,0,10,exclusion_proof_only_after_build,exclusion_proof_only_after_build,False,False,False,True,True,False,False,False,5.0,5.0,1000000,0,1000000,1000000,1000000,,exclusion_proof_only_after_1m_build_sample_5pct,True,,1M
total_ref_7_exclusion_only_smt.csv,total_ref_7_exclusion_only_smt,127,current,,smt,exclusion_proof_only_after_2m_build_sample_3pct,2000000,2000000,0,0,0,,0.0,0.0,0,0,0,0,0,0,0,0,413532024,6892,883,13342,0,0,0,0.0,0.0,0,0,0,0,10,exclusion_proof_only_after_build,exclusion_proof_only_after_build,False,False,False,True,True,False,False,False,3.0,3.0,2000000,0,2000000,2000000,2000000,,exclusion_proof_only_after_2m_build_sample_3pct,True,,2M
total_ref_7_exclusion_only_smt.csv,total_ref_7_exclusion_only_smt,128,current,,smt,exclusion_proof_only_after_5m_build_sample_3pct,5000000,5000000,0,0,0,,0.0,0.0,0,0,0,0,0,0,0,0,1163941560,7759,933,15024,0,0,0,0.0,0.0,0,0,0,0,10,exclusion_proof_only_after_build,exclusion_proof_only_after_build,False,False,False,True,True,False,False,False,3.0,3.0,5000000,0,5000000,5000000,5000000,,exclusion_proof_only_after_5m_build_sample_3pct,True,,5M
total_ref_7_exclusion_only_smt.csv,total_ref_7_exclusion_only_smt,129,current,,smt,exclusion_proof_only_after_10m_build_sample_2pct,10000000,10000000,0,0,0,,0.0,0.0,0,0,0,0,0,0,0,0,1683401569,8417,971,15234,0,0,0,0.0,0.0,0,0,0,0,10,exclusion_proof_only_after_build,exclusion_proof_only_after_build,False,False,False,True,True,False,False,False,2.0,2.0,10000000,0,10000000,10000000,10000000,,exclusion_proof_only_after_10m_build_sample_2pct,True,,10M
total_ref_7_exclusion_only_smt.csv,total_ref_7_exclusion_only_smt,130,current,,smt,exclusion_proof_only_after_25m_build_sample_2pct,25000000,25000000,0,0,0,,0.0,0.0,0,0,0,0,0,0,0,0,4710214740,9420,1022,16834,0,0,0,0.0,0.0,0,0,0,0,10,exclusion_proof_only_after_build,exclusion_proof_only_after_build,False,False,False,True,True,False,False,False,2.0,2.0,25000000,0,25000000,25000000,25000000,,exclusion_proof_only_after_25m_build_sample_2pct,True,,25M
