TreeType,Scenario,PrebuildElements,FinalElements,InsertElements,InsertTime(ns),AvgPerBlock(ns),InsertTimeBuckets,MemAllocMB,TotalAllocMB,HeapObjects,CreatedHeapObjects,FreedHeapObjects,NetLiveHeapObjectChange,InclusionProofTotal(ns),InclusionProofGen(ns),InclusionProofSize(bytes),InclusionProofVerify(ns),ExclusionProofTotal(ns),ExclusionProofGen(ns),ExclusionProofSize(bytes),ExclusionProofVerify(ns),DeleteElements,DeleteTime(ns),AvgDeletePerBlock(ns),DeleteMemAllocMB,DeleteTotalAllocMB,DeleteHeapObjects,DeletesCreatedHeapObjects,DeletesFreedHeapObjects,DeletesNetLiveHeapObjectChange
smt,insert_only_build_10k,0,10000,10000,23312510,2331,"0-10%=1.73µs(n=1000)|10-20%=2.032µs(n=1000)|20-30%=2.076µs(n=1000)|30-40%=2.87µs(n=1000)|40-50%=2.254µs(n=1000)|50-60%=2.394µs(n=1000)|60-70%=2.416µs(n=1000)|70-80%=3.009µs(n=1000)|80-90%=2.288µs(n=1000)|90-100%=2.239µs(n=1000)",5.56,6.88,127052,180040,53524,126516,0,0,0,0,0,0,0,0,0,0,0,0.00,0.00,0,0,0,0
smt,insert_only_build_50k,0,50000,50000,134464482,2689,"0-10%=2.261µs(n=5000)|10-20%=2.628µs(n=5000)|20-30%=2.578µs(n=5000)|30-40%=2.8µs(n=5000)|40-50%=2.626µs(n=5000)|50-60%=2.751µs(n=5000)|60-70%=2.517µs(n=5000)|70-80%=2.647µs(n=5000)|80-90%=2.981µs(n=5000)|90-100%=3.099µs(n=5000)",29.03,34.31,670858,900070,229752,670318,0,0,0,0,0,0,0,0,0,0,0,0.00,0.00,0,0,0,0
smt,insert_only_build_100k,0,100000,100000,286180807,2861,"0-10%=2.509µs(n=10000)|10-20%=2.499µs(n=10000)|20-30%=2.619µs(n=10000)|30-40%=2.509µs(n=10000)|40-50%=2.787µs(n=10000)|50-60%=2.911µs(n=10000)|60-70%=2.979µs(n=10000)|70-80%=3.226µs(n=10000)|80-90%=3.263µs(n=10000)|90-100%=3.312µs(n=10000)",52.03,68.52,1153420,1800026,647206,1152820,0,0,0,0,0,0,0,0,0,0,0,0.00,0.00,0,0,0,0
smt,insert_only_build_200k,0,200000,200000,661768691,3308,"0-10%=2.355µs(n=20000)|10-20%=2.56µs(n=20000)|20-30%=2.714µs(n=20000)|30-40%=2.78µs(n=20000)|40-50%=3.157µs(n=20000)|50-60%=3.372µs(n=20000)|60-70%=3.667µs(n=20000)|70-80%=3.792µs(n=20000)|80-90%=4.245µs(n=20000)|90-100%=4.441µs(n=20000)",108.98,137.04,2460723,3600048,1139924,2460124,0,0,0,0,0,0,0,0,0,0,0,0.00,0.00,0,0,0,0
smt,insert_only_build_300k,0,300000,300000,1034132209,3447,"0-10%=2.465µs(n=30000)|10-20%=2.731µs(n=30000)|20-30%=2.912µs(n=30000)|30-40%=3.11µs(n=30000)|40-50%=3.177µs(n=30000)|50-60%=3.627µs(n=30000)|60-70%=3.718µs(n=30000)|70-80%=4.016µs(n=30000)|80-90%=4.304µs(n=30000)|90-100%=4.406µs(n=30000)",156.96,205.54,3485929,5400043,1914731,3485312,0,0,0,0,0,0,0,0,0,0,0,0.00,0.00,0,0,0,0
smt,insert_only_build_500k,0,500000,500000,2107536016,4215,"0-10%=2.47µs(n=50000)|10-20%=3.073µs(n=50000)|20-30%=3.458µs(n=50000)|30-40%=3.664µs(n=50000)|40-50%=3.765µs(n=50000)|50-60%=4.862µs(n=50000)|60-70%=5.295µs(n=50000)|70-80%=5.117µs(n=50000)|80-90%=5.1µs(n=50000)|90-100%=5.341µs(n=50000)",261.05,342.56,5791243,9000050,3209432,5790618,0,0,0,0,0,0,0,0,0,0,0,0.00,0.00,0,0,0,0
smt,insert_only_build_700k,0,700000,700000,2977015548,4252,"0-10%=2.612µs(n=70000)|10-20%=3.335µs(n=70000)|20-30%=3.822µs(n=70000)|30-40%=3.953µs(n=70000)|40-50%=4.485µs(n=70000)|50-60%=4.313µs(n=70000)|60-70%=4.842µs(n=70000)|70-80%=5.042µs(n=70000)|80-90%=5µs(n=70000)|90-100%=5.121µs(n=70000)",395.90,479.55,9068041,12600056,3532644,9067412,0,0,0,0,0,0,0,0,0,0,0,0.00,0.00,0,0,0,0
smt,insert_only_build_900k,0,900000,900000,3894382129,4327,"0-10%=2.703µs(n=90000)|10-20%=3.245µs(n=90000)|20-30%=3.794µs(n=90000)|30-40%=4.099µs(n=90000)|40-50%=4.121µs(n=90000)|50-60%=4.931µs(n=90000)|60-70%=4.561µs(n=90000)|70-80%=4.944µs(n=90000)|80-90%=5.391µs(n=90000)|90-100%=5.476µs(n=90000)",474.31,616.56,10563416,16200053,5637282,10562771,0,0,0,0,0,0,0,0,0,0,0,0.00,0.00,0,0,0,0
smt,insert_only_build_1m,0,1000000,1000000,4338674567,4338,"0-10%=2.699µs(n=100000)|10-20%=3.279µs(n=100000)|20-30%=3.911µs(n=100000)|30-40%=3.982µs(n=100000)|40-50%=4.556µs(n=100000)|50-60%=4.559µs(n=100000)|60-70%=4.473µs(n=100000)|70-80%=5.018µs(n=100000)|80-90%=5.553µs(n=100000)|90-100%=5.353µs(n=100000)",542.57,685.07,12227863,18000060,5772839,12227221,0,0,0,0,0,0,0,0,0,0,0,0.00,0.00,0,0,0,0
smt,insert_only_build_2m,0,2000000,2000000,10271938147,5135,"0-10%=3.092µs(n=200000)|10-20%=4.076µs(n=200000)|20-30%=4.652µs(n=200000)|30-40%=4.792µs(n=200000)|40-50%=5.572µs(n=200000)|50-60%=5.568µs(n=200000)|60-70%=5.922µs(n=200000)|70-80%=5.884µs(n=200000)|80-90%=5.854µs(n=200000)|90-100%=5.943µs(n=200000)",1123.77,1370.21,25670908,36000084,10329828,25670256,0,0,0,0,0,0,0,0,0,0,0,0.00,0.00,0,0,0,0
smt,insert_only_build_5m,0,5000000,5000000,30073546570,6014,"0-10%=3.761µs(n=500000)|10-20%=4.885µs(n=500000)|20-30%=5.486µs(n=500000)|30-40%=5.668µs(n=500000)|40-50%=6.394µs(n=500000)|50-60%=6.241µs(n=500000)|60-70%=6.604µs(n=500000)|70-80%=7.33µs(n=500000)|80-90%=6.982µs(n=500000)|90-100%=6.791µs(n=500000)",2789.26,3425.54,63539229,90000173,26461608,63538565,0,0,0,0,0,0,0,0,0,0,0,0.00,0.00,0,0,0,0
smt,insert_only_build_10m,0,10000000,10000000,67997348178,6799,"0-10%=4.401µs(n=1000000)|10-20%=5.612µs(n=1000000)|20-30%=6.13µs(n=1000000)|30-40%=6.485µs(n=1000000)|40-50%=7.498µs(n=1000000)|50-60%=7.071µs(n=1000000)|60-70%=7.524µs(n=1000000)|70-80%=7.692µs(n=1000000)|80-90%=7.744µs(n=1000000)|90-100%=7.834µs(n=1000000)",5588.73,6851.31,127392166,180000318,52608834,127391484,0,0,0,0,0,0,0,0,0,0,0,0.00,0.00,0,0,0,0
smt,insert_only_build_25m,0,25000000,25000000,202808309053,8112,"0-10%=5.26µs(n=2500000)|10-20%=6.609µs(n=2500000)|20-30%=7.374µs(n=2500000)|30-40%=7.839µs(n=2500000)|40-50%=8.43µs(n=2500000)|50-60%=8.528µs(n=2500000)|60-70%=8.663µs(n=2500000)|70-80%=8.885µs(n=2500000)|80-90%=9.847µs(n=2500000)|90-100%=9.683µs(n=2500000)",13364.39,17129.47,299281298,450000907,150720298,299280609,0,0,0,0,0,0,0,0,0,0,0,0.00,0.00,0,0,0,0
smt,prehashed_ordered_insert_only_10k,0,10000,10000,15075195,1507,"0-10%=1.134µs(n=1000)|10-20%=1.283µs(n=1000)|20-30%=1.933µs(n=1000)|30-40%=1.484µs(n=1000)|40-50%=1.438µs(n=1000)|50-60%=1.27µs(n=1000)|60-70%=2.189µs(n=1000)|70-80%=1.42µs(n=1000)|80-90%=1.357µs(n=1000)|90-100%=1.562µs(n=1000)",4.99,6.73,129852,180022,60873,119149,0,0,0,0,0,0,0,0,0,0,0,0.00,0.00,0,0,0,0
smt,prehashed_ordered_insert_only_50k,0,50000,50000,79488148,1589,"0-10%=1.439µs(n=5000)|10-20%=1.622µs(n=5000)|20-30%=1.661µs(n=5000)|30-40%=1.683µs(n=5000)|40-50%=1.666µs(n=5000)|50-60%=1.364µs(n=5000)|60-70%=1.831µs(n=5000)|70-80%=1.477µs(n=5000)|80-90%=1.536µs(n=5000)|90-100%=1.615µs(n=5000)",28.09,33.57,646478,899990,254154,645836,0,0,0,0,0,0,0,0,0,0,0,0.00,0.00,0,0,0,0
smt,prehashed_ordered_insert_only_100k,0,100000,100000,160387107,1603,"0-10%=1.645µs(n=10000)|10-20%=1.583µs(n=10000)|20-30%=1.513µs(n=10000)|30-40%=1.709µs(n=10000)|40-50%=1.643µs(n=10000)|50-60%=1.398µs(n=10000)|60-70%=1.734µs(n=10000)|70-80%=1.559µs(n=10000)|80-90%=1.57µs(n=10000)|90-100%=1.678µs(n=10000)",49.94,67.18,1286428,1800034,614222,1185812,0,0,0,0,0,0,0,0,0,0,0,0.00,0.00,0,0,0,0
smt,prehashed_ordered_insert_only_200k,0,200000,200000,329944637,1649,"0-10%=1.449µs(n=20000)|10-20%=1.598µs(n=20000)|20-30%=1.703µs(n=20000)|30-40%=1.605µs(n=20000)|40-50%=1.85µs(n=20000)|50-60%=1.463µs(n=20000)|60-70%=1.553µs(n=20000)|70-80%=1.59µs(n=20000)|80-90%=1.933µs(n=20000)|90-100%=1.749µs(n=20000)",94.35,134.32,2391681,3600039,1408975,2191064,0,0,0,0,0,0,0,0,0,0,0,0.00,0.00,0,0,0,0
smt,prehashed_ordered_insert_only_300k,0,300000,300000,535208533,1784,"0-10%=1.542µs(n=30000)|10-20%=1.612µs(n=30000)|20-30%=1.704µs(n=30000)|30-40%=1.82µs(n=30000)|40-50%=1.898µs(n=30000)|50-60%=1.689µs(n=30000)|60-70%=1.961µs(n=30000)|70-80%=1.786µs(n=30000)|80-90%=1.859µs(n=30000)|90-100%=1.963µs(n=30000)",169.09,201.44,3891170,5400005,1509493,3890512,0,0,0,0,0,0,0,0,0,0,0,0.00,0.00,0,0,0,0
smt,prehashed_ordered_insert_only_500k,0,500000,500000,932024847,1864,"0-10%=1.634µs(n=50000)|10-20%=1.698µs(n=50000)|20-30%=1.907µs(n=50000)|30-40%=1.838µs(n=50000)|40-50%=2.099µs(n=50000)|50-60%=1.683µs(n=50000)|60-70%=1.783µs(n=50000)|70-80%=2.091µs(n=50000)|80-90%=1.82µs(n=50000)|90-100%=2.082µs(n=50000)",241.77,335.73,6171915,9000043,3328761,5671282,0,0,0,0,0,0,0,0,0,0,0,0.00,0.00,0,0,0,0
smt,prehashed_ordered_insert_only_700k,0,700000,700000,1302285920,1860,"0-10%=1.645µs(n=70000)|10-20%=1.702µs(n=70000)|20-30%=1.878µs(n=70000)|30-40%=1.851µs(n=70000)|40-50%=2.112µs(n=70000)|50-60%=1.681µs(n=70000)|60-70%=1.802µs(n=70000)|70-80%=1.831µs(n=70000)|80-90%=2.148µs(n=70000)|90-100%=1.95µs(n=70000)",333.35,470.01,8472618,12600042,4828063,7771979,0,0,0,0,0,0,0,0,0,0,0,0.00,0.00,0,0,0,0
smt,prehashed_ordered_insert_only_900k,0,900000,900000,1723108213,1914,"0-10%=1.667µs(n=90000)|10-20%=1.745µs(n=90000)|20-30%=1.914µs(n=90000)|30-40%=1.926µs(n=90000)|40-50%=2.144µs(n=90000)|50-60%=1.755µs(n=90000)|60-70%=1.835µs(n=90000)|70-80%=2.192µs(n=90000)|80-90%=1.883µs(n=90000)|90-100%=2.082µs(n=90000)",441.32,604.28,11310353,16200044,5790332,10409712,0,0,0,0,0,0,0,0,0,0,0,0.00,0.00,0,0,0,0
smt,prehashed_ordered_insert_only_1m,0,1000000,1000000,1928388844,1928,"0-10%=1.681µs(n=100000)|10-20%=1.744µs(n=100000)|20-30%=1.924µs(n=100000)|30-40%=1.892µs(n=100000)|40-50%=2.139µs(n=100000)|50-60%=1.732µs(n=100000)|60-70%=1.937µs(n=100000)|70-80%=2.154µs(n=100000)|80-90%=1.946µs(n=100000)|90-100%=2.131µs(n=100000)",489.41,671.44,12535921,18000046,6464771,11535275,0,0,0,0,0,0,0,0,0,0,0,0.00,0.00,0,0,0,0
smt,prehashed_ordered_insert_only_2m,0,2000000,2000000,3994776513,1997,"0-10%=1.797µs(n=200000)|10-20%=1.856µs(n=200000)|20-30%=2.027µs(n=200000)|30-40%=1.925µs(n=200000)|40-50%=2.285µs(n=200000)|50-60%=1.849µs(n=200000)|60-70%=1.912µs(n=200000)|70-80%=2.243µs(n=200000)|80-90%=1.979µs(n=200000)|90-100%=2.097µs(n=200000)",982.10,1342.90,25178173,36000055,12822533,23177522,0,0,0,0,0,0,0,0,0,0,0,0.00,0.00,0,0,0,0
smt,prehashed_ordered_insert_only_5m,0,5000000,5000000,10196076604,2039,"0-10%=1.818µs(n=500000)|10-20%=1.908µs(n=500000)|20-30%=2.061µs(n=500000)|30-40%=2.006µs(n=500000)|40-50%=2.301µs(n=500000)|50-60%=1.884µs(n=500000)|60-70%=1.935µs(n=500000)|70-80%=1.98µs(n=500000)|80-90%=2.373µs(n=500000)|90-100%=2.122µs(n=500000)",2377.87,3357.28,60409283,90000077,34591449,55408628,0,0,0,0,0,0,0,0,0,0,0,0.00,0.00,0,0,0,0
smt,prehashed_ordered_insert_only_10m,0,10000000,10000000,20967544547,2096,"0-10%=1.859µs(n=1000000)|10-20%=1.976µs(n=1000000)|20-30%=2.134µs(n=1000000)|30-40%=2.055µs(n=1000000)|40-50%=2.373µs(n=1000000)|50-60%=1.88µs(n=1000000)|60-70%=2.019µs(n=1000000)|70-80%=2.065µs(n=1000000)|80-90%=2.436µs(n=1000000)|90-100%=2.168µs(n=1000000)",4758.19,6714.54,120898399,180000117,69102378,110897739,0,0,0,0,0,0,0,0,0,0,0,0.00,0.00,0,0,0,0
smt,prehashed_ordered_insert_only_25m,0,25000000,25000000,58161354591,2326,"0-10%=1.949µs(n=2500000)|10-20%=2.067µs(n=2500000)|20-30%=2.247µs(n=2500000)|30-40%=2.142µs(n=2500000)|40-50%=2.418µs(n=2500000)|50-60%=2.182µs(n=2500000)|60-70%=2.462µs(n=2500000)|70-80%=2.723µs(n=2500000)|80-90%=2.363µs(n=2500000)|90-100%=2.705µs(n=2500000)",12130.02,16786.19,309933909,450000214,165066979,284933235,0,0,0,0,0,0,0,0,0,0,0,0.00,0.00,0,0,0,0
smt,proof_only_after_10k_build_sample_5pct,10000,10000,0,0,0,"",0.00,0.00,0,0,0,0,944915,1889,635,3647,0,0,0,0,0,0,0,0.00,0.00,0,0,0,0
smt,proof_only_after_50k_build_sample_5pct,50000,50000,0,0,0,"",0.00,0.00,0,0,0,0,6142162,2456,722,4256,0,0,0,0,0,0,0,0.00,0.00,0,0,0,0
smt,proof_only_after_100k_build_sample_5pct,100000,100000,0,0,0,"",0.00,0.00,0,0,0,0,12654434,2530,757,4717,0,0,0,0,0,0,0,0.00,0.00,0,0,0,0
smt,proof_only_after_200k_build_sample_5pct,200000,200000,0,0,0,"",0.00,0.00,0,0,0,0,29148346,2914,796,5048,0,0,0,0,0,0,0,0.00,0.00,0,0,0,0
smt,proof_only_after_300k_build_sample_5pct,300000,300000,0,0,0,"",0.00,0.00,0,0,0,0,56396125,3759,819,5548,0,0,0,0,0,0,0,0.00,0.00,0,0,0,0
smt,proof_only_after_500k_build_sample_5pct,500000,500000,0,0,0,"",0.00,0.00,0,0,0,0,100338218,4013,847,5538,0,0,0,0,0,0,0,0.00,0.00,0,0,0,0
smt,proof_only_after_700k_build_sample_5pct,700000,700000,0,0,0,"",0.00,0.00,0,0,0,0,144244034,4121,865,5337,0,0,0,0,0,0,0,0.00,0.00,0,0,0,0
smt,proof_only_after_900k_build_sample_5pct,900000,900000,0,0,0,"",0.00,0.00,0,0,0,0,195806714,4351,879,5740,0,0,0,0,0,0,0,0.00,0.00,0,0,0,0
smt,proof_only_after_1m_build_sample_5pct,1000000,1000000,0,0,0,"",0.00,0.00,0,0,0,0,215870997,4317,885,5814,0,0,0,0,0,0,0,0.00,0.00,0,0,0,0
smt,proof_only_after_2m_build_sample_3pct,2000000,2000000,0,0,0,"",0.00,0.00,0,0,0,0,255498460,4258,922,5773,0,0,0,0,0,0,0,0.00,0.00,0,0,0,0
smt,proof_only_after_5m_build_sample_3pct,5000000,5000000,0,0,0,"",0.00,0.00,0,0,0,0,719158928,4794,973,6831,0,0,0,0,0,0,0,0.00,0.00,0,0,0,0
smt,proof_only_after_10m_build_sample_2pct,10000000,10000000,0,0,0,"",0.00,0.00,0,0,0,0,1036135391,5180,1011,7681,0,0,0,0,0,0,0,0.00,0.00,0,0,0,0
smt,proof_only_after_25m_build_sample_2pct,25000000,25000000,0,0,0,"",0.00,0.00,0,0,0,0,4745935702,9491,1061,8547,0,0,0,0,0,0,0,0.00,0.00,0,0,0,0
smt,build_10k_then_add_2k_new,10000,12000,2000,4825660,2412,"0-10%=2.973µs(n=200)|10-20%=2.486µs(n=200)|20-30%=2.272µs(n=200)|30-40%=2.428µs(n=200)|40-50%=2.306µs(n=200)|50-60%=2.241µs(n=200)|60-70%=2.312µs(n=200)|70-80%=2.384µs(n=200)|80-90%=2.509µs(n=200)|90-100%=2.208µs(n=200)",1.39,1.39,144216,36038,2552,33486,0,0,0,0,0,0,0,0,0,0,0,0.00,0.00,0,0,0,0
smt,build_50k_then_add_10k_new,50000,60000,10000,32045963,3204,"0-10%=3.517µs(n=1000)|10-20%=3.282µs(n=1000)|20-30%=3.203µs(n=1000)|30-40%=3.236µs(n=1000)|40-50%=3.091µs(n=1000)|50-60%=3.257µs(n=1000)|60-70%=3.059µs(n=1000)|70-80%=3.238µs(n=1000)|80-90%=3.095µs(n=1000)|90-100%=3.063µs(n=1000)",6.87,6.87,718018,180038,12753,167285,0,0,0,0,0,0,0,0,0,0,0,0.00,0.00,0,0,0,0
smt,build_100k_then_add_20k_new,100000,120000,20000,81964630,4098,"0-10%=5.156µs(n=2000)|10-20%=4.574µs(n=2000)|20-30%=4.37µs(n=2000)|30-40%=4.107µs(n=2000)|40-50%=3.905µs(n=2000)|50-60%=3.819µs(n=2000)|60-70%=3.783µs(n=2000)|70-80%=3.781µs(n=2000)|80-90%=3.739µs(n=2000)|90-100%=3.743µs(n=2000)",13.72,13.72,1435280,360038,25494,334544,0,0,0,0,0,0,0,0,0,0,0,0.00,0.00,0,0,0,0
smt,build_200k_then_add_40k_new,200000,240000,40000,178657594,4466,"0-10%=5.494µs(n=4000)|10-20%=4.911µs(n=4000)|20-30%=4.687µs(n=4000)|30-40%=4.56µs(n=4000)|40-50%=4.465µs(n=4000)|50-60%=4.366µs(n=4000)|60-70%=4.112µs(n=4000)|70-80%=4.027µs(n=4000)|80-90%=4.024µs(n=4000)|90-100%=4.012µs(n=4000)",27.43,27.43,2869735,720045,51049,668996,0,0,0,0,0,0,0,0,0,0,0,0.00,0.00,0,0,0,0
smt,build_300k_then_add_60k_new,300000,360000,60000,308489840,5141,"0-10%=6.683µs(n=6000)|10-20%=5.862µs(n=6000)|20-30%=5.582µs(n=6000)|30-40%=5.129µs(n=6000)|40-50%=4.817µs(n=6000)|50-60%=4.683µs(n=6000)|60-70%=4.676µs(n=6000)|70-80%=4.633µs(n=6000)|80-90%=4.678µs(n=6000)|90-100%=4.668µs(n=6000)",41.13,41.13,4304207,1080049,76595,1003454,0,0,0,0,0,0,0,0,0,0,0,0.00,0.00,0,0,0,0
smt,build_500k_then_add_100k_new,500000,600000,100000,510635045,5106,"0-10%=6.233µs(n=10000)|10-20%=5.71µs(n=10000)|20-30%=5.52µs(n=10000)|30-40%=5.22µs(n=10000)|40-50%=4.896µs(n=10000)|50-60%=4.912µs(n=10000)|60-70%=4.691µs(n=10000)|70-80%=4.622µs(n=10000)|80-90%=4.621µs(n=10000)|90-100%=4.632µs(n=10000)",68.51,68.51,7172689,1800050,128125,1671925,0,0,0,0,0,0,0,0,0,0,0,0.00,0.00,0,0,0,0
smt,build_700k_then_add_140k_new,700000,840000,140000,787865214,5627,"0-10%=6.386µs(n=14000)|10-20%=5.742µs(n=14000)|20-30%=5.6µs(n=14000)|30-40%=5.539µs(n=14000)|40-50%=5.551µs(n=14000)|50-60%=5.398µs(n=14000)|60-70%=5.452µs(n=14000)|70-80%=5.394µs(n=14000)|80-90%=6.024µs(n=14000)|90-100%=5.183µs(n=14000)",95.94,95.94,10041980,2520052,178844,2341208,0,0,0,0,0,0,0,0,0,0,0,0.00,0.00,0,0,0,0
smt,build_900k_then_add_180k_new,900000,1080000,180000,1036636401,5759,"0-10%=7.396µs(n=18000)|10-20%=6.452µs(n=18000)|20-30%=6.044µs(n=18000)|30-40%=5.881µs(n=18000)|40-50%=5.418µs(n=18000)|50-60%=5.235µs(n=18000)|60-70%=5.311µs(n=18000)|70-80%=5.327µs(n=18000)|80-90%=5.268µs(n=18000)|90-100%=5.255µs(n=18000)",123.33,123.33,12910628,3240053,230207,3009846,0,0,0,0,0,0,0,0,0,0,0,0.00,0.00,0,0,0,0
smt,build_1m_then_add_200k_new,1000000,1200000,200000,1165281770,5826,"0-10%=6.83µs(n=20000)|10-20%=6.094µs(n=20000)|20-30%=5.928µs(n=20000)|30-40%=5.903µs(n=20000)|40-50%=5.847µs(n=20000)|50-60%=5.581µs(n=20000)|60-70%=5.411µs(n=20000)|70-80%=5.413µs(n=20000)|80-90%=5.422µs(n=20000)|90-100%=5.828µs(n=20000)",137.04,137.04,14345254,3600053,255593,3344460,0,0,0,0,0,0,0,0,0,0,0,0.00,0.00,0,0,0,0
smt,build_2m_then_add_400k_new,2000000,2400000,400000,2673922265,6684,"0-10%=7.224µs(n=40000)|10-20%=6.773µs(n=40000)|20-30%=6.89µs(n=40000)|30-40%=6.618µs(n=40000)|40-50%=6.608µs(n=40000)|50-60%=6.618µs(n=40000)|60-70%=6.773µs(n=40000)|70-80%=6.714µs(n=40000)|80-90%=6.369µs(n=40000)|90-100%=6.255µs(n=40000)",274.08,274.08,28689633,7200063,511238,6688825,0,0,0,0,0,0,0,0,0,0,0,0.00,0.00,0,0,0,0
smt,build_5m_then_add_1m_new,5000000,6000000,1000000,7311195918,7311,"0-10%=7.883µs(n=100000)|10-20%=7.48µs(n=100000)|20-30%=7.404µs(n=100000)|30-40%=7.516µs(n=100000)|40-50%=7.365µs(n=100000)|50-60%=7.321µs(n=100000)|60-70%=7.136µs(n=100000)|70-80%=6.983µs(n=100000)|80-90%=7.025µs(n=100000)|90-100%=6.995µs(n=100000)",685.20,685.20,71722998,18000082,1277893,16722189,0,0,0,0,0,0,0,0,0,0,0,0.00,0.00,0,0,0,0
smt,build_10m_then_add_2m_new,10000000,12000000,2000000,16665918340,8332,"0-10%=8.422µs(n=200000)|10-20%=8.32µs(n=200000)|20-30%=8.375µs(n=200000)|30-40%=8.351µs(n=200000)|40-50%=8.519µs(n=200000)|50-60%=8.383µs(n=200000)|60-70%=8.411µs(n=200000)|70-80%=8.209µs(n=200000)|80-90%=8.131µs(n=200000)|90-100%=8.204µs(n=200000)",1370.34,1370.34,143443477,36000120,2557403,33442717,0,0,0,0,0,0,0,0,0,0,0,0.00,0.00,0,0,0,0
smt,build_25m_then_add_5m_new,25000000,30000000,5000000,50873942061,10174,"0-10%=10.481µs(n=500000)|10-20%=10.322µs(n=500000)|20-30%=10.423µs(n=500000)|30-40%=10.343µs(n=500000)|40-50%=9.984µs(n=500000)|50-60%=9.865µs(n=500000)|60-70%=10.079µs(n=500000)|70-80%=9.946µs(n=500000)|80-90%=10.17µs(n=500000)|90-100%=10.13µs(n=500000)",3426.26,3426.26,358607616,90000276,6393419,83606857,0,0,0,0,0,0,0,0,0,0,0,0.00,0.00,0,0,0,0
smt,build_10k_then_reinsert_2k_existing,10000,10000,2000,4588178,2294,"0-10%=2.966µs(n=200)|10-20%=2.28µs(n=200)|20-30%=2.236µs(n=200)|30-40%=2.237µs(n=200)|40-50%=2.348µs(n=200)|50-60%=2.214µs(n=200)|60-70%=2.195µs(n=200)|70-80%=2.115µs(n=200)|80-90%=2.112µs(n=200)|90-100%=2.23µs(n=200)",0.27,0.27,119809,10038,1001,9037,0,0,0,0,0,0,0,0,0,0,0,0.00,0.00,0,0,0,0
smt,build_50k_then_reinsert_10k_existing,50000,50000,10000,32530081,3253,"0-10%=4.103µs(n=1000)|10-20%=3.347µs(n=1000)|20-30%=3.307µs(n=1000)|30-40%=3.11µs(n=1000)|40-50%=3.295µs(n=1000)|50-60%=3.342µs(n=1000)|60-70%=2.957µs(n=1000)|70-80%=3.093µs(n=1000)|80-90%=2.929µs(n=1000)|90-100%=3.043µs(n=1000)",1.31,1.31,595814,50038,5001,45037,0,0,0,0,0,0,0,0,0,0,0,0.00,0.00,0,0,0,0
smt,build_100k_then_reinsert_20k_existing,100000,100000,20000,71940355,3597,"0-10%=4.166µs(n=2000)|10-20%=3.874µs(n=2000)|20-30%=3.741µs(n=2000)|30-40%=3.645µs(n=2000)|40-50%=3.607µs(n=2000)|50-60%=3.596µs(n=2000)|60-70%=3.412µs(n=2000)|70-80%=3.317µs(n=2000)|80-90%=3.324µs(n=2000)|90-100%=3.282µs(n=2000)",2.61,2.61,1190820,100038,10001,90037,0,0,0,0,0,0,0,0,0,0,0,0.00,0.00,0,0,0,0
smt,build_200k_then_reinsert_40k_existing,200000,200000,40000,158303311,3957,"0-10%=4.623µs(n=4000)|10-20%=4.332µs(n=4000)|20-30%=4.066µs(n=4000)|30-40%=3.925µs(n=4000)|40-50%=3.902µs(n=4000)|50-60%=3.841µs(n=4000)|60-70%=3.812µs(n=4000)|70-80%=3.758µs(n=4000)|80-90%=3.681µs(n=4000)|90-100%=3.63µs(n=4000)",5.22,5.22,2380836,200045,20001,180044,0,0,0,0,0,0,0,0,0,0,0,0.00,0.00,0,0,0,0
smt,build_300k_then_reinsert_60k_existing,300000,300000,60000,262792047,4379,"0-10%=5.316µs(n=6000)|10-20%=4.725µs(n=6000)|20-30%=4.492µs(n=6000)|30-40%=4.379µs(n=6000)|40-50%=4.286µs(n=6000)|50-60%=4.268µs(n=6000)|60-70%=4.156µs(n=6000)|70-80%=4.128µs(n=6000)|80-90%=4.027µs(n=6000)|90-100%=4.017µs(n=6000)",7.81,7.81,3570852,300047,30001,270046,0,0,0,0,0,0,0,0,0,0,0,0.00,0.00,0,0,0,0
smt,build_500k_then_reinsert_100k_existing,500000,500000,100000,475804227,4758,"0-10%=5.669µs(n=10000)|10-20%=4.961µs(n=10000)|20-30%=4.836µs(n=10000)|30-40%=4.792µs(n=10000)|40-50%=4.709µs(n=10000)|50-60%=4.637µs(n=10000)|60-70%=4.589µs(n=10000)|70-80%=4.443µs(n=10000)|80-90%=4.446µs(n=10000)|90-100%=4.495µs(n=10000)",13.01,13.01,5950862,500050,50001,450049,0,0,0,0,0,0,0,0,0,0,0,0.00,0.00,0,0,0,0
smt,build_700k_then_reinsert_140k_existing,700000,700000,140000,720474265,5146,"0-10%=5.987µs(n=14000)|10-20%=5.296µs(n=14000)|20-30%=5.111µs(n=14000)|30-40%=4.999µs(n=14000)|40-50%=5.009µs(n=14000)|50-60%=4.977µs(n=14000)|60-70%=5.004µs(n=14000)|70-80%=4.987µs(n=14000)|80-90%=5.078µs(n=14000)|90-100%=5.007µs(n=14000)",18.20,18.20,8330872,700052,70001,630051,0,0,0,0,0,0,0,0,0,0,0,0.00,0.00,0,0,0,0
smt,build_900k_then_reinsert_180k_existing,900000,900000,180000,947566326,5264,"0-10%=5.93µs(n=18000)|10-20%=5.374µs(n=18000)|20-30%=5.257µs(n=18000)|30-40%=5.558µs(n=18000)|40-50%=5.326µs(n=18000)|50-60%=5.123µs(n=18000)|60-70%=5.069µs(n=18000)|70-80%=5.019µs(n=18000)|80-90%=4.931µs(n=18000)|90-100%=5.051µs(n=18000)",23.40,23.40,10710882,900053,90001,810052,0,0,0,0,0,0,0,0,0,0,0,0.00,0.00,0,0,0,0
smt,build_1m_then_reinsert_200k_existing,1000000,1000000,200000,1080187633,5400,"0-10%=6.026µs(n=20000)|10-20%=5.453µs(n=20000)|20-30%=5.788µs(n=20000)|30-40%=5.293µs(n=20000)|40-50%=5.265µs(n=20000)|50-60%=5.337µs(n=20000)|60-70%=5.333µs(n=20000)|70-80%=5.208µs(n=20000)|80-90%=5.159µs(n=20000)|90-100%=5.143µs(n=20000)",25.99,25.99,11900890,1000053,100001,900052,0,0,0,0,0,0,0,0,0,0,0,0.00,0.00,0,0,0,0
smt,build_2m_then_reinsert_400k_existing,2000000,2000000,400000,2374369125,5935,"0-10%=6.4µs(n=40000)|10-20%=6.001µs(n=40000)|20-30%=5.879µs(n=40000)|30-40%=5.833µs(n=40000)|40-50%=5.86µs(n=40000)|50-60%=5.941µs(n=40000)|60-70%=5.878µs(n=40000)|70-80%=5.862µs(n=40000)|80-90%=5.778µs(n=40000)|90-100%=5.922µs(n=40000)",51.98,51.98,23800909,2000062,200000,1800062,0,0,0,0,0,0,0,0,0,0,0,0.00,0.00,0,0,0,0
smt,build_5m_then_reinsert_1m_existing,5000000,5000000,1000000,6887403096,6887,"0-10%=7.062µs(n=100000)|10-20%=6.835µs(n=100000)|20-30%=6.838µs(n=100000)|30-40%=6.845µs(n=100000)|40-50%=6.814µs(n=100000)|50-60%=6.811µs(n=100000)|60-70%=7.078µs(n=100000)|70-80%=7.006µs(n=100000)|80-90%=6.817µs(n=100000)|90-100%=6.764µs(n=100000)",129.95,129.95,59500937,5000080,500001,4500079,0,0,0,0,0,0,0,0,0,0,0,0.00,0.00,0,0,0,0
smt,build_10m_then_reinsert_2m_existing,10000000,10000000,2000000,15491804073,7745,"0-10%=7.747µs(n=200000)|10-20%=7.712µs(n=200000)|20-30%=7.686µs(n=200000)|30-40%=7.783µs(n=200000)|40-50%=7.82µs(n=200000)|50-60%=7.76µs(n=200000)|60-70%=7.76µs(n=200000)|70-80%=7.861µs(n=200000)|80-90%=7.674µs(n=200000)|90-100%=7.651µs(n=200000)",259.92,259.92,119000918,10000115,1000001,9000114,0,0,0,0,0,0,0,0,0,0,0,0.00,0.00,0,0,0,0
smt,build_25m_then_reinsert_5m_existing,25000000,25000000,5000000,46630301042,9326,"0-10%=9.43µs(n=500000)|10-20%=9.426µs(n=500000)|20-30%=9.43µs(n=500000)|30-40%=9.365µs(n=500000)|40-50%=9.328µs(n=500000)|50-60%=9.24µs(n=500000)|60-70%=9.223µs(n=500000)|70-80%=9.285µs(n=500000)|80-90%=9.282µs(n=500000)|90-100%=9.246µs(n=500000)",650.12,650.12,297501063,25000256,2500001,22500255,0,0,0,0,0,0,0,0,0,0,0,0.00,0.00,0,0,0,0
smt,insert_only_build_10k,0,10000,10000,21926150,2192,"0-10%=1.57µs(n=1000)|10-20%=1.858µs(n=1000)|20-30%=1.869µs(n=1000)|30-40%=2.696µs(n=1000)|40-50%=2.075µs(n=1000)|50-60%=2.11µs(n=1000)|60-70%=2.212µs(n=1000)|70-80%=3.061µs(n=1000)|80-90%=2.2µs(n=1000)|90-100%=2.268µs(n=1000)",5.57,6.87,127520,180027,53044,126983,0,0,0,0,0,0,0,0,0,0,0,0.00,0.00,0,0,0,0
smt,insert_only_build_50k,0,50000,50000,127716603,2554,"0-10%=2.046µs(n=5000)|10-20%=2.361µs(n=5000)|20-30%=2.444µs(n=5000)|30-40%=2.423µs(n=5000)|40-50%=2.629µs(n=5000)|50-60%=2.691µs(n=5000)|60-70%=2.581µs(n=5000)|70-80%=2.63µs(n=5000)|80-90%=2.946µs(n=5000)|90-100%=2.788µs(n=5000)",26.20,34.31,581209,900067,319409,580658,0,0,0,0,0,0,0,0,0,0,0,0.00,0.00,0,0,0,0
smt,insert_only_build_100k,0,100000,100000,291916585,2919,"0-10%=2.264µs(n=10000)|10-20%=2.523µs(n=10000)|20-30%=2.674µs(n=10000)|30-40%=2.624µs(n=10000)|40-50%=2.792µs(n=10000)|50-60%=3.158µs(n=10000)|60-70%=3.06µs(n=10000)|70-80%=3.145µs(n=10000)|80-90%=3.238µs(n=10000)|90-100%=3.709µs(n=10000)",52.14,68.52,1156837,1800029,643795,1156234,0,0,0,0,0,0,0,0,0,0,0,0.00,0.00,0,0,0,0
smt,insert_only_build_200k,0,200000,200000,667231231,3336,"0-10%=2.366µs(n=20000)|10-20%=2.742µs(n=20000)|20-30%=2.966µs(n=20000)|30-40%=2.981µs(n=20000)|40-50%=3.331µs(n=20000)|50-60%=3.505µs(n=20000)|60-70%=3.483µs(n=20000)|70-80%=3.904µs(n=20000)|80-90%=4.108µs(n=20000)|90-100%=3.969µs(n=20000)",108.28,137.03,2438849,3600039,1161794,2438245,0,0,0,0,0,0,0,0,0,0,0,0.00,0.00,0,0,0,0
smt,insert_only_build_300k,0,300000,300000,1151825228,3839,"0-10%=2.409µs(n=30000)|10-20%=2.921µs(n=30000)|20-30%=3.584µs(n=30000)|30-40%=3.867µs(n=30000)|40-50%=3.822µs(n=30000)|50-60%=4.161µs(n=30000)|60-70%=4.156µs(n=30000)|70-80%=4.118µs(n=30000)|80-90%=4.185µs(n=30000)|90-100%=5.166µs(n=30000)",155.92,205.56,3452701,5400052,1947957,3452095,0,0,0,0,0,0,0,0,0,0,0,0.00,0.00,0,0,0,0
smt,insert_only_build_500k,0,500000,500000,1982724834,3965,"0-10%=2.666µs(n=50000)|10-20%=3.381µs(n=50000)|20-30%=3.559µs(n=50000)|30-40%=3.82µs(n=50000)|40-50%=3.812µs(n=50000)|50-60%=4.792µs(n=50000)|60-70%=4.197µs(n=50000)|70-80%=4.195µs(n=50000)|80-90%=4.215µs(n=50000)|90-100%=5.014µs(n=50000)",258.10,342.55,5698735,9000047,3301936,5698111,0,0,0,0,0,0,0,0,0,0,0,0.00,0.00,0,0,0,0
smt,insert_only_build_700k,0,700000,700000,3030749456,4329,"0-10%=2.623µs(n=70000)|10-20%=3.113µs(n=70000)|20-30%=3.778µs(n=70000)|30-40%=4.266µs(n=70000)|40-50%=4.283µs(n=70000)|50-60%=4.212µs(n=70000)|60-70%=5.112µs(n=70000)|70-80%=5.409µs(n=70000)|80-90%=5.191µs(n=70000)|90-100%=5.305µs(n=70000)",394.51,479.56,9023995,12600044,3576690,9023354,0,0,0,0,0,0,0,0,0,0,0,0.00,0.00,0,0,0,0
smt,insert_only_build_900k,0,900000,900000,4071812249,4524,"0-10%=2.959µs(n=90000)|10-20%=4.001µs(n=90000)|20-30%=4.119µs(n=90000)|30-40%=4.395µs(n=90000)|40-50%=4.462µs(n=90000)|50-60%=5.105µs(n=90000)|60-70%=4.669µs(n=90000)|70-80%=4.637µs(n=90000)|80-90%=5.196µs(n=90000)|90-100%=5.695µs(n=90000)",472.39,616.58,10502348,16200058,5698348,10501710,0,0,0,0,0,0,0,0,0,0,0,0.00,0.00,0,0,0,0
smt,insert_only_build_1m,0,1000000,1000000,4819285814,4819,"0-10%=3.089µs(n=100000)|10-20%=4.186µs(n=100000)|20-30%=4.708µs(n=100000)|30-40%=4.575µs(n=100000)|40-50%=4.959µs(n=100000)|50-60%=4.926µs(n=100000)|60-70%=4.673µs(n=100000)|70-80%=5.016µs(n=100000)|80-90%=6.068µs(n=100000)|90-100%=5.987µs(n=100000)",541.76,685.08,12201947,18000060,5798757,12201303,0,0,0,0,0,0,0,0,0,0,0,0.00,0.00,0,0,0,0
smt,insert_only_build_2m,0,2000000,2000000,10340460440,5170,"0-10%=3.693µs(n=200000)|10-20%=4.427µs(n=200000)|20-30%=4.742µs(n=200000)|30-40%=4.864µs(n=200000)|40-50%=5.66µs(n=200000)|50-60%=5.215µs(n=200000)|60-70%=5.516µs(n=200000)|70-80%=6.015µs(n=200000)|80-90%=5.748µs(n=200000)|90-100%=5.817µs(n=200000)",1121.36,1370.21,25595118,36000078,10405619,25594459,0,0,0,0,0,0,0,0,0,0,0,0.00,0.00,0,0,0,0
smt,insert_only_build_5m,0,5000000,5000000,30552628360,6110,"0-10%=3.866µs(n=500000)|10-20%=5.011µs(n=500000)|20-30%=5.597µs(n=500000)|30-40%=5.587µs(n=500000)|40-50%=6.344µs(n=500000)|50-60%=6.515µs(n=500000)|60-70%=6.697µs(n=500000)|70-80%=7.308µs(n=500000)|80-90%=7.122µs(n=500000)|90-100%=7.054µs(n=500000)",2743.04,3425.55,62080900,90000167,27919928,62080239,0,0,0,0,0,0,0,0,0,0,0,0.00,0.00,0,0,0,0
smt,insert_only_build_10m,0,10000000,10000000,69747360330,6974,"0-10%=4.586µs(n=1000000)|10-20%=5.717µs(n=1000000)|20-30%=6.308µs(n=1000000)|30-40%=6.448µs(n=1000000)|40-50%=7.468µs(n=1000000)|50-60%=7.246µs(n=1000000)|60-70%=7.938µs(n=1000000)|70-80%=7.917µs(n=1000000)|80-90%=7.978µs(n=1000000)|90-100%=8.136µs(n=1000000)",5592.60,6851.39,127511915,180000332,52489090,127511242,0,0,0,0,0,0,0,0,0,0,0,0.00,0.00,0,0,0,0
smt,insert_only_build_25m,0,25000000,25000000,207193269926,8287,"0-10%=5.426µs(n=2500000)|10-20%=6.811µs(n=2500000)|20-30%=7.404µs(n=2500000)|30-40%=8.013µs(n=2500000)|40-50%=8.61µs(n=2500000)|50-60%=8.724µs(n=2500000)|60-70%=8.857µs(n=2500000)|70-80%=9.18µs(n=2500000)|80-90%=10.165µs(n=2500000)|90-100%=9.681µs(n=2500000)",13460.35,17129.60,302304308,450000929,147697307,302303622,0,0,0,0,0,0,0,0,0,0,0,0.00,0.00,0,0,0,0
smt,prehashed_ordered_insert_only_10k,0,10000,10000,15280685,1528,"0-10%=1.225µs(n=1000)|10-20%=1.316µs(n=1000)|20-30%=1.869µs(n=1000)|30-40%=1.443µs(n=1000)|40-50%=1.416µs(n=1000)|50-60%=1.202µs(n=1000)|60-70%=2.378µs(n=1000)|70-80%=1.421µs(n=1000)|80-90%=1.463µs(n=1000)|90-100%=1.542µs(n=1000)",5.00,6.73,130106,180022,60621,119401,0,0,0,0,0,0,0,0,0,0,0,0.00,0.00,0,0,0,0
smt,prehashed_ordered_insert_only_50k,0,50000,50000,78948715,1578,"0-10%=1.48µs(n=5000)|10-20%=1.624µs(n=5000)|20-30%=1.634µs(n=5000)|30-40%=1.468µs(n=5000)|40-50%=1.854µs(n=5000)|50-60%=1.354µs(n=5000)|60-70%=1.688µs(n=5000)|70-80%=1.524µs(n=5000)|80-90%=1.535µs(n=5000)|90-100%=1.623µs(n=5000)",27.81,33.57,637513,899991,263124,636867,0,0,0,0,0,0,0,0,0,0,0,0.00,0.00,0,0,0,0
smt,prehashed_ordered_insert_only_100k,0,100000,100000,161363624,1613,"0-10%=1.56µs(n=10000)|10-20%=1.512µs(n=10000)|20-30%=1.613µs(n=10000)|30-40%=1.726µs(n=10000)|40-50%=1.663µs(n=10000)|50-60%=1.411µs(n=10000)|60-70%=1.77µs(n=10000)|70-80%=1.588µs(n=10000)|80-90%=1.594µs(n=10000)|90-100%=1.695µs(n=10000)",49.86,67.18,1284115,1800032,616537,1183495,0,0,0,0,0,0,0,0,0,0,0,0.00,0.00,0,0,0,0
smt,prehashed_ordered_insert_only_200k,0,200000,200000,336845514,1684,"0-10%=1.575µs(n=20000)|10-20%=1.62µs(n=20000)|20-30%=1.63µs(n=20000)|30-40%=1.679µs(n=20000)|40-50%=1.712µs(n=20000)|50-60%=1.677µs(n=20000)|60-70%=1.568µs(n=20000)|70-80%=1.604µs(n=20000)|80-90%=1.64µs(n=20000)|90-100%=2.132µs(n=20000)",103.17,134.31,2281080,3599999,1319571,2280428,0,0,0,0,0,0,0,0,0,0,0,0.00,0.00,0,0,0,0
smt,prehashed_ordered_insert_only_300k,0,300000,300000,515293130,1717,"0-10%=1.563µs(n=30000)|10-20%=1.671µs(n=30000)|20-30%=1.66µs(n=30000)|30-40%=1.776µs(n=30000)|40-50%=1.741µs(n=30000)|50-60%=1.488µs(n=30000)|60-70%=1.834µs(n=30000)|70-80%=1.7µs(n=30000)|80-90%=1.815µs(n=30000)|90-100%=1.923µs(n=30000)",169.27,201.44,3896967,5400002,1503691,3896311,0,0,0,0,0,0,0,0,0,0,0,0.00,0.00,0,0,0,0
smt,prehashed_ordered_insert_only_500k,0,500000,500000,927782974,1855,"0-10%=1.627µs(n=50000)|10-20%=1.672µs(n=50000)|20-30%=1.828µs(n=50000)|30-40%=1.817µs(n=50000)|40-50%=2.021µs(n=50000)|50-60%=1.68µs(n=50000)|60-70%=1.779µs(n=50000)|70-80%=2.093µs(n=50000)|80-90%=1.915µs(n=50000)|90-100%=2.118µs(n=50000)",243.03,335.73,6213144,9000042,3287526,5712516,0,0,0,0,0,0,0,0,0,0,0,0.00,0.00,0,0,0,0
smt,prehashed_ordered_insert_only_700k,0,700000,700000,1309233852,1870,"0-10%=1.659µs(n=70000)|10-20%=1.726µs(n=70000)|20-30%=1.926µs(n=70000)|30-40%=1.915µs(n=70000)|40-50%=2.09µs(n=70000)|50-60%=1.704µs(n=70000)|60-70%=1.807µs(n=70000)|70-80%=2.077µs(n=70000)|80-90%=1.847µs(n=70000)|90-100%=1.947µs(n=70000)",342.16,470.01,8761374,12600036,4539301,8060735,0,0,0,0,0,0,0,0,0,0,0,0.00,0.00,0,0,0,0
smt,prehashed_ordered_insert_only_900k,0,900000,900000,1743064585,1936,"0-10%=1.664µs(n=90000)|10-20%=1.799µs(n=90000)|20-30%=1.928µs(n=90000)|30-40%=1.933µs(n=90000)|40-50%=2.255µs(n=90000)|50-60%=1.716µs(n=90000)|60-70%=1.865µs(n=90000)|70-80%=2.188µs(n=90000)|80-90%=1.965µs(n=90000)|90-100%=2.048µs(n=90000)",436.80,604.28,11162253,16200043,5938425,10261618,0,0,0,0,0,0,0,0,0,0,0,0.00,0.00,0,0,0,0
smt,prehashed_ordered_insert_only_1m,0,1000000,1000000,1909937149,1909,"0-10%=1.719µs(n=100000)|10-20%=1.756µs(n=100000)|20-30%=1.944µs(n=100000)|30-40%=1.873µs(n=100000)|40-50%=2.117µs(n=100000)|50-60%=1.775µs(n=100000)|60-70%=1.808µs(n=100000)|70-80%=2.061µs(n=100000)|80-90%=2.013µs(n=100000)|90-100%=2.03µs(n=100000)",479.20,671.44,12201344,18000046,6799339,11200707,0,0,0,0,0,0,0,0,0,0,0,0.00,0.00,0,0,0,0
smt,prehashed_ordered_insert_only_2m,0,2000000,2000000,3922606121,1961,"0-10%=1.797µs(n=200000)|10-20%=1.831µs(n=200000)|20-30%=1.981µs(n=200000)|30-40%=1.918µs(n=200000)|40-50%=2.214µs(n=200000)|50-60%=1.839µs(n=200000)|60-70%=1.889µs(n=200000)|70-80%=2.19µs(n=200000)|80-90%=1.919µs(n=200000)|90-100%=2.03µs(n=200000)",974.87,1342.90,24941472,36000057,13059225,22940832,0,0,0,0,0,0,0,0,0,0,0,0.00,0.00,0,0,0,0
smt,prehashed_ordered_insert_only_5m,0,5000000,5000000,10110664383,2022,"0-10%=1.785µs(n=500000)|10-20%=1.859µs(n=500000)|20-30%=2.054µs(n=500000)|30-40%=1.986µs(n=500000)|40-50%=2.323µs(n=500000)|50-60%=1.815µs(n=500000)|60-70%=1.947µs(n=500000)|70-80%=2.277µs(n=500000)|80-90%=2.042µs(n=500000)|90-100%=2.129µs(n=500000)",2403.57,3357.29,61251184,90000079,33749540,56250539,0,0,0,0,0,0,0,0,0,0,0,0.00,0.00,0,0,0,0
smt,prehashed_ordered_insert_only_10m,0,10000000,10000000,20878040843,2087,"0-10%=1.869µs(n=1000000)|10-20%=1.98µs(n=1000000)|20-30%=2.12µs(n=1000000)|30-40%=2.073µs(n=1000000)|40-50%=2.313µs(n=1000000)|50-60%=1.893µs(n=1000000)|60-70%=2.014µs(n=1000000)|70-80%=2.359µs(n=1000000)|80-90%=2.086µs(n=1000000)|90-100%=2.167µs(n=1000000)",4892.15,6714.54,125287879,180000119,64712889,115287230,0,0,0,0,0,0,0,0,0,0,0,0.00,0.00,0,0,0,0
smt,prehashed_ordered_insert_only_25m,0,25000000,25000000,57364682571,2294,"0-10%=1.955µs(n=2500000)|10-20%=2.033µs(n=2500000)|20-30%=2.221µs(n=2500000)|30-40%=2.128µs(n=2500000)|40-50%=2.439µs(n=2500000)|50-60%=2.047µs(n=2500000)|60-70%=2.435µs(n=2500000)|70-80%=2.466µs(n=2500000)|80-90%=2.693µs(n=2500000)|90-100%=2.523µs(n=2500000)",11865.04,16786.20,301251860,450000220,173749017,276251203,0,0,0,0,0,0,0,0,0,0,0,0.00,0.00,0,0,0,0
smt,proof_only_after_10k_build_sample_5pct,10000,10000,0,0,0,"",0.00,0.00,0,0,0,0,571837,1143,632,3060,0,0,0,0,0,0,0,0.00,0.00,0,0,0,0
smt,proof_only_after_50k_build_sample_5pct,50000,50000,0,0,0,"",0.00,0.00,0,0,0,0,3819744,1527,721,3548,0,0,0,0,0,0,0,0.00,0.00,0,0,0,0
smt,proof_only_after_100k_build_sample_5pct,100000,100000,0,0,0,"",0.00,0.00,0,0,0,0,10320355,2064,758,4137,0,0,0,0,0,0,0,0.00,0.00,0,0,0,0
smt,proof_only_after_200k_build_sample_5pct,200000,200000,0,0,0,"",0.00,0.00,0,0,0,0,24287471,2428,797,4591,0,0,0,0,0,0,0,0.00,0.00,0,0,0,0
smt,proof_only_after_300k_build_sample_5pct,300000,300000,0,0,0,"",0.00,0.00,0,0,0,0,48680190,3245,818,4989,0,0,0,0,0,0,0,0.00,0.00,0,0,0,0
smt,proof_only_after_500k_build_sample_5pct,500000,500000,0,0,0,"",0.00,0.00,0,0,0,0,92260117,3690,846,5301,0,0,0,0,0,0,0,0.00,0.00,0,0,0,0
smt,proof_only_after_700k_build_sample_5pct,700000,700000,0,0,0,"",0.00,0.00,0,0,0,0,128452937,3670,865,5036,0,0,0,0,0,0,0,0.00,0.00,0,0,0,0
smt,proof_only_after_900k_build_sample_5pct,900000,900000,0,0,0,"",0.00,0.00,0,0,0,0,175437803,3898,879,5466,0,0,0,0,0,0,0,0.00,0.00,0,0,0,0
smt,proof_only_after_1m_build_sample_5pct,1000000,1000000,0,0,0,"",0.00,0.00,0,0,0,0,196842576,3936,885,5434,0,0,0,0,0,0,0,0.00,0.00,0,0,0,0
smt,proof_only_after_2m_build_sample_3pct,2000000,2000000,0,0,0,"",0.00,0.00,0,0,0,0,252535480,4208,923,5787,0,0,0,0,0,0,0,0.00,0.00,0,0,0,0
smt,proof_only_after_5m_build_sample_3pct,5000000,5000000,0,0,0,"",0.00,0.00,0,0,0,0,703223550,4688,973,6513,0,0,0,0,0,0,0,0.00,0.00,0,0,0,0
smt,proof_only_after_10m_build_sample_2pct,10000000,10000000,0,0,0,"",0.00,0.00,0,0,0,0,1074742598,5373,1011,7489,0,0,0,0,0,0,0,0.00,0.00,0,0,0,0
smt,proof_only_after_25m_build_sample_2pct,25000000,25000000,0,0,0,"",0.00,0.00,0,0,0,0,4689146448,9378,1061,8648,0,0,0,0,0,0,0,0.00,0.00,0,0,0,0
smt,build_10k_then_add_2k_new,10000,12000,2000,4994735,2497,"0-10%=2.851µs(n=200)|10-20%=2.27µs(n=200)|20-30%=2.652µs(n=200)|30-40%=2.496µs(n=200)|40-50%=2.541µs(n=200)|50-60%=2.529µs(n=200)|60-70%=2.279µs(n=200)|70-80%=2.621µs(n=200)|80-90%=2.493µs(n=200)|90-100%=2.232µs(n=200)",1.39,1.39,144187,36038,2552,33486,0,0,0,0,0,0,0,0,0,0,0,0.00,0.00,0,0,0,0
smt,build_50k_then_add_10k_new,50000,60000,10000,34745843,3474,"0-10%=4.137µs(n=1000)|10-20%=3.723µs(n=1000)|20-30%=3.504µs(n=1000)|30-40%=3.487µs(n=1000)|40-50%=3.276µs(n=1000)|50-60%=3.382µs(n=1000)|60-70%=3.333µs(n=1000)|70-80%=3.472µs(n=1000)|80-90%=3.249µs(n=1000)|90-100%=3.178µs(n=1000)",6.87,6.87,717993,180038,12753,167285,0,0,0,0,0,0,0,0,0,0,0,0.00,0.00,0,0,0,0
smt,build_100k_then_add_20k_new,100000,120000,20000,73539710,3676,"0-10%=4.18µs(n=2000)|10-20%=3.976µs(n=2000)|20-30%=3.919µs(n=2000)|30-40%=3.667µs(n=2000)|40-50%=3.523µs(n=2000)|50-60%=3.521µs(n=2000)|60-70%=3.493µs(n=2000)|70-80%=3.458µs(n=2000)|80-90%=3.509µs(n=2000)|90-100%=3.519µs(n=2000)",13.72,13.72,1435258,360038,25494,334544,0,0,0,0,0,0,0,0,0,0,0,0.00,0.00,0,0,0,0
smt,build_200k_then_add_40k_new,200000,240000,40000,180388388,4509,"0-10%=5.764µs(n=4000)|10-20%=5.1µs(n=4000)|20-30%=4.883µs(n=4000)|30-40%=4.505µs(n=4000)|40-50%=4.451µs(n=4000)|50-60%=4.307µs(n=4000)|60-70%=4.086µs(n=4000)|70-80%=3.999µs(n=4000)|80-90%=3.995µs(n=4000)|90-100%=4.003µs(n=4000)",27.43,27.43,2869718,720045,51050,668995,0,0,0,0,0,0,0,0,0,0,0,0.00,0.00,0,0,0,0
smt,build_300k_then_add_60k_new,300000,360000,60000,281940974,4699,"0-10%=5.656µs(n=6000)|10-20%=5.125µs(n=6000)|20-30%=4.978µs(n=6000)|30-40%=4.916µs(n=6000)|40-50%=4.631µs(n=6000)|50-60%=4.404µs(n=6000)|60-70%=4.368µs(n=6000)|70-80%=4.311µs(n=6000)|80-90%=4.3µs(n=6000)|90-100%=4.296µs(n=6000)",41.13,41.13,4304186,1080047,76595,1003452,0,0,0,0,0,0,0,0,0,0,0,0.00,0.00,0,0,0,0
smt,build_500k_then_add_100k_new,500000,600000,100000,555598022,5555,"0-10%=6.721µs(n=10000)|10-20%=6.079µs(n=10000)|20-30%=5.954µs(n=10000)|30-40%=5.407µs(n=10000)|40-50%=5.251µs(n=10000)|50-60%=5.368µs(n=10000)|60-70%=5.253µs(n=10000)|70-80%=5.228µs(n=10000)|80-90%=5.213µs(n=10000)|90-100%=5.083µs(n=10000)",68.51,68.51,7172666,1800050,128125,1671925,0,0,0,0,0,0,0,0,0,0,0,0.00,0.00,0,0,0,0
smt,build_700k_then_add_140k_new,700000,840000,140000,798128488,5700,"0-10%=6.412µs(n=14000)|10-20%=5.822µs(n=14000)|20-30%=5.653µs(n=14000)|30-40%=5.587µs(n=14000)|40-50%=5.539µs(n=14000)|50-60%=5.512µs(n=14000)|60-70%=5.494µs(n=14000)|70-80%=5.505µs(n=14000)|80-90%=5.327µs(n=14000)|90-100%=6.152µs(n=14000)",95.94,95.94,10041958,2520044,178844,2341200,0,0,0,0,0,0,0,0,0,0,0,0.00,0.00,0,0,0,0
smt,build_900k_then_add_180k_new,900000,1080000,180000,1019494169,5663,"0-10%=6.633µs(n=18000)|10-20%=6.076µs(n=18000)|20-30%=6.026µs(n=18000)|30-40%=5.738µs(n=18000)|40-50%=5.374µs(n=18000)|50-60%=5.265µs(n=18000)|60-70%=5.343µs(n=18000)|70-80%=5.383µs(n=18000)|80-90%=5.324µs(n=18000)|90-100%=5.471µs(n=18000)",123.33,123.33,12910607,3240053,230207,3009846,0,0,0,0,0,0,0,0,0,0,0,0.00,0.00,0,0,0,0
smt,build_1m_then_add_200k_new,1000000,1200000,200000,1164069113,5820,"0-10%=6.623µs(n=20000)|10-20%=6.147µs(n=20000)|20-30%=6.045µs(n=20000)|30-40%=5.89µs(n=20000)|40-50%=5.841µs(n=20000)|50-60%=5.667µs(n=20000)|60-70%=5.51µs(n=20000)|70-80%=5.423µs(n=20000)|80-90%=5.596µs(n=20000)|90-100%=5.457µs(n=20000)",137.04,137.04,14345229,3600053,255593,3344460,0,0,0,0,0,0,0,0,0,0,0,0.00,0.00,0,0,0,0
smt,build_2m_then_add_400k_new,2000000,2400000,400000,2630604788,6576,"0-10%=7.021µs(n=40000)|10-20%=6.663µs(n=40000)|20-30%=6.679µs(n=40000)|30-40%=6.451µs(n=40000)|40-50%=6.381µs(n=40000)|50-60%=6.41µs(n=40000)|60-70%=6.638µs(n=40000)|70-80%=6.683µs(n=40000)|80-90%=6.425µs(n=40000)|90-100%=6.409µs(n=40000)",274.08,274.08,28689537,7200063,511239,6688824,0,0,0,0,0,0,0,0,0,0,0,0.00,0.00,0,0,0,0
smt,build_5m_then_add_1m_new,5000000,6000000,1000000,7425863474,7425,"0-10%=7.865µs(n=100000)|10-20%=7.638µs(n=100000)|20-30%=7.544µs(n=100000)|30-40%=7.391µs(n=100000)|40-50%=7.38µs(n=100000)|50-60%=7.379µs(n=100000)|60-70%=7.27µs(n=100000)|70-80%=7.17µs(n=100000)|80-90%=7.308µs(n=100000)|90-100%=7.307µs(n=100000)",685.20,685.20,71722910,18000082,1277893,16722189,0,0,0,0,0,0,0,0,0,0,0,0.00,0.00,0,0,0,0
smt,build_10m_then_add_2m_new,10000000,12000000,2000000,16542757881,8271,"0-10%=8.575µs(n=200000)|10-20%=8.405µs(n=200000)|20-30%=8.288µs(n=200000)|30-40%=8.22µs(n=200000)|40-50%=8.262µs(n=200000)|50-60%=8.305µs(n=200000)|60-70%=8.329µs(n=200000)|70-80%=8.25µs(n=200000)|80-90%=8.069µs(n=200000)|90-100%=8.006µs(n=200000)",1370.35,1370.35,143443452,36000121,2557402,33442719,0,0,0,0,0,0,0,0,0,0,0,0.00,0.00,0,0,0,0
smt,build_25m_then_add_5m_new,25000000,30000000,5000000,51320249375,10264,"0-10%=10.686µs(n=500000)|10-20%=10.167µs(n=500000)|20-30%=10.349µs(n=500000)|30-40%=10.237µs(n=500000)|40-50%=10.168µs(n=500000)|50-60%=10.07µs(n=500000)|60-70%=10.197µs(n=500000)|70-80%=10.2µs(n=500000)|80-90%=10.299µs(n=500000)|90-100%=10.262µs(n=500000)",3426.29,3426.29,358607595,90000272,6393420,83606852,0,0,0,0,0,0,0,0,0,0,0,0.00,0.00,0,0,0,0
smt,build_10k_then_reinsert_2k_existing,10000,10000,2000,4526454,2263,"0-10%=2.865µs(n=200)|10-20%=2.297µs(n=200)|20-30%=2.254µs(n=200)|30-40%=2.307µs(n=200)|40-50%=2.116µs(n=200)|50-60%=2.128µs(n=200)|60-70%=2.111µs(n=200)|70-80%=2.035µs(n=200)|80-90%=2.121µs(n=200)|90-100%=2.39µs(n=200)",0.27,0.27,119794,10038,1001,9037,0,0,0,0,0,0,0,0,0,0,0,0.00,0.00,0,0,0,0
smt,build_50k_then_reinsert_10k_existing,50000,50000,10000,29773477,2977,"0-10%=3.549µs(n=1000)|10-20%=3.074µs(n=1000)|20-30%=3.024µs(n=1000)|30-40%=3.037µs(n=1000)|40-50%=2.881µs(n=1000)|50-60%=2.968µs(n=1000)|60-70%=2.775µs(n=1000)|70-80%=2.837µs(n=1000)|80-90%=2.837µs(n=1000)|90-100%=2.786µs(n=1000)",1.31,1.31,595799,50038,5001,45037,0,0,0,0,0,0,0,0,0,0,0,0.00,0.00,0,0,0,0
smt,build_100k_then_reinsert_20k_existing,100000,100000,20000,71171460,3558,"0-10%=4.152µs(n=2000)|10-20%=3.78µs(n=2000)|20-30%=3.656µs(n=2000)|30-40%=3.587µs(n=2000)|40-50%=3.617µs(n=2000)|50-60%=3.523µs(n=2000)|60-70%=3.421µs(n=2000)|70-80%=3.303µs(n=2000)|80-90%=3.281µs(n=2000)|90-100%=3.261µs(n=2000)",2.61,2.61,1190811,100038,10001,90037,0,0,0,0,0,0,0,0,0,0,0,0.00,0.00,0,0,0,0
smt,build_200k_then_reinsert_40k_existing,200000,200000,40000,167791784,4194,"0-10%=5.098µs(n=4000)|10-20%=4.62µs(n=4000)|20-30%=4.384µs(n=4000)|30-40%=4.202µs(n=4000)|40-50%=4.119µs(n=4000)|50-60%=4.066µs(n=4000)|60-70%=3.974µs(n=4000)|70-80%=3.879µs(n=4000)|80-90%=3.838µs(n=4000)|90-100%=3.762µs(n=4000)",5.22,5.22,2380822,200045,20001,180044,0,0,0,0,0,0,0,0,0,0,0,0.00,0.00,0,0,0,0
smt,build_300k_then_reinsert_60k_existing,300000,300000,60000,264253361,4404,"0-10%=5.324µs(n=6000)|10-20%=4.699µs(n=6000)|20-30%=4.461µs(n=6000)|30-40%=4.363µs(n=6000)|40-50%=4.279µs(n=6000)|50-60%=4.34µs(n=6000)|60-70%=4.331µs(n=6000)|70-80%=4.17µs(n=6000)|80-90%=4.066µs(n=6000)|90-100%=4.004µs(n=6000)",7.81,7.81,3570837,300047,30001,270046,0,0,0,0,0,0,0,0,0,0,0,0.00,0.00,0,0,0,0
smt,build_500k_then_reinsert_100k_existing,500000,500000,100000,487506943,4875,"0-10%=5.822µs(n=10000)|10-20%=5.126µs(n=10000)|20-30%=4.926µs(n=10000)|30-40%=4.783µs(n=10000)|40-50%=4.767µs(n=10000)|50-60%=4.909µs(n=10000)|60-70%=4.773µs(n=10000)|70-80%=4.603µs(n=10000)|80-90%=4.543µs(n=10000)|90-100%=4.494µs(n=10000)",13.00,13.00,5950846,500049,50001,450048,0,0,0,0,0,0,0,0,0,0,0,0.00,0.00,0,0,0,0
smt,build_700k_then_reinsert_140k_existing,700000,700000,140000,759822164,5427,"0-10%=5.794µs(n=14000)|10-20%=5.172µs(n=14000)|20-30%=5.184µs(n=14000)|30-40%=5.072µs(n=14000)|40-50%=5.662µs(n=14000)|50-60%=5.928µs(n=14000)|60-70%=5.648µs(n=14000)|70-80%=5.334µs(n=14000)|80-90%=5.233µs(n=14000)|90-100%=5.24µs(n=14000)",18.20,18.20,8330858,700052,70001,630051,0,0,0,0,0,0,0,0,0,0,0,0.00,0.00,0,0,0,0
smt,build_900k_then_reinsert_180k_existing,900000,900000,180000,974764166,5415,"0-10%=6.096µs(n=18000)|10-20%=5.527µs(n=18000)|20-30%=5.337µs(n=18000)|30-40%=5.272µs(n=18000)|40-50%=5.827µs(n=18000)|50-60%=5.518µs(n=18000)|60-70%=5.373µs(n=18000)|70-80%=5.216µs(n=18000)|80-90%=5.064µs(n=18000)|90-100%=4.919µs(n=18000)",23.40,23.40,10710870,900053,90001,810052,0,0,0,0,0,0,0,0,0,0,0,0.00,0.00,0,0,0,0
smt,build_1m_then_reinsert_200k_existing,1000000,1000000,200000,1109998370,5549,"0-10%=6.153µs(n=20000)|10-20%=5.61µs(n=20000)|20-30%=6.009µs(n=20000)|30-40%=5.475µs(n=20000)|40-50%=5.378µs(n=20000)|50-60%=5.418µs(n=20000)|60-70%=5.444µs(n=20000)|70-80%=5.384µs(n=20000)|80-90%=5.332µs(n=20000)|90-100%=5.291µs(n=20000)",25.99,25.99,11900816,1000053,100001,900052,0,0,0,0,0,0,0,0,0,0,0,0.00,0.00,0,0,0,0
smt,build_2m_then_reinsert_400k_existing,2000000,2000000,400000,2404840330,6012,"0-10%=6.307µs(n=40000)|10-20%=5.909µs(n=40000)|20-30%=6.127µs(n=40000)|30-40%=6.153µs(n=40000)|40-50%=5.945µs(n=40000)|50-60%=5.852µs(n=40000)|60-70%=6.041µs(n=40000)|70-80%=5.994µs(n=40000)|80-90%=5.899µs(n=40000)|90-100%=5.889µs(n=40000)",51.98,51.98,23800833,2000062,200001,1800061,0,0,0,0,0,0,0,0,0,0,0,0.00,0.00,0,0,0,0
smt,build_5m_then_reinsert_1m_existing,5000000,5000000,1000000,6880638658,6880,"0-10%=7.11µs(n=100000)|10-20%=6.852µs(n=100000)|20-30%=6.916µs(n=100000)|30-40%=6.887µs(n=100000)|40-50%=6.829µs(n=100000)|50-60%=6.876µs(n=100000)|60-70%=6.879µs(n=100000)|70-80%=6.881µs(n=100000)|80-90%=6.794µs(n=100000)|90-100%=6.777µs(n=100000)",129.95,129.95,59500861,5000080,500001,4500079,0,0,0,0,0,0,0,0,0,0,0,0.00,0.00,0,0,0,0
smt,build_10m_then_reinsert_2m_existing,10000000,10000000,2000000,15552486225,7776,"0-10%=7.908µs(n=200000)|10-20%=7.764µs(n=200000)|20-30%=7.897µs(n=200000)|30-40%=7.768µs(n=200000)|40-50%=7.762µs(n=200000)|50-60%=7.686µs(n=200000)|60-70%=7.792µs(n=200000)|70-80%=7.716µs(n=200000)|80-90%=7.709µs(n=200000)|90-100%=7.757µs(n=200000)",259.92,259.92,119000908,10000116,1000001,9000115,0,0,0,0,0,0,0,0,0,0,0,0.00,0.00,0,0,0,0
smt,build_25m_then_reinsert_5m_existing,25000000,25000000,5000000,46359436561,9271,"0-10%=9.411µs(n=500000)|10-20%=9.287µs(n=500000)|20-30%=9.337µs(n=500000)|30-40%=9.274µs(n=500000)|40-50%=9.255µs(n=500000)|50-60%=9.306µs(n=500000)|60-70%=9.305µs(n=500000)|70-80%=9.184µs(n=500000)|80-90%=9.217µs(n=500000)|90-100%=9.138µs(n=500000)",650.13,650.13,297501049,25000257,2500000,22500257,0,0,0,0,0,0,0,0,0,0,0,0.00,0.00,0,0,0,0
smt,insert_only_build_10k,0,10000,10000,24261793,2426,"0-10%=1.655µs(n=1000)|10-20%=1.795µs(n=1000)|20-30%=1.905µs(n=1000)|30-40%=2.697µs(n=1000)|40-50%=2.13µs(n=1000)|50-60%=2.245µs(n=1000)|60-70%=2.687µs(n=1000)|70-80%=3.899µs(n=1000)|80-90%=2.631µs(n=1000)|90-100%=2.612µs(n=1000)",5.50,6.89,124774,180050,55809,124241,0,0,0,0,0,0,0,0,0,0,0,0.00,0.00,0,0,0,0
smt,insert_only_build_50k,0,50000,50000,132361328,2647,"0-10%=2.111µs(n=5000)|10-20%=2.429µs(n=5000)|20-30%=2.614µs(n=5000)|30-40%=2.569µs(n=5000)|40-50%=2.663µs(n=5000)|50-60%=2.872µs(n=5000)|60-70%=2.65µs(n=5000)|70-80%=2.666µs(n=5000)|80-90%=2.746µs(n=5000)|90-100%=3.148µs(n=5000)",25.36,34.30,555177,900054,345444,554610,0,0,0,0,0,0,0,0,0,0,0,0.00,0.00,0,0,0,0
smt,insert_only_build_100k,0,100000,100000,288179895,2881,"0-10%=2.229µs(n=10000)|10-20%=2.517µs(n=10000)|20-30%=2.611µs(n=10000)|30-40%=2.747µs(n=10000)|40-50%=2.904µs(n=10000)|50-60%=3.105µs(n=10000)|60-70%=2.947µs(n=10000)|70-80%=2.998µs(n=10000)|80-90%=3.249µs(n=10000)|90-100%=3.508µs(n=10000)",52.23,68.52,1159448,1800039,641188,1158851,0,0,0,0,0,0,0,0,0,0,0,0.00,0.00,0,0,0,0
smt,insert_only_build_200k,0,200000,200000,648836009,3244,"0-10%=2.41µs(n=20000)|10-20%=2.625µs(n=20000)|20-30%=2.846µs(n=20000)|30-40%=2.938µs(n=20000)|40-50%=3.344µs(n=20000)|50-60%=3.348µs(n=20000)|60-70%=3.386µs(n=20000)|70-80%=3.705µs(n=20000)|80-90%=4.008µs(n=20000)|90-100%=3.827µs(n=20000)",108.34,137.03,2440946,3600039,1159700,2440339,0,0,0,0,0,0,0,0,0,0,0,0.00,0.00,0,0,0,0
smt,insert_only_build_300k,0,300000,300000,1031558477,3438,"0-10%=2.381µs(n=30000)|10-20%=2.912µs(n=30000)|20-30%=3.37µs(n=30000)|30-40%=3.487µs(n=30000)|40-50%=3.275µs(n=30000)|50-60%=3.597µs(n=30000)|60-70%=3.403µs(n=30000)|70-80%=3.562µs(n=30000)|80-90%=4.031µs(n=30000)|90-100%=4.363µs(n=30000)",158.75,205.55,3542022,5400052,1858645,3541407,0,0,0,0,0,0,0,0,0,0,0,0.00,0.00,0,0,0,0
smt,insert_only_build_500k,0,500000,500000,2164830822,4329,"0-10%=2.614µs(n=50000)|10-20%=3.145µs(n=50000)|20-30%=3.578µs(n=50000)|30-40%=4.348µs(n=50000)|40-50%=4.109µs(n=50000)|50-60%=5.106µs(n=50000)|60-70%=5.444µs(n=50000)|70-80%=4.644µs(n=50000)|80-90%=4.659µs(n=50000)|90-100%=5.645µs(n=50000)",259.33,342.56,5737233,9000052,3263451,5736601,0,0,0,0,0,0,0,0,0,0,0,0.00,0.00,0,0,0,0
smt,insert_only_build_700k,0,700000,700000,3162557757,4517,"0-10%=2.918µs(n=70000)|10-20%=3.701µs(n=70000)|20-30%=4.105µs(n=70000)|30-40%=4.308µs(n=70000)|40-50%=4.286µs(n=70000)|50-60%=4.848µs(n=70000)|60-70%=5.249µs(n=70000)|70-80%=5.483µs(n=70000)|80-90%=5.204µs(n=70000)|90-100%=5.073µs(n=70000)",396.09,479.56,9073821,12600052,3526868,9073184,0,0,0,0,0,0,0,0,0,0,0,0.00,0.00,0,0,0,0
smt,insert_only_build_900k,0,900000,900000,3980822009,4423,"0-10%=2.611µs(n=90000)|10-20%=3.309µs(n=90000)|20-30%=3.691µs(n=90000)|30-40%=4.154µs(n=90000)|40-50%=4.091µs(n=90000)|50-60%=5.522µs(n=90000)|60-70%=5.114µs(n=90000)|70-80%=5.186µs(n=90000)|80-90%=5.055µs(n=90000)|90-100%=5.495µs(n=90000)",471.25,616.56,10467031,16200059,5733676,10466383,0,0,0,0,0,0,0,0,0,0,0,0.00,0.00,0,0,0,0
smt,insert_only_build_1m,0,1000000,1000000,4500601423,4500,"0-10%=2.715µs(n=100000)|10-20%=3.557µs(n=100000)|20-30%=3.966µs(n=100000)|30-40%=4.07µs(n=100000)|40-50%=4.652µs(n=100000)|50-60%=4.619µs(n=100000)|60-70%=5.005µs(n=100000)|70-80%=5.277µs(n=100000)|80-90%=6.034µs(n=100000)|90-100%=5.106µs(n=100000)",539.38,685.08,12126791,18000060,5873922,12126138,0,0,0,0,0,0,0,0,0,0,0,0.00,0.00,0,0,0,0
smt,insert_only_build_2m,0,2000000,2000000,10379325299,5189,"0-10%=3.098µs(n=200000)|10-20%=4.064µs(n=200000)|20-30%=4.756µs(n=200000)|30-40%=4.754µs(n=200000)|40-50%=6.02µs(n=200000)|50-60%=5.222µs(n=200000)|60-70%=5.438µs(n=200000)|70-80%=6.238µs(n=200000)|80-90%=6.03µs(n=200000)|90-100%=6.272µs(n=200000)",1120.70,1370.22,25574094,36000090,10426663,25573427,0,0,0,0,0,0,0,0,0,0,0,0.00,0.00,0,0,0,0
smt,insert_only_build_5m,0,5000000,5000000,30922263615,6184,"0-10%=4.672µs(n=500000)|10-20%=5.233µs(n=500000)|20-30%=5.53µs(n=500000)|30-40%=5.96µs(n=500000)|40-50%=6.356µs(n=500000)|50-60%=6.401µs(n=500000)|60-70%=6.602µs(n=500000)|70-80%=6.639µs(n=500000)|80-90%=7.297µs(n=500000)|90-100%=7.15µs(n=500000)",2686.72,3425.57,60303427,90000168,29697421,60302747,0,0,0,0,0,0,0,0,0,0,0,0.00,0.00,0,0,0,0
smt,insert_only_build_10m,0,10000000,10000000,67712969971,6771,"0-10%=4.43µs(n=1000000)|10-20%=5.537µs(n=1000000)|20-30%=6.175µs(n=1000000)|30-40%=6.315µs(n=1000000)|40-50%=7.198µs(n=1000000)|50-60%=7.176µs(n=1000000)|60-70%=7.709µs(n=1000000)|70-80%=7.64µs(n=1000000)|80-90%=7.639µs(n=1000000)|90-100%=7.889µs(n=1000000)",5594.25,6851.35,127565085,180000328,52435926,127564402,0,0,0,0,0,0,0,0,0,0,0,0.00,0.00,0,0,0,0
smt,insert_only_build_25m,0,25000000,25000000,203775857412,8151,"0-10%=5.302µs(n=2500000)|10-20%=6.623µs(n=2500000)|20-30%=7.408µs(n=2500000)|30-40%=7.877µs(n=2500000)|40-50%=8.426µs(n=2500000)|50-60%=8.587µs(n=2500000)|60-70%=8.768µs(n=2500000)|70-80%=8.977µs(n=2500000)|80-90%=9.943µs(n=2500000)|90-100%=9.596µs(n=2500000)",13410.97,17129.58,300746949,450000925,149254676,300746249,0,0,0,0,0,0,0,0,0,0,0,0.00,0.00,0,0,0,0
smt,prehashed_ordered_insert_only_10k,0,10000,10000,14714423,1471,"0-10%=1.16µs(n=1000)|10-20%=1.228µs(n=1000)|20-30%=1.921µs(n=1000)|30-40%=1.442µs(n=1000)|40-50%=1.387µs(n=1000)|50-60%=1.167µs(n=1000)|60-70%=2.099µs(n=1000)|70-80%=1.39µs(n=1000)|80-90%=1.422µs(n=1000)|90-100%=1.491µs(n=1000)",4.99,6.73,129877,180021,60864,119157,0,0,0,0,0,0,0,0,0,0,0,0.00,0.00,0,0,0,0
smt,prehashed_ordered_insert_only_50k,0,50000,50000,77565614,1551,"0-10%=1.439µs(n=5000)|10-20%=1.595µs(n=5000)|20-30%=1.61µs(n=5000)|30-40%=1.638µs(n=5000)|40-50%=1.583µs(n=5000)|50-60%=1.328µs(n=5000)|60-70%=1.762µs(n=5000)|70-80%=1.454µs(n=5000)|80-90%=1.5µs(n=5000)|90-100%=1.599µs(n=5000)",28.20,33.59,649850,900018,250801,649217,0,0,0,0,0,0,0,0,0,0,0,0.00,0.00,0,0,0,0
smt,prehashed_ordered_insert_only_100k,0,100000,100000,158491519,1584,"0-10%=1.503µs(n=10000)|10-20%=1.555µs(n=10000)|20-30%=1.614µs(n=10000)|30-40%=1.673µs(n=10000)|40-50%=1.633µs(n=10000)|50-60%=1.388µs(n=10000)|60-70%=1.711µs(n=10000)|70-80%=1.549µs(n=10000)|80-90%=1.558µs(n=10000)|90-100%=1.66µs(n=10000)",55.75,67.16,1277285,1799994,523370,1276624,0,0,0,0,0,0,0,0,0,0,0,0.00,0.00,0,0,0,0
smt,prehashed_ordered_insert_only_200k,0,200000,200000,329080167,1645,"0-10%=1.44µs(n=20000)|10-20%=1.579µs(n=20000)|20-30%=1.658µs(n=20000)|30-40%=1.628µs(n=20000)|40-50%=1.853µs(n=20000)|50-60%=1.443µs(n=20000)|60-70%=1.536µs(n=20000)|70-80%=1.805µs(n=20000)|80-90%=1.738µs(n=20000)|90-100%=1.769µs(n=20000)",96.01,134.32,2446076,3600038,1354595,2245443,0,0,0,0,0,0,0,0,0,0,0,0.00,0.00,0,0,0,0
smt,prehashed_ordered_insert_only_300k,0,300000,300000,516363642,1721,"0-10%=1.533µs(n=30000)|10-20%=1.602µs(n=30000)|20-30%=1.653µs(n=30000)|30-40%=1.744µs(n=30000)|40-50%=1.811µs(n=30000)|50-60%=1.62µs(n=30000)|60-70%=1.884µs(n=30000)|70-80%=1.706µs(n=30000)|80-90%=1.779µs(n=30000)|90-100%=1.877µs(n=30000)",169.33,201.44,3898972,5400005,1501703,3898302,0,0,0,0,0,0,0,0,0,0,0,0.00,0.00,0,0,0,0
smt,prehashed_ordered_insert_only_500k,0,500000,500000,909393231,1818,"0-10%=1.632µs(n=50000)|10-20%=1.647µs(n=50000)|20-30%=1.815µs(n=50000)|30-40%=1.782µs(n=50000)|40-50%=2.032µs(n=50000)|50-60%=1.624µs(n=50000)|60-70%=1.742µs(n=50000)|70-80%=1.776µs(n=50000)|80-90%=2.101µs(n=50000)|90-100%=2.031µs(n=50000)",237.61,335.73,6035628,9000043,3465061,5534982,0,0,0,0,0,0,0,0,0,0,0,0.00,0.00,0,0,0,0
smt,prehashed_ordered_insert_only_700k,0,700000,700000,1284643728,1835,"0-10%=1.629µs(n=70000)|10-20%=1.694µs(n=70000)|20-30%=1.89µs(n=70000)|30-40%=1.872µs(n=70000)|40-50%=2.047µs(n=70000)|50-60%=1.667µs(n=70000)|60-70%=1.776µs(n=70000)|70-80%=2.059µs(n=70000)|80-90%=1.8µs(n=70000)|90-100%=1.914µs(n=70000)",338.27,470.01,8633987,12600038,4666711,7933327,0,0,0,0,0,0,0,0,0,0,0,0.00,0.00,0,0,0,0
smt,prehashed_ordered_insert_only_900k,0,900000,900000,1675126694,1861,"0-10%=1.701µs(n=90000)|10-20%=1.693µs(n=90000)|20-30%=1.913µs(n=90000)|30-40%=1.83µs(n=90000)|40-50%=2.067µs(n=90000)|50-60%=1.705µs(n=90000)|60-70%=1.797µs(n=90000)|70-80%=2.1µs(n=90000)|80-90%=1.816µs(n=90000)|90-100%=1.985µs(n=90000)",435.74,604.28,11127716,16200038,5972990,10227048,0,0,0,0,0,0,0,0,0,0,0,0.00,0.00,0,0,0,0
smt,prehashed_ordered_insert_only_1m,0,1000000,1000000,1894496582,1894,"0-10%=1.637µs(n=100000)|10-20%=1.749µs(n=100000)|20-30%=1.921µs(n=100000)|30-40%=1.912µs(n=100000)|40-50%=2.104µs(n=100000)|50-60%=1.759µs(n=100000)|60-70%=1.848µs(n=100000)|70-80%=2.185µs(n=100000)|80-90%=1.852µs(n=100000)|90-100%=1.973µs(n=100000)",489.72,671.43,12546362,18000044,6454349,11545695,0,0,0,0,0,0,0,0,0,0,0,0.00,0.00,0,0,0,0
smt,prehashed_ordered_insert_only_2m,0,2000000,2000000,3822812554,1911,"0-10%=1.742µs(n=200000)|10-20%=1.801µs(n=200000)|20-30%=1.939µs(n=200000)|30-40%=1.88µs(n=200000)|40-50%=2.129µs(n=200000)|50-60%=1.73µs(n=200000)|60-70%=1.869µs(n=200000)|70-80%=2.13µs(n=200000)|80-90%=1.883µs(n=200000)|90-100%=2.005µs(n=200000)",977.83,1342.88,25039185,36000046,12961540,23038506,0,0,0,0,0,0,0,0,0,0,0,0.00,0.00,0,0,0,0
smt,prehashed_ordered_insert_only_5m,0,5000000,5000000,10041754246,2008,"0-10%=1.809µs(n=500000)|10-20%=1.879µs(n=500000)|20-30%=2.063µs(n=500000)|30-40%=1.984µs(n=500000)|40-50%=2.275µs(n=500000)|50-60%=1.801µs(n=500000)|60-70%=1.923µs(n=500000)|70-80%=2.247µs(n=500000)|80-90%=2.015µs(n=500000)|90-100%=2.082µs(n=500000)",2449.13,3357.28,62744076,90000077,32256676,57743401,0,0,0,0,0,0,0,0,0,0,0,0.00,0.00,0,0,0,0
smt,prehashed_ordered_insert_only_10m,0,10000000,10000000,20634700400,2063,"0-10%=1.822µs(n=1000000)|10-20%=1.923µs(n=1000000)|20-30%=2.088µs(n=1000000)|30-40%=2.008µs(n=1000000)|40-50%=2.34µs(n=1000000)|50-60%=1.845µs(n=1000000)|60-70%=1.996µs(n=1000000)|70-80%=2.253µs(n=1000000)|80-90%=2.162µs(n=1000000)|90-100%=2.195µs(n=1000000)",4789.95,6714.54,121939027,180000116,68061767,111938349,0,0,0,0,0,0,0,0,0,0,0,0.00,0.00,0,0,0,0
smt,prehashed_ordered_insert_only_25m,0,25000000,25000000,56509871202,2260,"0-10%=1.897µs(n=2500000)|10-20%=1.999µs(n=2500000)|20-30%=2.163µs(n=2500000)|30-40%=2.081µs(n=2500000)|40-50%=2.414µs(n=2500000)|50-60%=2.091µs(n=2500000)|60-70%=2.415µs(n=2500000)|70-80%=2.645µs(n=2500000)|80-90%=2.317µs(n=2500000)|90-100%=2.576µs(n=2500000)",12147.10,16786.19,310494455,450000220,164506446,285493774,0,0,0,0,0,0,0,0,0,0,0,0.00,0.00,0,0,0,0
smt,proof_only_after_10k_build_sample_5pct,10000,10000,0,0,0,"",0.00,0.00,0,0,0,0,533336,1066,631,3092,0,0,0,0,0,0,0,0.00,0.00,0,0,0,0
smt,proof_only_after_50k_build_sample_5pct,50000,50000,0,0,0,"",0.00,0.00,0,0,0,0,3673627,1469,721,3511,0,0,0,0,0,0,0,0.00,0.00,0,0,0,0
smt,proof_only_after_100k_build_sample_5pct,100000,100000,0,0,0,"",0.00,0.00,0,0,0,0,9520810,1904,759,4019,0,0,0,0,0,0,0,0.00,0.00,0,0,0,0
smt,proof_only_after_200k_build_sample_5pct,200000,200000,0,0,0,"",0.00,0.00,0,0,0,0,24045930,2404,797,4553,0,0,0,0,0,0,0,0.00,0.00,0,0,0,0
smt,proof_only_after_300k_build_sample_5pct,300000,300000,0,0,0,"",0.00,0.00,0,0,0,0,50174635,3344,819,5087,0,0,0,0,0,0,0,0.00,0.00,0,0,0,0
smt,proof_only_after_500k_build_sample_5pct,500000,500000,0,0,0,"",0.00,0.00,0,0,0,0,87956444,3518,847,5334,0,0,0,0,0,0,0,0.00,0.00,0,0,0,0
smt,proof_only_after_700k_build_sample_5pct,700000,700000,0,0,0,"",0.00,0.00,0,0,0,0,124853743,3567,865,5210,0,0,0,0,0,0,0,0.00,0.00,0,0,0,0
smt,proof_only_after_900k_build_sample_5pct,900000,900000,0,0,0,"",0.00,0.00,0,0,0,0,171901183,3820,879,5379,0,0,0,0,0,0,0,0.00,0.00,0,0,0,0
smt,proof_only_after_1m_build_sample_5pct,1000000,1000000,0,0,0,"",0.00,0.00,0,0,0,0,192133743,3842,884,5514,0,0,0,0,0,0,0,0.00,0.00,0,0,0,0
smt,proof_only_after_2m_build_sample_3pct,2000000,2000000,0,0,0,"",0.00,0.00,0,0,0,0,248717988,4145,923,6135,0,0,0,0,0,0,0,0.00,0.00,0,0,0,0
smt,proof_only_after_5m_build_sample_3pct,5000000,5000000,0,0,0,"",0.00,0.00,0,0,0,0,705058969,4700,973,6582,0,0,0,0,0,0,0,0.00,0.00,0,0,0,0
smt,proof_only_after_10m_build_sample_2pct,10000000,10000000,0,0,0,"",0.00,0.00,0,0,0,0,1043114934,5215,1011,7511,0,0,0,0,0,0,0,0.00,0.00,0,0,0,0
smt,proof_only_after_25m_build_sample_2pct,25000000,25000000,0,0,0,"",0.00,0.00,0,0,0,0,4771184210,9542,1061,8652,0,0,0,0,0,0,0,0.00,0.00,0,0,0,0
smt,build_10k_then_add_2k_new,10000,12000,2000,4661720,2330,"0-10%=2.823µs(n=200)|10-20%=2.442µs(n=200)|20-30%=2.266µs(n=200)|30-40%=2.329µs(n=200)|40-50%=2.283µs(n=200)|50-60%=2.246µs(n=200)|60-70%=2.223µs(n=200)|70-80%=2.286µs(n=200)|80-90%=2.16µs(n=200)|90-100%=2.243µs(n=200)",1.39,1.39,144225,36038,2552,33486,0,0,0,0,0,0,0,0,0,0,0,0.00,0.00,0,0,0,0
smt,build_50k_then_add_10k_new,50000,60000,10000,33485404,3348,"0-10%=3.48µs(n=1000)|10-20%=3.412µs(n=1000)|20-30%=3.4µs(n=1000)|30-40%=3.358µs(n=1000)|40-50%=3.339µs(n=1000)|50-60%=3.261µs(n=1000)|60-70%=3.356µs(n=1000)|70-80%=3.323µs(n=1000)|80-90%=3.399µs(n=1000)|90-100%=3.151µs(n=1000)",6.87,6.87,718027,180038,12753,167285,0,0,0,0,0,0,0,0,0,0,0,0.00,0.00,0,0,0,0
smt,build_100k_then_add_20k_new,100000,120000,20000,71869169,3593,"0-10%=3.919µs(n=2000)|10-20%=3.785µs(n=2000)|20-30%=3.774µs(n=2000)|30-40%=3.605µs(n=2000)|40-50%=3.435µs(n=2000)|50-60%=3.482µs(n=2000)|60-70%=3.455µs(n=2000)|70-80%=3.486µs(n=2000)|80-90%=3.488µs(n=2000)|90-100%=3.501µs(n=2000)",13.72,13.72,1435294,360038,25494,334544,0,0,0,0,0,0,0,0,0,0,0,0.00,0.00,0,0,0,0
smt,build_200k_then_add_40k_new,200000,240000,40000,176326070,4408,"0-10%=5.231µs(n=4000)|10-20%=4.796µs(n=4000)|20-30%=4.626µs(n=4000)|30-40%=4.485µs(n=4000)|40-50%=4.453µs(n=4000)|50-60%=4.311µs(n=4000)|60-70%=4.087µs(n=4000)|70-80%=4.047µs(n=4000)|80-90%=4.029µs(n=4000)|90-100%=4.011µs(n=4000)",27.43,27.43,2869754,720045,51049,668996,0,0,0,0,0,0,0,0,0,0,0,0.00,0.00,0,0,0,0
smt,build_300k_then_add_60k_new,300000,360000,60000,273523176,4558,"0-10%=5.538µs(n=6000)|10-20%=4.996µs(n=6000)|20-30%=4.953µs(n=6000)|30-40%=4.747µs(n=6000)|40-50%=4.357µs(n=6000)|50-60%=4.212µs(n=6000)|60-70%=4.18µs(n=6000)|70-80%=4.207µs(n=6000)|80-90%=4.206µs(n=6000)|90-100%=4.185µs(n=6000)",41.13,41.13,4304214,1080047,76595,1003452,0,0,0,0,0,0,0,0,0,0,0,0.00,0.00,0,0,0,0
smt,build_500k_then_add_100k_new,500000,600000,100000,518685373,5186,"0-10%=6.662µs(n=10000)|10-20%=5.846µs(n=10000)|20-30%=5.717µs(n=10000)|30-40%=5.2µs(n=10000)|40-50%=4.884µs(n=10000)|50-60%=4.738µs(n=10000)|60-70%=4.708µs(n=10000)|70-80%=4.7µs(n=10000)|80-90%=4.706µs(n=10000)|90-100%=4.702µs(n=10000)",68.51,68.51,7172693,1800050,128125,1671925,0,0,0,0,0,0,0,0,0,0,0,0.00,0.00,0,0,0,0
smt,build_700k_then_add_140k_new,700000,840000,140000,779924827,5570,"0-10%=6.21µs(n=14000)|10-20%=5.693µs(n=14000)|20-30%=5.58µs(n=14000)|30-40%=5.461µs(n=14000)|40-50%=5.437µs(n=14000)|50-60%=5.414µs(n=14000)|60-70%=5.407µs(n=14000)|70-80%=5.433µs(n=14000)|80-90%=5.154µs(n=14000)|90-100%=5.916µs(n=14000)",95.94,95.94,10041991,2520052,178844,2341208,0,0,0,0,0,0,0,0,0,0,0,0.00,0.00,0,0,0,0
smt,build_900k_then_add_180k_new,900000,1080000,180000,1016264487,5645,"0-10%=6.581µs(n=18000)|10-20%=6.041µs(n=18000)|20-30%=6.061µs(n=18000)|30-40%=5.772µs(n=18000)|40-50%=5.356µs(n=18000)|50-60%=5.207µs(n=18000)|60-70%=5.3µs(n=18000)|70-80%=5.407µs(n=18000)|80-90%=5.386µs(n=18000)|90-100%=5.342µs(n=18000)",123.33,123.33,12910638,3240053,230207,3009846,0,0,0,0,0,0,0,0,0,0,0,0.00,0.00,0,0,0,0
smt,build_1m_then_add_200k_new,1000000,1200000,200000,1195736851,5978,"0-10%=6.674µs(n=20000)|10-20%=6.174µs(n=20000)|20-30%=6.028µs(n=20000)|30-40%=5.92µs(n=20000)|40-50%=5.959µs(n=20000)|50-60%=6.034µs(n=20000)|60-70%=5.696µs(n=20000)|70-80%=5.458µs(n=20000)|80-90%=6.254µs(n=20000)|90-100%=5.585µs(n=20000)",137.04,137.04,14345260,3600053,255594,3344459,0,0,0,0,0,0,0,0,0,0,0,0.00,0.00,0,0,0,0
smt,build_2m_then_add_400k_new,2000000,2400000,400000,2710575914,6776,"0-10%=7.084µs(n=40000)|10-20%=6.781µs(n=40000)|20-30%=6.848µs(n=40000)|30-40%=6.695µs(n=40000)|40-50%=6.771µs(n=40000)|50-60%=6.733µs(n=40000)|60-70%=6.839µs(n=40000)|70-80%=7.027µs(n=40000)|80-90%=6.539µs(n=40000)|90-100%=6.443µs(n=40000)",274.08,274.08,28689635,7200055,511239,6688816,0,0,0,0,0,0,0,0,0,0,0,0.00,0.00,0,0,0,0
smt,build_5m_then_add_1m_new,5000000,6000000,1000000,7360179059,7360,"0-10%=7.845µs(n=100000)|10-20%=7.618µs(n=100000)|20-30%=7.514µs(n=100000)|30-40%=7.461µs(n=100000)|40-50%=7.503µs(n=100000)|50-60%=7.403µs(n=100000)|60-70%=7.189µs(n=100000)|70-80%=7.034µs(n=100000)|80-90%=7.035µs(n=100000)|90-100%=6.995µs(n=100000)",685.20,685.20,71723007,18000082,1277892,16722190,0,0,0,0,0,0,0,0,0,0,0,0.00,0.00,0,0,0,0
smt,build_10m_then_add_2m_new,10000000,12000000,2000000,16799382103,8399,"0-10%=8.769µs(n=200000)|10-20%=8.488µs(n=200000)|20-30%=8.498µs(n=200000)|30-40%=8.336µs(n=200000)|40-50%=8.27µs(n=200000)|50-60%=8.296µs(n=200000)|60-70%=8.491µs(n=200000)|70-80%=8.424µs(n=200000)|80-90%=8.379µs(n=200000)|90-100%=8.041µs(n=200000)",1370.36,1370.36,143443539,36000122,2557403,33442719,0,0,0,0,0,0,0,0,0,0,0,0.00,0.00,0,0,0,0
smt,build_25m_then_add_5m_new,25000000,30000000,5000000,51154295218,10230,"0-10%=10.525µs(n=500000)|10-20%=10.308µs(n=500000)|20-30%=10.308µs(n=500000)|30-40%=10.12µs(n=500000)|40-50%=10.186µs(n=500000)|50-60%=10.179µs(n=500000)|60-70%=10.254µs(n=500000)|70-80%=10.113µs(n=500000)|80-90%=10.186µs(n=500000)|90-100%=10.124µs(n=500000)",3426.26,3426.26,358607682,90000268,6393418,83606850,0,0,0,0,0,0,0,0,0,0,0,0.00,0.00,0,0,0,0
smt,build_10k_then_reinsert_2k_existing,10000,10000,2000,4512954,2256,"0-10%=2.843µs(n=200)|10-20%=2.427µs(n=200)|20-30%=2.205µs(n=200)|30-40%=2.269µs(n=200)|40-50%=2.181µs(n=200)|50-60%=2.296µs(n=200)|60-70%=2.089µs(n=200)|70-80%=2.089µs(n=200)|80-90%=2.13µs(n=200)|90-100%=2.027µs(n=200)",0.27,0.27,119877,10038,1001,9037,0,0,0,0,0,0,0,0,0,0,0,0.00,0.00,0,0,0,0
smt,build_50k_then_reinsert_10k_existing,50000,50000,10000,31780554,3178,"0-10%=3.533µs(n=1000)|10-20%=3.4µs(n=1000)|20-30%=3.207µs(n=1000)|30-40%=3.233µs(n=1000)|40-50%=3.037µs(n=1000)|50-60%=3.168µs(n=1000)|60-70%=3.008µs(n=1000)|70-80%=3.061µs(n=1000)|80-90%=3.062µs(n=1000)|90-100%=3.067µs(n=1000)",1.31,1.31,595885,50038,5001,45037,0,0,0,0,0,0,0,0,0,0,0,0.00,0.00,0,0,0,0
smt,build_100k_then_reinsert_20k_existing,100000,100000,20000,76433235,3821,"0-10%=4.83µs(n=2000)|10-20%=4.168µs(n=2000)|20-30%=3.995µs(n=2000)|30-40%=3.889µs(n=2000)|40-50%=3.798µs(n=2000)|50-60%=3.681µs(n=2000)|60-70%=3.534µs(n=2000)|70-80%=3.528µs(n=2000)|80-90%=3.412µs(n=2000)|90-100%=3.376µs(n=2000)",2.61,2.61,1190829,100038,10001,90037,0,0,0,0,0,0,0,0,0,0,0,0.00,0.00,0,0,0,0
smt,build_200k_then_reinsert_40k_existing,200000,200000,40000,160551392,4013,"0-10%=4.772µs(n=4000)|10-20%=4.312µs(n=4000)|20-30%=4.154µs(n=4000)|30-40%=3.995µs(n=4000)|40-50%=3.96µs(n=4000)|50-60%=3.888µs(n=4000)|60-70%=3.852µs(n=4000)|70-80%=3.784µs(n=4000)|80-90%=3.73µs(n=4000)|90-100%=3.686µs(n=4000)",5.22,5.22,2380843,200045,20001,180044,0,0,0,0,0,0,0,0,0,0,0,0.00,0.00,0,0,0,0
smt,build_300k_then_reinsert_60k_existing,300000,300000,60000,255871444,4264,"0-10%=5.163µs(n=6000)|10-20%=4.591µs(n=6000)|20-30%=4.401µs(n=6000)|30-40%=4.282µs(n=6000)|40-50%=4.218µs(n=6000)|50-60%=4.13µs(n=6000)|60-70%=4.07µs(n=6000)|70-80%=3.995µs(n=6000)|80-90%=3.9µs(n=6000)|90-100%=3.89µs(n=6000)",7.81,7.81,3570851,300047,30001,270046,0,0,0,0,0,0,0,0,0,0,0,0.00,0.00,0,0,0,0
smt,build_500k_then_reinsert_100k_existing,500000,500000,100000,467461750,4674,"0-10%=5.998µs(n=10000)|10-20%=4.893µs(n=10000)|20-30%=4.716µs(n=10000)|30-40%=4.596µs(n=10000)|40-50%=4.567µs(n=10000)|50-60%=4.498µs(n=10000)|60-70%=4.431µs(n=10000)|70-80%=4.404µs(n=10000)|80-90%=4.341µs(n=10000)|90-100%=4.298µs(n=10000)",13.01,13.01,5950865,500050,50001,450049,0,0,0,0,0,0,0,0,0,0,0,0.00,0.00,0,0,0,0
smt,build_700k_then_reinsert_140k_existing,700000,700000,140000,694684169,4962,"0-10%=6.157µs(n=14000)|10-20%=5.263µs(n=14000)|20-30%=4.938µs(n=14000)|30-40%=4.816µs(n=14000)|40-50%=4.778µs(n=14000)|50-60%=4.754µs(n=14000)|60-70%=4.738µs(n=14000)|70-80%=4.729µs(n=14000)|80-90%=4.685µs(n=14000)|90-100%=4.759µs(n=14000)",18.20,18.20,8330874,700052,70001,630051,0,0,0,0,0,0,0,0,0,0,0,0.00,0.00,0,0,0,0
smt,build_900k_then_reinsert_180k_existing,900000,900000,180000,1056726760,5870,"0-10%=6.955µs(n=18000)|10-20%=6.155µs(n=18000)|20-30%=5.901µs(n=18000)|30-40%=7.446µs(n=18000)|40-50%=5.74µs(n=18000)|50-60%=5.659µs(n=18000)|60-70%=5.52µs(n=18000)|70-80%=5.235µs(n=18000)|80-90%=5.111µs(n=18000)|90-100%=4.981µs(n=18000)",23.40,23.40,10710887,900053,90001,810052,0,0,0,0,0,0,0,0,0,0,0,0.00,0.00,0,0,0,0
smt,build_1m_then_reinsert_200k_existing,1000000,1000000,200000,1100038713,5500,"0-10%=6.079µs(n=20000)|10-20%=5.943µs(n=20000)|20-30%=5.524µs(n=20000)|30-40%=5.376µs(n=20000)|40-50%=5.354µs(n=20000)|50-60%=5.346µs(n=20000)|60-70%=5.519µs(n=20000)|70-80%=5.344µs(n=20000)|80-90%=5.323µs(n=20000)|90-100%=5.189µs(n=20000)",25.99,25.99,11900895,1000053,100001,900052,0,0,0,0,0,0,0,0,0,0,0,0.00,0.00,0,0,0,0
smt,build_2m_then_reinsert_400k_existing,2000000,2000000,400000,2414623180,6036,"0-10%=6.46µs(n=40000)|10-20%=6.036µs(n=40000)|20-30%=5.914µs(n=40000)|30-40%=5.853µs(n=40000)|40-50%=6.051µs(n=40000)|50-60%=6.094µs(n=40000)|60-70%=6.007µs(n=40000)|70-80%=5.945µs(n=40000)|80-90%=5.954µs(n=40000)|90-100%=6.046µs(n=40000)",51.98,51.98,23800914,2000062,200001,1800061,0,0,0,0,0,0,0,0,0,0,0,0.00,0.00,0,0,0,0
smt,build_5m_then_reinsert_1m_existing,5000000,5000000,1000000,6872194223,6872,"0-10%=7.067µs(n=100000)|10-20%=6.901µs(n=100000)|20-30%=6.855µs(n=100000)|30-40%=6.811µs(n=100000)|40-50%=6.992µs(n=100000)|50-60%=6.919µs(n=100000)|60-70%=6.827µs(n=100000)|70-80%=6.805µs(n=100000)|80-90%=6.769µs(n=100000)|90-100%=6.771µs(n=100000)",129.95,129.95,59500945,5000080,500000,4500080,0,0,0,0,0,0,0,0,0,0,0,0.00,0.00,0,0,0,0
smt,build_10m_then_reinsert_2m_existing,10000000,10000000,2000000,15475390556,7737,"0-10%=7.917µs(n=200000)|10-20%=7.763µs(n=200000)|20-30%=7.724µs(n=200000)|30-40%=7.752µs(n=200000)|40-50%=7.702µs(n=200000)|50-60%=7.7µs(n=200000)|60-70%=7.693µs(n=200000)|70-80%=7.707µs(n=200000)|80-90%=7.749µs(n=200000)|90-100%=7.664µs(n=200000)",259.92,259.92,119000989,10000115,1000000,9000115,0,0,0,0,0,0,0,0,0,0,0,0.00,0.00,0,0,0,0
smt,build_25m_then_reinsert_5m_existing,25000000,25000000,5000000,46513191141,9302,"0-10%=9.479µs(n=500000)|10-20%=9.307µs(n=500000)|20-30%=9.34µs(n=500000)|30-40%=9.264µs(n=500000)|40-50%=9.244µs(n=500000)|50-60%=9.324µs(n=500000)|60-70%=9.506µs(n=500000)|70-80%=9.244µs(n=500000)|80-90%=9.141µs(n=500000)|90-100%=9.172µs(n=500000)",650.13,650.13,297501131,25000257,2500000,22500257,0,0,0,0,0,0,0,0,0,0,0,0.00,0.00,0,0,0,0
smt,insert_only_build_10k,0,10000,10000,21755051,2175,"0-10%=1.672µs(n=1000)|10-20%=1.816µs(n=1000)|20-30%=1.909µs(n=1000)|30-40%=2.758µs(n=1000)|40-50%=2.087µs(n=1000)|50-60%=2.116µs(n=1000)|60-70%=2.213µs(n=1000)|70-80%=2.874µs(n=1000)|80-90%=2.106µs(n=1000)|90-100%=2.198µs(n=1000)",5.45,6.88,123685,180041,56904,123137,0,0,0,0,0,0,0,0,0,0,0,0.00,0.00,0,0,0,0
smt,insert_only_build_50k,0,50000,50000,125342982,2506,"0-10%=2.002µs(n=5000)|10-20%=2.458µs(n=5000)|20-30%=2.591µs(n=5000)|30-40%=2.378µs(n=5000)|40-50%=2.406µs(n=5000)|50-60%=2.667µs(n=5000)|60-70%=2.477µs(n=5000)|70-80%=2.558µs(n=5000)|80-90%=2.582µs(n=5000)|90-100%=2.945µs(n=5000)",25.30,34.30,553082,900068,347544,552524,0,0,0,0,0,0,0,0,0,0,0,0.00,0.00,0,0,0,0
smt,insert_only_build_100k,0,100000,100000,272380502,2723,"0-10%=2.216µs(n=10000)|10-20%=2.409µs(n=10000)|20-30%=2.523µs(n=10000)|30-40%=2.529µs(n=10000)|40-50%=2.649µs(n=10000)|50-60%=2.875µs(n=10000)|60-70%=2.861µs(n=10000)|70-80%=2.955µs(n=10000)|80-90%=3.033µs(n=10000)|90-100%=3.184µs(n=10000)",52.06,68.52,1154016,1800039,646624,1153415,0,0,0,0,0,0,0,0,0,0,0,0.00,0.00,0,0,0,0
smt,insert_only_build_200k,0,200000,200000,595920209,2979,"0-10%=2.227µs(n=20000)|10-20%=2.553µs(n=20000)|20-30%=2.73µs(n=20000)|30-40%=2.766µs(n=20000)|40-50%=2.999µs(n=20000)|50-60%=2.989µs(n=20000)|60-70%=3.069µs(n=20000)|70-80%=3.418µs(n=20000)|80-90%=3.468µs(n=20000)|90-100%=3.572µs(n=20000)",109.74,137.03,2484878,3600038,1115768,2484270,0,0,0,0,0,0,0,0,0,0,0,0.00,0.00,0,0,0,0
smt,insert_only_build_300k,0,300000,300000,1042568875,3475,"0-10%=2.317µs(n=30000)|10-20%=2.626µs(n=30000)|20-30%=2.791µs(n=30000)|30-40%=3.695µs(n=30000)|40-50%=3.412µs(n=30000)|50-60%=3.545µs(n=30000)|60-70%=3.542µs(n=30000)|70-80%=3.796µs(n=30000)|80-90%=3.871µs(n=30000)|90-100%=5.152µs(n=30000)",156.26,205.54,3463883,5400040,1936776,3463264,0,0,0,0,0,0,0,0,0,0,0,0.00,0.00,0,0,0,0
smt,insert_only_build_500k,0,500000,500000,2076603669,4153,"0-10%=2.572µs(n=50000)|10-20%=3.169µs(n=50000)|20-30%=3.662µs(n=50000)|30-40%=3.948µs(n=50000)|40-50%=3.909µs(n=50000)|50-60%=4.567µs(n=50000)|60-70%=4.934µs(n=50000)|70-80%=4.617µs(n=50000)|80-90%=4.609µs(n=50000)|90-100%=5.539µs(n=50000)",258.88,342.56,5723005,9000048,3277667,5722381,0,0,0,0,0,0,0,0,0,0,0,0.00,0.00,0,0,0,0
smt,insert_only_build_700k,0,700000,700000,2803821471,4005,"0-10%=2.762µs(n=70000)|10-20%=3.359µs(n=70000)|20-30%=3.477µs(n=70000)|30-40%=4.005µs(n=70000)|40-50%=4.131µs(n=70000)|50-60%=4.078µs(n=70000)|60-70%=4.8µs(n=70000)|70-80%=4.612µs(n=70000)|80-90%=4.389µs(n=70000)|90-100%=4.437µs(n=70000)",398.76,479.55,9158311,12600056,3442372,9157684,0,0,0,0,0,0,0,0,0,0,0,0.00,0.00,0,0,0,0
smt,insert_only_build_900k,0,900000,900000,4036736074,4485,"0-10%=2.751µs(n=90000)|10-20%=3.391µs(n=90000)|20-30%=3.733µs(n=90000)|30-40%=4.635µs(n=90000)|40-50%=4.529µs(n=90000)|50-60%=5.502µs(n=90000)|60-70%=5.256µs(n=90000)|70-80%=4.8µs(n=90000)|80-90%=4.7µs(n=90000)|90-100%=5.551µs(n=90000)",469.75,616.58,10419056,16200062,5781648,10418414,0,0,0,0,0,0,0,0,0,0,0,0.00,0.00,0,0,0,0
smt,insert_only_build_1m,0,1000000,1000000,4601854740,4601,"0-10%=2.659µs(n=100000)|10-20%=3.349µs(n=100000)|20-30%=3.889µs(n=100000)|30-40%=4.073µs(n=100000)|40-50%=4.729µs(n=100000)|50-60%=5.422µs(n=100000)|60-70%=5.893µs(n=100000)|70-80%=4.943µs(n=100000)|80-90%=5.666µs(n=100000)|90-100%=5.39µs(n=100000)",539.95,685.08,12144454,18000060,5856260,12143800,0,0,0,0,0,0,0,0,0,0,0,0.00,0.00,0,0,0,0
smt,insert_only_build_2m,0,2000000,2000000,9926589629,4963,"0-10%=3.041µs(n=200000)|10-20%=4.087µs(n=200000)|20-30%=4.649µs(n=200000)|30-40%=4.708µs(n=200000)|40-50%=5.524µs(n=200000)|50-60%=5.082µs(n=200000)|60-70%=5.37µs(n=200000)|70-80%=6.029µs(n=200000)|80-90%=5.542µs(n=200000)|90-100%=5.595µs(n=200000)",1116.92,1370.21,25454971,36000087,10545778,25454309,0,0,0,0,0,0,0,0,0,0,0,0.00,0.00,0,0,0,0
smt,insert_only_build_5m,0,5000000,5000000,28575049746,5715,"0-10%=3.684µs(n=500000)|10-20%=4.88µs(n=500000)|20-30%=5.364µs(n=500000)|30-40%=5.518µs(n=500000)|40-50%=5.966µs(n=500000)|50-60%=6.013µs(n=500000)|60-70%=6.029µs(n=500000)|70-80%=6.428µs(n=500000)|80-90%=6.733µs(n=500000)|90-100%=6.53µs(n=500000)",2710.23,3425.51,61046712,90000165,28954127,61046038,0,0,0,0,0,0,0,0,0,0,0,0.00,0.00,0,0,0,0
smt,insert_only_build_10m,0,10000000,10000000,65913576708,6591,"0-10%=4.31µs(n=1000000)|10-20%=5.47µs(n=1000000)|20-30%=6.058µs(n=1000000)|30-40%=6.274µs(n=1000000)|40-50%=6.689µs(n=1000000)|50-60%=6.702µs(n=1000000)|60-70%=7.547µs(n=1000000)|70-80%=7.58µs(n=1000000)|80-90%=7.567µs(n=1000000)|90-100%=7.712µs(n=1000000)",5622.72,6851.35,128462994,180000325,51538017,128462308,0,0,0,0,0,0,0,0,0,0,0,0.00,0.00,0,0,0,0
smt,insert_only_build_25m,0,25000000,25000000,200442710088,8017,"0-10%=5.215µs(n=2500000)|10-20%=6.639µs(n=2500000)|20-30%=7.029µs(n=2500000)|30-40%=7.655µs(n=2500000)|40-50%=8.453µs(n=2500000)|50-60%=8.426µs(n=2500000)|60-70%=8.609µs(n=2500000)|70-80%=8.984µs(n=2500000)|80-90%=9.762µs(n=2500000)|90-100%=9.399µs(n=2500000)",13504.60,17129.60,303700467,450000933,146301164,303699769,0,0,0,0,0,0,0,0,0,0,0,0.00,0.00,0,0,0,0
smt,prehashed_ordered_insert_only_10k,0,10000,10000,14491589,1449,"0-10%=1.143µs(n=1000)|10-20%=1.224µs(n=1000)|20-30%=1.818µs(n=1000)|30-40%=1.332µs(n=1000)|40-50%=1.365µs(n=1000)|50-60%=1.212µs(n=1000)|60-70%=2.316µs(n=1000)|70-80%=1.293µs(n=1000)|80-90%=1.359µs(n=1000)|90-100%=1.424µs(n=1000)",5.03,6.73,130964,180021,59775,120246,0,0,0,0,0,0,0,0,0,0,0,0.00,0.00,0,0,0,0
smt,prehashed_ordered_insert_only_50k,0,50000,50000,77804909,1556,"0-10%=1.412µs(n=5000)|10-20%=1.57µs(n=5000)|20-30%=1.661µs(n=5000)|30-40%=1.423µs(n=5000)|40-50%=1.873µs(n=5000)|50-60%=1.358µs(n=5000)|60-70%=1.702µs(n=5000)|70-80%=1.469µs(n=5000)|80-90%=1.487µs(n=5000)|90-100%=1.601µs(n=5000)",28.00,33.57,643488,899989,257160,642829,0,0,0,0,0,0,0,0,0,0,0,0.00,0.00,0,0,0,0
smt,prehashed_ordered_insert_only_100k,0,100000,100000,157002306,1570,"0-10%=1.55µs(n=10000)|10-20%=1.495µs(n=10000)|20-30%=1.531µs(n=10000)|30-40%=1.67µs(n=10000)|40-50%=1.643µs(n=10000)|50-60%=1.406µs(n=10000)|60-70%=1.718µs(n=10000)|70-80%=1.52µs(n=10000)|80-90%=1.534µs(n=10000)|90-100%=1.628µs(n=10000)",49.89,67.18,1284804,1800032,615860,1184172,0,0,0,0,0,0,0,0,0,0,0,0.00,0.00,0,0,0,0
smt,prehashed_ordered_insert_only_200k,0,200000,200000,324229249,1621,"0-10%=1.438µs(n=20000)|10-20%=1.54µs(n=20000)|20-30%=1.596µs(n=20000)|30-40%=1.548µs(n=20000)|40-50%=1.82µs(n=20000)|50-60%=1.465µs(n=20000)|60-70%=1.561µs(n=20000)|70-80%=1.614µs(n=20000)|80-90%=1.92µs(n=20000)|90-100%=1.704µs(n=20000)",95.20,134.32,2419683,3600038,1380986,2219052,0,0,0,0,0,0,0,0,0,0,0,0.00,0.00,0,0,0,0
smt,prehashed_ordered_insert_only_300k,0,300000,300000,506434820,1688,"0-10%=1.529µs(n=30000)|10-20%=1.565µs(n=30000)|20-30%=1.612µs(n=30000)|30-40%=1.704µs(n=30000)|40-50%=1.723µs(n=30000)|50-60%=1.528µs(n=30000)|60-70%=1.817µs(n=30000)|70-80%=1.659µs(n=30000)|80-90%=1.817µs(n=30000)|90-100%=1.923µs(n=30000)",168.87,201.44,3883924,5400003,1516747,3883256,0,0,0,0,0,0,0,0,0,0,0,0.00,0.00,0,0,0,0
smt,prehashed_ordered_insert_only_500k,0,500000,500000,905204161,1810,"0-10%=1.575µs(n=50000)|10-20%=1.668µs(n=50000)|20-30%=1.724µs(n=50000)|30-40%=1.766µs(n=50000)|40-50%=1.966µs(n=50000)|50-60%=1.623µs(n=50000)|60-70%=1.724µs(n=50000)|70-80%=2.019µs(n=50000)|80-90%=1.82µs(n=50000)|90-100%=2.214µs(n=50000)",242.63,335.73,6200377,9000037,3300309,5699728,0,0,0,0,0,0,0,0,0,0,0,0.00,0.00,0,0,0,0
smt,prehashed_ordered_insert_only_700k,0,700000,700000,1260306808,1800,"0-10%=1.601µs(n=70000)|10-20%=1.631µs(n=70000)|20-30%=1.814µs(n=70000)|30-40%=1.806µs(n=70000)|40-50%=2.024µs(n=70000)|50-60%=1.649µs(n=70000)|60-70%=1.752µs(n=70000)|70-80%=2.043µs(n=70000)|80-90%=1.784µs(n=70000)|90-100%=1.895µs(n=70000)",338.75,470.01,8649828,12600036,4650864,7949172,0,0,0,0,0,0,0,0,0,0,0,0.00,0.00,0,0,0,0
smt,prehashed_ordered_insert_only_900k,0,900000,900000,1651927723,1835,"0-10%=1.642µs(n=90000)|10-20%=1.652µs(n=90000)|20-30%=1.836µs(n=90000)|30-40%=1.822µs(n=90000)|40-50%=2.104µs(n=90000)|50-60%=1.673µs(n=90000)|60-70%=1.781µs(n=90000)|70-80%=1.89µs(n=90000)|80-90%=2.023µs(n=90000)|90-100%=1.926µs(n=90000)",429.37,604.28,10918723,16200045,6181976,10018069,0,0,0,0,0,0,0,0,0,0,0,0.00,0.00,0,0,0,0
smt,prehashed_ordered_insert_only_1m,0,1000000,1000000,1880303018,1880,"0-10%=1.68µs(n=100000)|10-20%=1.693µs(n=100000)|20-30%=1.894µs(n=100000)|30-40%=1.844µs(n=100000)|40-50%=2.096µs(n=100000)|50-60%=1.694µs(n=100000)|60-70%=1.799µs(n=100000)|70-80%=2.089µs(n=100000)|80-90%=2.072µs(n=100000)|90-100%=1.936µs(n=100000)",478.48,671.43,12177993,18000045,6822712,11177333,0,0,0,0,0,0,0,0,0,0,0,0.00,0.00,0,0,0,0
smt,prehashed_ordered_insert_only_2m,0,2000000,2000000,3814368520,1907,"0-10%=1.728µs(n=200000)|10-20%=1.789µs(n=200000)|20-30%=1.94µs(n=200000)|30-40%=1.88µs(n=200000)|40-50%=2.124µs(n=200000)|50-60%=1.721µs(n=200000)|60-70%=1.855µs(n=200000)|70-80%=2.198µs(n=200000)|80-90%=1.893µs(n=200000)|90-100%=1.94µs(n=200000)",973.41,1342.88,24894020,36000053,13106696,22893357,0,0,0,0,0,0,0,0,0,0,0,0.00,0.00,0,0,0,0
smt,prehashed_ordered_insert_only_5m,0,5000000,5000000,9761372076,1952,"0-10%=1.734µs(n=500000)|10-20%=1.785µs(n=500000)|20-30%=1.973µs(n=500000)|30-40%=1.909µs(n=500000)|40-50%=2.189µs(n=500000)|50-60%=1.745µs(n=500000)|60-70%=1.886µs(n=500000)|70-80%=2.008µs(n=500000)|80-90%=2.256µs(n=500000)|90-100%=2.032µs(n=500000)",2385.35,3357.28,60654312,90000077,34346432,55653645,0,0,0,0,0,0,0,0,0,0,0,0.00,0.00,0,0,0,0
smt,prehashed_ordered_insert_only_10m,0,10000000,10000000,20384281700,2038,"0-10%=1.801µs(n=1000000)|10-20%=1.893µs(n=1000000)|20-30%=2.075µs(n=1000000)|30-40%=1.987µs(n=1000000)|40-50%=2.294µs(n=1000000)|50-60%=1.865µs(n=1000000)|60-70%=1.945µs(n=1000000)|70-80%=2.198µs(n=1000000)|80-90%=2.171µs(n=1000000)|90-100%=2.15µs(n=1000000)",4786.21,6714.55,121816365,180000119,68184424,111815695,0,0,0,0,0,0,0,0,0,0,0,0.00,0.00,0,0,0,0
smt,prehashed_ordered_insert_only_25m,0,25000000,25000000,54879371048,2195,"0-10%=1.853µs(n=2500000)|10-20%=1.947µs(n=2500000)|20-30%=2.168µs(n=2500000)|30-40%=2.041µs(n=2500000)|40-50%=2.346µs(n=2500000)|50-60%=1.889µs(n=2500000)|60-70%=2.283µs(n=2500000)|70-80%=2.617µs(n=2500000)|80-90%=2.286µs(n=2500000)|90-100%=2.516µs(n=2500000)",12112.38,16786.18,309356956,450000218,165643936,284356282,0,0,0,0,0,0,0,0,0,0,0,0.00,0.00,0,0,0,0
smt,proof_only_after_10k_build_sample_5pct,10000,10000,0,0,0,"",0.00,0.00,0,0,0,0,790720,1581,634,3158,0,0,0,0,0,0,0,0.00,0.00,0,0,0,0
smt,proof_only_after_50k_build_sample_5pct,50000,50000,0,0,0,"",0.00,0.00,0,0,0,0,3772966,1509,719,3435,0,0,0,0,0,0,0,0.00,0.00,0,0,0,0
smt,proof_only_after_100k_build_sample_5pct,100000,100000,0,0,0,"",0.00,0.00,0,0,0,0,11364361,2272,759,4312,0,0,0,0,0,0,0,0.00,0.00,0,0,0,0
smt,proof_only_after_200k_build_sample_5pct,200000,200000,0,0,0,"",0.00,0.00,0,0,0,0,23921613,2392,796,4611,0,0,0,0,0,0,0,0.00,0.00,0,0,0,0
smt,proof_only_after_300k_build_sample_5pct,300000,300000,0,0,0,"",0.00,0.00,0,0,0,0,48472014,3231,818,4905,0,0,0,0,0,0,0,0.00,0.00,0,0,0,0
smt,proof_only_after_500k_build_sample_5pct,500000,500000,0,0,0,"",0.00,0.00,0,0,0,0,87989200,3519,847,5200,0,0,0,0,0,0,0,0.00,0.00,0,0,0,0
smt,proof_only_after_700k_build_sample_5pct,700000,700000,0,0,0,"",0.00,0.00,0,0,0,0,124319286,3551,865,4822,0,0,0,0,0,0,0,0.00,0.00,0,0,0,0
smt,proof_only_after_900k_build_sample_5pct,900000,900000,0,0,0,"",0.00,0.00,0,0,0,0,172391519,3830,879,5470,0,0,0,0,0,0,0,0.00,0.00,0,0,0,0
smt,proof_only_after_1m_build_sample_5pct,1000000,1000000,0,0,0,"",0.00,0.00,0,0,0,0,186657433,3733,885,5348,0,0,0,0,0,0,0,0.00,0.00,0,0,0,0
smt,proof_only_after_2m_build_sample_3pct,2000000,2000000,0,0,0,"",0.00,0.00,0,0,0,0,246757585,4112,923,5889,0,0,0,0,0,0,0,0.00,0.00,0,0,0,0
smt,proof_only_after_5m_build_sample_3pct,5000000,5000000,0,0,0,"",0.00,0.00,0,0,0,0,686523567,4576,973,6196,0,0,0,0,0,0,0,0.00,0.00,0,0,0,0
smt,proof_only_after_10m_build_sample_2pct,10000000,10000000,0,0,0,"",0.00,0.00,0,0,0,0,1036545023,5182,1011,7471,0,0,0,0,0,0,0,0.00,0.00,0,0,0,0
smt,proof_only_after_25m_build_sample_2pct,25000000,25000000,0,0,0,"",0.00,0.00,0,0,0,0,4610240712,9220,1061,8407,0,0,0,0,0,0,0,0.00,0.00,0,0,0,0
smt,build_10k_then_add_2k_new,10000,12000,2000,4673345,2336,"0-10%=2.626µs(n=200)|10-20%=2.298µs(n=200)|20-30%=2.39µs(n=200)|30-40%=2.493µs(n=200)|40-50%=2.567µs(n=200)|50-60%=2.146µs(n=200)|60-70%=2.122µs(n=200)|70-80%=2.271µs(n=200)|80-90%=2.344µs(n=200)|90-100%=2.103µs(n=200)",1.39,1.39,144221,36038,2552,33486,0,0,0,0,0,0,0,0,0,0,0,0.00,0.00,0,0,0,0
smt,build_50k_then_add_10k_new,50000,60000,10000,32920276,3292,"0-10%=3.546µs(n=1000)|10-20%=3.207µs(n=1000)|20-30%=3.312µs(n=1000)|30-40%=3.514µs(n=1000)|40-50%=3.325µs(n=1000)|50-60%=3.16µs(n=1000)|60-70%=3.306µs(n=1000)|70-80%=3.222µs(n=1000)|80-90%=3.36µs(n=1000)|90-100%=2.963µs(n=1000)",6.87,6.87,718028,180038,12753,167285,0,0,0,0,0,0,0,0,0,0,0,0.00,0.00,0,0,0,0
smt,build_100k_then_add_20k_new,100000,120000,20000,79777821,3988,"0-10%=5.256µs(n=2000)|10-20%=4.456µs(n=2000)|20-30%=4.315µs(n=2000)|30-40%=3.872µs(n=2000)|40-50%=3.799µs(n=2000)|50-60%=3.716µs(n=2000)|60-70%=3.602µs(n=2000)|70-80%=3.656µs(n=2000)|80-90%=3.583µs(n=2000)|90-100%=3.628µs(n=2000)",13.72,13.72,1435292,360038,25494,334544,0,0,0,0,0,0,0,0,0,0,0,0.00,0.00,0,0,0,0
smt,build_200k_then_add_40k_new,200000,240000,40000,172140606,4303,"0-10%=5.188µs(n=4000)|10-20%=4.672µs(n=4000)|20-30%=4.53µs(n=4000)|30-40%=4.388µs(n=4000)|40-50%=4.332µs(n=4000)|50-60%=4.245µs(n=4000)|60-70%=4.131µs(n=4000)|70-80%=3.852µs(n=4000)|80-90%=3.832µs(n=4000)|90-100%=3.859µs(n=4000)",27.43,27.43,2869749,720045,51049,668996,0,0,0,0,0,0,0,0,0,0,0,0.00,0.00,0,0,0,0
smt,build_300k_then_add_60k_new,300000,360000,60000,267831007,4463,"0-10%=5.753µs(n=6000)|10-20%=5.049µs(n=6000)|20-30%=4.913µs(n=6000)|30-40%=4.369µs(n=6000)|40-50%=4.227µs(n=6000)|50-60%=4.124µs(n=6000)|60-70%=4.073µs(n=6000)|70-80%=4.044µs(n=6000)|80-90%=4.037µs(n=6000)|90-100%=4.044µs(n=6000)",41.13,41.13,4304212,1080047,76595,1003452,0,0,0,0,0,0,0,0,0,0,0,0.00,0.00,0,0,0,0
smt,build_500k_then_add_100k_new,500000,600000,100000,499424520,4994,"0-10%=6.07µs(n=10000)|10-20%=5.65µs(n=10000)|20-30%=5.478µs(n=10000)|30-40%=4.925µs(n=10000)|40-50%=4.762µs(n=10000)|50-60%=4.636µs(n=10000)|60-70%=4.568µs(n=10000)|70-80%=4.632µs(n=10000)|80-90%=4.607µs(n=10000)|90-100%=4.609µs(n=10000)",68.51,68.51,7172693,1800050,128126,1671924,0,0,0,0,0,0,0,0,0,0,0,0.00,0.00,0,0,0,0
smt,build_700k_then_add_140k_new,700000,840000,140000,763268615,5451,"0-10%=6.309µs(n=14000)|10-20%=5.66µs(n=14000)|20-30%=5.515µs(n=14000)|30-40%=5.385µs(n=14000)|40-50%=5.372µs(n=14000)|50-60%=5.354µs(n=14000)|60-70%=5.36µs(n=14000)|70-80%=5.361µs(n=14000)|80-90%=5.163µs(n=14000)|90-100%=5.034µs(n=14000)",95.94,95.94,10041991,2520052,178844,2341208,0,0,0,0,0,0,0,0,0,0,0,0.00,0.00,0,0,0,0
smt,build_900k_then_add_180k_new,900000,1080000,180000,1006919622,5593,"0-10%=6.567µs(n=18000)|10-20%=6.092µs(n=18000)|20-30%=5.885µs(n=18000)|30-40%=5.738µs(n=18000)|40-50%=5.459µs(n=18000)|50-60%=5.278µs(n=18000)|60-70%=5.247µs(n=18000)|70-80%=5.212µs(n=18000)|80-90%=5.225µs(n=18000)|90-100%=5.232µs(n=18000)",123.33,123.33,12910638,3240053,230207,3009846,0,0,0,0,0,0,0,0,0,0,0,0.00,0.00,0,0,0,0
smt,build_1m_then_add_200k_new,1000000,1200000,200000,1285899253,6429,"0-10%=7.224µs(n=20000)|10-20%=7.136µs(n=20000)|20-30%=9.002µs(n=20000)|30-40%=6.383µs(n=20000)|40-50%=6.027µs(n=20000)|50-60%=5.933µs(n=20000)|60-70%=5.543µs(n=20000)|70-80%=5.287µs(n=20000)|80-90%=5.329µs(n=20000)|90-100%=6.427µs(n=20000)",137.05,137.05,14345262,3600056,255593,3344463,0,0,0,0,0,0,0,0,0,0,0,0.00,0.00,0,0,0,0
smt,build_2m_then_add_400k_new,2000000,2400000,400000,2484985689,6212,"0-10%=6.692µs(n=40000)|10-20%=6.324µs(n=40000)|20-30%=6.329µs(n=40000)|30-40%=6.121µs(n=40000)|40-50%=6.08µs(n=40000)|50-60%=6.147µs(n=40000)|60-70%=6.21µs(n=40000)|70-80%=6.196µs(n=40000)|80-90%=6.045µs(n=40000)|90-100%=5.976µs(n=40000)",274.08,274.08,28689636,7200063,511238,6688825,0,0,0,0,0,0,0,0,0,0,0,0.00,0.00,0,0,0,0
smt,build_5m_then_add_1m_new,5000000,6000000,1000000,7256438884,7256,"0-10%=7.642µs(n=100000)|10-20%=7.417µs(n=100000)|20-30%=7.344µs(n=100000)|30-40%=7.291µs(n=100000)|40-50%=7.305µs(n=100000)|50-60%=7.358µs(n=100000)|60-70%=7.209µs(n=100000)|70-80%=7.002µs(n=100000)|80-90%=6.994µs(n=100000)|90-100%=7µs(n=100000)",685.20,685.20,71722951,18000074,1277893,16722181,0,0,0,0,0,0,0,0,0,0,0,0.00,0.00,0,0,0,0
smt,build_10m_then_add_2m_new,10000000,12000000,2000000,16138731608,8069,"0-10%=8.588µs(n=200000)|10-20%=8.444µs(n=200000)|20-30%=8.145µs(n=200000)|30-40%=7.969µs(n=200000)|40-50%=7.984µs(n=200000)|50-60%=7.984µs(n=200000)|60-70%=7.949µs(n=200000)|70-80%=8.048µs(n=200000)|80-90%=7.822µs(n=200000)|90-100%=7.756µs(n=200000)",1370.35,1370.35,143443493,36000121,2557404,33442717,0,0,0,0,0,0,0,0,0,0,0,0.00,0.00,0,0,0,0
smt,build_25m_then_add_5m_new,25000000,30000000,5000000,49915178039,9983,"0-10%=10.06µs(n=500000)|10-20%=10.201µs(n=500000)|20-30%=10.087µs(n=500000)|30-40%=9.928µs(n=500000)|40-50%=9.928µs(n=500000)|50-60%=9.871µs(n=500000)|60-70%=9.933µs(n=500000)|70-80%=10.105µs(n=500000)|80-90%=9.875µs(n=500000)|90-100%=9.837µs(n=500000)",3426.27,3426.27,358607644,90000270,6393418,83606852,0,0,0,0,0,0,0,0,0,0,0,0.00,0.00,0,0,0,0
smt,build_10k_then_reinsert_2k_existing,10000,10000,2000,4808844,2404,"0-10%=3.06µs(n=200)|10-20%=2.495µs(n=200)|20-30%=2.322µs(n=200)|30-40%=2.308µs(n=200)|40-50%=2.357µs(n=200)|50-60%=2.425µs(n=200)|60-70%=2.206µs(n=200)|70-80%=2.222µs(n=200)|80-90%=2.344µs(n=200)|90-100%=2.296µs(n=200)",0.27,0.27,119833,10038,1001,9037,0,0,0,0,0,0,0,0,0,0,0,0.00,0.00,0,0,0,0
smt,build_50k_then_reinsert_10k_existing,50000,50000,10000,30356907,3035,"0-10%=3.53µs(n=1000)|10-20%=3.239µs(n=1000)|20-30%=3.054µs(n=1000)|30-40%=3.125µs(n=1000)|40-50%=2.889µs(n=1000)|50-60%=3.031µs(n=1000)|60-70%=2.889µs(n=1000)|70-80%=2.864µs(n=1000)|80-90%=2.89µs(n=1000)|90-100%=2.84µs(n=1000)",1.31,1.31,595843,50038,5001,45037,0,0,0,0,0,0,0,0,0,0,0,0.00,0.00,0,0,0,0
smt,build_100k_then_reinsert_20k_existing,100000,100000,20000,71981129,3599,"0-10%=4.23µs(n=2000)|10-20%=3.873µs(n=2000)|20-30%=3.736µs(n=2000)|30-40%=3.631µs(n=2000)|40-50%=3.554µs(n=2000)|50-60%=3.522µs(n=2000)|60-70%=3.447µs(n=2000)|70-80%=3.36µs(n=2000)|80-90%=3.294µs(n=2000)|90-100%=3.338µs(n=2000)",2.61,2.61,1190851,100038,10001,90037,0,0,0,0,0,0,0,0,0,0,0,0.00,0.00,0,0,0,0
smt,build_200k_then_reinsert_40k_existing,200000,200000,40000,159188418,3979,"0-10%=4.78µs(n=4000)|10-20%=4.269µs(n=4000)|20-30%=4.044µs(n=4000)|30-40%=3.975µs(n=4000)|40-50%=3.942µs(n=4000)|50-60%=3.858µs(n=4000)|60-70%=3.823µs(n=4000)|70-80%=3.787µs(n=4000)|80-90%=3.671µs(n=4000)|90-100%=3.643µs(n=4000)",5.22,5.22,2380863,200045,20001,180044,0,0,0,0,0,0,0,0,0,0,0,0.00,0.00,0,0,0,0
smt,build_300k_then_reinsert_60k_existing,300000,300000,60000,253459879,4224,"0-10%=5.148µs(n=6000)|10-20%=4.566µs(n=6000)|20-30%=4.371µs(n=6000)|30-40%=4.231µs(n=6000)|40-50%=4.148µs(n=6000)|50-60%=4.084µs(n=6000)|60-70%=4.019µs(n=6000)|70-80%=3.913µs(n=6000)|80-90%=3.883µs(n=6000)|90-100%=3.875µs(n=6000)",7.81,7.81,3570877,300047,30001,270046,0,0,0,0,0,0,0,0,0,0,0,0.00,0.00,0,0,0,0
smt,build_500k_then_reinsert_100k_existing,500000,500000,100000,474112534,4741,"0-10%=5.5µs(n=10000)|10-20%=5.15µs(n=10000)|20-30%=5.377µs(n=10000)|30-40%=4.695µs(n=10000)|40-50%=4.579µs(n=10000)|50-60%=4.508µs(n=10000)|60-70%=4.429µs(n=10000)|70-80%=4.394µs(n=10000)|80-90%=4.321µs(n=10000)|90-100%=4.454µs(n=10000)",13.01,13.01,5950890,500050,50001,450049,0,0,0,0,0,0,0,0,0,0,0,0.00,0.00,0,0,0,0
smt,build_700k_then_reinsert_140k_existing,700000,700000,140000,735716114,5255,"0-10%=5.658µs(n=14000)|10-20%=5.06µs(n=14000)|20-30%=5.534µs(n=14000)|30-40%=4.9µs(n=14000)|40-50%=4.941µs(n=14000)|50-60%=4.853µs(n=14000)|60-70%=4.816µs(n=14000)|70-80%=5.451µs(n=14000)|80-90%=5.678µs(n=14000)|90-100%=5.656µs(n=14000)",18.20,18.20,8330896,700052,70001,630051,0,0,0,0,0,0,0,0,0,0,0,0.00,0.00,0,0,0,0
smt,build_900k_then_reinsert_180k_existing,900000,900000,180000,942313276,5235,"0-10%=5.806µs(n=18000)|10-20%=5.291µs(n=18000)|20-30%=5.194µs(n=18000)|30-40%=5.078µs(n=18000)|40-50%=5.061µs(n=18000)|50-60%=5.054µs(n=18000)|60-70%=5.059µs(n=18000)|70-80%=5.176µs(n=18000)|80-90%=5.532µs(n=18000)|90-100%=5.094µs(n=18000)",23.40,23.40,10710903,900053,90001,810052,0,0,0,0,0,0,0,0,0,0,0,0.00,0.00,0,0,0,0
smt,build_1m_then_reinsert_200k_existing,1000000,1000000,200000,1056261582,5281,"0-10%=5.831µs(n=20000)|10-20%=5.301µs(n=20000)|20-30%=5.209µs(n=20000)|30-40%=5.307µs(n=20000)|40-50%=5.222µs(n=20000)|50-60%=5.173µs(n=20000)|60-70%=5.16µs(n=20000)|70-80%=5.495µs(n=20000)|80-90%=5.063µs(n=20000)|90-100%=5.046µs(n=20000)",25.99,25.99,11900911,1000053,100001,900052,0,0,0,0,0,0,0,0,0,0,0,0.00,0.00,0,0,0,0
smt,build_2m_then_reinsert_400k_existing,2000000,2000000,400000,2308402829,5771,"0-10%=6.153µs(n=40000)|10-20%=5.708µs(n=40000)|20-30%=5.678µs(n=40000)|30-40%=5.733µs(n=40000)|40-50%=5.724µs(n=40000)|50-60%=5.642µs(n=40000)|60-70%=5.68µs(n=40000)|70-80%=5.677µs(n=40000)|80-90%=5.89µs(n=40000)|90-100%=5.82µs(n=40000)",51.98,51.98,23800926,2000062,200001,1800061,0,0,0,0,0,0,0,0,0,0,0,0.00,0.00,0,0,0,0
smt,build_5m_then_reinsert_1m_existing,5000000,5000000,1000000,6689204059,6689,"0-10%=7.017µs(n=100000)|10-20%=6.6µs(n=100000)|20-30%=6.712µs(n=100000)|30-40%=6.688µs(n=100000)|40-50%=6.654µs(n=100000)|50-60%=6.604µs(n=100000)|60-70%=6.654µs(n=100000)|70-80%=6.658µs(n=100000)|80-90%=6.638µs(n=100000)|90-100%=6.663µs(n=100000)",129.95,129.95,59500892,5000080,500001,4500079,0,0,0,0,0,0,0,0,0,0,0,0.00,0.00,0,0,0,0
smt,build_10m_then_reinsert_2m_existing,10000000,10000000,2000000,15123078511,7561,"0-10%=7.615µs(n=200000)|10-20%=7.609µs(n=200000)|20-30%=7.545µs(n=200000)|30-40%=7.563µs(n=200000)|40-50%=7.545µs(n=200000)|50-60%=7.614µs(n=200000)|60-70%=7.676µs(n=200000)|70-80%=7.474µs(n=200000)|80-90%=7.479µs(n=200000)|90-100%=7.49µs(n=200000)",259.92,259.92,119000937,10000115,1000001,9000114,0,0,0,0,0,0,0,0,0,0,0,0.00,0.00,0,0,0,0
smt,build_25m_then_reinsert_5m_existing,25000000,25000000,5000000,45078794834,9015,"0-10%=9.219µs(n=500000)|10-20%=9.091µs(n=500000)|20-30%=9.116µs(n=500000)|30-40%=8.982µs(n=500000)|40-50%=8.941µs(n=500000)|50-60%=8.946µs(n=500000)|60-70%=9.055µs(n=500000)|70-80%=8.99µs(n=500000)|80-90%=8.948µs(n=500000)|90-100%=8.865µs(n=500000)",650.12,650.12,297501078,25000256,2500001,22500255,0,0,0,0,0,0,0,0,0,0,0,0.00,0.00,0,0,0,0
smt,insert_only_build_10k,0,10000,10000,22806790,2280,"0-10%=1.753µs(n=1000)|10-20%=1.806µs(n=1000)|20-30%=1.929µs(n=1000)|30-40%=2.563µs(n=1000)|40-50%=2.321µs(n=1000)|50-60%=2.193µs(n=1000)|60-70%=3.041µs(n=1000)|70-80%=2.344µs(n=1000)|80-90%=2.387µs(n=1000)|90-100%=2.464µs(n=1000)",5.63,6.87,129530,180037,51056,128981,0,0,0,0,0,0,0,0,0,0,0,0.00,0.00,0,0,0,0
smt,insert_only_build_50k,0,50000,50000,127679844,2553,"0-10%=2.059µs(n=5000)|10-20%=2.313µs(n=5000)|20-30%=2.522µs(n=5000)|30-40%=2.459µs(n=5000)|40-50%=2.56µs(n=5000)|50-60%=2.765µs(n=5000)|60-70%=2.562µs(n=5000)|70-80%=2.63µs(n=5000)|80-90%=2.674µs(n=5000)|90-100%=2.986µs(n=5000)",25.94,34.31,573128,900060,327494,572566,0,0,0,0,0,0,0,0,0,0,0,0.00,0.00,0,0,0,0
smt,insert_only_build_100k,0,100000,100000,264557773,2645,"0-10%=2.09µs(n=10000)|10-20%=2.398µs(n=10000)|20-30%=2.543µs(n=10000)|30-40%=2.504µs(n=10000)|40-50%=2.587µs(n=10000)|50-60%=2.753µs(n=10000)|60-70%=2.72µs(n=10000)|70-80%=2.827µs(n=10000)|80-90%=2.859µs(n=10000)|90-100%=3.169µs(n=10000)",52.16,68.52,1157237,1800035,643389,1156646,0,0,0,0,0,0,0,0,0,0,0,0.00,0.00,0,0,0,0
smt,insert_only_build_200k,0,200000,200000,641885448,3209,"0-10%=2.376µs(n=20000)|10-20%=2.602µs(n=20000)|20-30%=2.826µs(n=20000)|30-40%=2.864µs(n=20000)|40-50%=3.258µs(n=20000)|50-60%=3.323µs(n=20000)|60-70%=3.376µs(n=20000)|70-80%=3.741µs(n=20000)|80-90%=3.906µs(n=20000)|90-100%=3.818µs(n=20000)",108.60,137.03,2449089,3600040,1151554,2448486,0,0,0,0,0,0,0,0,0,0,0,0.00,0.00,0,0,0,0
smt,insert_only_build_300k,0,300000,300000,1108651548,3695,"0-10%=2.532µs(n=30000)|10-20%=3.329µs(n=30000)|20-30%=3.561µs(n=30000)|30-40%=3.43µs(n=30000)|40-50%=3.4µs(n=30000)|50-60%=4µs(n=30000)|60-70%=3.826µs(n=30000)|70-80%=3.945µs(n=30000)|80-90%=4.149µs(n=30000)|90-100%=4.778µs(n=30000)",156.85,205.56,3482098,5400053,1918565,3481488,0,0,0,0,0,0,0,0,0,0,0,0.00,0.00,0,0,0,0
smt,insert_only_build_500k,0,500000,500000,2044969284,4089,"0-10%=2.582µs(n=50000)|10-20%=3.185µs(n=50000)|20-30%=3.481µs(n=50000)|30-40%=4.089µs(n=50000)|40-50%=3.997µs(n=50000)|50-60%=4.821µs(n=50000)|60-70%=4.172µs(n=50000)|70-80%=4.211µs(n=50000)|80-90%=4.963µs(n=50000)|90-100%=5.393µs(n=50000)",258.17,342.56,5700571,9000048,3300098,5699950,0,0,0,0,0,0,0,0,0,0,0,0.00,0.00,0,0,0,0
smt,insert_only_build_700k,0,700000,700000,3355876485,4794,"0-10%=2.774µs(n=70000)|10-20%=3.326µs(n=70000)|20-30%=4.054µs(n=70000)|30-40%=4.743µs(n=70000)|40-50%=4.713µs(n=70000)|50-60%=4.634µs(n=70000)|60-70%=5.218µs(n=70000)|70-80%=5.492µs(n=70000)|80-90%=5.185µs(n=70000)|90-100%=7.799µs(n=70000)",394.92,479.56,9036665,12600051,3564018,9036033,0,0,0,0,0,0,0,0,0,0,0,0.00,0.00,0,0,0,0
smt,insert_only_build_900k,0,900000,900000,4272121431,4746,"0-10%=2.613µs(n=90000)|10-20%=3.676µs(n=90000)|20-30%=4.175µs(n=90000)|30-40%=4.665µs(n=90000)|40-50%=4.723µs(n=90000)|50-60%=5.507µs(n=90000)|60-70%=5.153µs(n=90000)|70-80%=5.353µs(n=90000)|80-90%=5.596µs(n=90000)|90-100%=6.002µs(n=90000)",474.03,616.59,10553863,16200057,5646832,10553225,0,0,0,0,0,0,0,0,0,0,0,0.00,0.00,0,0,0,0
smt,insert_only_build_1m,0,1000000,1000000,4274015071,4274,"0-10%=2.653µs(n=100000)|10-20%=3.377µs(n=100000)|20-30%=3.789µs(n=100000)|30-40%=4.109µs(n=100000)|40-50%=4.489µs(n=100000)|50-60%=4.4µs(n=100000)|60-70%=4.411µs(n=100000)|70-80%=4.782µs(n=100000)|80-90%=5.426µs(n=100000)|90-100%=5.299µs(n=100000)",541.73,685.07,12201133,18000064,5799574,12200490,0,0,0,0,0,0,0,0,0,0,0,0.00,0.00,0,0,0,0
smt,insert_only_build_2m,0,2000000,2000000,10428323216,5214,"0-10%=3.556µs(n=200000)|10-20%=5.093µs(n=200000)|20-30%=5.027µs(n=200000)|30-40%=4.682µs(n=200000)|40-50%=5.293µs(n=200000)|50-60%=5.368µs(n=200000)|60-70%=5.705µs(n=200000)|70-80%=5.834µs(n=200000)|80-90%=5.735µs(n=200000)|90-100%=5.844µs(n=200000)",1124.48,1370.22,25693039,36000087,10307704,25692383,0,0,0,0,0,0,0,0,0,0,0,0.00,0.00,0,0,0,0
smt,insert_only_build_5m,0,5000000,5000000,29322835311,5864,"0-10%=3.697µs(n=500000)|10-20%=4.83µs(n=500000)|20-30%=5.263µs(n=500000)|30-40%=5.603µs(n=500000)|40-50%=6.273µs(n=500000)|50-60%=6.178µs(n=500000)|60-70%=6.335µs(n=500000)|70-80%=6.465µs(n=500000)|80-90%=7.219µs(n=500000)|90-100%=6.777µs(n=500000)",2699.08,3425.54,60694324,90000164,29306506,60693658,0,0,0,0,0,0,0,0,0,0,0,0.00,0.00,0,0,0,0
smt,insert_only_build_10m,0,10000000,10000000,66040911932,6604,"0-10%=4.302µs(n=1000000)|10-20%=5.342µs(n=1000000)|20-30%=6.001µs(n=1000000)|30-40%=6.305µs(n=1000000)|40-50%=7.031µs(n=1000000)|50-60%=6.895µs(n=1000000)|60-70%=7.255µs(n=1000000)|70-80%=7.698µs(n=1000000)|80-90%=7.529µs(n=1000000)|90-100%=7.678µs(n=1000000)",5583.90,6851.31,127240057,180000319,52760937,127239382,0,0,0,0,0,0,0,0,0,0,0,0.00,0.00,0,0,0,0
smt,insert_only_build_25m,0,25000000,25000000,199862407818,7994,"0-10%=5.115µs(n=2500000)|10-20%=6.458µs(n=2500000)|20-30%=7.202µs(n=2500000)|30-40%=7.705µs(n=2500000)|40-50%=8.316µs(n=2500000)|50-60%=8.423µs(n=2500000)|60-70%=8.638µs(n=2500000)|70-80%=9.209µs(n=2500000)|80-90%=9.496µs(n=2500000)|90-100%=9.377µs(n=2500000)",13515.84,17129.53,304057481,450000923,145944128,304056795,0,0,0,0,0,0,0,0,0,0,0,0.00,0.00,0,0,0,0
smt,prehashed_ordered_insert_only_10k,0,10000,10000,15505739,1550,"0-10%=1.135µs(n=1000)|10-20%=1.26µs(n=1000)|20-30%=2.081µs(n=1000)|30-40%=1.415µs(n=1000)|40-50%=1.47µs(n=1000)|50-60%=1.221µs(n=1000)|60-70%=2.559µs(n=1000)|70-80%=1.443µs(n=1000)|80-90%=1.409µs(n=1000)|90-100%=1.508µs(n=1000)",4.97,6.73,129271,180021,61457,118564,0,0,0,0,0,0,0,0,0,0,0,0.00,0.00,0,0,0,0
smt,prehashed_ordered_insert_only_50k,0,50000,50000,76767519,1535,"0-10%=1.42µs(n=5000)|10-20%=1.532µs(n=5000)|20-30%=1.58µs(n=5000)|30-40%=1.427µs(n=5000)|40-50%=1.826µs(n=5000)|50-60%=1.303µs(n=5000)|60-70%=1.714µs(n=5000)|70-80%=1.471µs(n=5000)|80-90%=1.496µs(n=5000)|90-100%=1.579µs(n=5000)",27.90,33.57,640417,899992,260223,639769,0,0,0,0,0,0,0,0,0,0,0,0.00,0.00,0,0,0,0
smt,prehashed_ordered_insert_only_100k,0,100000,100000,156402227,1564,"0-10%=1.535µs(n=10000)|10-20%=1.511µs(n=10000)|20-30%=1.552µs(n=10000)|30-40%=1.687µs(n=10000)|40-50%=1.598µs(n=10000)|50-60%=1.363µs(n=10000)|60-70%=1.696µs(n=10000)|70-80%=1.513µs(n=10000)|80-90%=1.54µs(n=10000)|90-100%=1.64µs(n=10000)",49.94,67.18,1286653,1800036,614008,1186028,0,0,0,0,0,0,0,0,0,0,0,0.00,0.00,0,0,0,0
smt,prehashed_ordered_insert_only_200k,0,200000,200000,322711007,1613,"0-10%=1.43µs(n=20000)|10-20%=1.564µs(n=20000)|20-30%=1.631µs(n=20000)|30-40%=1.559µs(n=20000)|40-50%=1.802µs(n=20000)|50-60%=1.452µs(n=20000)|60-70%=1.511µs(n=20000)|70-80%=1.558µs(n=20000)|80-90%=1.905µs(n=20000)|90-100%=1.72µs(n=20000)",93.82,134.32,2374440,3600040,1426231,2173809,0,0,0,0,0,0,0,0,0,0,0,0.00,0.00,0,0,0,0
smt,prehashed_ordered_insert_only_300k,0,300000,300000,507195147,1690,"0-10%=1.405µs(n=30000)|10-20%=1.627µs(n=30000)|20-30%=1.598µs(n=30000)|30-40%=1.701µs(n=30000)|40-50%=1.794µs(n=30000)|50-60%=1.607µs(n=30000)|60-70%=1.849µs(n=30000)|70-80%=1.704µs(n=30000)|80-90%=1.76µs(n=30000)|90-100%=1.857µs(n=30000)",151.98,201.44,3930361,5400004,1770318,3629686,0,0,0,0,0,0,0,0,0,0,0,0.00,0.00,0,0,0,0
smt,prehashed_ordered_insert_only_500k,0,500000,500000,902055492,1804,"0-10%=1.584µs(n=50000)|10-20%=1.63µs(n=50000)|20-30%=1.759µs(n=50000)|30-40%=1.761µs(n=50000)|40-50%=2.01µs(n=50000)|50-60%=1.672µs(n=50000)|60-70%=1.793µs(n=50000)|70-80%=2.044µs(n=50000)|80-90%=1.753µs(n=50000)|90-100%=2.03µs(n=50000)",241.04,335.73,6148260,9000041,3352428,5647613,0,0,0,0,0,0,0,0,0,0,0,0.00,0.00,0,0,0,0
smt,prehashed_ordered_insert_only_700k,0,700000,700000,1263605085,1805,"0-10%=1.629µs(n=70000)|10-20%=1.643µs(n=70000)|20-30%=1.81µs(n=70000)|30-40%=1.791µs(n=70000)|40-50%=2.02µs(n=70000)|50-60%=1.655µs(n=70000)|60-70%=1.752µs(n=70000)|70-80%=2.037µs(n=70000)|80-90%=1.797µs(n=70000)|90-100%=1.913µs(n=70000)",342.95,470.01,8787240,12600045,4513454,8086591,0,0,0,0,0,0,0,0,0,0,0,0.00,0.00,0,0,0,0
smt,prehashed_ordered_insert_only_900k,0,900000,900000,1656498660,1840,"0-10%=1.632µs(n=90000)|10-20%=1.676µs(n=90000)|20-30%=1.842µs(n=90000)|30-40%=1.808µs(n=90000)|40-50%=2.092µs(n=90000)|50-60%=1.707µs(n=90000)|60-70%=1.808µs(n=90000)|70-80%=2.013µs(n=90000)|80-90%=1.906µs(n=90000)|90-100%=1.917µs(n=90000)",430.95,604.27,10970717,16200035,6129982,10070053,0,0,0,0,0,0,0,0,0,0,0,0.00,0.00,0,0,0,0
smt,prehashed_ordered_insert_only_1m,0,1000000,1000000,1845008464,1845,"0-10%=1.626µs(n=100000)|10-20%=1.7µs(n=100000)|20-30%=1.889µs(n=100000)|30-40%=1.828µs(n=100000)|40-50%=2.073µs(n=100000)|50-60%=1.658µs(n=100000)|60-70%=1.77µs(n=100000)|70-80%=2.023µs(n=100000)|80-90%=1.954µs(n=100000)|90-100%=1.924µs(n=100000)",478.48,671.44,12177742,18000048,6822966,11177082,0,0,0,0,0,0,0,0,0,0,0,0.00,0.00,0,0,0,0
smt,prehashed_ordered_insert_only_2m,0,2000000,2000000,3791546947,1895,"0-10%=1.685µs(n=200000)|10-20%=1.835µs(n=200000)|20-30%=1.908µs(n=200000)|30-40%=1.841µs(n=200000)|40-50%=2.112µs(n=200000)|50-60%=1.699µs(n=200000)|60-70%=1.805µs(n=200000)|70-80%=2.083µs(n=200000)|80-90%=1.963µs(n=200000)|90-100%=2.021µs(n=200000)",958.72,1342.90,24412089,36000055,13588635,22411420,0,0,0,0,0,0,0,0,0,0,0,0.00,0.00,0,0,0,0
smt,prehashed_ordered_insert_only_5m,0,5000000,5000000,9993886344,1998,"0-10%=1.766µs(n=500000)|10-20%=1.845µs(n=500000)|20-30%=2.036µs(n=500000)|30-40%=1.937µs(n=500000)|40-50%=2.216µs(n=500000)|50-60%=1.789µs(n=500000)|60-70%=1.914µs(n=500000)|70-80%=2.297µs(n=500000)|80-90%=1.999µs(n=500000)|90-100%=2.183µs(n=500000)",2443.61,3357.28,62563371,90000076,32437379,57562697,0,0,0,0,0,0,0,0,0,0,0,0.00,0.00,0,0,0,0
smt,prehashed_ordered_insert_only_10m,0,10000000,10000000,20293657355,2029,"0-10%=1.831µs(n=1000000)|10-20%=1.904µs(n=1000000)|20-30%=2.065µs(n=1000000)|30-40%=1.999µs(n=1000000)|40-50%=2.289µs(n=1000000)|50-60%=1.828µs(n=1000000)|60-70%=1.922µs(n=1000000)|70-80%=1.961µs(n=1000000)|80-90%=2.366µs(n=1000000)|90-100%=2.123µs(n=1000000)",4749.97,6714.54,120629015,180000117,69371779,110628338,0,0,0,0,0,0,0,0,0,0,0,0.00,0.00,0,0,0,0
smt,prehashed_ordered_insert_only_25m,0,25000000,25000000,56269403323,2250,"0-10%=1.892µs(n=2500000)|10-20%=1.983µs(n=2500000)|20-30%=2.14µs(n=2500000)|30-40%=2.072µs(n=2500000)|40-50%=2.44µs(n=2500000)|50-60%=2.125µs(n=2500000)|60-70%=2.357µs(n=2500000)|70-80%=2.614µs(n=2500000)|80-90%=2.3µs(n=2500000)|90-100%=2.58µs(n=2500000)",12124.39,16786.19,309750194,450000224,165250712,284749512,0,0,0,0,0,0,0,0,0,0,0,0.00,0.00,0,0,0,0
smt,proof_only_after_10k_build_sample_5pct,10000,10000,0,0,0,"",0.00,0.00,0,0,0,0,628325,1256,632,3074,0,0,0,0,0,0,0,0.00,0.00,0,0,0,0
smt,proof_only_after_50k_build_sample_5pct,50000,50000,0,0,0,"",0.00,0.00,0,0,0,0,3789268,1515,721,3551,0,0,0,0,0,0,0,0.00,0.00,0,0,0,0
smt,proof_only_after_100k_build_sample_5pct,100000,100000,0,0,0,"",0.00,0.00,0,0,0,0,9294612,1858,758,3845,0,0,0,0,0,0,0,0.00,0.00,0,0,0,0
smt,proof_only_after_200k_build_sample_5pct,200000,200000,0,0,0,"",0.00,0.00,0,0,0,0,23961133,2396,796,4612,0,0,0,0,0,0,0,0.00,0.00,0,0,0,0
smt,proof_only_after_300k_build_sample_5pct,300000,300000,0,0,0,"",0.00,0.00,0,0,0,0,48367696,3224,819,4968,0,0,0,0,0,0,0,0.00,0.00,0,0,0,0
smt,proof_only_after_500k_build_sample_5pct,500000,500000,0,0,0,"",0.00,0.00,0,0,0,0,88857455,3554,847,5278,0,0,0,0,0,0,0,0.00,0.00,0,0,0,0
smt,proof_only_after_700k_build_sample_5pct,700000,700000,0,0,0,"",0.00,0.00,0,0,0,0,127070122,3630,865,4931,0,0,0,0,0,0,0,0.00,0.00,0,0,0,0
smt,proof_only_after_900k_build_sample_5pct,900000,900000,0,0,0,"",0.00,0.00,0,0,0,0,180252647,4005,879,5474,0,0,0,0,0,0,0,0.00,0.00,0,0,0,0
smt,proof_only_after_1m_build_sample_5pct,1000000,1000000,0,0,0,"",0.00,0.00,0,0,0,0,185355313,3707,884,5302,0,0,0,0,0,0,0,0.00,0.00,0,0,0,0
smt,proof_only_after_2m_build_sample_3pct,2000000,2000000,0,0,0,"",0.00,0.00,0,0,0,0,289337827,4822,922,6230,0,0,0,0,0,0,0,0.00,0.00,0,0,0,0
smt,proof_only_after_5m_build_sample_3pct,5000000,5000000,0,0,0,"",0.00,0.00,0,0,0,0,697614314,4650,973,6272,0,0,0,0,0,0,0,0.00,0.00,0,0,0,0
smt,proof_only_after_10m_build_sample_2pct,10000000,10000000,0,0,0,"",0.00,0.00,0,0,0,0,1011000460,5055,1011,7288,0,0,0,0,0,0,0,0.00,0.00,0,0,0,0
smt,proof_only_after_25m_build_sample_2pct,25000000,25000000,0,0,0,"",0.00,0.00,0,0,0,0,4580518735,9161,1061,8321,0,0,0,0,0,0,0,0.00,0.00,0,0,0,0
smt,build_10k_then_add_2k_new,10000,12000,2000,5111951,2555,"0-10%=2.895µs(n=200)|10-20%=2.78µs(n=200)|20-30%=2.715µs(n=200)|30-40%=2.573µs(n=200)|40-50%=2.403µs(n=200)|50-60%=2.567µs(n=200)|60-70%=2.408µs(n=200)|70-80%=2.373µs(n=200)|80-90%=2.414µs(n=200)|90-100%=2.421µs(n=200)",1.39,1.39,144227,36038,2552,33486,0,0,0,0,0,0,0,0,0,0,0,0.00,0.00,0,0,0,0
smt,build_50k_then_add_10k_new,50000,60000,10000,32332132,3233,"0-10%=3.651µs(n=1000)|10-20%=3.217µs(n=1000)|20-30%=3.364µs(n=1000)|30-40%=3.179µs(n=1000)|40-50%=3.037µs(n=1000)|50-60%=3.25µs(n=1000)|60-70%=3.186µs(n=1000)|70-80%=3.311µs(n=1000)|80-90%=3.089µs(n=1000)|90-100%=3.041µs(n=1000)",6.87,6.87,718033,180038,12753,167285,0,0,0,0,0,0,0,0,0,0,0,0.00,0.00,0,0,0,0
smt,build_100k_then_add_20k_new,100000,120000,20000,74450568,3722,"0-10%=4.398µs(n=2000)|10-20%=4.034µs(n=2000)|20-30%=4.012µs(n=2000)|30-40%=3.833µs(n=2000)|40-50%=3.579µs(n=2000)|50-60%=3.489µs(n=2000)|60-70%=3.467µs(n=2000)|70-80%=3.535µs(n=2000)|80-90%=3.437µs(n=2000)|90-100%=3.435µs(n=2000)",13.72,13.72,1435300,360038,25494,334544,0,0,0,0,0,0,0,0,0,0,0,0.00,0.00,0,0,0,0
smt,build_200k_then_add_40k_new,200000,240000,40000,181022287,4525,"0-10%=5.8µs(n=4000)|10-20%=4.99µs(n=4000)|20-30%=4.688µs(n=4000)|30-40%=4.731µs(n=4000)|40-50%=4.459µs(n=4000)|50-60%=4.343µs(n=4000)|60-70%=4.09µs(n=4000)|70-80%=4.021µs(n=4000)|80-90%=4.032µs(n=4000)|90-100%=4.097µs(n=4000)",27.43,27.43,2869763,720045,51049,668996,0,0,0,0,0,0,0,0,0,0,0,0.00,0.00,0,0,0,0
smt,build_300k_then_add_60k_new,300000,360000,60000,275340835,4589,"0-10%=5.492µs(n=6000)|10-20%=5.001µs(n=6000)|20-30%=4.841µs(n=6000)|30-40%=4.645µs(n=6000)|40-50%=4.478µs(n=6000)|50-60%=4.198µs(n=6000)|60-70%=4.141µs(n=6000)|70-80%=4.17µs(n=6000)|80-90%=4.477µs(n=6000)|90-100%=4.442µs(n=6000)",41.13,41.13,4304234,1080039,76595,1003444,0,0,0,0,0,0,0,0,0,0,0,0.00,0.00,0,0,0,0
smt,build_500k_then_add_100k_new,500000,600000,100000,543307969,5433,"0-10%=6.599µs(n=10000)|10-20%=5.814µs(n=10000)|20-30%=5.677µs(n=10000)|30-40%=5.365µs(n=10000)|40-50%=5.193µs(n=10000)|50-60%=5.041µs(n=10000)|60-70%=5.147µs(n=10000)|70-80%=5.252µs(n=10000)|80-90%=5.152µs(n=10000)|90-100%=5.085µs(n=10000)",68.51,68.51,7172651,1800050,128125,1671925,0,0,0,0,0,0,0,0,0,0,0,0.00,0.00,0,0,0,0
smt,build_700k_then_add_140k_new,700000,840000,140000,770936484,5506,"0-10%=6.206µs(n=14000)|10-20%=5.712µs(n=14000)|20-30%=5.584µs(n=14000)|30-40%=5.533µs(n=14000)|40-50%=5.478µs(n=14000)|50-60%=5.396µs(n=14000)|60-70%=5.388µs(n=14000)|70-80%=5.42µs(n=14000)|80-90%=5.187µs(n=14000)|90-100%=5.157µs(n=14000)",95.94,95.94,10041941,2520052,178844,2341208,0,0,0,0,0,0,0,0,0,0,0,0.00,0.00,0,0,0,0
smt,build_900k_then_add_180k_new,900000,1080000,180000,998080458,5544,"0-10%=6.517µs(n=18000)|10-20%=6.011µs(n=18000)|20-30%=5.87µs(n=18000)|30-40%=5.64µs(n=18000)|40-50%=5.243µs(n=18000)|50-60%=5.181µs(n=18000)|60-70%=5.376µs(n=18000)|70-80%=5.25µs(n=18000)|80-90%=5.178µs(n=18000)|90-100%=5.179µs(n=18000)",123.33,123.33,12910582,3240053,230207,3009846,0,0,0,0,0,0,0,0,0,0,0,0.00,0.00,0,0,0,0
smt,build_1m_then_add_200k_new,1000000,1200000,200000,1135331914,5676,"0-10%=6.496µs(n=20000)|10-20%=5.992µs(n=20000)|20-30%=6.052µs(n=20000)|30-40%=5.904µs(n=20000)|40-50%=5.76µs(n=20000)|50-60%=5.471µs(n=20000)|60-70%=5.253µs(n=20000)|70-80%=5.28µs(n=20000)|80-90%=5.293µs(n=20000)|90-100%=5.261µs(n=20000)",137.04,137.04,14345205,3600053,255593,3344460,0,0,0,0,0,0,0,0,0,0,0,0.00,0.00,0,0,0,0
smt,build_2m_then_add_400k_new,2000000,2400000,400000,2552625064,6381,"0-10%=6.92µs(n=40000)|10-20%=6.44µs(n=40000)|20-30%=6.353µs(n=40000)|30-40%=6.355µs(n=40000)|40-50%=6.28µs(n=40000)|50-60%=6.263µs(n=40000)|60-70%=6.258µs(n=40000)|70-80%=6.406µs(n=40000)|80-90%=6.31µs(n=40000)|90-100%=6.225µs(n=40000)",274.08,274.08,28689582,7200055,511238,6688817,0,0,0,0,0,0,0,0,0,0,0,0.00,0.00,0,0,0,0
smt,build_5m_then_add_1m_new,5000000,6000000,1000000,7173585273,7173,"0-10%=7.661µs(n=100000)|10-20%=7.468µs(n=100000)|20-30%=7.346µs(n=100000)|30-40%=7.223µs(n=100000)|40-50%=7.221µs(n=100000)|50-60%=7.243µs(n=100000)|60-70%=7.024µs(n=100000)|70-80%=6.837µs(n=100000)|80-90%=6.846µs(n=100000)|90-100%=6.864µs(n=100000)",685.20,685.20,71722960,18000082,1277893,16722189,0,0,0,0,0,0,0,0,0,0,0,0.00,0.00,0,0,0,0
smt,build_10m_then_add_2m_new,10000000,12000000,2000000,16274014382,8137,"0-10%=8.364µs(n=200000)|10-20%=8.267µs(n=200000)|20-30%=8.186µs(n=200000)|30-40%=8.004µs(n=200000)|40-50%=8.138µs(n=200000)|50-60%=8.28µs(n=200000)|60-70%=8.062µs(n=200000)|70-80%=8.193µs(n=200000)|80-90%=7.984µs(n=200000)|90-100%=7.886µs(n=200000)",1370.34,1370.34,143443499,36000120,2557404,33442716,0,0,0,0,0,0,0,0,0,0,0,0.00,0.00,0,0,0,0
smt,build_25m_then_add_5m_new,25000000,30000000,5000000,49541852278,9908,"0-10%=10.078µs(n=500000)|10-20%=10.059µs(n=500000)|20-30%=10.065µs(n=500000)|30-40%=9.984µs(n=500000)|40-50%=9.904µs(n=500000)|50-60%=9.9µs(n=500000)|60-70%=9.799µs(n=500000)|70-80%=9.725µs(n=500000)|80-90%=9.759µs(n=500000)|90-100%=9.807µs(n=500000)",3426.25,3426.25,358607652,90000275,6393416,83606859,0,0,0,0,0,0,0,0,0,0,0,0.00,0.00,0,0,0,0
smt,build_10k_then_reinsert_2k_existing,10000,10000,2000,4746108,2373,"0-10%=3.145µs(n=200)|10-20%=2.607µs(n=200)|20-30%=2.484µs(n=200)|30-40%=2.491µs(n=200)|40-50%=2.259µs(n=200)|50-60%=2.225µs(n=200)|60-70%=2.207µs(n=200)|70-80%=2.099µs(n=200)|80-90%=2.103µs(n=200)|90-100%=2.1µs(n=200)",0.27,0.27,119849,10038,1001,9037,0,0,0,0,0,0,0,0,0,0,0,0.00,0.00,0,0,0,0
smt,build_50k_then_reinsert_10k_existing,50000,50000,10000,33005031,3300,"0-10%=4.154µs(n=1000)|10-20%=3.608µs(n=1000)|20-30%=3.443µs(n=1000)|30-40%=3.319µs(n=1000)|40-50%=3.148µs(n=1000)|50-60%=3.147µs(n=1000)|60-70%=3.171µs(n=1000)|70-80%=2.982µs(n=1000)|80-90%=3.039µs(n=1000)|90-100%=2.987µs(n=1000)",1.31,1.31,595854,50038,5001,45037,0,0,0,0,0,0,0,0,0,0,0,0.00,0.00,0,0,0,0
smt,build_100k_then_reinsert_20k_existing,100000,100000,20000,75337524,3766,"0-10%=4.804µs(n=2000)|10-20%=4.121µs(n=2000)|20-30%=3.919µs(n=2000)|30-40%=3.823µs(n=2000)|40-50%=3.774µs(n=2000)|50-60%=3.615µs(n=2000)|60-70%=3.593µs(n=2000)|70-80%=3.331µs(n=2000)|80-90%=3.334µs(n=2000)|90-100%=3.348µs(n=2000)",2.61,2.61,1190859,100038,10001,90037,0,0,0,0,0,0,0,0,0,0,0,0.00,0.00,0,0,0,0
smt,build_200k_then_reinsert_40k_existing,200000,200000,40000,160484624,4012,"0-10%=4.745µs(n=4000)|10-20%=4.301µs(n=4000)|20-30%=4.132µs(n=4000)|30-40%=4.014µs(n=4000)|40-50%=3.964µs(n=4000)|50-60%=3.928µs(n=4000)|60-70%=3.833µs(n=4000)|70-80%=3.796µs(n=4000)|80-90%=3.713µs(n=4000)|90-100%=3.69µs(n=4000)",5.22,5.22,2380877,200045,20001,180044,0,0,0,0,0,0,0,0,0,0,0,0.00,0.00,0,0,0,0
smt,build_300k_then_reinsert_60k_existing,300000,300000,60000,258128371,4302,"0-10%=5.131µs(n=6000)|10-20%=4.601µs(n=6000)|20-30%=4.389µs(n=6000)|30-40%=4.298µs(n=6000)|40-50%=4.244µs(n=6000)|50-60%=4.182µs(n=6000)|60-70%=4.155µs(n=6000)|70-80%=4.071µs(n=6000)|80-90%=4.005µs(n=6000)|90-100%=3.94µs(n=6000)",7.81,7.81,3570827,300047,30001,270046,0,0,0,0,0,0,0,0,0,0,0,0.00,0.00,0,0,0,0
smt,build_500k_then_reinsert_100k_existing,500000,500000,100000,470054286,4700,"0-10%=5.528µs(n=10000)|10-20%=5.323µs(n=10000)|20-30%=5.242µs(n=10000)|30-40%=4.654µs(n=10000)|40-50%=4.513µs(n=10000)|50-60%=4.484µs(n=10000)|60-70%=4.388µs(n=10000)|70-80%=4.379µs(n=10000)|80-90%=4.264µs(n=10000)|90-100%=4.226µs(n=10000)",13.00,13.00,5950837,500049,50001,450048,0,0,0,0,0,0,0,0,0,0,0,0.00,0.00,0,0,0,0
smt,build_700k_then_reinsert_140k_existing,700000,700000,140000,713503962,5096,"0-10%=5.864µs(n=14000)|10-20%=5.206µs(n=14000)|20-30%=5.671µs(n=14000)|30-40%=5.086µs(n=14000)|40-50%=4.965µs(n=14000)|50-60%=4.898µs(n=14000)|60-70%=4.895µs(n=14000)|70-80%=4.796µs(n=14000)|80-90%=4.771µs(n=14000)|90-100%=4.808µs(n=14000)",18.20,18.20,8330848,700052,70001,630051,0,0,0,0,0,0,0,0,0,0,0,0.00,0.00,0,0,0,0
smt,build_900k_then_reinsert_180k_existing,900000,900000,180000,1011991819,5622,"0-10%=6.44µs(n=18000)|10-20%=5.802µs(n=18000)|20-30%=5.612µs(n=18000)|30-40%=5.516µs(n=18000)|40-50%=5.453µs(n=18000)|50-60%=5.501µs(n=18000)|60-70%=6µs(n=18000)|70-80%=5.411µs(n=18000)|80-90%=5.264µs(n=18000)|90-100%=5.218µs(n=18000)",23.40,23.40,10710863,900053,90001,810052,0,0,0,0,0,0,0,0,0,0,0,0.00,0.00,0,0,0,0
smt,build_1m_then_reinsert_200k_existing,1000000,1000000,200000,1089098087,5445,"0-10%=5.843µs(n=20000)|10-20%=5.315µs(n=20000)|20-30%=5.254µs(n=20000)|30-40%=5.244µs(n=20000)|40-50%=5.211µs(n=20000)|50-60%=5.679µs(n=20000)|60-70%=5.226µs(n=20000)|70-80%=5.308µs(n=20000)|80-90%=5.209µs(n=20000)|90-100%=6.159µs(n=20000)",25.99,25.99,11900872,1000053,100001,900052,0,0,0,0,0,0,0,0,0,0,0,0.00,0.00,0,0,0,0
smt,build_2m_then_reinsert_400k_existing,2000000,2000000,400000,2332472045,5831,"0-10%=6.205µs(n=40000)|10-20%=5.938µs(n=40000)|20-30%=5.792µs(n=40000)|30-40%=5.777µs(n=40000)|40-50%=5.77µs(n=40000)|50-60%=5.797µs(n=40000)|60-70%=5.804µs(n=40000)|70-80%=5.672µs(n=40000)|80-90%=5.734µs(n=40000)|90-100%=5.818µs(n=40000)",51.98,51.98,23800891,2000062,200001,1800061,0,0,0,0,0,0,0,0,0,0,0,0.00,0.00,0,0,0,0
smt,build_5m_then_reinsert_1m_existing,5000000,5000000,1000000,6789451573,6789,"0-10%=6.987µs(n=100000)|10-20%=6.821µs(n=100000)|20-30%=6.853µs(n=100000)|30-40%=6.855µs(n=100000)|40-50%=6.82µs(n=100000)|50-60%=6.671µs(n=100000)|60-70%=6.837µs(n=100000)|70-80%=6.811µs(n=100000)|80-90%=6.597µs(n=100000)|90-100%=6.637µs(n=100000)",129.95,129.95,59500921,5000080,500001,4500079,0,0,0,0,0,0,0,0,0,0,0,0.00,0.00,0,0,0,0
smt,build_10m_then_reinsert_2m_existing,10000000,10000000,2000000,15147040500,7573,"0-10%=7.812µs(n=200000)|10-20%=7.561µs(n=200000)|20-30%=7.568µs(n=200000)|30-40%=7.554µs(n=200000)|40-50%=7.551µs(n=200000)|50-60%=7.579µs(n=200000)|60-70%=7.579µs(n=200000)|70-80%=7.51µs(n=200000)|80-90%=7.525µs(n=200000)|90-100%=7.49µs(n=200000)",259.92,259.92,119000964,10000116,1000001,9000115,0,0,0,0,0,0,0,0,0,0,0,0.00,0.00,0,0,0,0
smt,build_25m_then_reinsert_5m_existing,25000000,25000000,5000000,45708882661,9141,"0-10%=9.228µs(n=500000)|10-20%=9.137µs(n=500000)|20-30%=9.209µs(n=500000)|30-40%=9.202µs(n=500000)|40-50%=9.238µs(n=500000)|50-60%=9.212µs(n=500000)|60-70%=9.118µs(n=500000)|70-80%=9.006µs(n=500000)|80-90%=9.019µs(n=500000)|90-100%=9.044µs(n=500000)",650.11,650.11,297501107,25000254,2500000,22500254,0,0,0,0,0,0,0,0,0,0,0,0.00,0.00,0,0,0,0
smt,insert_only_build_10k,0,10000,10000,24311267,2431,"0-10%=1.76µs(n=1000)|10-20%=2.087µs(n=1000)|20-30%=2.173µs(n=1000)|30-40%=3.081µs(n=1000)|40-50%=2.35µs(n=1000)|50-60%=2.399µs(n=1000)|60-70%=2.608µs(n=1000)|70-80%=2.864µs(n=1000)|80-90%=2.463µs(n=1000)|90-100%=2.519µs(n=1000)",5.58,6.88,127774,180036,52801,127235,0,0,0,0,0,0,0,0,0,0,0,0.00,0.00,0,0,0,0
smt,insert_only_build_50k,0,50000,50000,138620927,2772,"0-10%=2.339µs(n=5000)|10-20%=2.692µs(n=5000)|20-30%=2.766µs(n=5000)|30-40%=2.69µs(n=5000)|40-50%=2.728µs(n=5000)|50-60%=2.938µs(n=5000)|60-70%=2.573µs(n=5000)|70-80%=2.597µs(n=5000)|80-90%=2.979µs(n=5000)|90-100%=3.417µs(n=5000)",25.33,34.31,553910,900070,346710,553360,0,0,0,0,0,0,0,0,0,0,0,0.00,0.00,0,0,0,0
smt,insert_only_build_100k,0,100000,100000,293026794,2930,"0-10%=2.524µs(n=10000)|10-20%=2.422µs(n=10000)|20-30%=2.616µs(n=10000)|30-40%=2.64µs(n=10000)|40-50%=2.805µs(n=10000)|50-60%=3.132µs(n=10000)|60-70%=3.096µs(n=10000)|70-80%=3.362µs(n=10000)|80-90%=3.397µs(n=10000)|90-100%=3.303µs(n=10000)",51.97,68.52,1151375,1800034,649247,1150787,0,0,0,0,0,0,0,0,0,0,0,0.00,0.00,0,0,0,0
smt,insert_only_build_200k,0,200000,200000,584497075,2922,"0-10%=2.081µs(n=20000)|10-20%=2.338µs(n=20000)|20-30%=2.495µs(n=20000)|30-40%=2.549µs(n=20000)|40-50%=2.952µs(n=20000)|50-60%=3.006µs(n=20000)|60-70%=3.227µs(n=20000)|70-80%=3.614µs(n=20000)|80-90%=3.459µs(n=20000)|90-100%=3.498µs(n=20000)",108.45,137.03,2444222,3600044,1156421,2443623,0,0,0,0,0,0,0,0,0,0,0,0.00,0.00,0,0,0,0
smt,insert_only_build_300k,0,300000,300000,984027192,3280,"0-10%=2.261µs(n=30000)|10-20%=2.575µs(n=30000)|20-30%=2.83µs(n=30000)|30-40%=2.98µs(n=30000)|40-50%=2.953µs(n=30000)|50-60%=3.45µs(n=30000)|60-70%=3.454µs(n=30000)|70-80%=3.854µs(n=30000)|80-90%=4.213µs(n=30000)|90-100%=4.226µs(n=30000)",157.34,205.54,3497949,5400040,1902703,3497337,0,0,0,0,0,0,0,0,0,0,0,0.00,0.00,0,0,0,0
smt,insert_only_build_500k,0,500000,500000,1900425189,3800,"0-10%=2.346µs(n=50000)|10-20%=2.647µs(n=50000)|20-30%=3.012µs(n=50000)|30-40%=3.468µs(n=50000)|40-50%=3.4µs(n=50000)|50-60%=3.988µs(n=50000)|60-70%=4.587µs(n=50000)|70-80%=4.801µs(n=50000)|80-90%=4.68µs(n=50000)|90-100%=5.076µs(n=50000)",259.72,342.57,5749190,9000054,3251479,5748575,0,0,0,0,0,0,0,0,0,0,0,0.00,0.00,0,0,0,0
smt,insert_only_build_700k,0,700000,700000,2716641081,3880,"0-10%=2.474µs(n=70000)|10-20%=2.892µs(n=70000)|20-30%=3.19µs(n=70000)|30-40%=3.438µs(n=70000)|40-50%=4.016µs(n=70000)|50-60%=4.082µs(n=70000)|60-70%=4.45µs(n=70000)|70-80%=4.846µs(n=70000)|80-90%=4.595µs(n=70000)|90-100%=4.821µs(n=70000)",395.11,479.55,9042993,12600053,3557691,9042362,0,0,0,0,0,0,0,0,0,0,0,0.00,0.00,0,0,0,0
smt,insert_only_build_900k,0,900000,900000,3618018974,4020,"0-10%=2.429µs(n=90000)|10-20%=3.137µs(n=90000)|20-30%=3.436µs(n=90000)|30-40%=3.929µs(n=90000)|40-50%=3.893µs(n=90000)|50-60%=4.641µs(n=90000)|60-70%=4.19µs(n=90000)|70-80%=4.486µs(n=90000)|80-90%=4.941µs(n=90000)|90-100%=5.114µs(n=90000)",472.68,616.58,10511597,16200058,5689100,10510958,0,0,0,0,0,0,0,0,0,0,0,0.00,0.00,0,0,0,0
smt,insert_only_build_1m,0,1000000,1000000,4416795039,4416,"0-10%=2.504µs(n=100000)|10-20%=3.326µs(n=100000)|20-30%=3.968µs(n=100000)|30-40%=4.114µs(n=100000)|40-50%=4.616µs(n=100000)|50-60%=4.631µs(n=100000)|60-70%=4.648µs(n=100000)|70-80%=5.049µs(n=100000)|80-90%=5.945µs(n=100000)|90-100%=5.363µs(n=100000)",539.75,685.07,12138838,18000060,5861869,12138191,0,0,0,0,0,0,0,0,0,0,0,0.00,0.00,0,0,0,0
smt,insert_only_build_2m,0,2000000,2000000,10342267378,5171,"0-10%=3.088µs(n=200000)|10-20%=4.056µs(n=200000)|20-30%=4.724µs(n=200000)|30-40%=4.812µs(n=200000)|40-50%=5.647µs(n=200000)|50-60%=5.547µs(n=200000)|60-70%=5.975µs(n=200000)|70-80%=5.974µs(n=200000)|80-90%=5.949µs(n=200000)|90-100%=5.933µs(n=200000)",1119.82,1370.20,25546745,36000085,10453995,25546090,0,0,0,0,0,0,0,0,0,0,0,0.00,0.00,0,0,0,0
smt,insert_only_build_5m,0,5000000,5000000,29174636234,5834,"0-10%=3.765µs(n=500000)|10-20%=4.923µs(n=500000)|20-30%=5.217µs(n=500000)|30-40%=5.278µs(n=500000)|40-50%=5.96µs(n=500000)|50-60%=5.85µs(n=500000)|60-70%=6.479µs(n=500000)|70-80%=7.097µs(n=500000)|80-90%=6.881µs(n=500000)|90-100%=6.896µs(n=500000)",2780.41,3425.55,63259894,90000169,26740936,63259233,0,0,0,0,0,0,0,0,0,0,0,0.00,0.00,0,0,0,0
smt,insert_only_build_10m,0,10000000,10000000,66061460334,6606,"0-10%=4.377µs(n=1000000)|10-20%=5.398µs(n=1000000)|20-30%=5.671µs(n=1000000)|30-40%=6.241µs(n=1000000)|40-50%=7.159µs(n=1000000)|50-60%=7.102µs(n=1000000)|60-70%=7.422µs(n=1000000)|70-80%=7.066µs(n=1000000)|80-90%=7.717µs(n=1000000)|90-100%=7.905µs(n=1000000)",5608.74,6851.32,128023065,180000323,51977934,128022389,0,0,0,0,0,0,0,0,0,0,0,0.00,0.00,0,0,0,0
smt,insert_only_build_25m,0,25000000,25000000,199115096438,7964,"0-10%=4.998µs(n=2500000)|10-20%=6.435µs(n=2500000)|20-30%=7.107µs(n=2500000)|30-40%=7.865µs(n=2500000)|40-50%=8.25µs(n=2500000)|50-60%=8.375µs(n=2500000)|60-70%=8.782µs(n=2500000)|70-80%=8.643µs(n=2500000)|80-90%=9.612µs(n=2500000)|90-100%=9.574µs(n=2500000)",13432.65,17129.54,301432257,450000917,148569350,301431567,0,0,0,0,0,0,0,0,0,0,0,0.00,0.00,0,0,0,0
smt,prehashed_ordered_insert_only_10k,0,10000,10000,13702639,1370,"0-10%=1.086µs(n=1000)|10-20%=1.22µs(n=1000)|20-30%=1.743µs(n=1000)|30-40%=1.322µs(n=1000)|40-50%=1.251µs(n=1000)|50-60%=1.21µs(n=1000)|60-70%=1.922µs(n=1000)|70-80%=1.289µs(n=1000)|80-90%=1.295µs(n=1000)|90-100%=1.359µs(n=1000)",4.99,6.73,129630,180024,61098,118926,0,0,0,0,0,0,0,0,0,0,0,0.00,0.00,0,0,0,0
smt,prehashed_ordered_insert_only_50k,0,50000,50000,72423560,1448,"0-10%=1.311µs(n=5000)|10-20%=1.431µs(n=5000)|20-30%=1.528µs(n=5000)|30-40%=1.442µs(n=5000)|40-50%=1.641µs(n=5000)|50-60%=1.285µs(n=5000)|60-70%=1.587µs(n=5000)|70-80%=1.364µs(n=5000)|80-90%=1.407µs(n=5000)|90-100%=1.483µs(n=5000)",27.96,33.57,642217,899989,258418,641571,0,0,0,0,0,0,0,0,0,0,0,0.00,0.00,0,0,0,0
smt,prehashed_ordered_insert_only_100k,0,100000,100000,148174191,1481,"0-10%=1.395µs(n=10000)|10-20%=1.516µs(n=10000)|20-30%=1.493µs(n=10000)|30-40%=1.563µs(n=10000)|40-50%=1.517µs(n=10000)|50-60%=1.292µs(n=10000)|60-70%=1.581µs(n=10000)|70-80%=1.459µs(n=10000)|80-90%=1.452µs(n=10000)|90-100%=1.545µs(n=10000)",55.66,67.16,1274404,1799995,526237,1273758,0,0,0,0,0,0,0,0,0,0,0,0.00,0.00,0,0,0,0
smt,prehashed_ordered_insert_only_200k,0,200000,200000,303204166,1516,"0-10%=1.346µs(n=20000)|10-20%=1.47µs(n=20000)|20-30%=1.533µs(n=20000)|30-40%=1.467µs(n=20000)|40-50%=1.725µs(n=20000)|50-60%=1.352µs(n=20000)|60-70%=1.429µs(n=20000)|70-80%=1.462µs(n=20000)|80-90%=1.773µs(n=20000)|90-100%=1.599µs(n=20000)",94.85,134.32,2408151,3600037,1392503,2207534,0,0,0,0,0,0,0,0,0,0,0,0.00,0.00,0,0,0,0
smt,prehashed_ordered_insert_only_300k,0,300000,300000,478785454,1595,"0-10%=1.378µs(n=30000)|10-20%=1.49µs(n=30000)|20-30%=1.574µs(n=30000)|30-40%=1.503µs(n=30000)|40-50%=1.729µs(n=30000)|50-60%=1.424µs(n=30000)|60-70%=1.596µs(n=30000)|70-80%=1.63µs(n=30000)|80-90%=1.901µs(n=30000)|90-100%=1.731µs(n=30000)",141.27,201.45,3578782,5400037,2121877,3278160,0,0,0,0,0,0,0,0,0,0,0,0.00,0.00,0,0,0,0
smt,prehashed_ordered_insert_only_500k,0,500000,500000,841049519,1682,"0-10%=1.515µs(n=50000)|10-20%=1.502µs(n=50000)|20-30%=1.68µs(n=50000)|30-40%=1.669µs(n=50000)|40-50%=1.901µs(n=50000)|50-60%=1.518µs(n=50000)|60-70%=1.636µs(n=50000)|70-80%=1.673µs(n=50000)|80-90%=1.947µs(n=50000)|90-100%=1.776µs(n=50000)",237.36,335.73,6027834,9000041,3472833,5527208,0,0,0,0,0,0,0,0,0,0,0,0.00,0.00,0,0,0,0
smt,prehashed_ordered_insert_only_700k,0,700000,700000,1199997779,1714,"0-10%=1.506µs(n=70000)|10-20%=1.543µs(n=70000)|20-30%=1.743µs(n=70000)|30-40%=1.757µs(n=70000)|40-50%=1.946µs(n=70000)|50-60%=1.568µs(n=70000)|60-70%=1.661µs(n=70000)|70-80%=1.929µs(n=70000)|80-90%=1.687µs(n=70000)|90-100%=1.798µs(n=70000)",341.81,470.01,8749652,12600044,4551022,8049022,0,0,0,0,0,0,0,0,0,0,0,0.00,0.00,0,0,0,0
smt,prehashed_ordered_insert_only_900k,0,900000,900000,1565436212,1739,"0-10%=1.598µs(n=90000)|10-20%=1.58µs(n=90000)|20-30%=1.759µs(n=90000)|30-40%=1.717µs(n=90000)|40-50%=2.016µs(n=90000)|50-60%=1.556µs(n=90000)|60-70%=1.648µs(n=90000)|70-80%=1.767µs(n=90000)|80-90%=1.884µs(n=90000)|90-100%=1.863µs(n=90000)",429.52,604.27,10923552,16200036,6177127,10022909,0,0,0,0,0,0,0,0,0,0,0,0.00,0.00,0,0,0,0
smt,prehashed_ordered_insert_only_1m,0,1000000,1000000,1809831228,1809,"0-10%=1.55µs(n=100000)|10-20%=1.619µs(n=100000)|20-30%=1.819µs(n=100000)|30-40%=1.779µs(n=100000)|40-50%=1.981µs(n=100000)|50-60%=1.559µs(n=100000)|60-70%=1.768µs(n=100000)|70-80%=1.994µs(n=100000)|80-90%=2.043µs(n=100000)|90-100%=1.981µs(n=100000)",477.90,671.44,12158636,18000046,6842050,11157996,0,0,0,0,0,0,0,0,0,0,0,0.00,0.00,0,0,0,0
smt,prehashed_ordered_insert_only_2m,0,2000000,2000000,3936719570,1968,"0-10%=1.748µs(n=200000)|10-20%=1.806µs(n=200000)|20-30%=2.005µs(n=200000)|30-40%=1.903µs(n=200000)|40-50%=2.216µs(n=200000)|50-60%=1.757µs(n=200000)|60-70%=1.86µs(n=200000)|70-80%=2.145µs(n=200000)|80-90%=2.088µs(n=200000)|90-100%=2.152µs(n=200000)",958.91,1342.90,24418254,36000047,13582443,22417604,0,0,0,0,0,0,0,0,0,0,0,0.00,0.00,0,0,0,0
smt,prehashed_ordered_insert_only_5m,0,5000000,5000000,10166801781,2033,"0-10%=1.807µs(n=500000)|10-20%=1.875µs(n=500000)|20-30%=2.129µs(n=500000)|30-40%=2.017µs(n=500000)|40-50%=2.292µs(n=500000)|50-60%=1.832µs(n=500000)|60-70%=1.95µs(n=500000)|70-80%=2.173µs(n=500000)|80-90%=2.149µs(n=500000)|90-100%=2.105µs(n=500000)",2393.60,3357.29,60924373,90000079,34076354,55923725,0,0,0,0,0,0,0,0,0,0,0,0.00,0.00,0,0,0,0
smt,prehashed_ordered_insert_only_10m,0,10000000,10000000,20739474871,2073,"0-10%=1.762µs(n=1000000)|10-20%=1.85µs(n=1000000)|20-30%=2µs(n=1000000)|30-40%=1.925µs(n=1000000)|40-50%=2.344µs(n=1000000)|50-60%=1.938µs(n=1000000)|60-70%=2.077µs(n=1000000)|70-80%=2.468µs(n=1000000)|80-90%=2.13µs(n=1000000)|90-100%=2.241µs(n=1000000)",4855.76,6714.55,124095374,180000120,65905400,114094720,0,0,0,0,0,0,0,0,0,0,0,0.00,0.00,0,0,0,0
smt,prehashed_ordered_insert_only_25m,0,25000000,25000000,56715668855,2268,"0-10%=1.959µs(n=2500000)|10-20%=2.023µs(n=2500000)|20-30%=2.203µs(n=2500000)|30-40%=2.117µs(n=2500000)|40-50%=2.407µs(n=2500000)|50-60%=2.01µs(n=2500000)|60-70%=2.23µs(n=2500000)|70-80%=2.681µs(n=2500000)|80-90%=2.358µs(n=2500000)|90-100%=2.694µs(n=2500000)",12133.84,16786.18,310059997,450000219,164940884,285059335,0,0,0,0,0,0,0,0,0,0,0,0.00,0.00,0,0,0,0
smt,proof_only_after_10k_build_sample_5pct,10000,10000,0,0,0,"",0.00,0.00,0,0,0,0,865073,1730,631,3157,0,0,0,0,0,0,0,0.00,0.00,0,0,0,0
smt,proof_only_after_50k_build_sample_5pct,50000,50000,0,0,0,"",0.00,0.00,0,0,0,0,3393533,1357,721,3202,0,0,0,0,0,0,0,0.00,0.00,0,0,0,0
smt,proof_only_after_100k_build_sample_5pct,100000,100000,0,0,0,"",0.00,0.00,0,0,0,0,8291887,1658,758,3669,0,0,0,0,0,0,0,0.00,0.00,0,0,0,0
smt,proof_only_after_200k_build_sample_5pct,200000,200000,0,0,0,"",0.00,0.00,0,0,0,0,20815798,2081,796,4120,0,0,0,0,0,0,0,0.00,0.00,0,0,0,0
smt,proof_only_after_300k_build_sample_5pct,300000,300000,0,0,0,"",0.00,0.00,0,0,0,0,46679478,3111,819,4691,0,0,0,0,0,0,0,0.00,0.00,0,0,0,0
smt,proof_only_after_500k_build_sample_5pct,500000,500000,0,0,0,"",0.00,0.00,0,0,0,0,88422265,3536,847,5281,0,0,0,0,0,0,0,0.00,0.00,0,0,0,0
smt,proof_only_after_700k_build_sample_5pct,700000,700000,0,0,0,"",0.00,0.00,0,0,0,0,124111810,3546,865,4960,0,0,0,0,0,0,0,0.00,0.00,0,0,0,0
smt,proof_only_after_900k_build_sample_5pct,900000,900000,0,0,0,"",0.00,0.00,0,0,0,0,161756566,3594,879,5162,0,0,0,0,0,0,0,0.00,0.00,0,0,0,0
smt,proof_only_after_1m_build_sample_5pct,1000000,1000000,0,0,0,"",0.00,0.00,0,0,0,0,186037115,3720,884,5286,0,0,0,0,0,0,0,0.00,0.00,0,0,0,0
smt,proof_only_after_2m_build_sample_3pct,2000000,2000000,0,0,0,"",0.00,0.00,0,0,0,0,242382357,4039,923,6038,0,0,0,0,0,0,0,0.00,0.00,0,0,0,0
smt,proof_only_after_5m_build_sample_3pct,5000000,5000000,0,0,0,"",0.00,0.00,0,0,0,0,662978991,4419,973,6247,0,0,0,0,0,0,0,0.00,0.00,0,0,0,0
smt,proof_only_after_10m_build_sample_2pct,10000000,10000000,0,0,0,"",0.00,0.00,0,0,0,0,988117378,4940,1011,7177,0,0,0,0,0,0,0,0.00,0.00,0,0,0,0
smt,proof_only_after_25m_build_sample_2pct,25000000,25000000,0,0,0,"",0.00,0.00,0,0,0,0,4827372294,9654,1061,8315,0,0,0,0,0,0,0,0.00,0.00,0,0,0,0
smt,build_10k_then_add_2k_new,10000,12000,2000,5633656,2816,"0-10%=3.648µs(n=200)|10-20%=2.967µs(n=200)|20-30%=2.828µs(n=200)|30-40%=2.717µs(n=200)|40-50%=2.959µs(n=200)|50-60%=2.506µs(n=200)|60-70%=2.716µs(n=200)|70-80%=2.743µs(n=200)|80-90%=2.565µs(n=200)|90-100%=2.51µs(n=200)",1.39,1.39,144201,36038,2552,33486,0,0,0,0,0,0,0,0,0,0,0,0.00,0.00,0,0,0,0
smt,build_50k_then_add_10k_new,50000,60000,10000,37009948,3700,"0-10%=5.341µs(n=1000)|10-20%=4.19µs(n=1000)|20-30%=3.789µs(n=1000)|30-40%=3.653µs(n=1000)|40-50%=3.369µs(n=1000)|50-60%=3.55µs(n=1000)|60-70%=3.379µs(n=1000)|70-80%=3.464µs(n=1000)|80-90%=3.184µs(n=1000)|90-100%=3.085µs(n=1000)",6.87,6.87,718005,180038,12753,167285,0,0,0,0,0,0,0,0,0,0,0,0.00,0.00,0,0,0,0
smt,build_100k_then_add_20k_new,100000,120000,20000,74193144,3709,"0-10%=4.244µs(n=2000)|10-20%=4.042µs(n=2000)|20-30%=3.97µs(n=2000)|30-40%=3.685µs(n=2000)|40-50%=3.614µs(n=2000)|50-60%=3.592µs(n=2000)|60-70%=3.531µs(n=2000)|70-80%=3.465µs(n=2000)|80-90%=3.469µs(n=2000)|90-100%=3.479µs(n=2000)",13.72,13.72,1435269,360038,25494,334544,0,0,0,0,0,0,0,0,0,0,0,0.00,0.00,0,0,0,0
smt,build_200k_then_add_40k_new,200000,240000,40000,181346805,4533,"0-10%=5.717µs(n=4000)|10-20%=4.866µs(n=4000)|20-30%=4.657µs(n=4000)|30-40%=4.472µs(n=4000)|40-50%=4.482µs(n=4000)|50-60%=4.299µs(n=4000)|60-70%=4.074µs(n=4000)|70-80%=3.983µs(n=4000)|80-90%=4.321µs(n=4000)|90-100%=4.46µs(n=4000)",27.43,27.43,2869729,720045,51049,668996,0,0,0,0,0,0,0,0,0,0,0,0.00,0.00,0,0,0,0
smt,build_300k_then_add_60k_new,300000,360000,60000,296714198,4945,"0-10%=5.823µs(n=6000)|10-20%=5.303µs(n=6000)|20-30%=5.332µs(n=6000)|30-40%=4.971µs(n=6000)|40-50%=4.682µs(n=6000)|50-60%=4.598µs(n=6000)|60-70%=4.606µs(n=6000)|70-80%=4.667µs(n=6000)|80-90%=4.713µs(n=6000)|90-100%=4.753µs(n=6000)",41.13,41.13,4304195,1080047,76595,1003452,0,0,0,0,0,0,0,0,0,0,0,0.00,0.00,0,0,0,0
smt,build_500k_then_add_100k_new,500000,600000,100000,568709398,5687,"0-10%=6.935µs(n=10000)|10-20%=6.287µs(n=10000)|20-30%=6.174µs(n=10000)|30-40%=6.988µs(n=10000)|40-50%=5.415µs(n=10000)|50-60%=5.056µs(n=10000)|60-70%=5.037µs(n=10000)|70-80%=5.101µs(n=10000)|80-90%=5.076µs(n=10000)|90-100%=4.797µs(n=10000)",68.51,68.51,7172675,1800050,128125,1671925,0,0,0,0,0,0,0,0,0,0,0,0.00,0.00,0,0,0,0
smt,build_700k_then_add_140k_new,700000,840000,140000,826548629,5903,"0-10%=6.363µs(n=14000)|10-20%=5.771µs(n=14000)|20-30%=5.628µs(n=14000)|30-40%=5.559µs(n=14000)|40-50%=6.476µs(n=14000)|50-60%=5.802µs(n=14000)|60-70%=5.605µs(n=14000)|70-80%=5.773µs(n=14000)|80-90%=6.161µs(n=14000)|90-100%=5.895µs(n=14000)",95.95,95.95,10041968,2520053,178844,2341209,0,0,0,0,0,0,0,0,0,0,0,0.00,0.00,0,0,0,0
smt,build_900k_then_add_180k_new,900000,1080000,180000,998637988,5547,"0-10%=8.117µs(n=18000)|10-20%=5.936µs(n=18000)|20-30%=5.631µs(n=18000)|30-40%=5.391µs(n=18000)|40-50%=4.972µs(n=18000)|50-60%=4.729µs(n=18000)|60-70%=4.789µs(n=18000)|70-80%=4.983µs(n=18000)|80-90%=4.889µs(n=18000)|90-100%=6.038µs(n=18000)",123.33,123.33,12910616,3240053,230207,3009846,0,0,0,0,0,0,0,0,0,0,0,0.00,0.00,0,0,0,0
smt,build_1m_then_add_200k_new,1000000,1200000,200000,1145157640,5725,"0-10%=6.517µs(n=20000)|10-20%=6.017µs(n=20000)|20-30%=5.912µs(n=20000)|30-40%=5.913µs(n=20000)|40-50%=6.022µs(n=20000)|50-60%=5.698µs(n=20000)|60-70%=5.351µs(n=20000)|70-80%=5.298µs(n=20000)|80-90%=5.282µs(n=20000)|90-100%=5.243µs(n=20000)",137.04,137.04,14345234,3600053,255593,3344460,0,0,0,0,0,0,0,0,0,0,0,0.00,0.00,0,0,0,0
smt,build_2m_then_add_400k_new,2000000,2400000,400000,2539639047,6349,"0-10%=6.93µs(n=40000)|10-20%=6.419µs(n=40000)|20-30%=6.329µs(n=40000)|30-40%=6.233µs(n=40000)|40-50%=6.359µs(n=40000)|50-60%=6.406µs(n=40000)|60-70%=6.353µs(n=40000)|70-80%=6.338µs(n=40000)|80-90%=6.165µs(n=40000)|90-100%=5.954µs(n=40000)",274.09,274.09,28689608,7200064,511239,6688825,0,0,0,0,0,0,0,0,0,0,0,0.00,0.00,0,0,0,0
smt,build_5m_then_add_1m_new,5000000,6000000,1000000,7167244844,7167,"0-10%=7.756µs(n=100000)|10-20%=7.375µs(n=100000)|20-30%=7.273µs(n=100000)|30-40%=7.345µs(n=100000)|40-50%=7.26µs(n=100000)|50-60%=7.151µs(n=100000)|60-70%=6.882µs(n=100000)|70-80%=6.785µs(n=100000)|80-90%=6.855µs(n=100000)|90-100%=6.986µs(n=100000)",685.20,685.20,71722988,18000082,1277893,16722189,0,0,0,0,0,0,0,0,0,0,0,0.00,0.00,0,0,0,0
smt,build_10m_then_add_2m_new,10000000,12000000,2000000,16269050288,8134,"0-10%=8.457µs(n=200000)|10-20%=8.041µs(n=200000)|20-30%=8.121µs(n=200000)|30-40%=8.239µs(n=200000)|40-50%=8.244µs(n=200000)|50-60%=8.177µs(n=200000)|60-70%=8.024µs(n=200000)|70-80%=8.017µs(n=200000)|80-90%=7.984µs(n=200000)|90-100%=8.036µs(n=200000)",1370.35,1370.35,143443526,36000121,2557403,33442718,0,0,0,0,0,0,0,0,0,0,0,0.00,0.00,0,0,0,0
smt,build_25m_then_add_5m_new,25000000,30000000,5000000,49211989401,9842,"0-10%=10.048µs(n=500000)|10-20%=9.856µs(n=500000)|20-30%=9.978µs(n=500000)|30-40%=9.885µs(n=500000)|40-50%=9.615µs(n=500000)|50-60%=9.726µs(n=500000)|60-70%=9.892µs(n=500000)|70-80%=9.748µs(n=500000)|80-90%=9.78µs(n=500000)|90-100%=9.891µs(n=500000)",3426.26,3426.26,358607672,90000277,6393418,83606859,0,0,0,0,0,0,0,0,0,0,0,0.00,0.00,0,0,0,0
smt,build_10k_then_reinsert_2k_existing,10000,10000,2000,4905463,2452,"0-10%=3.097µs(n=200)|10-20%=2.556µs(n=200)|20-30%=2.459µs(n=200)|30-40%=2.688µs(n=200)|40-50%=2.523µs(n=200)|50-60%=2.548µs(n=200)|60-70%=2.3µs(n=200)|70-80%=2.141µs(n=200)|80-90%=2.132µs(n=200)|90-100%=2.076µs(n=200)",0.27,0.27,119864,10038,1001,9037,0,0,0,0,0,0,0,0,0,0,0,0.00,0.00,0,0,0,0
smt,build_50k_then_reinsert_10k_existing,50000,50000,10000,32348783,3234,"0-10%=3.901µs(n=1000)|10-20%=3.469µs(n=1000)|20-30%=3.272µs(n=1000)|30-40%=3.34µs(n=1000)|40-50%=3.088µs(n=1000)|50-60%=3.203µs(n=1000)|60-70%=2.957µs(n=1000)|70-80%=3.125µs(n=1000)|80-90%=2.993µs(n=1000)|90-100%=2.995µs(n=1000)",1.31,1.31,595870,50038,5001,45037,0,0,0,0,0,0,0,0,0,0,0,0.00,0.00,0,0,0,0
smt,build_100k_then_reinsert_20k_existing,100000,100000,20000,74260457,3713,"0-10%=4.529µs(n=2000)|10-20%=4.082µs(n=2000)|20-30%=3.871µs(n=2000)|30-40%=3.742µs(n=2000)|40-50%=3.671µs(n=2000)|50-60%=3.717µs(n=2000)|60-70%=3.539µs(n=2000)|70-80%=3.359µs(n=2000)|80-90%=3.321µs(n=2000)|90-100%=3.292µs(n=2000)",2.61,2.61,1190813,100038,10001,90037,0,0,0,0,0,0,0,0,0,0,0,0.00,0.00,0,0,0,0
smt,build_200k_then_reinsert_40k_existing,200000,200000,40000,153838213,3845,"0-10%=4.519µs(n=4000)|10-20%=4.064µs(n=4000)|20-30%=3.932µs(n=4000)|30-40%=3.835µs(n=4000)|40-50%=3.801µs(n=4000)|50-60%=3.755µs(n=4000)|60-70%=3.707µs(n=4000)|70-80%=3.663µs(n=4000)|80-90%=3.61µs(n=4000)|90-100%=3.569µs(n=4000)",5.22,5.22,2380825,200045,20001,180044,0,0,0,0,0,0,0,0,0,0,0,0.00,0.00,0,0,0,0
smt,build_300k_then_reinsert_60k_existing,300000,300000,60000,230891027,3848,"0-10%=4.676µs(n=6000)|10-20%=4.125µs(n=6000)|20-30%=3.914µs(n=6000)|30-40%=3.81µs(n=6000)|40-50%=3.778µs(n=6000)|50-60%=3.74µs(n=6000)|60-70%=3.71µs(n=6000)|70-80%=3.633µs(n=6000)|80-90%=3.559µs(n=6000)|90-100%=3.533µs(n=6000)",7.81,7.81,3570834,300047,30001,270046,0,0,0,0,0,0,0,0,0,0,0,0.00,0.00,0,0,0,0
smt,build_500k_then_reinsert_100k_existing,500000,500000,100000,442534174,4425,"0-10%=5.402µs(n=10000)|10-20%=4.664µs(n=10000)|20-30%=4.444µs(n=10000)|30-40%=4.305µs(n=10000)|40-50%=4.245µs(n=10000)|50-60%=4.189µs(n=10000)|60-70%=4.814µs(n=10000)|70-80%=4.222µs(n=10000)|80-90%=3.992µs(n=10000)|90-100%=3.97µs(n=10000)",13.01,13.01,5950845,500042,50001,450041,0,0,0,0,0,0,0,0,0,0,0,0.00,0.00,0,0,0,0
smt,build_700k_then_reinsert_140k_existing,700000,700000,140000,685258229,4894,"0-10%=5.481µs(n=14000)|10-20%=4.983µs(n=14000)|20-30%=4.829µs(n=14000)|30-40%=4.768µs(n=14000)|40-50%=5.322µs(n=14000)|50-60%=4.748µs(n=14000)|60-70%=4.666µs(n=14000)|70-80%=4.626µs(n=14000)|80-90%=4.693µs(n=14000)|90-100%=4.827µs(n=14000)",18.20,18.20,8330853,700044,70001,630043,0,0,0,0,0,0,0,0,0,0,0,0.00,0.00,0,0,0,0
smt,build_900k_then_reinsert_180k_existing,900000,900000,180000,903809662,5021,"0-10%=5.645µs(n=18000)|10-20%=5.303µs(n=18000)|20-30%=5.125µs(n=18000)|30-40%=4.988µs(n=18000)|40-50%=4.924µs(n=18000)|50-60%=4.889µs(n=18000)|60-70%=4.88µs(n=18000)|70-80%=4.785µs(n=18000)|80-90%=4.827µs(n=18000)|90-100%=4.841µs(n=18000)",23.40,23.40,10710863,900053,90001,810052,0,0,0,0,0,0,0,0,0,0,0,0.00,0.00,0,0,0,0
smt,build_1m_then_reinsert_200k_existing,1000000,1000000,200000,1030155849,5150,"0-10%=5.821µs(n=20000)|10-20%=5.241µs(n=20000)|20-30%=5.124µs(n=20000)|30-40%=5.105µs(n=20000)|40-50%=5.073µs(n=20000)|50-60%=5.016µs(n=20000)|60-70%=5.016µs(n=20000)|70-80%=4.968µs(n=20000)|80-90%=5.057µs(n=20000)|90-100%=5.082µs(n=20000)",25.99,25.99,11900873,1000045,100001,900044,0,0,0,0,0,0,0,0,0,0,0,0.00,0.00,0,0,0,0
smt,build_2m_then_reinsert_400k_existing,2000000,2000000,400000,2267172186,5667,"0-10%=6.432µs(n=40000)|10-20%=6.083µs(n=40000)|20-30%=5.97µs(n=40000)|30-40%=5.731µs(n=40000)|40-50%=5.741µs(n=40000)|50-60%=5.77µs(n=40000)|60-70%=5.326µs(n=40000)|70-80%=5.164µs(n=40000)|80-90%=5.185µs(n=40000)|90-100%=5.273µs(n=40000)",51.97,51.97,23800889,2000059,200001,1800058,0,0,0,0,0,0,0,0,0,0,0,0.00,0.00,0,0,0,0
smt,build_5m_then_reinsert_1m_existing,5000000,5000000,1000000,6216672186,6216,"0-10%=6.891µs(n=100000)|10-20%=6.159µs(n=100000)|20-30%=6.145µs(n=100000)|30-40%=6.126µs(n=100000)|40-50%=6.147µs(n=100000)|50-60%=6.082µs(n=100000)|60-70%=6.129µs(n=100000)|70-80%=6.124µs(n=100000)|80-90%=6.012µs(n=100000)|90-100%=6.346µs(n=100000)",129.95,129.95,59500919,5000080,500001,4500079,0,0,0,0,0,0,0,0,0,0,0,0.00,0.00,0,0,0,0
smt,build_10m_then_reinsert_2m_existing,10000000,10000000,2000000,15075873716,7537,"0-10%=7.745µs(n=200000)|10-20%=7.421µs(n=200000)|20-30%=7.619µs(n=200000)|30-40%=7.591µs(n=200000)|40-50%=7.596µs(n=200000)|50-60%=7.439µs(n=200000)|60-70%=7.42µs(n=200000)|70-80%=7.481µs(n=200000)|80-90%=7.569µs(n=200000)|90-100%=7.493µs(n=200000)",259.92,259.92,119000961,10000116,1000001,9000115,0,0,0,0,0,0,0,0,0,0,0,0.00,0.00,0,0,0,0
smt,build_25m_then_reinsert_5m_existing,25000000,25000000,5000000,44679712013,8935,"0-10%=9.038µs(n=500000)|10-20%=8.971µs(n=500000)|20-30%=8.865µs(n=500000)|30-40%=8.894µs(n=500000)|40-50%=8.99µs(n=500000)|50-60%=8.978µs(n=500000)|60-70%=8.886µs(n=500000)|70-80%=8.857µs(n=500000)|80-90%=8.842µs(n=500000)|90-100%=9.033µs(n=500000)",650.12,650.12,297501111,25000255,2500000,22500255,0,0,0,0,0,0,0,0,0,0,0,0.00,0.00,0,0,0,0
smt,insert_only_build_10k,0,10000,10000,25394862,2539,"0-10%=1.806µs(n=1000)|10-20%=2.096µs(n=1000)|20-30%=2.233µs(n=1000)|30-40%=3.019µs(n=1000)|40-50%=2.497µs(n=1000)|50-60%=2.583µs(n=1000)|60-70%=2.64µs(n=1000)|70-80%=3.212µs(n=1000)|80-90%=2.609µs(n=1000)|90-100%=2.696µs(n=1000)",5.51,6.88,125465,180040,55113,124927,0,0,0,0,0,0,0,0,0,0,0,0.00,0.00,0,0,0,0
smt,insert_only_build_50k,0,50000,50000,133103833,2662,"0-10%=2.263µs(n=5000)|10-20%=2.484µs(n=5000)|20-30%=2.358µs(n=5000)|30-40%=2.642µs(n=5000)|40-50%=2.504µs(n=5000)|50-60%=2.836µs(n=5000)|60-70%=2.744µs(n=5000)|70-80%=2.833µs(n=5000)|80-90%=2.92µs(n=5000)|90-100%=3.032µs(n=5000)",29.17,34.30,675377,900065,225235,674830,0,0,0,0,0,0,0,0,0,0,0,0.00,0.00,0,0,0,0
smt,insert_only_build_100k,0,100000,100000,294026440,2940,"0-10%=2.265µs(n=10000)|10-20%=2.586µs(n=10000)|20-30%=2.811µs(n=10000)|30-40%=2.853µs(n=10000)|40-50%=3.068µs(n=10000)|50-60%=2.934µs(n=10000)|60-70%=3.077µs(n=10000)|70-80%=3.327µs(n=10000)|80-90%=3.243µs(n=10000)|90-100%=3.234µs(n=10000)",55.53,68.52,1263487,1800039,537146,1262893,0,0,0,0,0,0,0,0,0,0,0,0.00,0.00,0,0,0,0
smt,insert_only_build_200k,0,200000,200000,632956362,3164,"0-10%=2.379µs(n=20000)|10-20%=2.719µs(n=20000)|20-30%=2.976µs(n=20000)|30-40%=2.998µs(n=20000)|40-50%=3.23µs(n=20000)|50-60%=3.286µs(n=20000)|60-70%=3.266µs(n=20000)|70-80%=3.563µs(n=20000)|80-90%=3.639µs(n=20000)|90-100%=3.587µs(n=20000)",108.29,137.03,2439370,3600043,1161279,2438764,0,0,0,0,0,0,0,0,0,0,0,0.00,0.00,0,0,0,0
smt,insert_only_build_300k,0,300000,300000,1044586879,3481,"0-10%=2.665µs(n=30000)|10-20%=2.977µs(n=30000)|20-30%=2.904µs(n=30000)|30-40%=3.278µs(n=30000)|40-50%=3.513µs(n=30000)|50-60%=3.774µs(n=30000)|60-70%=3.598µs(n=30000)|70-80%=3.635µs(n=30000)|80-90%=3.913µs(n=30000)|90-100%=4.557µs(n=30000)",156.73,205.54,3478705,5400043,1921954,3478089,0,0,0,0,0,0,0,0,0,0,0,0.00,0.00,0,0,0,0
smt,insert_only_build_500k,0,500000,500000,2056616836,4113,"0-10%=2.507µs(n=50000)|10-20%=2.988µs(n=50000)|20-30%=3.188µs(n=50000)|30-40%=3.599µs(n=50000)|40-50%=3.673µs(n=50000)|50-60%=5.102µs(n=50000)|60-70%=4.867µs(n=50000)|70-80%=4.685µs(n=50000)|80-90%=4.839µs(n=50000)|90-100%=5.679µs(n=50000)",259.39,342.56,5739090,9000051,3261580,5738471,0,0,0,0,0,0,0,0,0,0,0,0.00,0.00,0,0,0,0
smt,insert_only_build_700k,0,700000,700000,2932323256,4189,"0-10%=2.708µs(n=70000)|10-20%=3.149µs(n=70000)|20-30%=3.765µs(n=70000)|30-40%=4.161µs(n=70000)|40-50%=4.269µs(n=70000)|50-60%=4.199µs(n=70000)|60-70%=4.842µs(n=70000)|70-80%=4.984µs(n=70000)|80-90%=4.693µs(n=70000)|90-100%=5.114µs(n=70000)",395.01,479.55,9039702,12600057,3560988,9039069,0,0,0,0,0,0,0,0,0,0,0,0.00,0.00,0,0,0,0
smt,insert_only_build_900k,0,900000,900000,4119795424,4577,"0-10%=2.702µs(n=90000)|10-20%=3.842µs(n=90000)|20-30%=4.241µs(n=90000)|30-40%=4.862µs(n=90000)|40-50%=4.588µs(n=90000)|50-60%=5.001µs(n=90000)|60-70%=4.793µs(n=90000)|70-80%=4.807µs(n=90000)|80-90%=5.14µs(n=90000)|90-100%=5.795µs(n=90000)",471.01,616.59,10458646,16200060,5742059,10458001,0,0,0,0,0,0,0,0,0,0,0,0.00,0.00,0,0,0,0
smt,insert_only_build_1m,0,1000000,1000000,4786400097,4786,"0-10%=2.995µs(n=100000)|10-20%=4.066µs(n=100000)|20-30%=4.573µs(n=100000)|30-40%=4.555µs(n=100000)|40-50%=4.881µs(n=100000)|50-60%=4.956µs(n=100000)|60-70%=4.771µs(n=100000)|70-80%=5.38µs(n=100000)|80-90%=5.772µs(n=100000)|90-100%=5.908µs(n=100000)",540.84,685.09,12172815,18000060,5827893,12172167,0,0,0,0,0,0,0,0,0,0,0,0.00,0.00,0,0,0,0
smt,insert_only_build_2m,0,2000000,2000000,10703329039,5351,"0-10%=3.216µs(n=200000)|10-20%=4.146µs(n=200000)|20-30%=4.831µs(n=200000)|30-40%=5.304µs(n=200000)|40-50%=5.802µs(n=200000)|50-60%=5.262µs(n=200000)|60-70%=7.155µs(n=200000)|70-80%=6.302µs(n=200000)|80-90%=5.774µs(n=200000)|90-100%=5.72µs(n=200000)",1121.86,1370.22,25610612,36000086,10390134,25609952,0,0,0,0,0,0,0,0,0,0,0,0.00,0.00,0,0,0,0
smt,insert_only_build_5m,0,5000000,5000000,30220914805,6044,"0-10%=3.905µs(n=500000)|10-20%=5.157µs(n=500000)|20-30%=5.581µs(n=500000)|30-40%=5.802µs(n=500000)|40-50%=6.295µs(n=500000)|50-60%=6.389µs(n=500000)|60-70%=6.424µs(n=500000)|70-80%=6.98µs(n=500000)|80-90%=7.095µs(n=500000)|90-100%=6.808µs(n=500000)",2714.75,3425.54,61188579,90000173,28812263,61187910,0,0,0,0,0,0,0,0,0,0,0,0.00,0.00,0,0,0,0
smt,insert_only_build_10m,0,10000000,10000000,68246499281,6824,"0-10%=4.507µs(n=1000000)|10-20%=5.685µs(n=1000000)|20-30%=6.465µs(n=1000000)|30-40%=6.492µs(n=1000000)|40-50%=7.155µs(n=1000000)|50-60%=6.983µs(n=1000000)|60-70%=7.128µs(n=1000000)|70-80%=8.17µs(n=1000000)|80-90%=7.594µs(n=1000000)|90-100%=8.063µs(n=1000000)",5579.13,6851.32,127089024,180000325,52911981,127088344,0,0,0,0,0,0,0,0,0,0,0,0.00,0.00,0,0,0,0
smt,insert_only_build_25m,0,25000000,25000000,207196225284,8287,"0-10%=5.351µs(n=2500000)|10-20%=6.775µs(n=2500000)|20-30%=7.303µs(n=2500000)|30-40%=7.718µs(n=2500000)|40-50%=8.733µs(n=2500000)|50-60%=8.761µs(n=2500000)|60-70%=9.067µs(n=2500000)|70-80%=9.224µs(n=2500000)|80-90%=10.188µs(n=2500000)|90-100%=9.754µs(n=2500000)",13427.91,17129.60,301281133,450000929,148720492,301280437,0,0,0,0,0,0,0,0,0,0,0,0.00,0.00,0,0,0,0
smt,prehashed_ordered_insert_only_10k,0,10000,10000,15387517,1538,"0-10%=1.132µs(n=1000)|10-20%=1.262µs(n=1000)|20-30%=2.127µs(n=1000)|30-40%=1.42µs(n=1000)|40-50%=1.428µs(n=1000)|50-60%=1.189µs(n=1000)|60-70%=2.396µs(n=1000)|70-80%=1.534µs(n=1000)|80-90%=1.369µs(n=1000)|90-100%=1.525µs(n=1000)",5.00,6.73,130269,180023,60470,119553,0,0,0,0,0,0,0,0,0,0,0,0.00,0.00,0,0,0,0
smt,prehashed_ordered_insert_only_50k,0,50000,50000,79098368,1581,"0-10%=1.446µs(n=5000)|10-20%=1.588µs(n=5000)|20-30%=1.65µs(n=5000)|30-40%=1.49µs(n=5000)|40-50%=1.834µs(n=5000)|50-60%=1.34µs(n=5000)|60-70%=1.79µs(n=5000)|70-80%=1.504µs(n=5000)|80-90%=1.53µs(n=5000)|90-100%=1.643µs(n=5000)",27.89,33.57,640121,899987,260524,639463,0,0,0,0,0,0,0,0,0,0,0,0.00,0.00,0,0,0,0
smt,prehashed_ordered_insert_only_100k,0,100000,100000,161573289,1615,"0-10%=1.645µs(n=10000)|10-20%=1.581µs(n=10000)|20-30%=1.575µs(n=10000)|30-40%=1.695µs(n=10000)|40-50%=1.653µs(n=10000)|50-60%=1.408µs(n=10000)|60-70%=1.767µs(n=10000)|70-80%=1.553µs(n=10000)|80-90%=1.586µs(n=10000)|90-100%=1.689µs(n=10000)",49.91,67.18,1285694,1800035,614972,1185063,0,0,0,0,0,0,0,0,0,0,0,0.00,0.00,0,0,0,0
smt,prehashed_ordered_insert_only_200k,0,200000,200000,336753137,1683,"0-10%=1.481µs(n=20000)|10-20%=1.631µs(n=20000)|20-30%=1.697µs(n=20000)|30-40%=1.605µs(n=20000)|40-50%=1.889µs(n=20000)|50-60%=1.51µs(n=20000)|60-70%=1.609µs(n=20000)|70-80%=1.828µs(n=20000)|80-90%=1.791µs(n=20000)|90-100%=1.792µs(n=20000)",95.77,134.32,2438379,3600037,1362289,2237748,0,0,0,0,0,0,0,0,0,0,0,0.00,0.00,0,0,0,0
smt,prehashed_ordered_insert_only_300k,0,300000,300000,503761471,1679,"0-10%=1.493µs(n=30000)|10-20%=1.689µs(n=30000)|20-30%=1.634µs(n=30000)|30-40%=1.765µs(n=30000)|40-50%=1.739µs(n=30000)|50-60%=1.507µs(n=30000)|60-70%=1.869µs(n=30000)|70-80%=1.64µs(n=30000)|80-90%=1.678µs(n=30000)|90-100%=1.774µs(n=30000)",152.45,201.45,3945395,5400039,1755288,3644751,0,0,0,0,0,0,0,0,0,0,0,0.00,0.00,0,0,0,0
smt,prehashed_ordered_insert_only_500k,0,500000,500000,922308108,1844,"0-10%=1.65µs(n=50000)|10-20%=1.644µs(n=50000)|20-30%=1.842µs(n=50000)|30-40%=1.887µs(n=50000)|40-50%=2.062µs(n=50000)|50-60%=1.666µs(n=50000)|60-70%=1.763µs(n=50000)|70-80%=2.082µs(n=50000)|80-90%=1.811µs(n=50000)|90-100%=2.035µs(n=50000)",241.24,335.73,6154762,9000032,3345918,5654114,0,0,0,0,0,0,0,0,0,0,0,0.00,0.00,0,0,0,0
smt,prehashed_ordered_insert_only_700k,0,700000,700000,1304212257,1863,"0-10%=1.657µs(n=70000)|10-20%=1.654µs(n=70000)|20-30%=1.9µs(n=70000)|30-40%=1.858µs(n=70000)|40-50%=2.116µs(n=70000)|50-60%=1.69µs(n=70000)|60-70%=1.811µs(n=70000)|70-80%=1.835µs(n=70000)|80-90%=2.148µs(n=70000)|90-100%=1.957µs(n=70000)",333.24,470.02,8468805,12600045,4831882,7768163,0,0,0,0,0,0,0,0,0,0,0,0.00,0.00,0,0,0,0
smt,prehashed_ordered_insert_only_900k,0,900000,900000,1696390098,1884,"0-10%=1.672µs(n=90000)|10-20%=1.715µs(n=90000)|20-30%=1.907µs(n=90000)|30-40%=1.873µs(n=90000)|40-50%=2.121µs(n=90000)|50-60%=1.726µs(n=90000)|60-70%=1.823µs(n=90000)|70-80%=2.01µs(n=90000)|80-90%=1.983µs(n=90000)|90-100%=2.013µs(n=90000)",430.63,604.28,10960159,16200044,6140532,10059512,0,0,0,0,0,0,0,0,0,0,0,0.00,0.00,0,0,0,0
smt,prehashed_ordered_insert_only_1m,0,1000000,1000000,1887929731,1887,"0-10%=1.691µs(n=100000)|10-20%=1.723µs(n=100000)|20-30%=1.906µs(n=100000)|30-40%=1.869µs(n=100000)|40-50%=2.129µs(n=100000)|50-60%=1.71µs(n=100000)|60-70%=1.823µs(n=100000)|70-80%=2.091µs(n=100000)|80-90%=1.965µs(n=100000)|90-100%=1.967µs(n=100000)",478.78,671.44,12187347,18000046,6813352,11186694,0,0,0,0,0,0,0,0,0,0,0,0.00,0.00,0,0,0,0
smt,prehashed_ordered_insert_only_2m,0,2000000,2000000,3883849784,1941,"0-10%=1.71µs(n=200000)|10-20%=1.818µs(n=200000)|20-30%=1.984µs(n=200000)|30-40%=1.934µs(n=200000)|40-50%=2.203µs(n=200000)|50-60%=1.761µs(n=200000)|60-70%=1.876µs(n=200000)|70-80%=2.182µs(n=200000)|80-90%=1.915µs(n=200000)|90-100%=2.032µs(n=200000)",981.02,1342.88,25143384,36000052,12857325,23142727,0,0,0,0,0,0,0,0,0,0,0,0.00,0.00,0,0,0,0
smt,prehashed_ordered_insert_only_5m,0,5000000,5000000,10139182883,2027,"0-10%=1.82µs(n=500000)|10-20%=1.864µs(n=500000)|20-30%=2.061µs(n=500000)|30-40%=2.03µs(n=500000)|40-50%=2.279µs(n=500000)|50-60%=1.841µs(n=500000)|60-70%=1.98µs(n=500000)|70-80%=2.276µs(n=500000)|80-90%=2.006µs(n=500000)|90-100%=2.116µs(n=500000)",2433.89,3357.28,62244845,90000077,32755891,57244186,0,0,0,0,0,0,0,0,0,0,0,0.00,0.00,0,0,0,0
smt,prehashed_ordered_insert_only_10m,0,10000000,10000000,20850872845,2085,"0-10%=1.861µs(n=1000000)|10-20%=1.946µs(n=1000000)|20-30%=2.123µs(n=1000000)|30-40%=2.038µs(n=1000000)|40-50%=2.351µs(n=1000000)|50-60%=1.874µs(n=1000000)|60-70%=2.005µs(n=1000000)|70-80%=2.281µs(n=1000000)|80-90%=2.195µs(n=1000000)|90-100%=2.171µs(n=1000000)",4787.24,6714.54,121850341,180000118,68150440,111849678,0,0,0,0,0,0,0,0,0,0,0,0.00,0.00,0,0,0,0
smt,prehashed_ordered_insert_only_25m,0,25000000,25000000,56533097428,2261,"0-10%=1.968µs(n=2500000)|10-20%=2.029µs(n=2500000)|20-30%=2.194µs(n=2500000)|30-40%=2.14µs(n=2500000)|40-50%=2.438µs(n=2500000)|50-60%=1.954µs(n=2500000)|60-70%=2.22µs(n=2500000)|70-80%=2.714µs(n=2500000)|80-90%=2.341µs(n=2500000)|90-100%=2.611µs(n=2500000)",12116.76,16786.17,309500017,450000217,165500868,284499349,0,0,0,0,0,0,0,0,0,0,0,0.00,0.00,0,0,0,0
smt,proof_only_after_10k_build_sample_5pct,10000,10000,0,0,0,"",0.00,0.00,0,0,0,0,733751,1467,634,3155,0,0,0,0,0,0,0,0.00,0.00,0,0,0,0
smt,proof_only_after_50k_build_sample_5pct,50000,50000,0,0,0,"",0.00,0.00,0,0,0,0,4005514,1602,721,3600,0,0,0,0,0,0,0,0.00,0.00,0,0,0,0
smt,proof_only_after_100k_build_sample_5pct,100000,100000,0,0,0,"",0.00,0.00,0,0,0,0,9827708,1965,758,4160,0,0,0,0,0,0,0,0.00,0.00,0,0,0,0
smt,proof_only_after_200k_build_sample_5pct,200000,200000,0,0,0,"",0.00,0.00,0,0,0,0,26229501,2622,796,4729,0,0,0,0,0,0,0,0.00,0.00,0,0,0,0
smt,proof_only_after_300k_build_sample_5pct,300000,300000,0,0,0,"",0.00,0.00,0,0,0,0,50099470,3339,818,5092,0,0,0,0,0,0,0,0.00,0.00,0,0,0,0
smt,proof_only_after_500k_build_sample_5pct,500000,500000,0,0,0,"",0.00,0.00,0,0,0,0,93959620,3758,847,5352,0,0,0,0,0,0,0,0.00,0.00,0,0,0,0
smt,proof_only_after_700k_build_sample_5pct,700000,700000,0,0,0,"",0.00,0.00,0,0,0,0,140751378,4021,865,5240,0,0,0,0,0,0,0,0.00,0.00,0,0,0,0
smt,proof_only_after_900k_build_sample_5pct,900000,900000,0,0,0,"",0.00,0.00,0,0,0,0,179704602,3993,879,5580,0,0,0,0,0,0,0,0.00,0.00,0,0,0,0
smt,proof_only_after_1m_build_sample_5pct,1000000,1000000,0,0,0,"",0.00,0.00,0,0,0,0,196718038,3934,884,5379,0,0,0,0,0,0,0,0.00,0.00,0,0,0,0
smt,proof_only_after_2m_build_sample_3pct,2000000,2000000,0,0,0,"",0.00,0.00,0,0,0,0,258656682,4310,922,6422,0,0,0,0,0,0,0,0.00,0.00,0,0,0,0
smt,proof_only_after_5m_build_sample_3pct,5000000,5000000,0,0,0,"",0.00,0.00,0,0,0,0,727710500,4851,973,6679,0,0,0,0,0,0,0,0.00,0.00,0,0,0,0
smt,proof_only_after_10m_build_sample_2pct,10000000,10000000,0,0,0,"",0.00,0.00,0,0,0,0,1094050576,5470,1011,7545,0,0,0,0,0,0,0,0.00,0.00,0,0,0,0
smt,proof_only_after_25m_build_sample_2pct,25000000,25000000,0,0,0,"",0.00,0.00,0,0,0,0,4810224435,9620,1061,8521,0,0,0,0,0,0,0,0.00,0.00,0,0,0,0
smt,build_10k_then_add_2k_new,10000,12000,2000,4960083,2480,"0-10%=2.806µs(n=200)|10-20%=2.404µs(n=200)|20-30%=2.62µs(n=200)|30-40%=2.382µs(n=200)|40-50%=2.392µs(n=200)|50-60%=2.252µs(n=200)|60-70%=2.76µs(n=200)|70-80%=2.542µs(n=200)|80-90%=2.421µs(n=200)|90-100%=2.211µs(n=200)",1.39,1.39,144217,36038,2552,33486,0,0,0,0,0,0,0,0,0,0,0,0.00,0.00,0,0,0,0
smt,build_50k_then_add_10k_new,50000,60000,10000,36291985,3629,"0-10%=4.477µs(n=1000)|10-20%=3.956µs(n=1000)|20-30%=3.761µs(n=1000)|30-40%=3.641µs(n=1000)|40-50%=3.454µs(n=1000)|50-60%=3.503µs(n=1000)|60-70%=3.408µs(n=1000)|70-80%=3.492µs(n=1000)|80-90%=3.429µs(n=1000)|90-100%=3.165µs(n=1000)",6.87,6.87,718029,180038,12753,167285,0,0,0,0,0,0,0,0,0,0,0,0.00,0.00,0,0,0,0
smt,build_100k_then_add_20k_new,100000,120000,20000,79301094,3965,"0-10%=4.699µs(n=2000)|10-20%=4.303µs(n=2000)|20-30%=4.106µs(n=2000)|30-40%=4.004µs(n=2000)|40-50%=3.685µs(n=2000)|50-60%=3.702µs(n=2000)|60-70%=3.728µs(n=2000)|70-80%=3.815µs(n=2000)|80-90%=3.735µs(n=2000)|90-100%=3.868µs(n=2000)",13.72,13.72,1435292,360038,25494,334544,0,0,0,0,0,0,0,0,0,0,0,0.00,0.00,0,0,0,0
smt,build_200k_then_add_40k_new,200000,240000,40000,175846803,4396,"0-10%=5.188µs(n=4000)|10-20%=4.774µs(n=4000)|20-30%=4.586µs(n=4000)|30-40%=4.492µs(n=4000)|40-50%=4.403µs(n=4000)|50-60%=4.266µs(n=4000)|60-70%=4.141µs(n=4000)|70-80%=4.037µs(n=4000)|80-90%=4.043µs(n=4000)|90-100%=4.026µs(n=4000)",27.43,27.43,2869753,720045,51049,668996,0,0,0,0,0,0,0,0,0,0,0,0.00,0.00,0,0,0,0
smt,build_300k_then_add_60k_new,300000,360000,60000,293074422,4884,"0-10%=5.73µs(n=6000)|10-20%=5.249µs(n=6000)|20-30%=5.325µs(n=6000)|30-40%=5.176µs(n=6000)|40-50%=4.88µs(n=6000)|50-60%=4.6µs(n=6000)|60-70%=4.521µs(n=6000)|70-80%=4.458µs(n=6000)|80-90%=4.46µs(n=6000)|90-100%=4.441µs(n=6000)",41.13,41.13,4304213,1080047,76595,1003452,0,0,0,0,0,0,0,0,0,0,0,0.00,0.00,0,0,0,0
smt,build_500k_then_add_100k_new,500000,600000,100000,521264740,5212,"0-10%=6.234µs(n=10000)|10-20%=5.726µs(n=10000)|20-30%=5.525µs(n=10000)|30-40%=5.236µs(n=10000)|40-50%=5.042µs(n=10000)|50-60%=5.175µs(n=10000)|60-70%=4.939µs(n=10000)|70-80%=4.79µs(n=10000)|80-90%=4.729µs(n=10000)|90-100%=4.727µs(n=10000)",68.51,68.51,7172693,1800050,128126,1671924,0,0,0,0,0,0,0,0,0,0,0,0.00,0.00,0,0,0,0
smt,build_700k_then_add_140k_new,700000,840000,140000,824380000,5888,"0-10%=6.513µs(n=14000)|10-20%=6.115µs(n=14000)|20-30%=5.914µs(n=14000)|30-40%=5.699µs(n=14000)|40-50%=5.643µs(n=14000)|50-60%=5.687µs(n=14000)|60-70%=5.698µs(n=14000)|70-80%=6.503µs(n=14000)|80-90%=5.63µs(n=14000)|90-100%=5.477µs(n=14000)",95.95,95.95,10041920,2520053,178844,2341209,0,0,0,0,0,0,0,0,0,0,0,0.00,0.00,0,0,0,0
smt,build_900k_then_add_180k_new,900000,1080000,180000,1049643045,5831,"0-10%=7.23µs(n=18000)|10-20%=6.278µs(n=18000)|20-30%=5.983µs(n=18000)|30-40%=5.867µs(n=18000)|40-50%=5.781µs(n=18000)|50-60%=5.586µs(n=18000)|60-70%=5.377µs(n=18000)|70-80%=5.344µs(n=18000)|80-90%=5.368µs(n=18000)|90-100%=5.494µs(n=18000)",123.33,123.33,12910572,3240053,230207,3009846,0,0,0,0,0,0,0,0,0,0,0,0.00,0.00,0,0,0,0
smt,build_1m_then_add_200k_new,1000000,1200000,200000,1193054740,5965,"0-10%=6.752µs(n=20000)|10-20%=6.427µs(n=20000)|20-30%=6.084µs(n=20000)|30-40%=5.908µs(n=20000)|40-50%=5.902µs(n=20000)|50-60%=5.977µs(n=20000)|60-70%=5.657µs(n=20000)|70-80%=5.51µs(n=20000)|80-90%=5.481µs(n=20000)|90-100%=5.95µs(n=20000)",137.04,137.04,14345190,3600053,255593,3344460,0,0,0,0,0,0,0,0,0,0,0,0.00,0.00,0,0,0,0
smt,build_2m_then_add_400k_new,2000000,2400000,400000,2628271174,6570,"0-10%=7.066µs(n=40000)|10-20%=6.767µs(n=40000)|20-30%=6.621µs(n=40000)|30-40%=6.55µs(n=40000)|40-50%=6.55µs(n=40000)|50-60%=6.674µs(n=40000)|60-70%=6.482µs(n=40000)|70-80%=6.499µs(n=40000)|80-90%=6.249µs(n=40000)|90-100%=6.244µs(n=40000)",274.08,274.08,28689565,7200063,511238,6688825,0,0,0,0,0,0,0,0,0,0,0,0.00,0.00,0,0,0,0
smt,build_5m_then_add_1m_new,5000000,6000000,1000000,7406712822,7406,"0-10%=7.913µs(n=100000)|10-20%=7.608µs(n=100000)|20-30%=7.544µs(n=100000)|30-40%=7.415µs(n=100000)|40-50%=7.489µs(n=100000)|50-60%=7.556µs(n=100000)|60-70%=7.324µs(n=100000)|70-80%=7.058µs(n=100000)|80-90%=7.067µs(n=100000)|90-100%=7.089µs(n=100000)",685.20,685.20,71722947,18000082,1277893,16722189,0,0,0,0,0,0,0,0,0,0,0,0.00,0.00,0,0,0,0
smt,build_10m_then_add_2m_new,10000000,12000000,2000000,16721406750,8360,"0-10%=8.63µs(n=200000)|10-20%=8.427µs(n=200000)|20-30%=8.513µs(n=200000)|30-40%=8.463µs(n=200000)|40-50%=8.283µs(n=200000)|50-60%=8.305µs(n=200000)|60-70%=8.331µs(n=200000)|70-80%=8.391µs(n=200000)|80-90%=8.144µs(n=200000)|90-100%=8.115µs(n=200000)",1370.35,1370.35,143443482,36000121,2557403,33442718,0,0,0,0,0,0,0,0,0,0,0,0.00,0.00,0,0,0,0
smt,build_25m_then_add_5m_new,25000000,30000000,5000000,51580591913,10316,"0-10%=10.517µs(n=500000)|10-20%=10.332µs(n=500000)|20-30%=10.336µs(n=500000)|30-40%=10.381µs(n=500000)|40-50%=10.377µs(n=500000)|50-60%=10.217µs(n=500000)|60-70%=10.248µs(n=500000)|70-80%=10.295µs(n=500000)|80-90%=10.07µs(n=500000)|90-100%=10.385µs(n=500000)",3426.28,3426.28,358607624,90000279,6393418,83606861,0,0,0,0,0,0,0,0,0,0,0,0.00,0.00,0,0,0,0
smt,build_10k_then_reinsert_2k_existing,10000,10000,2000,4418011,2209,"0-10%=2.651µs(n=200)|10-20%=2.275µs(n=200)|20-30%=2.172µs(n=200)|30-40%=2.226µs(n=200)|40-50%=2.123µs(n=200)|50-60%=2.089µs(n=200)|60-70%=2.105µs(n=200)|70-80%=2.059µs(n=200)|80-90%=2.306µs(n=200)|90-100%=2.076µs(n=200)",0.27,0.27,119820,10038,1001,9037,0,0,0,0,0,0,0,0,0,0,0,0.00,0.00,0,0,0,0
smt,build_50k_then_reinsert_10k_existing,50000,50000,10000,31137493,3113,"0-10%=3.724µs(n=1000)|10-20%=3.296µs(n=1000)|20-30%=3.071µs(n=1000)|30-40%=3.387µs(n=1000)|40-50%=2.97µs(n=1000)|50-60%=3.061µs(n=1000)|60-70%=2.943µs(n=1000)|70-80%=2.926µs(n=1000)|80-90%=2.908µs(n=1000)|90-100%=2.846µs(n=1000)",1.31,1.31,595824,50038,5001,45037,0,0,0,0,0,0,0,0,0,0,0,0.00,0.00,0,0,0,0
smt,build_100k_then_reinsert_20k_existing,100000,100000,20000,71974583,3598,"0-10%=4.223µs(n=2000)|10-20%=3.889µs(n=2000)|20-30%=3.71µs(n=2000)|30-40%=3.68µs(n=2000)|40-50%=3.607µs(n=2000)|50-60%=3.529µs(n=2000)|60-70%=3.452µs(n=2000)|70-80%=3.342µs(n=2000)|80-90%=3.294µs(n=2000)|90-100%=3.256µs(n=2000)",2.61,2.61,1190831,100038,10001,90037,0,0,0,0,0,0,0,0,0,0,0,0.00,0.00,0,0,0,0
smt,build_200k_then_reinsert_40k_existing,200000,200000,40000,164440441,4111,"0-10%=4.829µs(n=4000)|10-20%=4.353µs(n=4000)|20-30%=4.187µs(n=4000)|30-40%=4.106µs(n=4000)|40-50%=4.053µs(n=4000)|50-60%=3.987µs(n=4000)|60-70%=3.973µs(n=4000)|70-80%=3.906µs(n=4000)|80-90%=3.835µs(n=4000)|90-100%=3.876µs(n=4000)",5.22,5.22,2380847,200045,20001,180044,0,0,0,0,0,0,0,0,0,0,0,0.00,0.00,0,0,0,0
smt,build_300k_then_reinsert_60k_existing,300000,300000,60000,257923733,4298,"0-10%=5.434µs(n=6000)|10-20%=4.676µs(n=6000)|20-30%=4.465µs(n=6000)|30-40%=4.312µs(n=6000)|40-50%=4.198µs(n=6000)|50-60%=4.141µs(n=6000)|60-70%=4.043µs(n=6000)|70-80%=3.941µs(n=6000)|80-90%=3.901µs(n=6000)|90-100%=3.871µs(n=6000)",7.81,7.81,3570852,300047,30001,270046,0,0,0,0,0,0,0,0,0,0,0,0.00,0.00,0,0,0,0
smt,build_500k_then_reinsert_100k_existing,500000,500000,100000,479298929,4792,"0-10%=5.86µs(n=10000)|10-20%=5.158µs(n=10000)|20-30%=4.925µs(n=10000)|30-40%=4.761µs(n=10000)|40-50%=4.647µs(n=10000)|50-60%=4.597µs(n=10000)|60-70%=4.543µs(n=10000)|70-80%=4.508µs(n=10000)|80-90%=4.481µs(n=10000)|90-100%=4.445µs(n=10000)",13.00,13.00,5950864,500049,50001,450048,0,0,0,0,0,0,0,0,0,0,0,0.00,0.00,0,0,0,0
smt,build_700k_then_reinsert_140k_existing,700000,700000,140000,707187574,5051,"0-10%=5.792µs(n=14000)|10-20%=5.185µs(n=14000)|20-30%=5.064µs(n=14000)|30-40%=4.989µs(n=14000)|40-50%=4.954µs(n=14000)|50-60%=4.909µs(n=14000)|60-70%=4.914µs(n=14000)|70-80%=4.908µs(n=14000)|80-90%=4.866µs(n=14000)|90-100%=4.926µs(n=14000)",18.20,18.20,8330883,700052,70001,630051,0,0,0,0,0,0,0,0,0,0,0,0.00,0.00,0,0,0,0
smt,build_900k_then_reinsert_180k_existing,900000,900000,180000,962726565,5348,"0-10%=6.045µs(n=18000)|10-20%=5.517µs(n=18000)|20-30%=5.503µs(n=18000)|30-40%=5.784µs(n=18000)|40-50%=5.254µs(n=18000)|50-60%=5.155µs(n=18000)|60-70%=5.121µs(n=18000)|70-80%=5.107µs(n=18000)|80-90%=5.007µs(n=18000)|90-100%=4.986µs(n=18000)",23.40,23.40,10710890,900053,90001,810052,0,0,0,0,0,0,0,0,0,0,0,0.00,0.00,0,0,0,0
smt,build_1m_then_reinsert_200k_existing,1000000,1000000,200000,1092125846,5460,"0-10%=6.366µs(n=20000)|10-20%=5.587µs(n=20000)|20-30%=5.468µs(n=20000)|30-40%=5.389µs(n=20000)|40-50%=5.335µs(n=20000)|50-60%=5.28µs(n=20000)|60-70%=5.298µs(n=20000)|70-80%=5.419µs(n=20000)|80-90%=5.311µs(n=20000)|90-100%=5.147µs(n=20000)",25.99,25.99,11900836,1000053,100001,900052,0,0,0,0,0,0,0,0,0,0,0,0.00,0.00,0,0,0,0
smt,build_2m_then_reinsert_400k_existing,2000000,2000000,400000,2389582883,5973,"0-10%=6.377µs(n=40000)|10-20%=6.042µs(n=40000)|20-30%=5.951µs(n=40000)|30-40%=5.92µs(n=40000)|40-50%=5.901µs(n=40000)|50-60%=5.988µs(n=40000)|60-70%=5.972µs(n=40000)|70-80%=5.886µs(n=40000)|80-90%=5.821µs(n=40000)|90-100%=5.877µs(n=40000)",51.98,51.98,23800851,2000062,200001,1800061,0,0,0,0,0,0,0,0,0,0,0,0.00,0.00,0,0,0,0
smt,build_5m_then_reinsert_1m_existing,5000000,5000000,1000000,6998402438,6998,"0-10%=7.187µs(n=100000)|10-20%=7.063µs(n=100000)|20-30%=7.053µs(n=100000)|30-40%=6.827µs(n=100000)|40-50%=6.881µs(n=100000)|50-60%=7.01µs(n=100000)|60-70%=6.927µs(n=100000)|70-80%=7.162µs(n=100000)|80-90%=6.993µs(n=100000)|90-100%=6.875µs(n=100000)",129.95,129.95,59500881,5000080,500001,4500079,0,0,0,0,0,0,0,0,0,0,0,0.00,0.00,0,0,0,0
smt,build_10m_then_reinsert_2m_existing,10000000,10000000,2000000,15596640272,7798,"0-10%=8.081µs(n=200000)|10-20%=7.764µs(n=200000)|20-30%=7.714µs(n=200000)|30-40%=7.761µs(n=200000)|40-50%=7.833µs(n=200000)|50-60%=7.792µs(n=200000)|60-70%=7.961µs(n=200000)|70-80%=7.699µs(n=200000)|80-90%=7.67µs(n=200000)|90-100%=7.704µs(n=200000)",259.92,259.92,119000927,10000115,1000001,9000114,0,0,0,0,0,0,0,0,0,0,0,0.00,0.00,0,0,0,0
smt,build_25m_then_reinsert_5m_existing,25000000,25000000,5000000,46454928568,9290,"0-10%=9.433µs(n=500000)|10-20%=9.285µs(n=500000)|20-30%=9.32µs(n=500000)|30-40%=9.266µs(n=500000)|40-50%=9.269µs(n=500000)|50-60%=9.28µs(n=500000)|60-70%=9.368µs(n=500000)|70-80%=9.254µs(n=500000)|80-90%=9.242µs(n=500000)|90-100%=9.188µs(n=500000)",650.13,650.13,297501073,25000257,2500001,22500256,0,0,0,0,0,0,0,0,0,0,0,0.00,0.00,0,0,0,0
smt,insert_only_build_10k,0,10000,10000,27031502,2703,"0-10%=1.6µs(n=1000)|10-20%=1.791µs(n=1000)|20-30%=1.854µs(n=1000)|30-40%=2.684µs(n=1000)|40-50%=2.168µs(n=1000)|50-60%=2.24µs(n=1000)|60-70%=2.714µs(n=1000)|70-80%=2.616µs(n=1000)|80-90%=2.305µs(n=1000)|90-100%=7.053µs(n=1000)",5.58,6.87,127729,180036,52843,127193,0,0,0,0,0,0,0,0,0,0,0,0.00,0.00,0,0,0,0
smt,insert_only_build_50k,0,50000,50000,129991758,2599,"0-10%=2.14µs(n=5000)|10-20%=2.382µs(n=5000)|20-30%=2.553µs(n=5000)|30-40%=2.458µs(n=5000)|40-50%=2.729µs(n=5000)|50-60%=2.543µs(n=5000)|60-70%=2.649µs(n=5000)|70-80%=2.725µs(n=5000)|80-90%=3.041µs(n=5000)|90-100%=2.773µs(n=5000)",26.56,34.31,592765,900070,307853,592217,0,0,0,0,0,0,0,0,0,0,0,0.00,0.00,0,0,0,0
smt,insert_only_build_100k,0,100000,100000,296669158,2966,"0-10%=2.174µs(n=10000)|10-20%=2.524µs(n=10000)|20-30%=2.812µs(n=10000)|30-40%=2.751µs(n=10000)|40-50%=2.837µs(n=10000)|50-60%=3.273µs(n=10000)|60-70%=3.235µs(n=10000)|70-80%=3.178µs(n=10000)|80-90%=3.241µs(n=10000)|90-100%=3.636µs(n=10000)",51.85,68.53,1147418,1800040,653209,1146831,0,0,0,0,0,0,0,0,0,0,0,0.00,0.00,0,0,0,0
smt,insert_only_build_200k,0,200000,200000,661767560,3308,"0-10%=2.391µs(n=20000)|10-20%=2.77µs(n=20000)|20-30%=2.943µs(n=20000)|30-40%=3.039µs(n=20000)|40-50%=3.379µs(n=20000)|50-60%=3.349µs(n=20000)|60-70%=3.456µs(n=20000)|70-80%=3.929µs(n=20000)|80-90%=4.07µs(n=20000)|90-100%=3.756µs(n=20000)",109.53,137.03,2478246,3600046,1122407,2477639,0,0,0,0,0,0,0,0,0,0,0,0.00,0.00,0,0,0,0
smt,insert_only_build_300k,0,300000,300000,1107571744,3691,"0-10%=2.422µs(n=30000)|10-20%=3.186µs(n=30000)|20-30%=3.247µs(n=30000)|30-40%=3.314µs(n=30000)|40-50%=3.268µs(n=30000)|50-60%=3.695µs(n=30000)|60-70%=4.27µs(n=30000)|70-80%=4.278µs(n=30000)|80-90%=4.243µs(n=30000)|90-100%=4.991µs(n=30000)",156.53,205.56,3471708,5400045,1928959,3471086,0,0,0,0,0,0,0,0,0,0,0,0.00,0.00,0,0,0,0
smt,insert_only_build_500k,0,500000,500000,1962130135,3924,"0-10%=2.674µs(n=50000)|10-20%=3.025µs(n=50000)|20-30%=3.205µs(n=50000)|30-40%=3.759µs(n=50000)|40-50%=3.662µs(n=50000)|50-60%=4.653µs(n=50000)|60-70%=4.345µs(n=50000)|70-80%=4.365µs(n=50000)|80-90%=4.428µs(n=50000)|90-100%=5.121µs(n=50000)",258.97,342.55,5726104,9000047,3274574,5725473,0,0,0,0,0,0,0,0,0,0,0,0.00,0.00,0,0,0,0
smt,insert_only_build_700k,0,700000,700000,3042043857,4345,"0-10%=2.653µs(n=70000)|10-20%=3.253µs(n=70000)|20-30%=3.646µs(n=70000)|30-40%=4.198µs(n=70000)|40-50%=4.866µs(n=70000)|50-60%=4.651µs(n=70000)|60-70%=5.179µs(n=70000)|70-80%=5.5µs(n=70000)|80-90%=4.642µs(n=70000)|90-100%=4.864µs(n=70000)",393.48,479.55,8991642,12600057,3609054,8991003,0,0,0,0,0,0,0,0,0,0,0,0.00,0.00,0,0,0,0
smt,insert_only_build_900k,0,900000,900000,4135320251,4594,"0-10%=2.77µs(n=90000)|10-20%=3.379µs(n=90000)|20-30%=3.748µs(n=90000)|30-40%=4.474µs(n=90000)|40-50%=4.308µs(n=90000)|50-60%=5.218µs(n=90000)|60-70%=4.742µs(n=90000)|70-80%=5.188µs(n=90000)|80-90%=5.557µs(n=90000)|90-100%=6.559µs(n=90000)",470.19,616.59,10432861,16200062,5767850,10432212,0,0,0,0,0,0,0,0,0,0,0,0.00,0.00,0,0,0,0
smt,insert_only_build_1m,0,1000000,1000000,4673071703,4673,"0-10%=2.971µs(n=100000)|10-20%=3.495µs(n=100000)|20-30%=3.992µs(n=100000)|30-40%=4.244µs(n=100000)|40-50%=4.877µs(n=100000)|50-60%=5.239µs(n=100000)|60-70%=5.173µs(n=100000)|70-80%=5.03µs(n=100000)|80-90%=5.946µs(n=100000)|90-100%=5.759µs(n=100000)",540.33,685.08,12156671,18000052,5844048,12156004,0,0,0,0,0,0,0,0,0,0,0,0.00,0.00,0,0,0,0
smt,insert_only_build_2m,0,2000000,2000000,10872146871,5436,"0-10%=3.317µs(n=200000)|10-20%=4.379µs(n=200000)|20-30%=5.3µs(n=200000)|30-40%=5.311µs(n=200000)|40-50%=6.657µs(n=200000)|50-60%=5.808µs(n=200000)|60-70%=5.975µs(n=200000)|70-80%=6.085µs(n=200000)|80-90%=5.817µs(n=200000)|90-100%=5.705µs(n=200000)",1126.50,1370.22,25756607,36000086,10244146,25755940,0,0,0,0,0,0,0,0,0,0,0,0.00,0.00,0,0,0,0
smt,insert_only_build_5m,0,5000000,5000000,30065059646,6013,"0-10%=4.085µs(n=500000)|10-20%=5.094µs(n=500000)|20-30%=5.564µs(n=500000)|30-40%=5.743µs(n=500000)|40-50%=6.239µs(n=500000)|50-60%=6.439µs(n=500000)|60-70%=6.27µs(n=500000)|70-80%=6.332µs(n=500000)|80-90%=7.367µs(n=500000)|90-100%=6.991µs(n=500000)",2691.24,3425.54,60446918,90000166,29553922,60446244,0,0,0,0,0,0,0,0,0,0,0,0.00,0.00,0,0,0,0
smt,insert_only_build_10m,0,10000000,10000000,68551516521,6855,"0-10%=4.496µs(n=1000000)|10-20%=5.691µs(n=1000000)|20-30%=6.294µs(n=1000000)|30-40%=6.348µs(n=1000000)|40-50%=7.207µs(n=1000000)|50-60%=6.891µs(n=1000000)|60-70%=7.299µs(n=1000000)|70-80%=8.218µs(n=1000000)|80-90%=8.01µs(n=1000000)|90-100%=8.092µs(n=1000000)",5573.22,6851.33,126902471,180000324,53098536,126901788,0,0,0,0,0,0,0,0,0,0,0,0.00,0.00,0,0,0,0
smt,insert_only_build_25m,0,25000000,25000000,206262001041,8250,"0-10%=5.395µs(n=2500000)|10-20%=6.739µs(n=2500000)|20-30%=7.316µs(n=2500000)|30-40%=7.935µs(n=2500000)|40-50%=8.635µs(n=2500000)|50-60%=8.743µs(n=2500000)|60-70%=8.856µs(n=2500000)|70-80%=9.116µs(n=2500000)|80-90%=10.038µs(n=2500000)|90-100%=9.727µs(n=2500000)",13416.20,17129.58,300912020,450000930,149089603,300911327,0,0,0,0,0,0,0,0,0,0,0,0.00,0.00,0,0,0,0
smt,prehashed_ordered_insert_only_10k,0,10000,10000,15001351,1500,"0-10%=1.173µs(n=1000)|10-20%=1.245µs(n=1000)|20-30%=1.844µs(n=1000)|30-40%=1.392µs(n=1000)|40-50%=1.442µs(n=1000)|50-60%=1.202µs(n=1000)|60-70%=2.352µs(n=1000)|70-80%=1.447µs(n=1000)|80-90%=1.414µs(n=1000)|90-100%=1.485µs(n=1000)",4.99,6.73,129705,180022,61031,118991,0,0,0,0,0,0,0,0,0,0,0,0.00,0.00,0,0,0,0
smt,prehashed_ordered_insert_only_50k,0,50000,50000,79374446,1587,"0-10%=1.438µs(n=5000)|10-20%=1.625µs(n=5000)|20-30%=1.667µs(n=5000)|30-40%=1.596µs(n=5000)|40-50%=1.724µs(n=5000)|50-60%=1.351µs(n=5000)|60-70%=1.801µs(n=5000)|70-80%=1.498µs(n=5000)|80-90%=1.525µs(n=5000)|90-100%=1.645µs(n=5000)",28.08,33.57,646177,899988,254467,645521,0,0,0,0,0,0,0,0,0,0,0,0.00,0.00,0,0,0,0
smt,prehashed_ordered_insert_only_100k,0,100000,100000,161978769,1619,"0-10%=1.563µs(n=10000)|10-20%=1.576µs(n=10000)|20-30%=1.653µs(n=10000)|30-40%=1.727µs(n=10000)|40-50%=1.683µs(n=10000)|50-60%=1.399µs(n=10000)|60-70%=1.766µs(n=10000)|70-80%=1.554µs(n=10000)|80-90%=1.592µs(n=10000)|90-100%=1.679µs(n=10000)",55.94,67.18,1283134,1800027,517519,1282508,0,0,0,0,0,0,0,0,0,0,0,0.00,0.00,0,0,0,0
smt,prehashed_ordered_insert_only_200k,0,200000,200000,336405485,1682,"0-10%=1.469µs(n=20000)|10-20%=1.61µs(n=20000)|20-30%=1.692µs(n=20000)|30-40%=1.649µs(n=20000)|40-50%=1.919µs(n=20000)|50-60%=1.516µs(n=20000)|60-70%=1.605µs(n=20000)|70-80%=1.634µs(n=20000)|80-90%=1.974µs(n=20000)|90-100%=1.746µs(n=20000)",94.88,134.32,2409079,3600036,1391585,2208451,0,0,0,0,0,0,0,0,0,0,0,0.00,0.00,0,0,0,0
smt,prehashed_ordered_insert_only_300k,0,300000,300000,499673866,1665,"0-10%=1.483µs(n=30000)|10-20%=1.607µs(n=30000)|20-30%=1.665µs(n=30000)|30-40%=1.664µs(n=30000)|40-50%=1.85µs(n=30000)|50-60%=1.496µs(n=30000)|60-70%=1.645µs(n=30000)|70-80%=1.836µs(n=30000)|80-90%=1.655µs(n=30000)|90-100%=1.75µs(n=30000)",148.09,201.44,3802683,5400039,1897987,3502052,0,0,0,0,0,0,0,0,0,0,0,0.00,0.00,0,0,0,0
smt,prehashed_ordered_insert_only_500k,0,500000,500000,921770904,1843,"0-10%=1.627µs(n=50000)|10-20%=1.661µs(n=50000)|20-30%=1.832µs(n=50000)|30-40%=1.812µs(n=50000)|40-50%=2.066µs(n=50000)|50-60%=1.652µs(n=50000)|60-70%=1.768µs(n=50000)|70-80%=1.812µs(n=50000)|80-90%=2.172µs(n=50000)|90-100%=2.03µs(n=50000)",237.44,335.72,6030577,9000033,3470104,5529929,0,0,0,0,0,0,0,0,0,0,0,0.00,0.00,0,0,0,0
smt,prehashed_ordered_insert_only_700k,0,700000,700000,1306352135,1866,"0-10%=1.675µs(n=70000)|10-20%=1.712µs(n=70000)|20-30%=1.873µs(n=70000)|30-40%=1.855µs(n=70000)|40-50%=2.114µs(n=70000)|50-60%=1.692µs(n=70000)|60-70%=1.81µs(n=70000)|70-80%=1.828µs(n=70000)|80-90%=2.162µs(n=70000)|90-100%=1.936µs(n=70000)",333.25,470.02,8469293,12600035,4831396,7768639,0,0,0,0,0,0,0,0,0,0,0,0.00,0.00,0,0,0,0
smt,prehashed_ordered_insert_only_900k,0,900000,900000,1688365408,1875,"0-10%=1.657µs(n=90000)|10-20%=1.725µs(n=90000)|20-30%=1.896µs(n=90000)|30-40%=1.867µs(n=90000)|40-50%=2.096µs(n=90000)|50-60%=1.713µs(n=90000)|60-70%=1.812µs(n=90000)|70-80%=2.103µs(n=90000)|80-90%=1.844µs(n=90000)|90-100%=2.042µs(n=90000)",439.15,604.28,11239146,16200043,5861545,10338498,0,0,0,0,0,0,0,0,0,0,0,0.00,0.00,0,0,0,0
smt,prehashed_ordered_insert_only_1m,0,1000000,1000000,1916140661,1916,"0-10%=1.703µs(n=100000)|10-20%=1.74µs(n=100000)|20-30%=1.945µs(n=100000)|30-40%=1.907µs(n=100000)|40-50%=2.172µs(n=100000)|50-60%=1.732µs(n=100000)|60-70%=1.839µs(n=100000)|70-80%=2.117µs(n=100000)|80-90%=1.995µs(n=100000)|90-100%=2.007µs(n=100000)",478.94,671.44,12192537,18000045,6808163,11191882,0,0,0,0,0,0,0,0,0,0,0,0.00,0.00,0,0,0,0
smt,prehashed_ordered_insert_only_2m,0,2000000,2000000,3944950584,1972,"0-10%=1.777µs(n=200000)|10-20%=1.809µs(n=200000)|20-30%=2.049µs(n=200000)|30-40%=1.943µs(n=200000)|40-50%=2.261µs(n=200000)|50-60%=1.759µs(n=200000)|60-70%=1.891µs(n=200000)|70-80%=2.159µs(n=200000)|80-90%=2.022µs(n=200000)|90-100%=2.051µs(n=200000)",958.88,1342.88,24418097,36000046,13582615,22417431,0,0,0,0,0,0,0,0,0,0,0,0.00,0.00,0,0,0,0
smt,prehashed_ordered_insert_only_5m,0,5000000,5000000,10199357296,2039,"0-10%=1.798µs(n=500000)|10-20%=1.909µs(n=500000)|20-30%=2.113µs(n=500000)|30-40%=1.994µs(n=500000)|40-50%=2.337µs(n=500000)|50-60%=1.884µs(n=500000)|60-70%=1.946µs(n=500000)|70-80%=2.289µs(n=500000)|80-90%=2.002µs(n=500000)|90-100%=2.121µs(n=500000)",2458.43,3357.28,63048894,90000079,31951849,58048230,0,0,0,0,0,0,0,0,0,0,0,0.00,0.00,0,0,0,0
smt,prehashed_ordered_insert_only_10m,0,10000000,10000000,21348617486,2134,"0-10%=1.897µs(n=1000000)|10-20%=1.993µs(n=1000000)|20-30%=2.166µs(n=1000000)|30-40%=2.107µs(n=1000000)|40-50%=2.405µs(n=1000000)|50-60%=1.94µs(n=1000000)|60-70%=2.061µs(n=1000000)|70-80%=2.412µs(n=1000000)|80-90%=2.131µs(n=1000000)|90-100%=2.233µs(n=1000000)",4859.85,6714.55,124229141,180000116,65771644,114228472,0,0,0,0,0,0,0,0,0,0,0,0.00,0.00,0,0,0,0
smt,prehashed_ordered_insert_only_25m,0,25000000,25000000,56751849055,2270,"0-10%=1.931µs(n=2500000)|10-20%=2.039µs(n=2500000)|20-30%=2.223µs(n=2500000)|30-40%=2.138µs(n=2500000)|40-50%=2.422µs(n=2500000)|50-60%=1.952µs(n=2500000)|60-70%=2.337µs(n=2500000)|70-80%=2.626µs(n=2500000)|80-90%=2.42µs(n=2500000)|90-100%=2.608µs(n=2500000)",12249.30,16786.18,313841491,450000220,161159402,288840818,0,0,0,0,0,0,0,0,0,0,0,0.00,0.00,0,0,0,0
smt,proof_only_after_10k_build_sample_5pct,10000,10000,0,0,0,"",0.00,0.00,0,0,0,0,539025,1078,635,2938,0,0,0,0,0,0,0,0.00,0.00,0,0,0,0
smt,proof_only_after_50k_build_sample_5pct,50000,50000,0,0,0,"",0.00,0.00,0,0,0,0,4067863,1627,720,3648,0,0,0,0,0,0,0,0.00,0.00,0,0,0,0
smt,proof_only_after_100k_build_sample_5pct,100000,100000,0,0,0,"",0.00,0.00,0,0,0,0,9805137,1961,758,4039,0,0,0,0,0,0,0,0.00,0.00,0,0,0,0
smt,proof_only_after_200k_build_sample_5pct,200000,200000,0,0,0,"",0.00,0.00,0,0,0,0,24125596,2412,797,4562,0,0,0,0,0,0,0,0.00,0.00,0,0,0,0
smt,proof_only_after_300k_build_sample_5pct,300000,300000,0,0,0,"",0.00,0.00,0,0,0,0,49486382,3299,818,5040,0,0,0,0,0,0,0,0.00,0.00,0,0,0,0
smt,proof_only_after_500k_build_sample_5pct,500000,500000,0,0,0,"",0.00,0.00,0,0,0,0,89968705,3598,846,5240,0,0,0,0,0,0,0,0.00,0.00,0,0,0,0
smt,proof_only_after_700k_build_sample_5pct,700000,700000,0,0,0,"",0.00,0.00,0,0,0,0,128389457,3668,865,5045,0,0,0,0,0,0,0,0.00,0.00,0,0,0,0
smt,proof_only_after_900k_build_sample_5pct,900000,900000,0,0,0,"",0.00,0.00,0,0,0,0,176559706,3923,879,5699,0,0,0,0,0,0,0,0.00,0.00,0,0,0,0
smt,proof_only_after_1m_build_sample_5pct,1000000,1000000,0,0,0,"",0.00,0.00,0,0,0,0,189128572,3782,885,5400,0,0,0,0,0,0,0,0.00,0.00,0,0,0,0
smt,proof_only_after_2m_build_sample_3pct,2000000,2000000,0,0,0,"",0.00,0.00,0,0,0,0,253159136,4219,922,5630,0,0,0,0,0,0,0,0.00,0.00,0,0,0,0
smt,proof_only_after_5m_build_sample_3pct,5000000,5000000,0,0,0,"",0.00,0.00,0,0,0,0,717157469,4781,973,6574,0,0,0,0,0,0,0,0.00,0.00,0,0,0,0
smt,proof_only_after_10m_build_sample_2pct,10000000,10000000,0,0,0,"",0.00,0.00,0,0,0,0,1067497231,5337,1011,7525,0,0,0,0,0,0,0,0.00,0.00,0,0,0,0
smt,proof_only_after_25m_build_sample_2pct,25000000,25000000,0,0,0,"",0.00,0.00,0,0,0,0,4663900825,9327,1061,8435,0,0,0,0,0,0,0,0.00,0.00,0,0,0,0
smt,build_10k_then_add_2k_new,10000,12000,2000,4940377,2470,"0-10%=2.859µs(n=200)|10-20%=2.371µs(n=200)|20-30%=2.328µs(n=200)|30-40%=2.579µs(n=200)|40-50%=2.375µs(n=200)|50-60%=2.305µs(n=200)|60-70%=2.347µs(n=200)|70-80%=2.434µs(n=200)|80-90%=2.563µs(n=200)|90-100%=2.532µs(n=200)",1.39,1.39,144226,36038,2552,33486,0,0,0,0,0,0,0,0,0,0,0,0.00,0.00,0,0,0,0
smt,build_50k_then_add_10k_new,50000,60000,10000,32640509,3264,"0-10%=3.498µs(n=1000)|10-20%=3.229µs(n=1000)|20-30%=3.346µs(n=1000)|30-40%=3.106µs(n=1000)|40-50%=3.326µs(n=1000)|50-60%=3.076µs(n=1000)|60-70%=3.365µs(n=1000)|70-80%=3.264µs(n=1000)|80-90%=3.399µs(n=1000)|90-100%=3.026µs(n=1000)",6.87,6.87,718032,180038,12753,167285,0,0,0,0,0,0,0,0,0,0,0,0.00,0.00,0,0,0,0
smt,build_100k_then_add_20k_new,100000,120000,20000,77655693,3882,"0-10%=4.523µs(n=2000)|10-20%=4.131µs(n=2000)|20-30%=4.047µs(n=2000)|30-40%=3.951µs(n=2000)|40-50%=3.744µs(n=2000)|50-60%=3.749µs(n=2000)|60-70%=3.654µs(n=2000)|70-80%=3.696µs(n=2000)|80-90%=3.667µs(n=2000)|90-100%=3.659µs(n=2000)",13.72,13.72,1435298,360038,25494,334544,0,0,0,0,0,0,0,0,0,0,0,0.00,0.00,0,0,0,0
smt,build_200k_then_add_40k_new,200000,240000,40000,187662414,4691,"0-10%=5.697µs(n=4000)|10-20%=5.088µs(n=4000)|20-30%=4.892µs(n=4000)|30-40%=4.82µs(n=4000)|40-50%=4.78µs(n=4000)|50-60%=4.508µs(n=4000)|60-70%=4.33µs(n=4000)|70-80%=4.248µs(n=4000)|80-90%=4.296µs(n=4000)|90-100%=4.252µs(n=4000)",27.43,27.43,2869759,720045,51049,668996,0,0,0,0,0,0,0,0,0,0,0,0.00,0.00,0,0,0,0
smt,build_300k_then_add_60k_new,300000,360000,60000,280537038,4675,"0-10%=5.803µs(n=6000)|10-20%=5.179µs(n=6000)|20-30%=5.073µs(n=6000)|30-40%=4.638µs(n=6000)|40-50%=4.495µs(n=6000)|50-60%=4.376µs(n=6000)|60-70%=4.323µs(n=6000)|70-80%=4.288µs(n=6000)|80-90%=4.291µs(n=6000)|90-100%=4.285µs(n=6000)",41.13,41.13,4304220,1080047,76595,1003452,0,0,0,0,0,0,0,0,0,0,0,0.00,0.00,0,0,0,0
smt,build_500k_then_add_100k_new,500000,600000,100000,528538613,5285,"0-10%=6.453µs(n=10000)|10-20%=5.788µs(n=10000)|20-30%=5.848µs(n=10000)|30-40%=5.216µs(n=10000)|40-50%=5.023µs(n=10000)|50-60%=4.881µs(n=10000)|60-70%=4.833µs(n=10000)|70-80%=4.821µs(n=10000)|80-90%=4.89µs(n=10000)|90-100%=5.096µs(n=10000)",68.51,68.51,7172703,1800042,128125,1671917,0,0,0,0,0,0,0,0,0,0,0,0.00,0.00,0,0,0,0
smt,build_700k_then_add_140k_new,700000,840000,140000,825894700,5899,"0-10%=6.569µs(n=14000)|10-20%=5.957µs(n=14000)|20-30%=5.815µs(n=14000)|30-40%=5.683µs(n=14000)|40-50%=5.761µs(n=14000)|50-60%=5.689µs(n=14000)|60-70%=6.354µs(n=14000)|70-80%=6.182µs(n=14000)|80-90%=5.545µs(n=14000)|90-100%=5.433µs(n=14000)",95.94,95.94,10041994,2520052,178844,2341208,0,0,0,0,0,0,0,0,0,0,0,0.00,0.00,0,0,0,0
smt,build_900k_then_add_180k_new,900000,1080000,180000,1058974332,5883,"0-10%=7.216µs(n=18000)|10-20%=6.49µs(n=18000)|20-30%=6.432µs(n=18000)|30-40%=6.139µs(n=18000)|40-50%=5.609µs(n=18000)|50-60%=5.352µs(n=18000)|60-70%=5.514µs(n=18000)|70-80%=5.405µs(n=18000)|80-90%=5.323µs(n=18000)|90-100%=5.346µs(n=18000)",123.33,123.33,12910642,3240053,230207,3009846,0,0,0,0,0,0,0,0,0,0,0,0.00,0.00,0,0,0,0
smt,build_1m_then_add_200k_new,1000000,1200000,200000,1186920390,5934,"0-10%=6.51µs(n=20000)|10-20%=6.074µs(n=20000)|20-30%=6.09µs(n=20000)|30-40%=6.153µs(n=20000)|40-50%=6.008µs(n=20000)|50-60%=6.052µs(n=20000)|60-70%=5.583µs(n=20000)|70-80%=5.376µs(n=20000)|80-90%=5.319µs(n=20000)|90-100%=6.176µs(n=20000)",137.04,137.04,14345205,3600053,255593,3344460,0,0,0,0,0,0,0,0,0,0,0,0.00,0.00,0,0,0,0
smt,build_2m_then_add_400k_new,2000000,2400000,400000,2654298471,6635,"0-10%=7.137µs(n=40000)|10-20%=6.715µs(n=40000)|20-30%=6.752µs(n=40000)|30-40%=6.515µs(n=40000)|40-50%=6.465µs(n=40000)|50-60%=6.491µs(n=40000)|60-70%=6.602µs(n=40000)|70-80%=6.62µs(n=40000)|80-90%=6.557µs(n=40000)|90-100%=6.498µs(n=40000)",274.09,274.09,28689578,7200064,511238,6688826,0,0,0,0,0,0,0,0,0,0,0,0.00,0.00,0,0,0,0
smt,build_5m_then_add_1m_new,5000000,6000000,1000000,7527978598,7527,"0-10%=7.904µs(n=100000)|10-20%=7.696µs(n=100000)|20-30%=7.614µs(n=100000)|30-40%=7.539µs(n=100000)|40-50%=7.69µs(n=100000)|50-60%=7.797µs(n=100000)|60-70%=7.675µs(n=100000)|70-80%=7.243µs(n=100000)|80-90%=7.048µs(n=100000)|90-100%=7.07µs(n=100000)",685.20,685.20,71722955,18000082,1277893,16722189,0,0,0,0,0,0,0,0,0,0,0,0.00,0.00,0,0,0,0
smt,build_10m_then_add_2m_new,10000000,12000000,2000000,16986087152,8493,"0-10%=8.639µs(n=200000)|10-20%=8.398µs(n=200000)|20-30%=8.318µs(n=200000)|30-40%=8.605µs(n=200000)|40-50%=8.607µs(n=200000)|50-60%=8.603µs(n=200000)|60-70%=8.649µs(n=200000)|70-80%=8.445µs(n=200000)|80-90%=8.224µs(n=200000)|90-100%=8.437µs(n=200000)",1370.36,1370.36,143443491,36000122,2557403,33442719,0,0,0,0,0,0,0,0,0,0,0,0.00,0.00,0,0,0,0
smt,build_25m_then_add_5m_new,25000000,30000000,5000000,51350714092,10270,"0-10%=10.308µs(n=500000)|10-20%=10.376µs(n=500000)|20-30%=10.353µs(n=500000)|30-40%=10.361µs(n=500000)|40-50%=10.129µs(n=500000)|50-60%=10.397µs(n=500000)|60-70%=10.205µs(n=500000)|70-80%=10.251µs(n=500000)|80-90%=10.212µs(n=500000)|90-100%=10.104µs(n=500000)",3426.28,3426.28,358607641,90000279,6393417,83606862,0,0,0,0,0,0,0,0,0,0,0,0.00,0.00,0,0,0,0
smt,build_10k_then_reinsert_2k_existing,10000,10000,2000,5213053,2606,"0-10%=3.862µs(n=200)|10-20%=2.903µs(n=200)|20-30%=2.666µs(n=200)|30-40%=2.532µs(n=200)|40-50%=2.435µs(n=200)|50-60%=2.419µs(n=200)|60-70%=2.374µs(n=200)|70-80%=2.406µs(n=200)|80-90%=2.211µs(n=200)|90-100%=2.248µs(n=200)",0.27,0.27,119829,10038,1001,9037,0,0,0,0,0,0,0,0,0,0,0,0.00,0.00,0,0,0,0
smt,build_50k_then_reinsert_10k_existing,50000,50000,10000,31577901,3157,"0-10%=3.872µs(n=1000)|10-20%=3.278µs(n=1000)|20-30%=3.321µs(n=1000)|30-40%=3.101µs(n=1000)|40-50%=3.141µs(n=1000)|50-60%=3.002µs(n=1000)|60-70%=3.038µs(n=1000)|70-80%=2.902µs(n=1000)|80-90%=3.046µs(n=1000)|90-100%=2.869µs(n=1000)",1.31,1.31,595834,50038,5001,45037,0,0,0,0,0,0,0,0,0,0,0,0.00,0.00,0,0,0,0
smt,build_100k_then_reinsert_20k_existing,100000,100000,20000,74492928,3724,"0-10%=4.544µs(n=2000)|10-20%=4.061µs(n=2000)|20-30%=3.884µs(n=2000)|30-40%=3.755µs(n=2000)|40-50%=3.75µs(n=2000)|50-60%=3.597µs(n=2000)|60-70%=3.524µs(n=2000)|70-80%=3.438µs(n=2000)|80-90%=3.359µs(n=2000)|90-100%=3.33µs(n=2000)",2.61,2.61,1190841,100038,10001,90037,0,0,0,0,0,0,0,0,0,0,0,0.00,0.00,0,0,0,0
smt,build_200k_then_reinsert_40k_existing,200000,200000,40000,168549352,4213,"0-10%=5.255µs(n=4000)|10-20%=4.581µs(n=4000)|20-30%=4.312µs(n=4000)|30-40%=4.152µs(n=4000)|40-50%=4.094µs(n=4000)|50-60%=4.063µs(n=4000)|60-70%=4.047µs(n=4000)|70-80%=3.951µs(n=4000)|80-90%=3.885µs(n=4000)|90-100%=3.793µs(n=4000)",5.22,5.22,2380858,200045,20001,180044,0,0,0,0,0,0,0,0,0,0,0,0.00,0.00,0,0,0,0
smt,build_300k_then_reinsert_60k_existing,300000,300000,60000,259154664,4319,"0-10%=5.371µs(n=6000)|10-20%=4.806µs(n=6000)|20-30%=4.512µs(n=6000)|30-40%=4.331µs(n=6000)|40-50%=4.204µs(n=6000)|50-60%=4.166µs(n=6000)|60-70%=4.066µs(n=6000)|70-80%=3.943µs(n=6000)|80-90%=3.922µs(n=6000)|90-100%=3.867µs(n=6000)",7.81,7.81,3570868,300047,30001,270046,0,0,0,0,0,0,0,0,0,0,0,0.00,0.00,0,0,0,0
smt,build_500k_then_reinsert_100k_existing,500000,500000,100000,475228828,4752,"0-10%=5.655µs(n=10000)|10-20%=4.978µs(n=10000)|20-30%=4.941µs(n=10000)|30-40%=4.786µs(n=10000)|40-50%=4.721µs(n=10000)|50-60%=4.641µs(n=10000)|60-70%=4.562µs(n=10000)|70-80%=4.457µs(n=10000)|80-90%=4.404µs(n=10000)|90-100%=4.374µs(n=10000)",13.01,13.01,5950878,500050,50001,450049,0,0,0,0,0,0,0,0,0,0,0,0.00,0.00,0,0,0,0
smt,build_700k_then_reinsert_140k_existing,700000,700000,140000,702129981,5015,"0-10%=5.959µs(n=14000)|10-20%=5.121µs(n=14000)|20-30%=4.933µs(n=14000)|30-40%=4.923µs(n=14000)|40-50%=4.871µs(n=14000)|50-60%=4.861µs(n=14000)|60-70%=4.847µs(n=14000)|70-80%=4.794µs(n=14000)|80-90%=4.825µs(n=14000)|90-100%=5.013µs(n=14000)",18.20,18.20,8330887,700052,70001,630051,0,0,0,0,0,0,0,0,0,0,0,0.00,0.00,0,0,0,0
smt,build_900k_then_reinsert_180k_existing,900000,900000,180000,975800599,5421,"0-10%=6.083µs(n=18000)|10-20%=5.495µs(n=18000)|20-30%=5.399µs(n=18000)|30-40%=5.29µs(n=18000)|40-50%=5.429µs(n=18000)|50-60%=5.843µs(n=18000)|60-70%=5.297µs(n=18000)|70-80%=5.176µs(n=18000)|80-90%=5.174µs(n=18000)|90-100%=5.02µs(n=18000)",23.40,23.40,10710893,900053,90001,810052,0,0,0,0,0,0,0,0,0,0,0,0.00,0.00,0,0,0,0
smt,build_1m_then_reinsert_200k_existing,1000000,1000000,200000,1176439308,5882,"0-10%=6.145µs(n=20000)|10-20%=5.58µs(n=20000)|20-30%=5.722µs(n=20000)|30-40%=5.362µs(n=20000)|40-50%=5.381µs(n=20000)|50-60%=5.315µs(n=20000)|60-70%=5.473µs(n=20000)|70-80%=7.151µs(n=20000)|80-90%=6.395µs(n=20000)|90-100%=6.293µs(n=20000)",25.99,25.99,11900900,1000053,100001,900052,0,0,0,0,0,0,0,0,0,0,0,0.00,0.00,0,0,0,0
smt,build_2m_then_reinsert_400k_existing,2000000,2000000,400000,2410306941,6025,"0-10%=6.52µs(n=40000)|10-20%=6.097µs(n=40000)|20-30%=6.124µs(n=40000)|30-40%=6.036µs(n=40000)|40-50%=5.967µs(n=40000)|50-60%=5.927µs(n=40000)|60-70%=5.984µs(n=40000)|70-80%=5.897µs(n=40000)|80-90%=5.834µs(n=40000)|90-100%=5.867µs(n=40000)",51.98,51.98,23800862,2000062,200001,1800061,0,0,0,0,0,0,0,0,0,0,0,0.00,0.00,0,0,0,0
smt,build_5m_then_reinsert_1m_existing,5000000,5000000,1000000,6951605947,6951,"0-10%=7.256µs(n=100000)|10-20%=7.078µs(n=100000)|20-30%=7.033µs(n=100000)|30-40%=6.924µs(n=100000)|40-50%=6.91µs(n=100000)|50-60%=6.879µs(n=100000)|60-70%=6.9µs(n=100000)|70-80%=6.868µs(n=100000)|80-90%=6.823µs(n=100000)|90-100%=6.841µs(n=100000)",129.95,129.95,59500890,5000073,500000,4500073,0,0,0,0,0,0,0,0,0,0,0,0.00,0.00,0,0,0,0
smt,build_10m_then_reinsert_2m_existing,10000000,10000000,2000000,15658751250,7829,"0-10%=8.046µs(n=200000)|10-20%=7.927µs(n=200000)|20-30%=7.952µs(n=200000)|30-40%=7.918µs(n=200000)|40-50%=7.875µs(n=200000)|50-60%=7.795µs(n=200000)|60-70%=7.75µs(n=200000)|70-80%=7.716µs(n=200000)|80-90%=7.588µs(n=200000)|90-100%=7.721µs(n=200000)",259.92,259.92,119000934,10000116,1000001,9000115,0,0,0,0,0,0,0,0,0,0,0,0.00,0.00,0,0,0,0
smt,build_25m_then_reinsert_5m_existing,25000000,25000000,5000000,46856177540,9371,"0-10%=9.48µs(n=500000)|10-20%=9.384µs(n=500000)|20-30%=9.391µs(n=500000)|30-40%=9.401µs(n=500000)|40-50%=9.309µs(n=500000)|50-60%=9.381µs(n=500000)|60-70%=9.395µs(n=500000)|70-80%=9.489µs(n=500000)|80-90%=9.286µs(n=500000)|90-100%=9.192µs(n=500000)",650.13,650.13,297501076,25000257,2500001,22500256,0,0,0,0,0,0,0,0,0,0,0,0.00,0.00,0,0,0,0
smt,insert_only_build_10k,0,10000,10000,25306483,2530,"0-10%=1.955µs(n=1000)|10-20%=2.082µs(n=1000)|20-30%=2.197µs(n=1000)|30-40%=2.964µs(n=1000)|40-50%=2.432µs(n=1000)|50-60%=2.575µs(n=1000)|60-70%=2.659µs(n=1000)|70-80%=3.059µs(n=1000)|80-90%=2.682µs(n=1000)|90-100%=2.696µs(n=1000)",5.54,6.88,126392,180030,54186,125844,0,0,0,0,0,0,0,0,0,0,0,0.00,0.00,0,0,0,0
smt,insert_only_build_50k,0,50000,50000,137335684,2746,"0-10%=2.264µs(n=5000)|10-20%=2.579µs(n=5000)|20-30%=2.729µs(n=5000)|30-40%=2.479µs(n=5000)|40-50%=2.511µs(n=5000)|50-60%=2.904µs(n=5000)|60-70%=2.763µs(n=5000)|70-80%=2.889µs(n=5000)|80-90%=2.998µs(n=5000)|90-100%=3.347µs(n=5000)",25.88,34.30,571593,900065,329020,571045,0,0,0,0,0,0,0,0,0,0,0,0.00,0.00,0,0,0,0
smt,insert_only_build_100k,0,100000,100000,293029293,2930,"0-10%=2.247µs(n=10000)|10-20%=2.555µs(n=10000)|20-30%=2.627µs(n=10000)|30-40%=2.64µs(n=10000)|40-50%=2.775µs(n=10000)|50-60%=3.162µs(n=10000)|60-70%=3.186µs(n=10000)|70-80%=3.219µs(n=10000)|80-90%=3.294µs(n=10000)|90-100%=3.594µs(n=10000)",52.14,68.53,1156680,1800041,643948,1156093,0,0,0,0,0,0,0,0,0,0,0,0.00,0.00,0,0,0,0
smt,insert_only_build_200k,0,200000,200000,632783469,3163,"0-10%=2.34µs(n=20000)|10-20%=2.619µs(n=20000)|20-30%=2.847µs(n=20000)|30-40%=2.965µs(n=20000)|40-50%=3.215µs(n=20000)|50-60%=3.272µs(n=20000)|60-70%=3.325µs(n=20000)|70-80%=3.595µs(n=20000)|80-90%=3.768µs(n=20000)|90-100%=3.688µs(n=20000)",108.57,137.03,2448187,3600039,1152460,2447579,0,0,0,0,0,0,0,0,0,0,0,0.00,0.00,0,0,0,0
smt,insert_only_build_300k,0,300000,300000,1042093627,3473,"0-10%=2.734µs(n=30000)|10-20%=3.131µs(n=30000)|20-30%=2.998µs(n=30000)|30-40%=3.204µs(n=30000)|40-50%=3.269µs(n=30000)|50-60%=3.751µs(n=30000)|60-70%=3.573µs(n=30000)|70-80%=3.688µs(n=30000)|80-90%=4.109µs(n=30000)|90-100%=4.274µs(n=30000)",157.83,205.54,3513262,5400047,1887400,3512647,0,0,0,0,0,0,0,0,0,0,0,0.00,0.00,0,0,0,0
smt,insert_only_build_500k,0,500000,500000,1960459379,3920,"0-10%=2.513µs(n=50000)|10-20%=3.017µs(n=50000)|20-30%=3.296µs(n=50000)|30-40%=3.631µs(n=50000)|40-50%=3.705µs(n=50000)|50-60%=4.782µs(n=50000)|60-70%=4.197µs(n=50000)|70-80%=4.187µs(n=50000)|80-90%=4.259µs(n=50000)|90-100%=5.618µs(n=50000)",259.83,342.55,5753288,9000048,3247380,5752668,0,0,0,0,0,0,0,0,0,0,0,0.00,0.00,0,0,0,0
smt,insert_only_build_700k,0,700000,700000,3064158691,4377,"0-10%=2.808µs(n=70000)|10-20%=3.528µs(n=70000)|20-30%=4.17µs(n=70000)|30-40%=4.669µs(n=70000)|40-50%=4.761µs(n=70000)|50-60%=4.472µs(n=70000)|60-70%=4.82µs(n=70000)|70-80%=4.841µs(n=70000)|80-90%=4.667µs(n=70000)|90-100%=5.032µs(n=70000)",395.50,479.55,9055277,12600054,3545412,9054642,0,0,0,0,0,0,0,0,0,0,0,0.00,0.00,0,0,0,0
smt,insert_only_build_900k,0,900000,900000,4111512499,4568,"0-10%=2.708µs(n=90000)|10-20%=3.447µs(n=90000)|20-30%=3.761µs(n=90000)|30-40%=4.295µs(n=90000)|40-50%=4.519µs(n=90000)|50-60%=5.045µs(n=90000)|60-70%=5.22µs(n=90000)|70-80%=5.245µs(n=90000)|80-90%=5.636µs(n=90000)|90-100%=5.803µs(n=90000)",473.04,616.56,10523567,16200058,5677135,10522923,0,0,0,0,0,0,0,0,0,0,0,0.00,0.00,0,0,0,0
smt,insert_only_build_1m,0,1000000,1000000,4671581712,4671,"0-10%=2.73µs(n=100000)|10-20%=3.503µs(n=100000)|20-30%=4.092µs(n=100000)|30-40%=4.407µs(n=100000)|40-50%=4.869µs(n=100000)|50-60%=5.451µs(n=100000)|60-70%=5.26µs(n=100000)|70-80%=5.18µs(n=100000)|80-90%=5.838µs(n=100000)|90-100%=5.381µs(n=100000)",537.82,685.09,12077307,18000060,5923399,12076661,0,0,0,0,0,0,0,0,0,0,0,0.00,0.00,0,0,0,0
smt,insert_only_build_2m,0,2000000,2000000,10692416592,5346,"0-10%=3.198µs(n=200000)|10-20%=4.631µs(n=200000)|20-30%=5.028µs(n=200000)|30-40%=5.101µs(n=200000)|40-50%=6.859µs(n=200000)|50-60%=5.431µs(n=200000)|60-70%=5.695µs(n=200000)|70-80%=6.038µs(n=200000)|80-90%=5.739µs(n=200000)|90-100%=5.738µs(n=200000)",1118.55,1370.22,25506221,36000089,10494527,25505562,0,0,0,0,0,0,0,0,0,0,0,0.00,0.00,0,0,0,0
smt,insert_only_build_5m,0,5000000,5000000,30036841980,6007,"0-10%=3.881µs(n=500000)|10-20%=5.134µs(n=500000)|20-30%=5.614µs(n=500000)|30-40%=5.766µs(n=500000)|40-50%=6.264µs(n=500000)|50-60%=6.314µs(n=500000)|60-70%=6.303µs(n=500000)|70-80%=6.727µs(n=500000)|80-90%=7.187µs(n=500000)|90-100%=6.879µs(n=500000)",2703.97,3425.54,60848595,90000164,29152246,60847918,0,0,0,0,0,0,0,0,0,0,0,0.00,0.00,0,0,0,0
smt,insert_only_build_10m,0,10000000,10000000,68286254692,6828,"0-10%=4.503µs(n=1000000)|10-20%=5.681µs(n=1000000)|20-30%=6.318µs(n=1000000)|30-40%=6.422µs(n=1000000)|40-50%=7.175µs(n=1000000)|50-60%=6.941µs(n=1000000)|60-70%=7.441µs(n=1000000)|70-80%=7.734µs(n=1000000)|80-90%=7.958µs(n=1000000)|90-100%=8.108µs(n=1000000)",5590.68,6851.32,127453580,180000323,52547422,127452901,0,0,0,0,0,0,0,0,0,0,0,0.00,0.00,0,0,0,0
smt,insert_only_build_25m,0,25000000,25000000,207001409645,8280,"0-10%=5.384µs(n=2500000)|10-20%=6.748µs(n=2500000)|20-30%=7.342µs(n=2500000)|30-40%=7.815µs(n=2500000)|40-50%=8.731µs(n=2500000)|50-60%=8.695µs(n=2500000)|60-70%=8.95µs(n=2500000)|70-80%=9.219µs(n=2500000)|80-90%=10.146µs(n=2500000)|90-100%=9.764µs(n=2500000)",13474.43,17129.60,302748748,450000928,147252877,302748051,0,0,0,0,0,0,0,0,0,0,0,0.00,0.00,0,0,0,0
smt,prehashed_ordered_insert_only_10k,0,10000,10000,15170149,1517,"0-10%=1.177µs(n=1000)|10-20%=1.32µs(n=1000)|20-30%=1.96µs(n=1000)|30-40%=1.424µs(n=1000)|40-50%=1.468µs(n=1000)|50-60%=1.234µs(n=1000)|60-70%=2.201µs(n=1000)|70-80%=1.445µs(n=1000)|80-90%=1.458µs(n=1000)|90-100%=1.478µs(n=1000)",4.98,6.73,129461,180023,61280,118743,0,0,0,0,0,0,0,0,0,0,0,0.00,0.00,0,0,0,0
smt,prehashed_ordered_insert_only_50k,0,50000,50000,79202019,1584,"0-10%=1.442µs(n=5000)|10-20%=1.617µs(n=5000)|20-30%=1.669µs(n=5000)|30-40%=1.49µs(n=5000)|40-50%=1.879µs(n=5000)|50-60%=1.349µs(n=5000)|60-70%=1.752µs(n=5000)|70-80%=1.489µs(n=5000)|80-90%=1.523µs(n=5000)|90-100%=1.625µs(n=5000)",27.93,33.57,641386,899989,259263,640726,0,0,0,0,0,0,0,0,0,0,0,0.00,0.00,0,0,0,0
smt,prehashed_ordered_insert_only_100k,0,100000,100000,160100356,1601,"0-10%=1.499µs(n=10000)|10-20%=1.553µs(n=10000)|20-30%=1.632µs(n=10000)|30-40%=1.692µs(n=10000)|40-50%=1.633µs(n=10000)|50-60%=1.398µs(n=10000)|60-70%=1.745µs(n=10000)|70-80%=1.579µs(n=10000)|80-90%=1.596µs(n=10000)|90-100%=1.68µs(n=10000)",55.79,67.16,1278675,1799996,521980,1278016,0,0,0,0,0,0,0,0,0,0,0,0.00,0.00,0,0,0,0
smt,prehashed_ordered_insert_only_200k,0,200000,200000,336092359,1680,"0-10%=1.485µs(n=20000)|10-20%=1.632µs(n=20000)|20-30%=1.704µs(n=20000)|30-40%=1.617µs(n=20000)|40-50%=1.867µs(n=20000)|50-60%=1.492µs(n=20000)|60-70%=1.581µs(n=20000)|70-80%=1.705µs(n=20000)|80-90%=1.911µs(n=20000)|90-100%=1.807µs(n=20000)",95.41,134.32,2426542,3600035,1374125,2225910,0,0,0,0,0,0,0,0,0,0,0,0.00,0.00,0,0,0,0
smt,prehashed_ordered_insert_only_300k,0,300000,300000,505365717,1684,"0-10%=1.52µs(n=30000)|10-20%=1.676µs(n=30000)|20-30%=1.641µs(n=30000)|30-40%=1.785µs(n=30000)|40-50%=1.754µs(n=30000)|50-60%=1.515µs(n=30000)|60-70%=1.86µs(n=30000)|70-80%=1.638µs(n=30000)|80-90%=1.679µs(n=30000)|90-100%=1.773µs(n=30000)",152.85,201.45,3958557,5400041,1742123,3657918,0,0,0,0,0,0,0,0,0,0,0,0.00,0.00,0,0,0,0
smt,prehashed_ordered_insert_only_500k,0,500000,500000,938787311,1877,"0-10%=1.678µs(n=50000)|10-20%=1.703µs(n=50000)|20-30%=1.89µs(n=50000)|30-40%=1.881µs(n=50000)|40-50%=2.11µs(n=50000)|50-60%=1.671µs(n=50000)|60-70%=1.792µs(n=50000)|70-80%=1.833µs(n=50000)|80-90%=2.147µs(n=50000)|90-100%=2.065µs(n=50000)",237.58,335.73,6034849,9000042,3465833,5534209,0,0,0,0,0,0,0,0,0,0,0,0.00,0.00,0,0,0,0
smt,prehashed_ordered_insert_only_700k,0,700000,700000,1333712926,1905,"0-10%=1.684µs(n=70000)|10-20%=1.734µs(n=70000)|20-30%=1.914µs(n=70000)|30-40%=1.87µs(n=70000)|40-50%=2.148µs(n=70000)|50-60%=1.743µs(n=70000)|60-70%=1.863µs(n=70000)|70-80%=2.144µs(n=70000)|80-90%=1.981µs(n=70000)|90-100%=1.967µs(n=70000)",335.23,470.01,8534336,12600044,4766353,7833691,0,0,0,0,0,0,0,0,0,0,0,0.00,0.00,0,0,0,0
smt,prehashed_ordered_insert_only_900k,0,900000,900000,1703098481,1892,"0-10%=1.715µs(n=90000)|10-20%=1.7µs(n=90000)|20-30%=1.927µs(n=90000)|30-40%=1.885µs(n=90000)|40-50%=2.135µs(n=90000)|50-60%=1.712µs(n=90000)|60-70%=1.828µs(n=90000)|70-80%=1.997µs(n=90000)|80-90%=2.058µs(n=90000)|90-100%=1.963µs(n=90000)",430.30,604.28,10949266,16200043,6151429,10048614,0,0,0,0,0,0,0,0,0,0,0,0.00,0.00,0,0,0,0
smt,prehashed_ordered_insert_only_1m,0,1000000,1000000,1902108297,1902,"0-10%=1.707µs(n=100000)|10-20%=1.758µs(n=100000)|20-30%=1.926µs(n=100000)|30-40%=1.886µs(n=100000)|40-50%=2.139µs(n=100000)|50-60%=1.716µs(n=100000)|60-70%=1.886µs(n=100000)|70-80%=2.042µs(n=100000)|80-90%=1.979µs(n=100000)|90-100%=1.977µs(n=100000)",478.95,671.43,12193421,18000045,6807281,11192764,0,0,0,0,0,0,0,0,0,0,0,0.00,0.00,0,0,0,0
smt,prehashed_ordered_insert_only_2m,0,2000000,2000000,3875054298,1937,"0-10%=1.731µs(n=200000)|10-20%=1.797µs(n=200000)|20-30%=1.972µs(n=200000)|30-40%=1.932µs(n=200000)|40-50%=2.192µs(n=200000)|50-60%=1.759µs(n=200000)|60-70%=1.886µs(n=200000)|70-80%=2.158µs(n=200000)|80-90%=1.914µs(n=200000)|90-100%=2.031µs(n=200000)",982.50,1342.88,25191976,36000055,12808740,23191315,0,0,0,0,0,0,0,0,0,0,0,0.00,0.00,0,0,0,0
smt,prehashed_ordered_insert_only_5m,0,5000000,5000000,10178298322,2035,"0-10%=1.821µs(n=500000)|10-20%=1.865µs(n=500000)|20-30%=2.098µs(n=500000)|30-40%=2µs(n=500000)|40-50%=2.308µs(n=500000)|50-60%=1.875µs(n=500000)|60-70%=1.955µs(n=500000)|70-80%=2.226µs(n=500000)|80-90%=2.102µs(n=500000)|90-100%=2.101µs(n=500000)",2398.75,3357.29,61093144,90000079,33907603,56092476,0,0,0,0,0,0,0,0,0,0,0,0.00,0.00,0,0,0,0
smt,prehashed_ordered_insert_only_10m,0,10000000,10000000,20909643311,2090,"0-10%=1.857µs(n=1000000)|10-20%=1.964µs(n=1000000)|20-30%=2.142µs(n=1000000)|30-40%=2.052µs(n=1000000)|40-50%=2.377µs(n=1000000)|50-60%=1.88µs(n=1000000)|60-70%=1.988µs(n=1000000)|70-80%=2.266µs(n=1000000)|80-90%=2.179µs(n=1000000)|90-100%=2.198µs(n=1000000)",4788.60,6714.54,121894798,180000118,68105994,111894124,0,0,0,0,0,0,0,0,0,0,0,0.00,0.00,0,0,0,0
smt,prehashed_ordered_insert_only_25m,0,25000000,25000000,56540599597,2261,"0-10%=1.935µs(n=2500000)|10-20%=2.03µs(n=2500000)|20-30%=2.204µs(n=2500000)|30-40%=2.103µs(n=2500000)|40-50%=2.414µs(n=2500000)|50-60%=1.975µs(n=2500000)|60-70%=2.265µs(n=2500000)|70-80%=2.7µs(n=2500000)|80-90%=2.369µs(n=2500000)|90-100%=2.617µs(n=2500000)",12151.75,16786.17,310646212,450000219,164354687,285645532,0,0,0,0,0,0,0,0,0,0,0,0.00,0.00,0,0,0,0
smt,proof_only_after_10k_build_sample_5pct,10000,10000,0,0,0,"",0.00,0.00,0,0,0,0,543675,1087,630,2941,0,0,0,0,0,0,0,0.00,0.00,0,0,0,0
smt,proof_only_after_50k_build_sample_5pct,50000,50000,0,0,0,"",0.00,0.00,0,0,0,0,3971157,1588,721,3515,0,0,0,0,0,0,0,0.00,0.00,0,0,0,0
smt,proof_only_after_100k_build_sample_5pct,100000,100000,0,0,0,"",0.00,0.00,0,0,0,0,10064296,2012,759,4136,0,0,0,0,0,0,0,0.00,0.00,0,0,0,0
smt,proof_only_after_200k_build_sample_5pct,200000,200000,0,0,0,"",0.00,0.00,0,0,0,0,25182438,2518,796,4762,0,0,0,0,0,0,0,0.00,0.00,0,0,0,0
smt,proof_only_after_300k_build_sample_5pct,300000,300000,0,0,0,"",0.00,0.00,0,0,0,0,52852598,3523,819,5293,0,0,0,0,0,0,0,0.00,0.00,0,0,0,0
smt,proof_only_after_500k_build_sample_5pct,500000,500000,0,0,0,"",0.00,0.00,0,0,0,0,91373539,3654,847,5282,0,0,0,0,0,0,0,0.00,0.00,0,0,0,0
smt,proof_only_after_700k_build_sample_5pct,700000,700000,0,0,0,"",0.00,0.00,0,0,0,0,126288249,3608,865,5328,0,0,0,0,0,0,0,0.00,0.00,0,0,0,0
smt,proof_only_after_900k_build_sample_5pct,900000,900000,0,0,0,"",0.00,0.00,0,0,0,0,177771677,3950,878,5487,0,0,0,0,0,0,0,0.00,0.00,0,0,0,0
smt,proof_only_after_1m_build_sample_5pct,1000000,1000000,0,0,0,"",0.00,0.00,0,0,0,0,189410406,3788,884,5431,0,0,0,0,0,0,0,0.00,0.00,0,0,0,0
smt,proof_only_after_2m_build_sample_3pct,2000000,2000000,0,0,0,"",0.00,0.00,0,0,0,0,254647960,4244,922,5880,0,0,0,0,0,0,0,0.00,0.00,0,0,0,0
smt,proof_only_after_5m_build_sample_3pct,5000000,5000000,0,0,0,"",0.00,0.00,0,0,0,0,718318566,4788,973,6313,0,0,0,0,0,0,0,0.00,0.00,0,0,0,0
smt,proof_only_after_10m_build_sample_2pct,10000000,10000000,0,0,0,"",0.00,0.00,0,0,0,0,1047990282,5239,1011,7601,0,0,0,0,0,0,0,0.00,0.00,0,0,0,0
smt,proof_only_after_25m_build_sample_2pct,25000000,25000000,0,0,0,"",0.00,0.00,0,0,0,0,4725441414,9450,1061,8739,0,0,0,0,0,0,0,0.00,0.00,0,0,0,0
smt,build_10k_then_add_2k_new,10000,12000,2000,4836842,2418,"0-10%=3.139µs(n=200)|10-20%=2.42µs(n=200)|20-30%=2.321µs(n=200)|30-40%=2.396µs(n=200)|40-50%=2.34µs(n=200)|50-60%=2.237µs(n=200)|60-70%=2.274µs(n=200)|70-80%=2.356µs(n=200)|80-90%=2.219µs(n=200)|90-100%=2.476µs(n=200)",1.39,1.39,144224,36038,2552,33486,0,0,0,0,0,0,0,0,0,0,0,0.00,0.00,0,0,0,0
smt,build_50k_then_add_10k_new,50000,60000,10000,32851503,3285,"0-10%=3.844µs(n=1000)|10-20%=3.328µs(n=1000)|20-30%=3.413µs(n=1000)|30-40%=3.241µs(n=1000)|40-50%=3.316µs(n=1000)|50-60%=3.315µs(n=1000)|60-70%=3.17µs(n=1000)|70-80%=3.126µs(n=1000)|80-90%=3.115µs(n=1000)|90-100%=2.978µs(n=1000)",6.87,6.87,718030,180038,12753,167285,0,0,0,0,0,0,0,0,0,0,0,0.00,0.00,0,0,0,0
smt,build_100k_then_add_20k_new,100000,120000,20000,75261471,3763,"0-10%=4.242µs(n=2000)|10-20%=3.949µs(n=2000)|20-30%=3.957µs(n=2000)|30-40%=3.845µs(n=2000)|40-50%=3.621µs(n=2000)|50-60%=3.572µs(n=2000)|60-70%=3.537µs(n=2000)|70-80%=3.707µs(n=2000)|80-90%=3.585µs(n=2000)|90-100%=3.61µs(n=2000)",13.72,13.72,1435292,360038,25495,334543,0,0,0,0,0,0,0,0,0,0,0,0.00,0.00,0,0,0,0
smt,build_200k_then_add_40k_new,200000,240000,40000,183229264,4580,"0-10%=5.691µs(n=4000)|10-20%=5.079µs(n=4000)|20-30%=4.86µs(n=4000)|30-40%=4.684µs(n=4000)|40-50%=4.603µs(n=4000)|50-60%=4.435µs(n=4000)|60-70%=4.212µs(n=4000)|70-80%=4.077µs(n=4000)|80-90%=4.085µs(n=4000)|90-100%=4.075µs(n=4000)",27.43,27.43,2869758,720045,51049,668996,0,0,0,0,0,0,0,0,0,0,0,0.00,0.00,0,0,0,0
smt,build_300k_then_add_60k_new,300000,360000,60000,278350318,4639,"0-10%=5.625µs(n=6000)|10-20%=5.116µs(n=6000)|20-30%=5.044µs(n=6000)|30-40%=4.656µs(n=6000)|40-50%=4.424µs(n=6000)|50-60%=4.271µs(n=6000)|60-70%=4.242µs(n=6000)|70-80%=4.305µs(n=6000)|80-90%=4.363µs(n=6000)|90-100%=4.339µs(n=6000)",41.13,41.13,4304226,1080047,76595,1003452,0,0,0,0,0,0,0,0,0,0,0,0.00,0.00,0,0,0,0
smt,build_500k_then_add_100k_new,500000,600000,100000,529046012,5290,"0-10%=6.907µs(n=10000)|10-20%=5.998µs(n=10000)|20-30%=5.672µs(n=10000)|30-40%=5.194µs(n=10000)|40-50%=4.931µs(n=10000)|50-60%=4.893µs(n=10000)|60-70%=4.824µs(n=10000)|70-80%=4.874µs(n=10000)|80-90%=4.817µs(n=10000)|90-100%=4.789µs(n=10000)",68.51,68.51,7172708,1800050,128125,1671925,0,0,0,0,0,0,0,0,0,0,0,0.00,0.00,0,0,0,0
smt,build_700k_then_add_140k_new,700000,840000,140000,809679373,5783,"0-10%=6.448µs(n=14000)|10-20%=5.908µs(n=14000)|20-30%=5.686µs(n=14000)|30-40%=5.565µs(n=14000)|40-50%=5.542µs(n=14000)|50-60%=6.317µs(n=14000)|60-70%=5.82µs(n=14000)|70-80%=5.747µs(n=14000)|80-90%=5.433µs(n=14000)|90-100%=5.363µs(n=14000)",95.95,95.95,10041999,2520053,178844,2341209,0,0,0,0,0,0,0,0,0,0,0,0.00,0.00,0,0,0,0
smt,build_900k_then_add_180k_new,900000,1080000,180000,1049436221,5830,"0-10%=6.792µs(n=18000)|10-20%=6.255µs(n=18000)|20-30%=6.142µs(n=18000)|30-40%=6.028µs(n=18000)|40-50%=5.861µs(n=18000)|50-60%=5.497µs(n=18000)|60-70%=5.448µs(n=18000)|70-80%=5.492µs(n=18000)|80-90%=5.432µs(n=18000)|90-100%=5.35µs(n=18000)",123.33,123.33,12910646,3240053,230207,3009846,0,0,0,0,0,0,0,0,0,0,0,0.00,0.00,0,0,0,0
smt,build_1m_then_add_200k_new,1000000,1200000,200000,1200802765,6004,"0-10%=6.89µs(n=20000)|10-20%=6.272µs(n=20000)|20-30%=6.095µs(n=20000)|30-40%=6.006µs(n=20000)|40-50%=5.918µs(n=20000)|50-60%=5.939µs(n=20000)|60-70%=5.615µs(n=20000)|70-80%=6.144µs(n=20000)|80-90%=5.584µs(n=20000)|90-100%=5.571µs(n=20000)",137.04,137.04,14345263,3600053,255593,3344460,0,0,0,0,0,0,0,0,0,0,0,0.00,0.00,0,0,0,0
smt,build_2m_then_add_400k_new,2000000,2400000,400000,2620367176,6550,"0-10%=7.072µs(n=40000)|10-20%=6.864µs(n=40000)|20-30%=6.605µs(n=40000)|30-40%=6.446µs(n=40000)|40-50%=6.48µs(n=40000)|50-60%=6.569µs(n=40000)|60-70%=6.531µs(n=40000)|70-80%=6.458µs(n=40000)|80-90%=6.291µs(n=40000)|90-100%=6.189µs(n=40000)",274.08,274.08,28689575,7200062,511238,6688824,0,0,0,0,0,0,0,0,0,0,0,0.00,0.00,0,0,0,0
smt,build_5m_then_add_1m_new,5000000,6000000,1000000,7408746454,7408,"0-10%=7.909µs(n=100000)|10-20%=7.613µs(n=100000)|20-30%=7.56µs(n=100000)|30-40%=7.452µs(n=100000)|40-50%=7.489µs(n=100000)|50-60%=7.432µs(n=100000)|60-70%=7.321µs(n=100000)|70-80%=7.066µs(n=100000)|80-90%=7.134µs(n=100000)|90-100%=7.105µs(n=100000)",685.20,685.20,71722952,18000082,1277893,16722189,0,0,0,0,0,0,0,0,0,0,0,0.00,0.00,0,0,0,0
smt,build_10m_then_add_2m_new,10000000,12000000,2000000,16778169513,8389,"0-10%=8.668µs(n=200000)|10-20%=8.489µs(n=200000)|20-30%=8.459µs(n=200000)|30-40%=8.415µs(n=200000)|40-50%=8.304µs(n=200000)|50-60%=8.305µs(n=200000)|60-70%=8.506µs(n=200000)|70-80%=8.362µs(n=200000)|80-90%=8.118µs(n=200000)|90-100%=8.261µs(n=200000)",1370.36,1370.36,143443486,36000122,2557405,33442717,0,0,0,0,0,0,0,0,0,0,0,0.00,0.00,0,0,0,0
smt,build_25m_then_add_5m_new,25000000,30000000,5000000,51375622317,10275,"0-10%=10.447µs(n=500000)|10-20%=10.339µs(n=500000)|20-30%=10.356µs(n=500000)|30-40%=10.267µs(n=500000)|40-50%=10.262µs(n=500000)|50-60%=10.192µs(n=500000)|60-70%=10.133µs(n=500000)|70-80%=10.398µs(n=500000)|80-90%=10.134µs(n=500000)|90-100%=10.218µs(n=500000)",3426.29,3426.29,358607631,90000280,6393419,83606861,0,0,0,0,0,0,0,0,0,0,0,0.00,0.00,0,0,0,0
smt,build_10k_then_reinsert_2k_existing,10000,10000,2000,4740050,2370,"0-10%=3.053µs(n=200)|10-20%=2.414µs(n=200)|20-30%=2.279µs(n=200)|30-40%=2.323µs(n=200)|40-50%=2.466µs(n=200)|50-60%=2.387µs(n=200)|60-70%=2.214µs(n=200)|70-80%=2.211µs(n=200)|80-90%=2.24µs(n=200)|90-100%=2.104µs(n=200)",0.27,0.27,119826,10038,1001,9037,0,0,0,0,0,0,0,0,0,0,0,0.00,0.00,0,0,0,0
smt,build_50k_then_reinsert_10k_existing,50000,50000,10000,28481416,2848,"0-10%=3.177µs(n=1000)|10-20%=2.989µs(n=1000)|20-30%=2.81µs(n=1000)|30-40%=2.909µs(n=1000)|40-50%=2.748µs(n=1000)|50-60%=2.908µs(n=1000)|60-70%=2.713µs(n=1000)|70-80%=2.747µs(n=1000)|80-90%=2.787µs(n=1000)|90-100%=2.688µs(n=1000)",1.31,1.31,595832,50038,5001,45037,0,0,0,0,0,0,0,0,0,0,0,0.00,0.00,0,0,0,0
smt,build_100k_then_reinsert_20k_existing,100000,100000,20000,75702620,3785,"0-10%=4.724µs(n=2000)|10-20%=4.055µs(n=2000)|20-30%=3.942µs(n=2000)|30-40%=3.796µs(n=2000)|40-50%=3.835µs(n=2000)|50-60%=3.677µs(n=2000)|60-70%=3.571µs(n=2000)|70-80%=3.461µs(n=2000)|80-90%=3.415µs(n=2000)|90-100%=3.369µs(n=2000)",2.61,2.61,1190839,100038,10001,90037,0,0,0,0,0,0,0,0,0,0,0,0.00,0.00,0,0,0,0
smt,build_200k_then_reinsert_40k_existing,200000,200000,40000,164460728,4111,"0-10%=4.864µs(n=4000)|10-20%=4.33µs(n=4000)|20-30%=4.144µs(n=4000)|30-40%=4.058µs(n=4000)|40-50%=4.064µs(n=4000)|50-60%=4.056µs(n=4000)|60-70%=3.956µs(n=4000)|70-80%=3.925µs(n=4000)|80-90%=3.878µs(n=4000)|90-100%=3.835µs(n=4000)",5.22,5.22,2380856,200045,20001,180044,0,0,0,0,0,0,0,0,0,0,0,0.00,0.00,0,0,0,0
smt,build_300k_then_reinsert_60k_existing,300000,300000,60000,262532360,4375,"0-10%=5.274µs(n=6000)|10-20%=4.723µs(n=6000)|20-30%=4.504µs(n=6000)|30-40%=4.364µs(n=6000)|40-50%=4.268µs(n=6000)|50-60%=4.229µs(n=6000)|60-70%=4.15µs(n=6000)|70-80%=4.079µs(n=6000)|80-90%=4.086µs(n=6000)|90-100%=4.075µs(n=6000)",7.81,7.81,3570871,300039,30001,270038,0,0,0,0,0,0,0,0,0,0,0,0.00,0.00,0,0,0,0
smt,build_500k_then_reinsert_100k_existing,500000,500000,100000,467173512,4671,"0-10%=5.661µs(n=10000)|10-20%=4.947µs(n=10000)|20-30%=4.762µs(n=10000)|30-40%=4.689µs(n=10000)|40-50%=4.582µs(n=10000)|50-60%=4.511µs(n=10000)|60-70%=4.513µs(n=10000)|70-80%=4.36µs(n=10000)|80-90%=4.344µs(n=10000)|90-100%=4.343µs(n=10000)",13.01,13.01,5950885,500050,50001,450049,0,0,0,0,0,0,0,0,0,0,0,0.00,0.00,0,0,0,0
smt,build_700k_then_reinsert_140k_existing,700000,700000,140000,701936404,5013,"0-10%=5.863µs(n=14000)|10-20%=5.123µs(n=14000)|20-30%=5.002µs(n=14000)|30-40%=4.939µs(n=14000)|40-50%=4.869µs(n=14000)|50-60%=4.838µs(n=14000)|60-70%=4.872µs(n=14000)|70-80%=4.833µs(n=14000)|80-90%=4.844µs(n=14000)|90-100%=4.951µs(n=14000)",18.20,18.20,8330896,700052,70001,630051,0,0,0,0,0,0,0,0,0,0,0,0.00,0.00,0,0,0,0
smt,build_900k_then_reinsert_180k_existing,900000,900000,180000,963140973,5350,"0-10%=6.144µs(n=18000)|10-20%=5.481µs(n=18000)|20-30%=5.3µs(n=18000)|30-40%=5.225µs(n=18000)|40-50%=5.633µs(n=18000)|50-60%=5.305µs(n=18000)|60-70%=5.24µs(n=18000)|70-80%=5.154µs(n=18000)|80-90%=5.054µs(n=18000)|90-100%=4.969µs(n=18000)",23.40,23.40,10710842,900053,90001,810052,0,0,0,0,0,0,0,0,0,0,0,0.00,0.00,0,0,0,0
smt,build_1m_then_reinsert_200k_existing,1000000,1000000,200000,1078220640,5391,"0-10%=5.966µs(n=20000)|10-20%=5.774µs(n=20000)|20-30%=5.456µs(n=20000)|30-40%=5.313µs(n=20000)|40-50%=5.25µs(n=20000)|50-60%=5.213µs(n=20000)|60-70%=5.37µs(n=20000)|70-80%=5.296µs(n=20000)|80-90%=5.164µs(n=20000)|90-100%=5.103µs(n=20000)",25.99,25.99,11900851,1000053,100001,900052,0,0,0,0,0,0,0,0,0,0,0,0.00,0.00,0,0,0,0
smt,build_2m_then_reinsert_400k_existing,2000000,2000000,400000,2390237705,5975,"0-10%=6.379µs(n=40000)|10-20%=5.96µs(n=40000)|20-30%=5.843µs(n=40000)|30-40%=5.848µs(n=40000)|40-50%=6.047µs(n=40000)|50-60%=6.179µs(n=40000)|60-70%=6.026µs(n=40000)|70-80%=5.812µs(n=40000)|80-90%=5.793µs(n=40000)|90-100%=5.865µs(n=40000)",51.97,51.97,23800863,2000060,200001,1800059,0,0,0,0,0,0,0,0,0,0,0,0.00,0.00,0,0,0,0
smt,build_5m_then_reinsert_1m_existing,5000000,5000000,1000000,6961989182,6961,"0-10%=7.135µs(n=100000)|10-20%=6.957µs(n=100000)|20-30%=6.945µs(n=100000)|30-40%=6.932µs(n=100000)|40-50%=6.836µs(n=100000)|50-60%=6.929µs(n=100000)|60-70%=6.945µs(n=100000)|70-80%=6.973µs(n=100000)|80-90%=6.912µs(n=100000)|90-100%=7.05µs(n=100000)",129.95,129.95,59500893,5000080,500001,4500079,0,0,0,0,0,0,0,0,0,0,0,0.00,0.00,0,0,0,0
smt,build_10m_then_reinsert_2m_existing,10000000,10000000,2000000,15535158533,7767,"0-10%=7.977µs(n=200000)|10-20%=7.851µs(n=200000)|20-30%=7.802µs(n=200000)|30-40%=7.744µs(n=200000)|40-50%=7.753µs(n=200000)|50-60%=7.717µs(n=200000)|60-70%=7.807µs(n=200000)|70-80%=7.654µs(n=200000)|80-90%=7.671µs(n=200000)|90-100%=7.695µs(n=200000)",259.91,259.91,119000940,10000107,1000001,9000106,0,0,0,0,0,0,0,0,0,0,0,0.00,0.00,0,0,0,0
smt,build_25m_then_reinsert_5m_existing,25000000,25000000,5000000,46723404795,9344,"0-10%=9.586µs(n=500000)|10-20%=9.471µs(n=500000)|20-30%=9.303µs(n=500000)|30-40%=9.331µs(n=500000)|40-50%=9.399µs(n=500000)|50-60%=9.267µs(n=500000)|60-70%=9.41µs(n=500000)|70-80%=9.277µs(n=500000)|80-90%=9.162µs(n=500000)|90-100%=9.237µs(n=500000)",650.13,650.13,297501077,25000249,2500000,22500249,0,0,0,0,0,0,0,0,0,0,0,0.00,0.00,0,0,0,0
smt,insert_only_build_10k,0,10000,10000,26813493,2681,"0-10%=2.157µs(n=1000)|10-20%=2.022µs(n=1000)|20-30%=2.302µs(n=1000)|30-40%=2.92µs(n=1000)|40-50%=2.24µs(n=1000)|50-60%=2.326µs(n=1000)|60-70%=2.416µs(n=1000)|70-80%=3.761µs(n=1000)|80-90%=3.332µs(n=1000)|90-100%=3.33µs(n=1000)",5.54,6.88,126368,180033,54219,125814,0,0,0,0,0,0,0,0,0,0,0,0.00,0.00,0,0,0,0
smt,insert_only_build_50k,0,50000,50000,135344065,2706,"0-10%=2.151µs(n=5000)|10-20%=2.442µs(n=5000)|20-30%=2.7µs(n=5000)|30-40%=2.545µs(n=5000)|40-50%=2.524µs(n=5000)|50-60%=2.879µs(n=5000)|60-70%=2.759µs(n=5000)|70-80%=2.833µs(n=5000)|80-90%=2.923µs(n=5000)|90-100%=3.308µs(n=5000)",25.56,34.30,561403,900066,339212,560854,0,0,0,0,0,0,0,0,0,0,0,0.00,0.00,0,0,0,0
smt,insert_only_build_100k,0,100000,100000,287129802,2871,"0-10%=2.238µs(n=10000)|10-20%=2.502µs(n=10000)|20-30%=2.768µs(n=10000)|30-40%=2.761µs(n=10000)|40-50%=2.896µs(n=10000)|50-60%=3.015µs(n=10000)|60-70%=2.913µs(n=10000)|70-80%=2.999µs(n=10000)|80-90%=3.28µs(n=10000)|90-100%=3.336µs(n=10000)",52.34,68.52,1163160,1800032,637465,1162567,0,0,0,0,0,0,0,0,0,0,0,0.00,0.00,0,0,0,0
smt,insert_only_build_200k,0,200000,200000,665223608,3326,"0-10%=2.449µs(n=20000)|10-20%=2.767µs(n=20000)|20-30%=3.011µs(n=20000)|30-40%=3.214µs(n=20000)|40-50%=3.463µs(n=20000)|50-60%=3.329µs(n=20000)|60-70%=3.474µs(n=20000)|70-80%=3.866µs(n=20000)|80-90%=4.039µs(n=20000)|90-100%=3.644µs(n=20000)",109.37,137.03,2473494,3600044,1127151,2472893,0,0,0,0,0,0,0,0,0,0,0,0.00,0.00,0,0,0,0
smt,insert_only_build_300k,0,300000,300000,1041072243,3470,"0-10%=2.41µs(n=30000)|10-20%=3.056µs(n=30000)|20-30%=3.446µs(n=30000)|30-40%=3.542µs(n=30000)|40-50%=3.262µs(n=30000)|50-60%=3.647µs(n=30000)|60-70%=3.442µs(n=30000)|70-80%=3.618µs(n=30000)|80-90%=3.986µs(n=30000)|90-100%=4.287µs(n=30000)",157.74,205.54,3510465,5400042,1890184,3509858,0,0,0,0,0,0,0,0,0,0,0,0.00,0.00,0,0,0,0
smt,insert_only_build_500k,0,500000,500000,2146812387,4293,"0-10%=2.634µs(n=50000)|10-20%=3.482µs(n=50000)|20-30%=3.721µs(n=50000)|30-40%=4.132µs(n=50000)|40-50%=4.096µs(n=50000)|50-60%=5.062µs(n=50000)|60-70%=4.765µs(n=50000)|70-80%=4.489µs(n=50000)|80-90%=4.756µs(n=50000)|90-100%=5.795µs(n=50000)",258.70,342.57,5717151,9000053,3283519,5716534,0,0,0,0,0,0,0,0,0,0,0,0.00,0.00,0,0,0,0
smt,insert_only_build_700k,0,700000,700000,3072467592,4389,"0-10%=2.806µs(n=70000)|10-20%=3.562µs(n=70000)|20-30%=4.212µs(n=70000)|30-40%=4.374µs(n=70000)|40-50%=4.284µs(n=70000)|50-60%=4.796µs(n=70000)|60-70%=5.301µs(n=70000)|70-80%=5.178µs(n=70000)|80-90%=4.576µs(n=70000)|90-100%=4.798µs(n=70000)",396.51,479.56,9086845,12600056,3513840,9086216,0,0,0,0,0,0,0,0,0,0,0,0.00,0.00,0,0,0,0
smt,insert_only_build_900k,0,900000,900000,4046002090,4495,"0-10%=2.892µs(n=90000)|10-20%=3.918µs(n=90000)|20-30%=3.828µs(n=90000)|30-40%=4.283µs(n=90000)|40-50%=4.249µs(n=90000)|50-60%=5.247µs(n=90000)|60-70%=5.17µs(n=90000)|70-80%=4.684µs(n=90000)|80-90%=5.108µs(n=90000)|90-100%=5.573µs(n=90000)",472.11,616.58,10493453,16200060,5707246,10492814,0,0,0,0,0,0,0,0,0,0,0,0.00,0.00,0,0,0,0
smt,insert_only_build_1m,0,1000000,1000000,4617338793,4617,"0-10%=2.951µs(n=100000)|10-20%=3.394µs(n=100000)|20-30%=3.959µs(n=100000)|30-40%=4.143µs(n=100000)|40-50%=5.145µs(n=100000)|50-60%=5.04µs(n=100000)|60-70%=4.65µs(n=100000)|70-80%=4.976µs(n=100000)|80-90%=6.076µs(n=100000)|90-100%=5.833µs(n=100000)",541.57,685.08,12195777,18000055,5804926,12195129,0,0,0,0,0,0,0,0,0,0,0,0.00,0.00,0,0,0,0
smt,insert_only_build_2m,0,2000000,2000000,10296256675,5148,"0-10%=3.282µs(n=200000)|10-20%=4.299µs(n=200000)|20-30%=4.802µs(n=200000)|30-40%=4.857µs(n=200000)|40-50%=5.43µs(n=200000)|50-60%=5.188µs(n=200000)|60-70%=5.596µs(n=200000)|70-80%=5.982µs(n=200000)|80-90%=5.924µs(n=200000)|90-100%=6.117µs(n=200000)",1122.26,1370.21,25623290,36000085,10377445,25622640,0,0,0,0,0,0,0,0,0,0,0,0.00,0.00,0,0,0,0
smt,insert_only_build_5m,0,5000000,5000000,30837843077,6167,"0-10%=3.84µs(n=500000)|10-20%=5.039µs(n=500000)|20-30%=5.553µs(n=500000)|30-40%=5.881µs(n=500000)|40-50%=6.604µs(n=500000)|50-60%=6.643µs(n=500000)|60-70%=6.614µs(n=500000)|70-80%=7.11µs(n=500000)|80-90%=7.174µs(n=500000)|90-100%=7.214µs(n=500000)",2710.99,3425.55,61069390,90000168,28931436,61068732,0,0,0,0,0,0,0,0,0,0,0,0.00,0.00,0,0,0,0
smt,insert_only_build_10m,0,10000000,10000000,69207217451,6920,"0-10%=4.47µs(n=1000000)|10-20%=5.634µs(n=1000000)|20-30%=6.338µs(n=1000000)|30-40%=6.438µs(n=1000000)|40-50%=7.369µs(n=1000000)|50-60%=7.218µs(n=1000000)|60-70%=7.855µs(n=1000000)|70-80%=7.797µs(n=1000000)|80-90%=7.983µs(n=1000000)|90-100%=8.101µs(n=1000000)",5597.43,6851.38,127664330,180000328,52336666,127663662,0,0,0,0,0,0,0,0,0,0,0,0.00,0.00,0,0,0,0
smt,insert_only_build_25m,0,25000000,25000000,206618908001,8264,"0-10%=5.392µs(n=2500000)|10-20%=6.72µs(n=2500000)|20-30%=7.482µs(n=2500000)|30-40%=8.029µs(n=2500000)|40-50%=8.559µs(n=2500000)|50-60%=8.672µs(n=2500000)|60-70%=8.931µs(n=2500000)|70-80%=9.144µs(n=2500000)|80-90%=10.038µs(n=2500000)|90-100%=9.676µs(n=2500000)",13422.48,17129.60,301109574,450000922,148892022,301108900,0,0,0,0,0,0,0,0,0,0,0,0.00,0.00,0,0,0,0
smt,prehashed_ordered_insert_only_10k,0,10000,10000,14885757,1488,"0-10%=1.176µs(n=1000)|10-20%=1.271µs(n=1000)|20-30%=2.112µs(n=1000)|30-40%=1.389µs(n=1000)|40-50%=1.351µs(n=1000)|50-60%=1.233µs(n=1000)|60-70%=2.085µs(n=1000)|70-80%=1.378µs(n=1000)|80-90%=1.437µs(n=1000)|90-100%=1.448µs(n=1000)",4.98,6.73,129561,180021,61152,118869,0,0,0,0,0,0,0,0,0,0,0,0.00,0.00,0,0,0,0
smt,prehashed_ordered_insert_only_50k,0,50000,50000,79263308,1585,"0-10%=1.413µs(n=5000)|10-20%=1.599µs(n=5000)|20-30%=1.617µs(n=5000)|30-40%=1.472µs(n=5000)|40-50%=1.919µs(n=5000)|50-60%=1.376µs(n=5000)|60-70%=1.806µs(n=5000)|70-80%=1.492µs(n=5000)|80-90%=1.519µs(n=5000)|90-100%=1.635µs(n=5000)",27.98,33.57,642857,899988,257762,642226,0,0,0,0,0,0,0,0,0,0,0,0.00,0.00,0,0,0,0
smt,prehashed_ordered_insert_only_100k,0,100000,100000,162945869,1629,"0-10%=1.526µs(n=10000)|10-20%=1.574µs(n=10000)|20-30%=1.622µs(n=10000)|30-40%=1.676µs(n=10000)|40-50%=1.69µs(n=10000)|50-60%=1.435µs(n=10000)|60-70%=1.74µs(n=10000)|70-80%=1.689µs(n=10000)|80-90%=1.624µs(n=10000)|90-100%=1.713µs(n=10000)",55.55,67.16,1270755,1799995,529870,1270125,0,0,0,0,0,0,0,0,0,0,0,0.00,0.00,0,0,0,0
smt,prehashed_ordered_insert_only_200k,0,200000,200000,330945843,1654,"0-10%=1.444µs(n=20000)|10-20%=1.574µs(n=20000)|20-30%=1.641µs(n=20000)|30-40%=1.596µs(n=20000)|40-50%=1.881µs(n=20000)|50-60%=1.5µs(n=20000)|60-70%=1.6µs(n=20000)|70-80%=1.907µs(n=20000)|80-90%=1.665µs(n=20000)|90-100%=1.734µs(n=20000)",96.43,134.32,2459866,3600038,1340773,2259265,0,0,0,0,0,0,0,0,0,0,0,0.00,0.00,0,0,0,0
smt,prehashed_ordered_insert_only_300k,0,300000,300000,520058726,1733,"0-10%=1.521µs(n=30000)|10-20%=1.607µs(n=30000)|20-30%=1.664µs(n=30000)|30-40%=1.647µs(n=30000)|40-50%=1.867µs(n=30000)|50-60%=1.536µs(n=30000)|60-70%=1.715µs(n=30000)|70-80%=1.99µs(n=30000)|80-90%=1.82µs(n=30000)|90-100%=1.963µs(n=30000)",146.20,201.45,3740351,5400038,1960292,3439746,0,0,0,0,0,0,0,0,0,0,0,0.00,0.00,0,0,0,0
smt,prehashed_ordered_insert_only_500k,0,500000,500000,916997884,1833,"0-10%=1.634µs(n=50000)|10-20%=1.647µs(n=50000)|20-30%=1.802µs(n=50000)|30-40%=1.792µs(n=50000)|40-50%=2.059µs(n=50000)|50-60%=1.663µs(n=50000)|60-70%=1.782µs(n=50000)|70-80%=1.802µs(n=50000)|80-90%=2.098µs(n=50000)|90-100%=2.056µs(n=50000)",237.44,335.73,6029928,9000041,3470722,5529319,0,0,0,0,0,0,0,0,0,0,0,0.00,0.00,0,0,0,0
smt,prehashed_ordered_insert_only_700k,0,700000,700000,1332504563,1903,"0-10%=1.687µs(n=70000)|10-20%=1.734µs(n=70000)|20-30%=1.899µs(n=70000)|30-40%=1.865µs(n=70000)|40-50%=2.146µs(n=70000)|50-60%=1.753µs(n=70000)|60-70%=1.824µs(n=70000)|70-80%=2.024µs(n=70000)|80-90%=2.081µs(n=70000)|90-100%=2.019µs(n=70000)",334.33,470.01,8504913,12600043,4795741,7804302,0,0,0,0,0,0,0,0,0,0,0,0.00,0.00,0,0,0,0
smt,prehashed_ordered_insert_only_900k,0,900000,900000,1717076320,1907,"0-10%=1.714µs(n=90000)|10-20%=1.733µs(n=90000)|20-30%=1.905µs(n=90000)|30-40%=1.869µs(n=90000)|40-50%=2.127µs(n=90000)|50-60%=1.734µs(n=90000)|60-70%=1.818µs(n=90000)|70-80%=2.143µs(n=90000)|80-90%=1.995µs(n=90000)|90-100%=2.035µs(n=90000)",435.77,604.27,11128360,16200036,5972298,10227738,0,0,0,0,0,0,0,0,0,0,0,0.00,0.00,0,0,0,0
smt,prehashed_ordered_insert_only_1m,0,1000000,1000000,1897988499,1897,"0-10%=1.712µs(n=100000)|10-20%=1.714µs(n=100000)|20-30%=1.904µs(n=100000)|30-40%=1.89µs(n=100000)|40-50%=2.129µs(n=100000)|50-60%=1.724µs(n=100000)|60-70%=1.925µs(n=100000)|70-80%=2.134µs(n=100000)|80-90%=1.856µs(n=100000)|90-100%=1.987µs(n=100000)",485.27,671.42,12400597,18000040,6600070,11399970,0,0,0,0,0,0,0,0,0,0,0,0.00,0.00,0,0,0,0
smt,prehashed_ordered_insert_only_2m,0,2000000,2000000,3881954576,1940,"0-10%=1.732µs(n=200000)|10-20%=1.799µs(n=200000)|20-30%=1.97µs(n=200000)|30-40%=1.916µs(n=200000)|40-50%=2.147µs(n=200000)|50-60%=1.765µs(n=200000)|60-70%=1.914µs(n=200000)|70-80%=2.211µs(n=200000)|80-90%=1.925µs(n=200000)|90-100%=2.028µs(n=200000)",985.98,1342.88,25306131,36000057,12694553,23305504,0,0,0,0,0,0,0,0,0,0,0,0.00,0.00,0,0,0,0
smt,prehashed_ordered_insert_only_5m,0,5000000,5000000,10068258176,2013,"0-10%=1.803µs(n=500000)|10-20%=1.861µs(n=500000)|20-30%=2.049µs(n=500000)|30-40%=1.97µs(n=500000)|40-50%=2.293µs(n=500000)|50-60%=1.837µs(n=500000)|60-70%=1.938µs(n=500000)|70-80%=2.274µs(n=500000)|80-90%=2.005µs(n=500000)|90-100%=2.1µs(n=500000)",2428.72,3357.28,62075436,90000079,32925278,57074801,0,0,0,0,0,0,0,0,0,0,0,0.00,0.00,0,0,0,0
smt,prehashed_ordered_insert_only_10m,0,10000000,10000000,20846264681,2084,"0-10%=1.877µs(n=1000000)|10-20%=1.943µs(n=1000000)|20-30%=2.118µs(n=1000000)|30-40%=2.037µs(n=1000000)|40-50%=2.352µs(n=1000000)|50-60%=1.885µs(n=1000000)|60-70%=1.985µs(n=1000000)|70-80%=2.356µs(n=1000000)|80-90%=2.118µs(n=1000000)|90-100%=2.171µs(n=1000000)",4860.37,6714.54,124246593,180000117,65754164,114245953,0,0,0,0,0,0,0,0,0,0,0,0.00,0.00,0,0,0,0
smt,prehashed_ordered_insert_only_25m,0,25000000,25000000,57256983395,2290,"0-10%=1.93µs(n=2500000)|10-20%=2.019µs(n=2500000)|20-30%=2.185µs(n=2500000)|30-40%=2.106µs(n=2500000)|40-50%=2.44µs(n=2500000)|50-60%=2.104µs(n=2500000)|60-70%=2.434µs(n=2500000)|70-80%=2.691µs(n=2500000)|80-90%=2.374µs(n=2500000)|90-100%=2.615µs(n=2500000)",12141.71,16786.17,310317259,450000217,164683601,285316616,0,0,0,0,0,0,0,0,0,0,0,0.00,0.00,0,0,0,0
smt,proof_only_after_10k_build_sample_5pct,10000,10000,0,0,0,"",0.00,0.00,0,0,0,0,751075,1502,632,2925,0,0,0,0,0,0,0,0.00,0.00,0,0,0,0
smt,proof_only_after_50k_build_sample_5pct,50000,50000,0,0,0,"",0.00,0.00,0,0,0,0,3927753,1571,720,3582,0,0,0,0,0,0,0,0.00,0.00,0,0,0,0
smt,proof_only_after_100k_build_sample_5pct,100000,100000,0,0,0,"",0.00,0.00,0,0,0,0,10779589,2155,759,4224,0,0,0,0,0,0,0,0.00,0.00,0,0,0,0
smt,proof_only_after_200k_build_sample_5pct,200000,200000,0,0,0,"",0.00,0.00,0,0,0,0,24258444,2425,796,4596,0,0,0,0,0,0,0,0.00,0.00,0,0,0,0
smt,proof_only_after_300k_build_sample_5pct,300000,300000,0,0,0,"",0.00,0.00,0,0,0,0,47944805,3196,819,4999,0,0,0,0,0,0,0,0.00,0.00,0,0,0,0
smt,proof_only_after_500k_build_sample_5pct,500000,500000,0,0,0,"",0.00,0.00,0,0,0,0,89259104,3570,846,5248,0,0,0,0,0,0,0,0.00,0.00,0,0,0,0
smt,proof_only_after_700k_build_sample_5pct,700000,700000,0,0,0,"",0.00,0.00,0,0,0,0,123101636,3517,865,4865,0,0,0,0,0,0,0,0.00,0.00,0,0,0,0
smt,proof_only_after_900k_build_sample_5pct,900000,900000,0,0,0,"",0.00,0.00,0,0,0,0,170068042,3779,879,5371,0,0,0,0,0,0,0,0.00,0.00,0,0,0,0
smt,proof_only_after_1m_build_sample_5pct,1000000,1000000,0,0,0,"",0.00,0.00,0,0,0,0,198085220,3961,884,5536,0,0,0,0,0,0,0,0.00,0.00,0,0,0,0
smt,proof_only_after_2m_build_sample_3pct,2000000,2000000,0,0,0,"",0.00,0.00,0,0,0,0,248003110,4133,922,5629,0,0,0,0,0,0,0,0.00,0.00,0,0,0,0
smt,proof_only_after_5m_build_sample_3pct,5000000,5000000,0,0,0,"",0.00,0.00,0,0,0,0,708611559,4724,973,6307,0,0,0,0,0,0,0,0.00,0.00,0,0,0,0
smt,proof_only_after_10m_build_sample_2pct,10000000,10000000,0,0,0,"",0.00,0.00,0,0,0,0,1054890891,5274,1011,7554,0,0,0,0,0,0,0,0.00,0.00,0,0,0,0
smt,proof_only_after_25m_build_sample_2pct,25000000,25000000,0,0,0,"",0.00,0.00,0,0,0,0,4683967846,9367,1061,8609,0,0,0,0,0,0,0,0.00,0.00,0,0,0,0
smt,build_10k_then_add_2k_new,10000,12000,2000,4931157,2465,"0-10%=3.009µs(n=200)|10-20%=2.488µs(n=200)|20-30%=2.379µs(n=200)|30-40%=2.343µs(n=200)|40-50%=2.641µs(n=200)|50-60%=2.532µs(n=200)|60-70%=2.334µs(n=200)|70-80%=2.371µs(n=200)|80-90%=2.236µs(n=200)|90-100%=2.316µs(n=200)",1.39,1.39,144234,36038,2552,33486,0,0,0,0,0,0,0,0,0,0,0,0.00,0.00,0,0,0,0
smt,build_50k_then_add_10k_new,50000,60000,10000,33226388,3322,"0-10%=3.861µs(n=1000)|10-20%=3.608µs(n=1000)|20-30%=3.409µs(n=1000)|30-40%=3.404µs(n=1000)|40-50%=3.143µs(n=1000)|50-60%=3.242µs(n=1000)|60-70%=3.175µs(n=1000)|70-80%=3.359µs(n=1000)|80-90%=3.024µs(n=1000)|90-100%=2.996µs(n=1000)",6.87,6.87,718036,180038,12753,167285,0,0,0,0,0,0,0,0,0,0,0,0.00,0.00,0,0,0,0
smt,build_100k_then_add_20k_new,100000,120000,20000,77895747,3894,"0-10%=4.399µs(n=2000)|10-20%=4.045µs(n=2000)|20-30%=4.208µs(n=2000)|30-40%=3.875µs(n=2000)|40-50%=3.909µs(n=2000)|50-60%=3.733µs(n=2000)|60-70%=3.686µs(n=2000)|70-80%=3.714µs(n=2000)|80-90%=3.728µs(n=2000)|90-100%=3.646µs(n=2000)",13.72,13.72,1435307,360038,25494,334544,0,0,0,0,0,0,0,0,0,0,0,0.00,0.00,0,0,0,0
smt,build_200k_then_add_40k_new,200000,240000,40000,182036170,4550,"0-10%=5.763µs(n=4000)|10-20%=5.155µs(n=4000)|20-30%=4.833µs(n=4000)|30-40%=4.554µs(n=4000)|40-50%=4.414µs(n=4000)|50-60%=4.401µs(n=4000)|60-70%=4.291µs(n=4000)|70-80%=4.094µs(n=4000)|80-90%=4.012µs(n=4000)|90-100%=3.988µs(n=4000)",27.43,27.43,2869765,720045,51050,668995,0,0,0,0,0,0,0,0,0,0,0,0.00,0.00,0,0,0,0
smt,build_300k_then_add_60k_new,300000,360000,60000,312819903,5213,"0-10%=6.615µs(n=6000)|10-20%=5.92µs(n=6000)|20-30%=5.858µs(n=6000)|30-40%=5.274µs(n=6000)|40-50%=5.045µs(n=6000)|50-60%=4.805µs(n=6000)|60-70%=4.701µs(n=6000)|70-80%=4.649µs(n=6000)|80-90%=4.629µs(n=6000)|90-100%=4.635µs(n=6000)",41.13,41.13,4304234,1080049,76595,1003454,0,0,0,0,0,0,0,0,0,0,0,0.00,0.00,0,0,0,0
smt,build_500k_then_add_100k_new,500000,600000,100000,503962160,5039,"0-10%=6.009µs(n=10000)|10-20%=5.44µs(n=10000)|20-30%=5.422µs(n=10000)|30-40%=5.216µs(n=10000)|40-50%=4.852µs(n=10000)|50-60%=4.706µs(n=10000)|60-70%=4.706µs(n=10000)|70-80%=4.682µs(n=10000)|80-90%=4.679µs(n=10000)|90-100%=4.68µs(n=10000)",68.51,68.51,7172714,1800050,128125,1671925,0,0,0,0,0,0,0,0,0,0,0,0.00,0.00,0,0,0,0
smt,build_700k_then_add_140k_new,700000,840000,140000,820968506,5864,"0-10%=6.741µs(n=14000)|10-20%=6.011µs(n=14000)|20-30%=5.844µs(n=14000)|30-40%=5.697µs(n=14000)|40-50%=5.665µs(n=14000)|50-60%=5.687µs(n=14000)|60-70%=6.413µs(n=14000)|70-80%=6.038µs(n=14000)|80-90%=5.347µs(n=14000)|90-100%=5.193µs(n=14000)",95.95,95.95,10041942,2520053,178844,2341209,0,0,0,0,0,0,0,0,0,0,0,0.00,0.00,0,0,0,0
smt,build_900k_then_add_180k_new,900000,1080000,180000,1028645641,5714,"0-10%=7.139µs(n=18000)|10-20%=6.337µs(n=18000)|20-30%=5.975µs(n=18000)|30-40%=5.866µs(n=18000)|40-50%=5.669µs(n=18000)|50-60%=5.311µs(n=18000)|60-70%=5.217µs(n=18000)|70-80%=5.191µs(n=18000)|80-90%=5.226µs(n=18000)|90-100%=5.212µs(n=18000)",123.33,123.33,12910587,3240053,230207,3009846,0,0,0,0,0,0,0,0,0,0,0,0.00,0.00,0,0,0,0
smt,build_1m_then_add_200k_new,1000000,1200000,200000,1221560198,6107,"0-10%=6.843µs(n=20000)|10-20%=6.312µs(n=20000)|20-30%=6.179µs(n=20000)|30-40%=6.164µs(n=20000)|40-50%=6.146µs(n=20000)|50-60%=6.008µs(n=20000)|60-70%=5.601µs(n=20000)|70-80%=5.499µs(n=20000)|80-90%=6.226µs(n=20000)|90-100%=6.095µs(n=20000)",137.05,137.05,14345212,3600048,255593,3344455,0,0,0,0,0,0,0,0,0,0,0,0.00,0.00,0,0,0,0
smt,build_2m_then_add_400k_new,2000000,2400000,400000,2582889028,6457,"0-10%=6.953µs(n=40000)|10-20%=6.622µs(n=40000)|20-30%=6.534µs(n=40000)|30-40%=6.496µs(n=40000)|40-50%=6.345µs(n=40000)|50-60%=6.402µs(n=40000)|60-70%=6.419µs(n=40000)|70-80%=6.365µs(n=40000)|80-90%=6.27µs(n=40000)|90-100%=6.161µs(n=40000)",274.08,274.08,28689583,7200062,511238,6688824,0,0,0,0,0,0,0,0,0,0,0,0.00,0.00,0,0,0,0
smt,build_5m_then_add_1m_new,5000000,6000000,1000000,7368007579,7368,"0-10%=7.829µs(n=100000)|10-20%=7.684µs(n=100000)|20-30%=7.392µs(n=100000)|30-40%=7.393µs(n=100000)|40-50%=7.355µs(n=100000)|50-60%=7.512µs(n=100000)|60-70%=7.348µs(n=100000)|70-80%=7.097µs(n=100000)|80-90%=6.961µs(n=100000)|90-100%=7.104µs(n=100000)",685.20,685.20,71722960,18000082,1277892,16722190,0,0,0,0,0,0,0,0,0,0,0,0.00,0.00,0,0,0,0
smt,build_10m_then_add_2m_new,10000000,12000000,2000000,16715410744,8357,"0-10%=8.621µs(n=200000)|10-20%=8.343µs(n=200000)|20-30%=8.656µs(n=200000)|30-40%=8.466µs(n=200000)|40-50%=8.446µs(n=200000)|50-60%=8.462µs(n=200000)|60-70%=8.416µs(n=200000)|70-80%=8.066µs(n=200000)|80-90%=8.096µs(n=200000)|90-100%=7.999µs(n=200000)",1370.35,1370.35,143443497,36000121,2557404,33442717,0,0,0,0,0,0,0,0,0,0,0,0.00,0.00,0,0,0,0
smt,build_25m_then_add_5m_new,25000000,30000000,5000000,50565761794,10113,"0-10%=10.13µs(n=500000)|10-20%=10.071µs(n=500000)|20-30%=10.25µs(n=500000)|30-40%=10.119µs(n=500000)|40-50%=10.067µs(n=500000)|50-60%=10.146µs(n=500000)|60-70%=10.089µs(n=500000)|70-80%=10.068µs(n=500000)|80-90%=10.091µs(n=500000)|90-100%=10.095µs(n=500000)",3426.24,3426.24,358607635,90000274,6393418,83606856,0,0,0,0,0,0,0,0,0,0,0,0.00,0.00,0,0,0,0
smt,build_10k_then_reinsert_2k_existing,10000,10000,2000,4665875,2332,"0-10%=2.822µs(n=200)|10-20%=2.356µs(n=200)|20-30%=2.248µs(n=200)|30-40%=2.346µs(n=200)|40-50%=2.184µs(n=200)|50-60%=2.178µs(n=200)|60-70%=2.309µs(n=200)|70-80%=2.516µs(n=200)|80-90%=2.282µs(n=200)|90-100%=2.081µs(n=200)",0.27,0.27,119839,10038,1001,9037,0,0,0,0,0,0,0,0,0,0,0,0.00,0.00,0,0,0,0
smt,build_50k_then_reinsert_10k_existing,50000,50000,10000,31464063,3146,"0-10%=3.864µs(n=1000)|10-20%=3.303µs(n=1000)|20-30%=3.248µs(n=1000)|30-40%=3.092µs(n=1000)|40-50%=3.046µs(n=1000)|50-60%=3.148µs(n=1000)|60-70%=2.92µs(n=1000)|70-80%=2.992µs(n=1000)|80-90%=2.879µs(n=1000)|90-100%=2.965µs(n=1000)",1.31,1.31,595846,50038,5001,45037,0,0,0,0,0,0,0,0,0,0,0,0.00,0.00,0,0,0,0
smt,build_100k_then_reinsert_20k_existing,100000,100000,20000,74809589,3740,"0-10%=4.475µs(n=2000)|10-20%=4.01µs(n=2000)|20-30%=3.865µs(n=2000)|30-40%=3.732µs(n=2000)|40-50%=3.698µs(n=2000)|50-60%=3.645µs(n=2000)|60-70%=3.562µs(n=2000)|70-80%=3.533µs(n=2000)|80-90%=3.407µs(n=2000)|90-100%=3.471µs(n=2000)",2.61,2.61,1190857,100038,10001,90037,0,0,0,0,0,0,0,0,0,0,0,0.00,0.00,0,0,0,0
smt,build_200k_then_reinsert_40k_existing,200000,200000,40000,166043058,4151,"0-10%=4.973µs(n=4000)|10-20%=4.395µs(n=4000)|20-30%=4.217µs(n=4000)|30-40%=4.1µs(n=4000)|40-50%=4.045µs(n=4000)|50-60%=4.005µs(n=4000)|60-70%=3.94µs(n=4000)|70-80%=4.013µs(n=4000)|80-90%=3.929µs(n=4000)|90-100%=3.888µs(n=4000)",5.22,5.22,2380869,200045,20000,180045,0,0,0,0,0,0,0,0,0,0,0,0.00,0.00,0,0,0,0
smt,build_300k_then_reinsert_60k_existing,300000,300000,60000,257420288,4290,"0-10%=5.156µs(n=6000)|10-20%=4.606µs(n=6000)|20-30%=4.403µs(n=6000)|30-40%=4.28µs(n=6000)|40-50%=4.197µs(n=6000)|50-60%=4.187µs(n=6000)|60-70%=4.117µs(n=6000)|70-80%=4.029µs(n=6000)|80-90%=4.022µs(n=6000)|90-100%=3.902µs(n=6000)",7.81,7.81,3570880,300047,30001,270046,0,0,0,0,0,0,0,0,0,0,0,0.00,0.00,0,0,0,0
smt,build_500k_then_reinsert_100k_existing,500000,500000,100000,482124473,4821,"0-10%=6.185µs(n=10000)|10-20%=4.89µs(n=10000)|20-30%=4.683µs(n=10000)|30-40%=4.575µs(n=10000)|40-50%=4.522µs(n=10000)|50-60%=4.474µs(n=10000)|60-70%=4.466µs(n=10000)|70-80%=4.425µs(n=10000)|80-90%=4.795µs(n=10000)|90-100%=5.193µs(n=10000)",13.00,13.00,5950887,500049,50001,450048,0,0,0,0,0,0,0,0,0,0,0,0.00,0.00,0,0,0,0
smt,build_700k_then_reinsert_140k_existing,700000,700000,140000,715993538,5114,"0-10%=5.86µs(n=14000)|10-20%=5.128µs(n=14000)|20-30%=4.951µs(n=14000)|30-40%=4.89µs(n=14000)|40-50%=5.037µs(n=14000)|50-60%=5.192µs(n=14000)|60-70%=5.178µs(n=14000)|70-80%=5.028µs(n=14000)|80-90%=4.938µs(n=14000)|90-100%=4.936µs(n=14000)",18.20,18.20,8330838,700052,70001,630051,0,0,0,0,0,0,0,0,0,0,0,0.00,0.00,0,0,0,0
smt,build_900k_then_reinsert_180k_existing,900000,900000,180000,955443898,5308,"0-10%=5.896µs(n=18000)|10-20%=5.338µs(n=18000)|20-30%=5.196µs(n=18000)|30-40%=5.218µs(n=18000)|40-50%=5.215µs(n=18000)|50-60%=5.646µs(n=18000)|60-70%=5.234µs(n=18000)|70-80%=5.091µs(n=18000)|80-90%=5.15µs(n=18000)|90-100%=5.09µs(n=18000)",23.40,23.40,10710847,900045,90001,810044,0,0,0,0,0,0,0,0,0,0,0,0.00,0.00,0,0,0,0
smt,build_1m_then_reinsert_200k_existing,1000000,1000000,200000,1099723725,5498,"0-10%=6.208µs(n=20000)|10-20%=5.649µs(n=20000)|20-30%=6.124µs(n=20000)|30-40%=5.65µs(n=20000)|40-50%=5.435µs(n=20000)|50-60%=5.278µs(n=20000)|60-70%=5.235µs(n=20000)|70-80%=5.143µs(n=20000)|80-90%=5.14µs(n=20000)|90-100%=5.119µs(n=20000)",25.99,25.99,11900856,1000053,100001,900052,0,0,0,0,0,0,0,0,0,0,0,0.00,0.00,0,0,0,0
smt,build_2m_then_reinsert_400k_existing,2000000,2000000,400000,2386824016,5967,"0-10%=6.389µs(n=40000)|10-20%=6.034µs(n=40000)|20-30%=5.891µs(n=40000)|30-40%=5.847µs(n=40000)|40-50%=5.949µs(n=40000)|50-60%=5.977µs(n=40000)|60-70%=5.903µs(n=40000)|70-80%=5.885µs(n=40000)|80-90%=5.821µs(n=40000)|90-100%=5.969µs(n=40000)",51.97,51.97,23800868,2000059,200001,1800058,0,0,0,0,0,0,0,0,0,0,0,0.00,0.00,0,0,0,0
smt,build_5m_then_reinsert_1m_existing,5000000,5000000,1000000,6875077370,6875,"0-10%=7.251µs(n=100000)|10-20%=6.784µs(n=100000)|20-30%=6.881µs(n=100000)|30-40%=6.839µs(n=100000)|40-50%=6.82µs(n=100000)|50-60%=6.867µs(n=100000)|60-70%=6.846µs(n=100000)|70-80%=6.75µs(n=100000)|80-90%=6.912µs(n=100000)|90-100%=6.795µs(n=100000)",129.95,129.95,59500905,5000080,500001,4500079,0,0,0,0,0,0,0,0,0,0,0,0.00,0.00,0,0,0,0
smt,build_10m_then_reinsert_2m_existing,10000000,10000000,2000000,15376911927,7688,"0-10%=7.791µs(n=200000)|10-20%=7.705µs(n=200000)|20-30%=7.634µs(n=200000)|30-40%=7.767µs(n=200000)|40-50%=7.742µs(n=200000)|50-60%=7.753µs(n=200000)|60-70%=7.709µs(n=200000)|70-80%=7.628µs(n=200000)|80-90%=7.582µs(n=200000)|90-100%=7.569µs(n=200000)",259.92,259.92,119000950,10000115,1000001,9000114,0,0,0,0,0,0,0,0,0,0,0,0.00,0.00,0,0,0,0
smt,build_25m_then_reinsert_5m_existing,25000000,25000000,5000000,46267994625,9253,"0-10%=9.335µs(n=500000)|10-20%=9.34µs(n=500000)|20-30%=9.296µs(n=500000)|30-40%=9.262µs(n=500000)|40-50%=9.255µs(n=500000)|50-60%=9.204µs(n=500000)|60-70%=9.226µs(n=500000)|70-80%=9.192µs(n=500000)|80-90%=9.17µs(n=500000)|90-100%=9.251µs(n=500000)",650.11,650.11,297501089,25000246,2500001,22500245,0,0,0,0,0,0,0,0,0,0,0,0.00,0.00,0,0,0,0
