TreeType,Scenario,PrebuildElements,FinalElements,InsertElements,InsertTime(ns),AvgPerBlock(ns),InsertTimeBuckets,MemAllocMB,TotalAllocMB,HeapObjects,CreatedHeapObjects,FreedHeapObjects,NetLiveHeapObjectChange,InclusionProofTotal(ns),InclusionProofGen(ns),InclusionProofSize(bytes),InclusionProofVerify(ns),ExclusionProofTotal(ns),ExclusionProofGen(ns),ExclusionProofSize(bytes),ExclusionProofVerify(ns),DeleteElements,DeleteTime(ns),AvgDeletePerBlock(ns),DeleteMemAllocMB,DeleteTotalAllocMB,DeleteHeapObjects,DeletesCreatedHeapObjects,DeletesFreedHeapObjects,DeletesNetLiveHeapObjectChange
avlhashtree,insert_only_build_10k,0,10000,10000,22818773,2281,"0-10%=1.764µs(n=1000)|10-20%=1.964µs(n=1000)|20-30%=2.078µs(n=1000)|30-40%=2.158µs(n=1000)|40-50%=2.258µs(n=1000)|50-60%=2.22µs(n=1000)|60-70%=2.311µs(n=1000)|70-80%=3.224µs(n=1000)|80-90%=2.381µs(n=1000)|90-100%=2.455µs(n=1000)",2.44,2.93,56244,80066,24306,55760,0,0,0,0,0,0,0,0,0,0,0,0.00,0.00,0,0,0,0
avlhashtree,insert_only_build_50k,0,50000,50000,126117370,2522,"0-10%=2.017µs(n=5000)|10-20%=2.484µs(n=5000)|20-30%=2.469µs(n=5000)|30-40%=2.745µs(n=5000)|40-50%=2.606µs(n=5000)|50-60%=2.648µs(n=5000)|60-70%=2.625µs(n=5000)|70-80%=2.647µs(n=5000)|80-90%=2.468µs(n=5000)|90-100%=2.51µs(n=5000)",12.22,14.56,280670,400099,119919,280180,0,0,0,0,0,0,0,0,0,0,0,0.00,0.00,0,0,0,0
avlhashtree,insert_only_build_100k,0,100000,100000,277379083,2773,"0-10%=3.042µs(n=10000)|10-20%=2.77µs(n=10000)|20-30%=2.779µs(n=10000)|30-40%=3.145µs(n=10000)|40-50%=2.544µs(n=10000)|50-60%=2.624µs(n=10000)|60-70%=2.68µs(n=10000)|70-80%=2.731µs(n=10000)|80-90%=2.674µs(n=10000)|90-100%=2.743µs(n=10000)",24.66,29.04,572243,800086,228374,571712,0,0,0,0,0,0,0,0,0,0,0,0.00,0.00,0,0,0,0
avlhashtree,insert_only_build_200k,0,200000,200000,554650987,2773,"0-10%=2.149µs(n=20000)|10-20%=2.425µs(n=20000)|20-30%=2.505µs(n=20000)|30-40%=2.704µs(n=20000)|40-50%=2.788µs(n=20000)|50-60%=2.898µs(n=20000)|60-70%=3.026µs(n=20000)|70-80%=2.974µs(n=20000)|80-90%=3.077µs(n=20000)|90-100%=3.183µs(n=20000)",50.05,58.04,1174650,1600095,425991,1174104,0,0,0,0,0,0,0,0,0,0,0,0.00,0.00,0,0,0,0
avlhashtree,insert_only_build_300k,0,300000,300000,886985574,2956,"0-10%=2.253µs(n=30000)|10-20%=2.51µs(n=30000)|20-30%=2.666µs(n=30000)|30-40%=2.753µs(n=30000)|40-50%=2.942µs(n=30000)|50-60%=2.991µs(n=30000)|60-70%=3.044µs(n=30000)|70-80%=3.224µs(n=30000)|80-90%=3.403µs(n=30000)|90-100%=3.775µs(n=30000)",72.58,87.04,1659742,2400097,740917,1659180,0,0,0,0,0,0,0,0,0,0,0,0.00,0.00,0,0,0,0
avlhashtree,insert_only_build_500k,0,500000,500000,1578504622,3157,"0-10%=2.376µs(n=50000)|10-20%=2.653µs(n=50000)|20-30%=2.866µs(n=50000)|30-40%=2.965µs(n=50000)|40-50%=3.214µs(n=50000)|50-60%=3.205µs(n=50000)|60-70%=3.342µs(n=50000)|70-80%=3.437µs(n=50000)|80-90%=3.72µs(n=50000)|90-100%=3.787µs(n=50000)",119.27,145.04,2696630,4000114,1304056,2696058,0,0,0,0,0,0,0,0,0,0,0,0.00,0.00,0,0,0,0
avlhashtree,insert_only_build_700k,0,700000,700000,2426422492,3466,"0-10%=2.416µs(n=70000)|10-20%=2.892µs(n=70000)|20-30%=3.011µs(n=70000)|30-40%=3.293µs(n=70000)|40-50%=3.504µs(n=70000)|50-60%=3.733µs(n=70000)|60-70%=3.716µs(n=70000)|70-80%=3.884µs(n=70000)|80-90%=4.127µs(n=70000)|90-100%=4.082µs(n=70000)",178.14,203.06,4231464,5600121,1369237,4230884,0,0,0,0,0,0,0,0,0,0,0,0.00,0.00,0,0,0,0
avlhashtree,insert_only_build_900k,0,900000,900000,3505198719,3894,"0-10%=2.481µs(n=90000)|10-20%=3.138µs(n=90000)|20-30%=3.553µs(n=90000)|30-40%=3.9µs(n=90000)|40-50%=4.383µs(n=90000)|50-60%=4.187µs(n=90000)|60-70%=3.999µs(n=90000)|70-80%=4.161µs(n=90000)|80-90%=4.561µs(n=90000)|90-100%=4.578µs(n=90000)",216.00,261.07,4906297,7200146,2294437,4905709,0,0,0,0,0,0,0,0,0,0,0,0.00,0.00,0,0,0,0
avlhashtree,insert_only_build_1m,0,1000000,1000000,3754113845,3754,"0-10%=2.528µs(n=100000)|10-20%=2.978µs(n=100000)|20-30%=3.211µs(n=100000)|30-40%=3.409µs(n=100000)|40-50%=3.958µs(n=100000)|50-60%=4.131µs(n=100000)|60-70%=4.189µs(n=100000)|70-80%=4.386µs(n=100000)|80-90%=4.285µs(n=100000)|90-100%=4.46µs(n=100000)",244.84,290.08,5649784,8000148,2350954,5649194,0,0,0,0,0,0,0,0,0,0,0,0.00,0.00,0,0,0,0
avlhashtree,insert_only_build_2m,0,2000000,2000000,8824154646,4412,"0-10%=2.742µs(n=200000)|10-20%=3.338µs(n=200000)|20-30%=4.001µs(n=200000)|30-40%=4.225µs(n=200000)|40-50%=4.364µs(n=200000)|50-60%=4.621µs(n=200000)|60-70%=4.892µs(n=200000)|70-80%=5.094µs(n=200000)|80-90%=5.648µs(n=200000)|90-100%=5.193µs(n=200000)",500.20,580.19,11726715,16000160,4274039,11726121,0,0,0,0,0,0,0,0,0,0,0,0.00,0.00,0,0,0,0
avlhashtree,insert_only_build_5m,0,5000000,5000000,26714746732,5342,"0-10%=3.264µs(n=500000)|10-20%=4.49µs(n=500000)|20-30%=4.782µs(n=500000)|30-40%=5.111µs(n=500000)|40-50%=5.544µs(n=500000)|50-60%=5.686µs(n=500000)|60-70%=5.841µs(n=500000)|70-80%=5.984µs(n=500000)|80-90%=6.368µs(n=500000)|90-100%=6.354µs(n=500000)",1199.83,1450.52,27237504,40000269,12763363,27236906,0,0,0,0,0,0,0,0,0,0,0,0.00,0.00,0,0,0,0
avlhashtree,insert_only_build_10m,0,10000000,10000000,61003730693,6100,"0-10%=3.746µs(n=1000000)|10-20%=5.025µs(n=1000000)|20-30%=5.702µs(n=1000000)|30-40%=5.925µs(n=1000000)|40-50%=6.354µs(n=1000000)|50-60%=6.529µs(n=1000000)|60-70%=6.576µs(n=1000000)|70-80%=6.992µs(n=1000000)|80-90%=6.976µs(n=1000000)|90-100%=7.173µs(n=1000000)",2458.35,2901.23,56868099,80000422,23132926,56867496,0,0,0,0,0,0,0,0,0,0,0,0.00,0.00,0,0,0,0
avlhashtree,insert_only_build_25m,0,25000000,25000000,180983005903,7239,"0-10%=4.66µs(n=2500000)|10-20%=6.06µs(n=2500000)|20-30%=6.598µs(n=2500000)|30-40%=7.031µs(n=2500000)|40-50%=7.396µs(n=2500000)|50-60%=7.796µs(n=2500000)|60-70%=7.926µs(n=2500000)|70-80%=8.11µs(n=2500000)|80-90%=8.212µs(n=2500000)|90-100%=8.597µs(n=2500000)",5857.87,7254.27,130330189,200001007,69671426,130329581,0,0,0,0,0,0,0,0,0,0,0,0.00,0.00,0,0,0,0
avlhashtree,prehashed_ordered_insert_only_10k,0,10000,10000,19880816,1988,"0-10%=1.593µs(n=1000)|10-20%=1.782µs(n=1000)|20-30%=1.903µs(n=1000)|30-40%=1.864µs(n=1000)|40-50%=2.003µs(n=1000)|50-60%=2.698µs(n=1000)|60-70%=1.994µs(n=1000)|70-80%=1.926µs(n=1000)|80-90%=2.081µs(n=1000)|90-100%=2.031µs(n=1000)",1.97,2.91,62967,80052,27706,52346,0,0,0,0,0,0,0,0,0,0,0,0.00,0.00,0,0,0,0
avlhashtree,prehashed_ordered_insert_only_50k,0,50000,50000,111511368,2230,"0-10%=1.788µs(n=5000)|10-20%=2.178µs(n=5000)|20-30%=2.262µs(n=5000)|30-40%=2.151µs(n=5000)|40-50%=2.318µs(n=5000)|50-60%=2.21µs(n=5000)|60-70%=2.236µs(n=5000)|70-80%=2.279µs(n=5000)|80-90%=2.552µs(n=5000)|90-100%=2.323µs(n=5000)",11.85,14.53,266852,400051,133771,266280,0,0,0,0,0,0,0,0,0,0,0,0.00,0.00,0,0,0,0
avlhashtree,prehashed_ordered_insert_only_100k,0,100000,100000,233696639,2336,"0-10%=2.032µs(n=10000)|10-20%=2.235µs(n=10000)|20-30%=2.182µs(n=10000)|30-40%=2.374µs(n=10000)|40-50%=2.296µs(n=10000)|50-60%=2.297µs(n=10000)|60-70%=2.331µs(n=10000)|70-80%=2.628µs(n=10000)|80-90%=2.491µs(n=10000)|90-100%=2.499µs(n=10000)",18.61,29.03,574766,800106,325883,474223,0,0,0,0,0,0,0,0,0,0,0,0.00,0.00,0,0,0,0
avlhashtree,prehashed_ordered_insert_only_200k,0,200000,200000,486677594,2433,"0-10%=2.122µs(n=20000)|10-20%=2.318µs(n=20000)|20-30%=2.385µs(n=20000)|30-40%=2.331µs(n=20000)|40-50%=2.474µs(n=20000)|50-60%=2.391µs(n=20000)|60-70%=2.486µs(n=20000)|70-80%=2.555µs(n=20000)|80-90%=2.663µs(n=20000)|90-100%=2.603µs(n=20000)",35.51,58.02,1079264,1600100,721383,878717,0,0,0,0,0,0,0,0,0,0,0,0.00,0.00,0,0,0,0
avlhashtree,prehashed_ordered_insert_only_300k,0,300000,300000,742986556,2476,"0-10%=2.113µs(n=30000)|10-20%=2.339µs(n=30000)|20-30%=2.457µs(n=30000)|30-40%=2.365µs(n=30000)|40-50%=2.497µs(n=30000)|50-60%=2.504µs(n=30000)|60-70%=2.546µs(n=30000)|70-80%=2.545µs(n=30000)|80-90%=2.686µs(n=30000)|90-100%=2.709µs(n=30000)",53.11,87.01,1612468,2400045,1088153,1311892,0,0,0,0,0,0,0,0,0,0,0,0.00,0.00,0,0,0,0
avlhashtree,prehashed_ordered_insert_only_500k,0,500000,500000,1283596598,2567,"0-10%=2.263µs(n=50000)|10-20%=2.479µs(n=50000)|20-30%=2.413µs(n=50000)|30-40%=2.531µs(n=50000)|40-50%=2.582µs(n=50000)|50-60%=2.657µs(n=50000)|60-70%=2.725µs(n=50000)|70-80%=2.673µs(n=50000)|80-90%=2.671µs(n=50000)|90-100%=2.674µs(n=50000)",95.85,145.02,2987622,4000095,1513020,2487075,0,0,0,0,0,0,0,0,0,0,0,0.00,0.00,0,0,0,0
avlhashtree,prehashed_ordered_insert_only_700k,0,700000,700000,1845280961,2636,"0-10%=2.248µs(n=70000)|10-20%=2.53µs(n=70000)|20-30%=2.547µs(n=70000)|30-40%=2.594µs(n=70000)|40-50%=2.648µs(n=70000)|50-60%=2.774µs(n=70000)|60-70%=2.746µs(n=70000)|70-80%=2.722µs(n=70000)|80-90%=2.774µs(n=70000)|90-100%=2.773µs(n=70000)",134.38,203.03,4189865,5600095,2110779,3489316,0,0,0,0,0,0,0,0,0,0,0,0.00,0.00,0,0,0,0
avlhashtree,prehashed_ordered_insert_only_900k,0,900000,900000,2413138899,2681,"0-10%=2.357µs(n=90000)|10-20%=2.595µs(n=90000)|20-30%=2.531µs(n=90000)|30-40%=2.68µs(n=90000)|40-50%=2.646µs(n=90000)|50-60%=2.698µs(n=90000)|60-70%=2.905µs(n=90000)|70-80%=2.834µs(n=90000)|80-90%=2.78µs(n=90000)|90-100%=2.781µs(n=90000)",172.84,261.04,5388877,7200106,2711788,4488318,0,0,0,0,0,0,0,0,0,0,0,0.00,0.00,0,0,0,0
avlhashtree,prehashed_ordered_insert_only_1m,0,1000000,1000000,2674440651,2674,"0-10%=2.312µs(n=100000)|10-20%=2.562µs(n=100000)|20-30%=2.545µs(n=100000)|30-40%=2.714µs(n=100000)|40-50%=2.636µs(n=100000)|50-60%=2.766µs(n=100000)|60-70%=2.879µs(n=100000)|70-80%=2.771µs(n=100000)|80-90%=2.78µs(n=100000)|90-100%=2.774µs(n=100000)",192.39,290.03,6001974,8000102,2998690,5001412,0,0,0,0,0,0,0,0,0,0,0,0.00,0.00,0,0,0,0
avlhashtree,prehashed_ordered_insert_only_2m,0,2000000,2000000,5597046319,2798,"0-10%=2.424µs(n=200000)|10-20%=2.649µs(n=200000)|20-30%=2.649µs(n=200000)|30-40%=2.837µs(n=200000)|40-50%=2.808µs(n=200000)|50-60%=2.858µs(n=200000)|60-70%=3.024µs(n=200000)|70-80%=2.954µs(n=200000)|80-90%=2.889µs(n=200000)|90-100%=2.886µs(n=200000)",384.29,580.04,11984025,16000124,6016657,9983467,0,0,0,0,0,0,0,0,0,0,0,0.00,0.00,0,0,0,0
avlhashtree,prehashed_ordered_insert_only_5m,0,5000000,5000000,14731650146,2946,"0-10%=2.567µs(n=500000)|10-20%=2.786µs(n=500000)|20-30%=2.865µs(n=500000)|30-40%=2.93µs(n=500000)|40-50%=2.985µs(n=500000)|50-60%=3.007µs(n=500000)|60-70%=3.09µs(n=500000)|70-80%=3.047µs(n=500000)|80-90%=3.065µs(n=500000)|90-100%=3.115µs(n=500000)",959.00,1450.04,29889257,40000175,15111480,24888695,0,0,0,0,0,0,0,0,0,0,0,0.00,0.00,0,0,0,0
avlhashtree,prehashed_ordered_insert_only_10m,0,10000000,10000000,30712658314,3071,"0-10%=2.738µs(n=1000000)|10-20%=2.948µs(n=1000000)|20-30%=2.937µs(n=1000000)|30-40%=3.013µs(n=1000000)|40-50%=3.063µs(n=1000000)|50-60%=3.102µs(n=1000000)|60-70%=3.229µs(n=1000000)|70-80%=3.187µs(n=1000000)|80-90%=3.218µs(n=1000000)|90-100%=3.272µs(n=1000000)",1907.79,2900.02,59361228,80000226,30639563,49360663,0,0,0,0,0,0,0,0,0,0,0,0.00,0.00,0,0,0,0
avlhashtree,prehashed_ordered_insert_only_25m,0,25000000,25000000,80674088125,3226,"0-10%=2.799µs(n=2500000)|10-20%=3.041µs(n=2500000)|20-30%=3.057µs(n=2500000)|30-40%=3.201µs(n=2500000)|40-50%=3.18µs(n=2500000)|50-60%=3.208µs(n=2500000)|60-70%=3.371µs(n=2500000)|70-80%=3.469µs(n=2500000)|80-90%=3.473µs(n=2500000)|90-100%=3.467µs(n=2500000)",4770.18,7249.69,148445295,200000343,76555617,123444726,0,0,0,0,0,0,0,0,0,0,0,0.00,0.00,0,0,0,0
avlhashtree,proof_only_after_10k_build_sample_5pct,10000,10000,0,0,0,"",0.00,0.00,0,0,0,0,219356,438,1589,4563,0,0,0,0,0,0,0,0.00,0.00,0,0,0,0
avlhashtree,proof_only_after_50k_build_sample_5pct,50000,50000,0,0,0,"",0.00,0.00,0,0,0,0,1406240,562,1855,4171,0,0,0,0,0,0,0,0.00,0.00,0,0,0,0
avlhashtree,proof_only_after_100k_build_sample_5pct,100000,100000,0,0,0,"",0.00,0.00,0,0,0,0,3379412,675,1977,4464,0,0,0,0,0,0,0,0.00,0.00,0,0,0,0
avlhashtree,proof_only_after_200k_build_sample_5pct,200000,200000,0,0,0,"",0.00,0.00,0,0,0,0,8116243,811,2094,4705,0,0,0,0,0,0,0,0.00,0.00,0,0,0,0
avlhashtree,proof_only_after_300k_build_sample_5pct,300000,300000,0,0,0,"",0.00,0.00,0,0,0,0,14989217,999,2169,4961,0,0,0,0,0,0,0,0.00,0.00,0,0,0,0
avlhashtree,proof_only_after_500k_build_sample_5pct,500000,500000,0,0,0,"",0.00,0.00,0,0,0,0,30377722,1215,2257,5361,0,0,0,0,0,0,0,0.00,0.00,0,0,0,0
avlhashtree,proof_only_after_700k_build_sample_5pct,700000,700000,0,0,0,"",0.00,0.00,0,0,0,0,46933594,1340,2317,5357,0,0,0,0,0,0,0,0.00,0.00,0,0,0,0
avlhashtree,proof_only_after_900k_build_sample_5pct,900000,900000,0,0,0,"",0.00,0.00,0,0,0,0,74035334,1645,2359,5706,0,0,0,0,0,0,0,0.00,0.00,0,0,0,0
avlhashtree,proof_only_after_1m_build_sample_5pct,1000000,1000000,0,0,0,"",0.00,0.00,0,0,0,0,78839141,1576,2380,5539,0,0,0,0,0,0,0,0.00,0.00,0,0,0,0
avlhashtree,proof_only_after_2m_build_sample_3pct,2000000,2000000,0,0,0,"",0.00,0.00,0,0,0,0,113448109,1890,2500,6109,0,0,0,0,0,0,0,0.00,0.00,0,0,0,0
avlhashtree,proof_only_after_5m_build_sample_3pct,5000000,5000000,0,0,0,"",0.00,0.00,0,0,0,0,353045323,2353,2663,6557,0,0,0,0,0,0,0,0.00,0.00,0,0,0,0
avlhashtree,proof_only_after_10m_build_sample_2pct,10000000,10000000,0,0,0,"",0.00,0.00,0,0,0,0,496223434,2481,2781,6479,0,0,0,0,0,0,0,0.00,0.00,0,0,0,0
avlhashtree,proof_only_after_25m_build_sample_2pct,25000000,25000000,0,0,0,"",0.00,0.00,0,0,0,0,1780419868,3560,2944,9132,0,0,0,0,0,0,0,0.00,0.00,0,0,0,0
avlhashtree,build_10k_then_add_2k_new,10000,12000,2000,4421620,2210,"0-10%=2.225µs(n=200)|10-20%=2.1µs(n=200)|20-30%=2.085µs(n=200)|30-40%=2.069µs(n=200)|40-50%=2.268µs(n=200)|50-60%=2.443µs(n=200)|60-70%=2.278µs(n=200)|70-80%=2.314µs(n=200)|80-90%=2.195µs(n=200)|90-100%=2.121µs(n=200)",0.59,0.59,65734,16041,1001,15040,0,0,0,0,0,0,0,0,0,0,0,0.00,0.00,0,0,0,0
avlhashtree,build_50k_then_add_10k_new,50000,60000,10000,26374419,2637,"0-10%=2.697µs(n=1000)|10-20%=2.594µs(n=1000)|20-30%=2.667µs(n=1000)|30-40%=2.564µs(n=1000)|40-50%=2.72µs(n=1000)|50-60%=2.534µs(n=1000)|60-70%=2.723µs(n=1000)|70-80%=2.557µs(n=1000)|80-90%=2.577µs(n=1000)|90-100%=2.735µs(n=1000)",2.91,2.91,325744,80039,5001,75038,0,0,0,0,0,0,0,0,0,0,0,0.00,0.00,0,0,0,0
avlhashtree,build_100k_then_add_20k_new,100000,120000,20000,59060965,2953,"0-10%=3.114µs(n=2000)|10-20%=2.965µs(n=2000)|20-30%=3.041µs(n=2000)|30-40%=2.916µs(n=2000)|40-50%=2.905µs(n=2000)|50-60%=2.92µs(n=2000)|60-70%=2.846µs(n=2000)|70-80%=2.925µs(n=2000)|80-90%=2.96µs(n=2000)|90-100%=2.932µs(n=2000)",5.81,5.81,650749,160041,10001,150040,0,0,0,0,0,0,0,0,0,0,0,0.00,0.00,0,0,0,0
avlhashtree,build_200k_then_add_40k_new,200000,240000,40000,126224550,3155,"0-10%=3.283µs(n=4000)|10-20%=3.128µs(n=4000)|20-30%=3.089µs(n=4000)|30-40%=3.143µs(n=4000)|40-50%=3.132µs(n=4000)|50-60%=3.109µs(n=4000)|60-70%=3.158µs(n=4000)|70-80%=3.159µs(n=4000)|80-90%=3.163µs(n=4000)|90-100%=3.187µs(n=4000)",11.63,11.63,1300759,320046,20001,300045,0,0,0,0,0,0,0,0,0,0,0,0.00,0.00,0,0,0,0
avlhashtree,build_300k_then_add_60k_new,300000,360000,60000,227678643,3794,"0-10%=3.716µs(n=6000)|10-20%=3.568µs(n=6000)|20-30%=3.592µs(n=6000)|30-40%=4.603µs(n=6000)|40-50%=4.048µs(n=6000)|50-60%=3.768µs(n=6000)|60-70%=3.716µs(n=6000)|70-80%=3.679µs(n=6000)|80-90%=3.638µs(n=6000)|90-100%=3.613µs(n=6000)",17.43,17.43,1950768,480050,30001,450049,0,0,0,0,0,0,0,0,0,0,0,0.00,0.00,0,0,0,0
avlhashtree,build_500k_then_add_100k_new,500000,600000,100000,423447520,4234,"0-10%=4.704µs(n=10000)|10-20%=4.347µs(n=10000)|20-30%=4.273µs(n=10000)|30-40%=4.172µs(n=10000)|40-50%=4.147µs(n=10000)|50-60%=4.141µs(n=10000)|60-70%=4.123µs(n=10000)|70-80%=4.132µs(n=10000)|80-90%=4.142µs(n=10000)|90-100%=4.157µs(n=10000)",29.03,29.03,3250777,800051,50001,750050,0,0,0,0,0,0,0,0,0,0,0,0.00,0.00,0,0,0,0
avlhashtree,build_700k_then_add_140k_new,700000,840000,140000,642644075,4590,"0-10%=4.904µs(n=14000)|10-20%=4.49µs(n=14000)|20-30%=4.421µs(n=14000)|30-40%=4.412µs(n=14000)|40-50%=4.414µs(n=14000)|50-60%=4.354µs(n=14000)|60-70%=4.343µs(n=14000)|70-80%=4.596µs(n=14000)|80-90%=4.545µs(n=14000)|90-100%=5.419µs(n=14000)",40.63,40.63,4550783,1120053,70001,1050052,0,0,0,0,0,0,0,0,0,0,0,0.00,0.00,0,0,0,0
avlhashtree,build_900k_then_add_180k_new,900000,1080000,180000,872233423,4845,"0-10%=5.599µs(n=18000)|10-20%=4.915µs(n=18000)|20-30%=5.461µs(n=18000)|30-40%=4.626µs(n=18000)|40-50%=4.587µs(n=18000)|50-60%=4.58µs(n=18000)|60-70%=4.6µs(n=18000)|70-80%=4.663µs(n=18000)|80-90%=4.708µs(n=18000)|90-100%=4.715µs(n=18000)",52.23,52.23,5850795,1440058,90000,1350058,0,0,0,0,0,0,0,0,0,0,0,0.00,0.00,0,0,0,0
avlhashtree,build_1m_then_add_200k_new,1000000,1200000,200000,969258371,4846,"0-10%=5.412µs(n=20000)|10-20%=4.886µs(n=20000)|20-30%=4.797µs(n=20000)|30-40%=4.782µs(n=20000)|40-50%=4.68µs(n=20000)|50-60%=4.707µs(n=20000)|60-70%=4.69µs(n=20000)|70-80%=4.765µs(n=20000)|80-90%=4.847µs(n=20000)|90-100%=4.891µs(n=20000)",58.03,58.03,6500793,1600046,100001,1500045,0,0,0,0,0,0,0,0,0,0,0,0.00,0.00,0,0,0,0
avlhashtree,build_2m_then_add_400k_new,2000000,2400000,400000,2278583191,5696,"0-10%=5.982µs(n=40000)|10-20%=5.693µs(n=40000)|20-30%=5.761µs(n=40000)|30-40%=5.738µs(n=40000)|40-50%=5.906µs(n=40000)|50-60%=5.647µs(n=40000)|60-70%=5.739µs(n=40000)|70-80%=5.596µs(n=40000)|80-90%=5.427µs(n=40000)|90-100%=5.472µs(n=40000)",116.06,116.06,13000813,3200067,200001,3000066,0,0,0,0,0,0,0,0,0,0,0,0.00,0.00,0,0,0,0
avlhashtree,build_5m_then_add_1m_new,5000000,6000000,1000000,6701049480,6701,"0-10%=7.077µs(n=100000)|10-20%=6.692µs(n=100000)|20-30%=6.754µs(n=100000)|30-40%=6.745µs(n=100000)|40-50%=6.668µs(n=100000)|50-60%=6.535µs(n=100000)|60-70%=6.615µs(n=100000)|70-80%=6.603µs(n=100000)|80-90%=6.64µs(n=100000)|90-100%=6.677µs(n=100000)",290.16,290.16,32500835,8000085,500000,7500085,0,0,0,0,0,0,0,0,0,0,0,0.00,0.00,0,0,0,0
avlhashtree,build_10m_then_add_2m_new,10000000,12000000,2000000,14638110478,7319,"0-10%=7.577µs(n=200000)|10-20%=7.324µs(n=200000)|20-30%=7.299µs(n=200000)|30-40%=7.341µs(n=200000)|40-50%=7.141µs(n=200000)|50-60%=7.389µs(n=200000)|60-70%=7.308µs(n=200000)|70-80%=7.237µs(n=200000)|80-90%=7.319µs(n=200000)|90-100%=7.25µs(n=200000)",580.35,580.35,65000882,16000120,1000001,15000119,0,0,0,0,0,0,0,0,0,0,0,0.00,0.00,0,0,0,0
avlhashtree,build_25m_then_add_5m_new,25000000,30000000,5000000,43346994799,8669,"0-10%=8.82µs(n=500000)|10-20%=8.56µs(n=500000)|20-30%=8.521µs(n=500000)|30-40%=8.364µs(n=500000)|40-50%=8.436µs(n=500000)|50-60%=8.591µs(n=500000)|60-70%=8.746µs(n=500000)|70-80%=8.916µs(n=500000)|80-90%=8.903µs(n=500000)|90-100%=8.832µs(n=500000)",1451.17,1451.17,162501034,40000256,2500001,37500255,0,0,0,0,0,0,0,0,0,0,0,0.00,0.00,0,0,0,0
avlhashtree,build_10k_then_reinsert_2k_existing,10000,10000,2000,3263683,1631,"0-10%=1.346µs(n=200)|10-20%=1.519µs(n=200)|20-30%=1.525µs(n=200)|30-40%=1.54µs(n=200)|40-50%=1.559µs(n=200)|50-60%=1.709µs(n=200)|60-70%=1.73µs(n=200)|70-80%=1.894µs(n=200)|80-90%=1.782µs(n=200)|90-100%=1.706µs(n=200)",0.29,0.29,61804,12041,1001,11040,0,0,0,0,0,0,0,0,0,0,0,0.00,0.00,0,0,0,0
avlhashtree,build_50k_then_reinsert_10k_existing,50000,50000,10000,19852684,1985,"0-10%=1.784µs(n=1000)|10-20%=2.03µs(n=1000)|20-30%=1.929µs(n=1000)|30-40%=1.864µs(n=1000)|40-50%=1.952µs(n=1000)|50-60%=2.066µs(n=1000)|60-70%=1.995µs(n=1000)|70-80%=1.997µs(n=1000)|80-90%=2.214µs(n=1000)|90-100%=2.014µs(n=1000)",1.39,1.39,305812,60039,5001,55038,0,0,0,0,0,0,0,0,0,0,0,0.00,0.00,0,0,0,0
avlhashtree,build_100k_then_reinsert_20k_existing,100000,100000,20000,43760636,2188,"0-10%=1.929µs(n=2000)|10-20%=2.042µs(n=2000)|20-30%=2.139µs(n=2000)|30-40%=2.172µs(n=2000)|40-50%=2.201µs(n=2000)|50-60%=2.248µs(n=2000)|60-70%=2.265µs(n=2000)|70-80%=2.293µs(n=2000)|80-90%=2.264µs(n=2000)|90-100%=2.322µs(n=2000)",2.76,2.76,610821,120041,10001,110040,0,0,0,0,0,0,0,0,0,0,0,0.00,0.00,0,0,0,0
avlhashtree,build_200k_then_reinsert_40k_existing,200000,200000,40000,98340289,2458,"0-10%=2.153µs(n=4000)|10-20%=2.332µs(n=4000)|20-30%=2.364µs(n=4000)|30-40%=2.444µs(n=4000)|40-50%=2.497µs(n=4000)|50-60%=2.508µs(n=4000)|60-70%=2.545µs(n=4000)|70-80%=2.549µs(n=4000)|80-90%=2.567µs(n=4000)|90-100%=2.62µs(n=4000)",5.51,5.51,1220821,240041,20001,220040,0,0,0,0,0,0,0,0,0,0,0,0.00,0.00,0,0,0,0
avlhashtree,build_300k_then_reinsert_60k_existing,300000,300000,60000,177530659,2958,"0-10%=2.495µs(n=6000)|10-20%=2.666µs(n=6000)|20-30%=3.467µs(n=6000)|30-40%=3.089µs(n=6000)|40-50%=2.899µs(n=6000)|50-60%=2.922µs(n=6000)|60-70%=2.948µs(n=6000)|70-80%=3.025µs(n=6000)|80-90%=3.014µs(n=6000)|90-100%=3.058µs(n=6000)",8.27,8.27,1830831,360046,30001,330045,0,0,0,0,0,0,0,0,0,0,0,0.00,0.00,0,0,0,0
avlhashtree,build_500k_then_reinsert_100k_existing,500000,500000,100000,322055393,3220,"0-10%=2.874µs(n=10000)|10-20%=3.061µs(n=10000)|20-30%=3.146µs(n=10000)|30-40%=3.317µs(n=10000)|40-50%=3.215µs(n=10000)|50-60%=3.255µs(n=10000)|60-70%=3.325µs(n=10000)|70-80%=3.33µs(n=10000)|80-90%=3.342µs(n=10000)|90-100%=3.336µs(n=10000)",13.76,13.76,3050841,600050,50001,550049,0,0,0,0,0,0,0,0,0,0,0,0.00,0.00,0,0,0,0
avlhashtree,build_700k_then_reinsert_140k_existing,700000,700000,140000,485757177,3469,"0-10%=3.266µs(n=14000)|10-20%=3.317µs(n=14000)|20-30%=3.388µs(n=14000)|30-40%=3.454µs(n=14000)|40-50%=3.489µs(n=14000)|50-60%=3.527µs(n=14000)|60-70%=3.542µs(n=14000)|70-80%=3.538µs(n=14000)|80-90%=3.556µs(n=14000)|90-100%=3.614µs(n=14000)",19.26,19.26,4270846,840052,70001,770051,0,0,0,0,0,0,0,0,0,0,0,0.00,0.00,0,0,0,0
avlhashtree,build_900k_then_reinsert_180k_existing,900000,900000,180000,649112452,3606,"0-10%=3.314µs(n=18000)|10-20%=3.434µs(n=18000)|20-30%=3.479µs(n=18000)|30-40%=3.527µs(n=18000)|40-50%=3.529µs(n=18000)|50-60%=3.561µs(n=18000)|60-70%=3.63µs(n=18000)|70-80%=3.68µs(n=18000)|80-90%=3.898µs(n=18000)|90-100%=4.004µs(n=18000)",24.76,24.76,5490863,1080057,90001,990056,0,0,0,0,0,0,0,0,0,0,0,0.00,0.00,0,0,0,0
avlhashtree,build_1m_then_reinsert_200k_existing,1000000,1000000,200000,757013686,3785,"0-10%=3.379µs(n=20000)|10-20%=3.546µs(n=20000)|20-30%=3.717µs(n=20000)|30-40%=3.779µs(n=20000)|40-50%=3.859µs(n=20000)|50-60%=3.795µs(n=20000)|60-70%=3.835µs(n=20000)|70-80%=3.917µs(n=20000)|80-90%=4.013µs(n=20000)|90-100%=4.004µs(n=20000)",27.51,27.51,6100860,1200053,100001,1100052,0,0,0,0,0,0,0,0,0,0,0,0.00,0.00,0,0,0,0
avlhashtree,build_2m_then_reinsert_400k_existing,2000000,2000000,400000,1692297379,4230,"0-10%=3.807µs(n=40000)|10-20%=3.958µs(n=40000)|20-30%=4.048µs(n=40000)|30-40%=4.297µs(n=40000)|40-50%=4.213µs(n=40000)|50-60%=4.199µs(n=40000)|60-70%=4.285µs(n=40000)|70-80%=4.391µs(n=40000)|80-90%=4.442µs(n=40000)|90-100%=4.662µs(n=40000)",55.01,55.01,12200865,2400051,200001,2200050,0,0,0,0,0,0,0,0,0,0,0,0.00,0.00,0,0,0,0
avlhashtree,build_5m_then_reinsert_1m_existing,5000000,5000000,1000000,5271397998,5271,"0-10%=4.315µs(n=100000)|10-20%=4.821µs(n=100000)|20-30%=5.08µs(n=100000)|30-40%=5.281µs(n=100000)|40-50%=5.403µs(n=100000)|50-60%=5.415µs(n=100000)|60-70%=5.566µs(n=100000)|70-80%=5.553µs(n=100000)|80-90%=5.545µs(n=100000)|90-100%=5.73µs(n=100000)",137.53,137.53,30500886,6000075,500001,5500074,0,0,0,0,0,0,0,0,0,0,0,0.00,0.00,0,0,0,0
avlhashtree,build_10m_then_reinsert_2m_existing,10000000,10000000,2000000,11906960941,5953,"0-10%=4.829µs(n=200000)|10-20%=5.405µs(n=200000)|20-30%=5.67µs(n=200000)|30-40%=5.909µs(n=200000)|40-50%=5.999µs(n=200000)|50-60%=6.062µs(n=200000)|60-70%=6.301µs(n=200000)|70-80%=6.436µs(n=200000)|80-90%=6.334µs(n=200000)|90-100%=6.586µs(n=200000)",275.08,275.08,61000924,12000106,1000000,11000106,0,0,0,0,0,0,0,0,0,0,0,0.00,0.00,0,0,0,0
avlhashtree,build_25m_then_reinsert_5m_existing,25000000,25000000,5000000,35921918677,7184,"0-10%=5.808µs(n=500000)|10-20%=6.776µs(n=500000)|20-30%=6.851µs(n=500000)|30-40%=7.116µs(n=500000)|40-50%=7.295µs(n=500000)|50-60%=7.398µs(n=500000)|60-70%=7.571µs(n=500000)|70-80%=7.698µs(n=500000)|80-90%=7.589µs(n=500000)|90-100%=7.737µs(n=500000)",687.84,687.84,152501047,30000210,2500001,27500209,0,0,0,0,0,0,0,0,0,0,0,0.00,0.00,0,0,0,0
avlhashtree,insert_only_build_10k,0,10000,10000,22736213,2273,"0-10%=1.722µs(n=1000)|10-20%=2.005µs(n=1000)|20-30%=2.084µs(n=1000)|30-40%=2.159µs(n=1000)|40-50%=2.262µs(n=1000)|50-60%=2.282µs(n=1000)|60-70%=2.365µs(n=1000)|70-80%=3.104µs(n=1000)|80-90%=2.344µs(n=1000)|90-100%=2.404µs(n=1000)",2.44,2.93,56242,80065,24306,55759,0,0,0,0,0,0,0,0,0,0,0,0.00,0.00,0,0,0,0
avlhashtree,insert_only_build_50k,0,50000,50000,127283926,2545,"0-10%=2.084µs(n=5000)|10-20%=2.521µs(n=5000)|20-30%=2.553µs(n=5000)|30-40%=2.749µs(n=5000)|40-50%=2.588µs(n=5000)|50-60%=2.648µs(n=5000)|60-70%=2.65µs(n=5000)|70-80%=2.719µs(n=5000)|80-90%=2.445µs(n=5000)|90-100%=2.496µs(n=5000)",12.21,14.56,280432,400098,120160,279938,0,0,0,0,0,0,0,0,0,0,0,0.00,0.00,0,0,0,0
avlhashtree,insert_only_build_100k,0,100000,100000,248235379,2482,"0-10%=2.033µs(n=10000)|10-20%=2.306µs(n=10000)|20-30%=2.318µs(n=10000)|30-40%=2.571µs(n=10000)|40-50%=2.448µs(n=10000)|50-60%=2.525µs(n=10000)|60-70%=2.579µs(n=10000)|70-80%=2.69µs(n=10000)|80-90%=2.652µs(n=10000)|90-100%=2.695µs(n=10000)",24.64,29.03,571576,800082,229036,571046,0,0,0,0,0,0,0,0,0,0,0,0.00,0.00,0,0,0,0
avlhashtree,insert_only_build_200k,0,200000,200000,542495841,2712,"0-10%=2.182µs(n=20000)|10-20%=2.394µs(n=20000)|20-30%=2.511µs(n=20000)|30-40%=2.659µs(n=20000)|40-50%=2.694µs(n=20000)|50-60%=2.783µs(n=20000)|60-70%=2.929µs(n=20000)|70-80%=2.936µs(n=20000)|80-90%=2.991µs(n=20000)|90-100%=3.042µs(n=20000)",50.06,58.05,1174587,1600094,426048,1174046,0,0,0,0,0,0,0,0,0,0,0,0.00,0.00,0,0,0,0
avlhashtree,insert_only_build_300k,0,300000,300000,887227642,2957,"0-10%=2.21µs(n=30000)|10-20%=2.563µs(n=30000)|20-30%=2.698µs(n=30000)|30-40%=2.752µs(n=30000)|40-50%=2.916µs(n=30000)|50-60%=2.953µs(n=30000)|60-70%=3.073µs(n=30000)|70-80%=3.6µs(n=30000)|80-90%=3.41µs(n=30000)|90-100%=3.396µs(n=30000)",72.62,87.04,1661083,2400106,739592,1660514,0,0,0,0,0,0,0,0,0,0,0,0.00,0.00,0,0,0,0
avlhashtree,insert_only_build_500k,0,500000,500000,1596849266,3193,"0-10%=2.35µs(n=50000)|10-20%=2.647µs(n=50000)|20-30%=2.918µs(n=50000)|30-40%=3.041µs(n=50000)|40-50%=3.176µs(n=50000)|50-60%=3.254µs(n=50000)|60-70%=3.388µs(n=50000)|70-80%=3.46µs(n=50000)|80-90%=3.762µs(n=50000)|90-100%=3.936µs(n=50000)",120.50,145.04,2747051,4000113,1253642,2746471,0,0,0,0,0,0,0,0,0,0,0,0.00,0.00,0,0,0,0
avlhashtree,insert_only_build_700k,0,700000,700000,2382136430,3403,"0-10%=2.394µs(n=70000)|10-20%=2.822µs(n=70000)|20-30%=3.004µs(n=70000)|30-40%=3.25µs(n=70000)|40-50%=3.314µs(n=70000)|50-60%=3.501µs(n=70000)|60-70%=3.723µs(n=70000)|70-80%=3.943µs(n=70000)|80-90%=4.067µs(n=70000)|90-100%=4.008µs(n=70000)",177.54,203.05,4207266,5600113,1393432,4206681,0,0,0,0,0,0,0,0,0,0,0,0.00,0.00,0,0,0,0
avlhashtree,insert_only_build_900k,0,900000,900000,3440526968,3822,"0-10%=2.484µs(n=90000)|10-20%=2.961µs(n=90000)|20-30%=3.215µs(n=90000)|30-40%=3.363µs(n=90000)|40-50%=3.804µs(n=90000)|50-60%=3.736µs(n=90000)|60-70%=3.981µs(n=90000)|70-80%=4.576µs(n=90000)|80-90%=4.997µs(n=90000)|90-100%=5.106µs(n=90000)",216.65,261.07,4933250,7200131,2267465,4932666,0,0,0,0,0,0,0,0,0,0,0,0.00,0.00,0,0,0,0
avlhashtree,insert_only_build_1m,0,1000000,1000000,3771730005,3771,"0-10%=2.544µs(n=100000)|10-20%=2.975µs(n=100000)|20-30%=3.209µs(n=100000)|30-40%=3.444µs(n=100000)|40-50%=3.865µs(n=100000)|50-60%=4.02µs(n=100000)|60-70%=4.156µs(n=100000)|70-80%=4.479µs(n=100000)|80-90%=4.442µs(n=100000)|90-100%=4.577µs(n=100000)",244.69,290.08,5643718,8000126,2357010,5643116,0,0,0,0,0,0,0,0,0,0,0,0.00,0.00,0,0,0,0
avlhashtree,insert_only_build_2m,0,2000000,2000000,8847114235,4423,"0-10%=2.735µs(n=200000)|10-20%=3.311µs(n=200000)|20-30%=3.934µs(n=200000)|30-40%=4.657µs(n=200000)|40-50%=4.638µs(n=200000)|50-60%=4.613µs(n=200000)|60-70%=4.973µs(n=200000)|70-80%=5.033µs(n=200000)|80-90%=5.112µs(n=200000)|90-100%=5.225µs(n=200000)",499.88,580.20,11713297,16000147,4287459,11712688,0,0,0,0,0,0,0,0,0,0,0,0.00,0.00,0,0,0,0
avlhashtree,insert_only_build_5m,0,5000000,5000000,26654924325,5330,"0-10%=3.196µs(n=500000)|10-20%=4.297µs(n=500000)|20-30%=4.903µs(n=500000)|30-40%=5.156µs(n=500000)|40-50%=5.628µs(n=500000)|50-60%=5.747µs(n=500000)|60-70%=5.791µs(n=500000)|70-80%=5.957µs(n=500000)|80-90%=6.382µs(n=500000)|90-100%=6.248µs(n=500000)",1200.93,1450.52,27282131,40000258,12718731,27281527,0,0,0,0,0,0,0,0,0,0,0,0.00,0.00,0,0,0,0
avlhashtree,insert_only_build_10m,0,10000000,10000000,61571786259,6157,"0-10%=3.741µs(n=1000000)|10-20%=5.071µs(n=1000000)|20-30%=5.678µs(n=1000000)|30-40%=6.01µs(n=1000000)|40-50%=6.444µs(n=1000000)|50-60%=6.541µs(n=1000000)|60-70%=6.682µs(n=1000000)|70-80%=7.159µs(n=1000000)|80-90%=7.106µs(n=1000000)|90-100%=7.135µs(n=1000000)",2449.73,2901.23,56515305,80000433,23485734,56514699,0,0,0,0,0,0,0,0,0,0,0,0.00,0.00,0,0,0,0
avlhashtree,insert_only_build_25m,0,25000000,25000000,180767111953,7230,"0-10%=4.657µs(n=2500000)|10-20%=6.06µs(n=2500000)|20-30%=6.586µs(n=2500000)|30-40%=6.963µs(n=2500000)|40-50%=7.39µs(n=2500000)|50-60%=7.765µs(n=2500000)|60-70%=7.869µs(n=2500000)|70-80%=8.061µs(n=2500000)|80-90%=8.25µs(n=2500000)|90-100%=8.7µs(n=2500000)",5844.68,7254.24,129791030,200000999,70210587,129790412,0,0,0,0,0,0,0,0,0,0,0,0.00,0.00,0,0,0,0
avlhashtree,prehashed_ordered_insert_only_10k,0,10000,10000,19721657,1972,"0-10%=1.8µs(n=1000)|10-20%=1.709µs(n=1000)|20-30%=1.849µs(n=1000)|30-40%=1.817µs(n=1000)|40-50%=1.962µs(n=1000)|50-60%=2.611µs(n=1000)|60-70%=1.996µs(n=1000)|70-80%=1.908µs(n=1000)|80-90%=2.035µs(n=1000)|90-100%=2.029µs(n=1000)",1.96,2.91,62817,80042,27869,52173,0,0,0,0,0,0,0,0,0,0,0,0.00,0.00,0,0,0,0
avlhashtree,prehashed_ordered_insert_only_50k,0,50000,50000,110212103,2204,"0-10%=1.78µs(n=5000)|10-20%=2.088µs(n=5000)|20-30%=2.251µs(n=5000)|30-40%=2.128µs(n=5000)|40-50%=2.364µs(n=5000)|50-60%=2.175µs(n=5000)|60-70%=2.212µs(n=5000)|70-80%=2.267µs(n=5000)|80-90%=2.502µs(n=5000)|90-100%=2.27µs(n=5000)",11.85,14.52,266962,400046,133670,266376,0,0,0,0,0,0,0,0,0,0,0,0.00,0.00,0,0,0,0
avlhashtree,prehashed_ordered_insert_only_100k,0,100000,100000,228699738,2286,"0-10%=2.012µs(n=10000)|10-20%=2.085µs(n=10000)|20-30%=2.271µs(n=10000)|30-40%=2.242µs(n=10000)|40-50%=2.385µs(n=10000)|50-60%=2.273µs(n=10000)|60-70%=2.316µs(n=10000)|70-80%=2.382µs(n=10000)|80-90%=2.52µs(n=10000)|90-100%=2.379µs(n=10000)",17.71,29.03,537820,800090,362827,437263,0,0,0,0,0,0,0,0,0,0,0,0.00,0.00,0,0,0,0
avlhashtree,prehashed_ordered_insert_only_200k,0,200000,200000,480853463,2404,"0-10%=2.06µs(n=20000)|10-20%=2.241µs(n=20000)|20-30%=2.364µs(n=20000)|30-40%=2.325µs(n=20000)|40-50%=2.438µs(n=20000)|50-60%=2.406µs(n=20000)|60-70%=2.492µs(n=20000)|70-80%=2.54µs(n=20000)|80-90%=2.632µs(n=20000)|90-100%=2.54µs(n=20000)",35.42,58.03,1075408,1600098,725250,874848,0,0,0,0,0,0,0,0,0,0,0,0.00,0.00,0,0,0,0
avlhashtree,prehashed_ordered_insert_only_300k,0,300000,300000,739441407,2464,"0-10%=2.1µs(n=30000)|10-20%=2.32µs(n=30000)|20-30%=2.451µs(n=30000)|30-40%=2.379µs(n=30000)|40-50%=2.495µs(n=30000)|50-60%=2.509µs(n=30000)|60-70%=2.546µs(n=30000)|70-80%=2.551µs(n=30000)|80-90%=2.636µs(n=30000)|90-100%=2.654µs(n=30000)",53.53,87.02,1629341,2400093,1071307,1328786,0,0,0,0,0,0,0,0,0,0,0,0.00,0.00,0,0,0,0
avlhashtree,prehashed_ordered_insert_only_500k,0,500000,500000,1283713865,2567,"0-10%=2.2µs(n=50000)|10-20%=2.436µs(n=50000)|20-30%=2.412µs(n=50000)|30-40%=2.525µs(n=50000)|40-50%=2.565µs(n=50000)|50-60%=2.647µs(n=50000)|60-70%=2.754µs(n=50000)|70-80%=2.688µs(n=50000)|80-90%=2.736µs(n=50000)|90-100%=2.706µs(n=50000)",95.85,145.02,2987399,4000113,1513274,2486839,0,0,0,0,0,0,0,0,0,0,0,0.00,0.00,0,0,0,0
avlhashtree,prehashed_ordered_insert_only_700k,0,700000,700000,1836070580,2622,"0-10%=2.252µs(n=70000)|10-20%=2.51µs(n=70000)|20-30%=2.539µs(n=70000)|30-40%=2.599µs(n=70000)|40-50%=2.671µs(n=70000)|50-60%=2.656µs(n=70000)|60-70%=2.745µs(n=70000)|70-80%=2.714µs(n=70000)|80-90%=2.772µs(n=70000)|90-100%=2.768µs(n=70000)",134.44,203.03,4192134,5600098,2108534,3491564,0,0,0,0,0,0,0,0,0,0,0,0.00,0.00,0,0,0,0
avlhashtree,prehashed_ordered_insert_only_900k,0,900000,900000,2423907986,2693,"0-10%=2.351µs(n=90000)|10-20%=2.586µs(n=90000)|20-30%=2.521µs(n=90000)|30-40%=2.686µs(n=90000)|40-50%=2.649µs(n=90000)|50-60%=2.758µs(n=90000)|60-70%=2.845µs(n=90000)|70-80%=2.848µs(n=90000)|80-90%=2.842µs(n=90000)|90-100%=2.841µs(n=90000)",173.62,261.03,5420996,7200092,2679669,4520423,0,0,0,0,0,0,0,0,0,0,0,0.00,0.00,0,0,0,0
avlhashtree,prehashed_ordered_insert_only_1m,0,1000000,1000000,2688130810,2688,"0-10%=2.364µs(n=100000)|10-20%=2.575µs(n=100000)|20-30%=2.525µs(n=100000)|30-40%=2.674µs(n=100000)|40-50%=2.645µs(n=100000)|50-60%=2.822µs(n=100000)|60-70%=2.874µs(n=100000)|70-80%=2.837µs(n=100000)|80-90%=2.784µs(n=100000)|90-100%=2.775µs(n=100000)",192.50,290.03,6006744,8000105,2993936,5006169,0,0,0,0,0,0,0,0,0,0,0,0.00,0.00,0,0,0,0
avlhashtree,prehashed_ordered_insert_only_2m,0,2000000,2000000,5565438139,2782,"0-10%=2.427µs(n=200000)|10-20%=2.65µs(n=200000)|20-30%=2.649µs(n=200000)|30-40%=2.877µs(n=200000)|40-50%=2.805µs(n=200000)|50-60%=2.79µs(n=200000)|60-70%=2.95µs(n=200000)|70-80%=2.891µs(n=200000)|80-90%=2.895µs(n=200000)|90-100%=2.888µs(n=200000)",384.47,580.04,11991115,16000121,6009584,9990537,0,0,0,0,0,0,0,0,0,0,0,0.00,0.00,0,0,0,0
avlhashtree,prehashed_ordered_insert_only_5m,0,5000000,5000000,14753585584,2950,"0-10%=2.592µs(n=500000)|10-20%=2.817µs(n=500000)|20-30%=2.871µs(n=500000)|30-40%=2.907µs(n=500000)|40-50%=2.956µs(n=500000)|50-60%=3.106µs(n=500000)|60-70%=3.018µs(n=500000)|70-80%=2.991µs(n=500000)|80-90%=3.066µs(n=500000)|90-100%=3.179µs(n=500000)",964.05,1450.05,30095910,40000171,14904836,25095335,0,0,0,0,0,0,0,0,0,0,0,0.00,0.00,0,0,0,0
avlhashtree,prehashed_ordered_insert_only_10m,0,10000000,10000000,30477185939,3047,"0-10%=2.651µs(n=1000000)|10-20%=2.885µs(n=1000000)|20-30%=2.93µs(n=1000000)|30-40%=3.008µs(n=1000000)|40-50%=3.071µs(n=1000000)|50-60%=3.101µs(n=1000000)|60-70%=3.234µs(n=1000000)|70-80%=3.158µs(n=1000000)|80-90%=3.188µs(n=1000000)|90-100%=3.247µs(n=1000000)",1913.91,2900.02,59611842,80000203,30388946,49611257,0,0,0,0,0,0,0,0,0,0,0,0.00,0.00,0,0,0,0
avlhashtree,prehashed_ordered_insert_only_25m,0,25000000,25000000,81326874228,3253,"0-10%=2.869µs(n=2500000)|10-20%=3.094µs(n=2500000)|20-30%=3.073µs(n=2500000)|30-40%=3.21µs(n=2500000)|40-50%=3.2µs(n=2500000)|50-60%=3.222µs(n=2500000)|60-70%=3.35µs(n=2500000)|70-80%=3.492µs(n=2500000)|80-90%=3.525µs(n=2500000)|90-100%=3.49µs(n=2500000)",4789.81,7249.69,149249475,200000347,75751450,124248897,0,0,0,0,0,0,0,0,0,0,0,0.00,0.00,0,0,0,0
avlhashtree,proof_only_after_10k_build_sample_5pct,10000,10000,0,0,0,"",0.00,0.00,0,0,0,0,267200,534,1577,4345,0,0,0,0,0,0,0,0.00,0.00,0,0,0,0
avlhashtree,proof_only_after_50k_build_sample_5pct,50000,50000,0,0,0,"",0.00,0.00,0,0,0,0,1479539,591,1857,4095,0,0,0,0,0,0,0,0.00,0.00,0,0,0,0
avlhashtree,proof_only_after_100k_build_sample_5pct,100000,100000,0,0,0,"",0.00,0.00,0,0,0,0,3424339,684,1974,4590,0,0,0,0,0,0,0,0.00,0.00,0,0,0,0
avlhashtree,proof_only_after_200k_build_sample_5pct,200000,200000,0,0,0,"",0.00,0.00,0,0,0,0,8303680,830,2098,4736,0,0,0,0,0,0,0,0.00,0.00,0,0,0,0
avlhashtree,proof_only_after_300k_build_sample_5pct,300000,300000,0,0,0,"",0.00,0.00,0,0,0,0,15331621,1022,2167,5106,0,0,0,0,0,0,0,0.00,0.00,0,0,0,0
avlhashtree,proof_only_after_500k_build_sample_5pct,500000,500000,0,0,0,"",0.00,0.00,0,0,0,0,30711900,1228,2259,5468,0,0,0,0,0,0,0,0.00,0.00,0,0,0,0
avlhashtree,proof_only_after_700k_build_sample_5pct,700000,700000,0,0,0,"",0.00,0.00,0,0,0,0,51976674,1485,2315,5439,0,0,0,0,0,0,0,0.00,0.00,0,0,0,0
avlhashtree,proof_only_after_900k_build_sample_5pct,900000,900000,0,0,0,"",0.00,0.00,0,0,0,0,73417133,1631,2359,5464,0,0,0,0,0,0,0,0.00,0.00,0,0,0,0
avlhashtree,proof_only_after_1m_build_sample_5pct,1000000,1000000,0,0,0,"",0.00,0.00,0,0,0,0,84217410,1684,2380,5644,0,0,0,0,0,0,0,0.00,0.00,0,0,0,0
avlhashtree,proof_only_after_2m_build_sample_3pct,2000000,2000000,0,0,0,"",0.00,0.00,0,0,0,0,114569559,1909,2498,6118,0,0,0,0,0,0,0,0.00,0.00,0,0,0,0
avlhashtree,proof_only_after_5m_build_sample_3pct,5000000,5000000,0,0,0,"",0.00,0.00,0,0,0,0,337739609,2251,2663,6566,0,0,0,0,0,0,0,0.00,0.00,0,0,0,0
avlhashtree,proof_only_after_10m_build_sample_2pct,10000000,10000000,0,0,0,"",0.00,0.00,0,0,0,0,494118408,2470,2781,6443,0,0,0,0,0,0,0,0.00,0.00,0,0,0,0
avlhashtree,proof_only_after_25m_build_sample_2pct,25000000,25000000,0,0,0,"",0.00,0.00,0,0,0,0,1762949388,3525,2944,9166,0,0,0,0,0,0,0,0.00,0.00,0,0,0,0
avlhashtree,build_10k_then_add_2k_new,10000,12000,2000,4339110,2169,"0-10%=2.205µs(n=200)|10-20%=2.086µs(n=200)|20-30%=2.055µs(n=200)|30-40%=2.066µs(n=200)|40-50%=2.149µs(n=200)|50-60%=2.145µs(n=200)|60-70%=2.09µs(n=200)|70-80%=2.32µs(n=200)|80-90%=2.382µs(n=200)|90-100%=2.189µs(n=200)",0.59,0.59,65742,16041,1001,15040,0,0,0,0,0,0,0,0,0,0,0,0.00,0.00,0,0,0,0
avlhashtree,build_50k_then_add_10k_new,50000,60000,10000,25880151,2588,"0-10%=2.607µs(n=1000)|10-20%=2.647µs(n=1000)|20-30%=2.464µs(n=1000)|30-40%=2.678µs(n=1000)|40-50%=2.659µs(n=1000)|50-60%=2.515µs(n=1000)|60-70%=2.619µs(n=1000)|70-80%=2.513µs(n=1000)|80-90%=2.547µs(n=1000)|90-100%=2.624µs(n=1000)",2.91,2.91,325755,80039,5001,75038,0,0,0,0,0,0,0,0,0,0,0,0.00,0.00,0,0,0,0
avlhashtree,build_100k_then_add_20k_new,100000,120000,20000,57074435,2853,"0-10%=3.015µs(n=2000)|10-20%=2.88µs(n=2000)|20-30%=2.907µs(n=2000)|30-40%=2.848µs(n=2000)|40-50%=2.787µs(n=2000)|50-60%=2.785µs(n=2000)|60-70%=2.838µs(n=2000)|70-80%=2.822µs(n=2000)|80-90%=2.809µs(n=2000)|90-100%=2.842µs(n=2000)",5.81,5.81,650752,160039,10001,150038,0,0,0,0,0,0,0,0,0,0,0,0.00,0.00,0,0,0,0
avlhashtree,build_200k_then_add_40k_new,200000,240000,40000,128538255,3213,"0-10%=3.292µs(n=4000)|10-20%=3.167µs(n=4000)|20-30%=3.112µs(n=4000)|30-40%=3.138µs(n=4000)|40-50%=3.161µs(n=4000)|50-60%=3.203µs(n=4000)|60-70%=3.244µs(n=4000)|70-80%=3.313µs(n=4000)|80-90%=3.249µs(n=4000)|90-100%=3.251µs(n=4000)",11.63,11.63,1300766,320038,20001,300037,0,0,0,0,0,0,0,0,0,0,0,0.00,0.00,0,0,0,0
avlhashtree,build_300k_then_add_60k_new,300000,360000,60000,224079960,3734,"0-10%=3.744µs(n=6000)|10-20%=3.582µs(n=6000)|20-30%=3.626µs(n=6000)|30-40%=3.512µs(n=6000)|40-50%=4.011µs(n=6000)|50-60%=4.288µs(n=6000)|60-70%=3.683µs(n=6000)|70-80%=3.664µs(n=6000)|80-90%=3.626µs(n=6000)|90-100%=3.606µs(n=6000)",17.42,17.42,1950775,480048,30001,450047,0,0,0,0,0,0,0,0,0,0,0,0.00,0.00,0,0,0,0
avlhashtree,build_500k_then_add_100k_new,500000,600000,100000,413357805,4133,"0-10%=4.588µs(n=10000)|10-20%=4.233µs(n=10000)|20-30%=4.092µs(n=10000)|30-40%=4.024µs(n=10000)|40-50%=4.017µs(n=10000)|50-60%=4.007µs(n=10000)|60-70%=4.007µs(n=10000)|70-80%=4.017µs(n=10000)|80-90%=4.147µs(n=10000)|90-100%=4.198µs(n=10000)",29.03,29.03,3250782,800053,50001,750052,0,0,0,0,0,0,0,0,0,0,0,0.00,0.00,0,0,0,0
avlhashtree,build_700k_then_add_140k_new,700000,840000,140000,690409963,4931,"0-10%=5.458µs(n=14000)|10-20%=4.9µs(n=14000)|20-30%=4.846µs(n=14000)|30-40%=4.948µs(n=14000)|40-50%=5.208µs(n=14000)|50-60%=4.929µs(n=14000)|60-70%=4.746µs(n=14000)|70-80%=4.864µs(n=14000)|80-90%=4.887µs(n=14000)|90-100%=4.524µs(n=14000)",40.63,40.63,4550787,1120055,70001,1050054,0,0,0,0,0,0,0,0,0,0,0,0.00,0.00,0,0,0,0
avlhashtree,build_900k_then_add_180k_new,900000,1080000,180000,884515736,4913,"0-10%=5.411µs(n=18000)|10-20%=4.935µs(n=18000)|20-30%=5.25µs(n=18000)|30-40%=4.739µs(n=18000)|40-50%=4.575µs(n=18000)|50-60%=4.562µs(n=18000)|60-70%=4.674µs(n=18000)|70-80%=4.597µs(n=18000)|80-90%=4.87µs(n=18000)|90-100%=5.522µs(n=18000)",52.23,52.23,5850798,1440054,90001,1350053,0,0,0,0,0,0,0,0,0,0,0,0.00,0.00,0,0,0,0
avlhashtree,build_1m_then_add_200k_new,1000000,1200000,200000,1029655596,5148,"0-10%=5.728µs(n=20000)|10-20%=5.165µs(n=20000)|20-30%=5.321µs(n=20000)|30-40%=5.191µs(n=20000)|40-50%=5.011µs(n=20000)|50-60%=4.952µs(n=20000)|60-70%=4.988µs(n=20000)|70-80%=5.022µs(n=20000)|80-90%=5.069µs(n=20000)|90-100%=5.031µs(n=20000)",58.03,58.03,6500802,1600054,100001,1500053,0,0,0,0,0,0,0,0,0,0,0,0.00,0.00,0,0,0,0
avlhashtree,build_2m_then_add_400k_new,2000000,2400000,400000,2368591248,5921,"0-10%=6.18µs(n=40000)|10-20%=5.568µs(n=40000)|20-30%=5.523µs(n=40000)|30-40%=5.621µs(n=40000)|40-50%=6.103µs(n=40000)|50-60%=6.149µs(n=40000)|60-70%=6.036µs(n=40000)|70-80%=6.087µs(n=40000)|80-90%=6.011µs(n=40000)|90-100%=5.931µs(n=40000)",116.07,116.07,13000821,3200067,200001,3000066,0,0,0,0,0,0,0,0,0,0,0,0.00,0.00,0,0,0,0
avlhashtree,build_5m_then_add_1m_new,5000000,6000000,1000000,6595801954,6595,"0-10%=6.912µs(n=100000)|10-20%=6.622µs(n=100000)|20-30%=6.624µs(n=100000)|30-40%=6.39µs(n=100000)|40-50%=6.545µs(n=100000)|50-60%=6.593µs(n=100000)|60-70%=6.516µs(n=100000)|70-80%=6.58µs(n=100000)|80-90%=6.588µs(n=100000)|90-100%=6.583µs(n=100000)",290.16,290.16,32500851,8000085,500000,7500085,0,0,0,0,0,0,0,0,0,0,0,0.00,0.00,0,0,0,0
avlhashtree,build_10m_then_add_2m_new,10000000,12000000,2000000,14841951915,7420,"0-10%=7.638µs(n=200000)|10-20%=7.283µs(n=200000)|20-30%=7.4µs(n=200000)|30-40%=7.423µs(n=200000)|40-50%=7.279µs(n=200000)|50-60%=7.273µs(n=200000)|60-70%=7.29µs(n=200000)|70-80%=7.861µs(n=200000)|80-90%=7.333µs(n=200000)|90-100%=7.425µs(n=200000)",580.36,580.36,65000891,16000119,1000000,15000119,0,0,0,0,0,0,0,0,0,0,0,0.00,0.00,0,0,0,0
avlhashtree,build_25m_then_add_5m_new,25000000,30000000,5000000,43836163512,8767,"0-10%=9.017µs(n=500000)|10-20%=8.814µs(n=500000)|20-30%=8.766µs(n=500000)|30-40%=8.529µs(n=500000)|40-50%=8.523µs(n=500000)|50-60%=8.539µs(n=500000)|60-70%=8.6µs(n=500000)|70-80%=8.831µs(n=500000)|80-90%=8.874µs(n=500000)|90-100%=9.175µs(n=500000)",1451.18,1451.18,162501027,40000255,2500001,37500254,0,0,0,0,0,0,0,0,0,0,0,0.00,0.00,0,0,0,0
avlhashtree,build_10k_then_reinsert_2k_existing,10000,10000,2000,3279208,1639,"0-10%=1.359µs(n=200)|10-20%=1.482µs(n=200)|20-30%=1.503µs(n=200)|30-40%=1.525µs(n=200)|40-50%=1.53µs(n=200)|50-60%=1.696µs(n=200)|60-70%=1.736µs(n=200)|70-80%=1.819µs(n=200)|80-90%=1.982µs(n=200)|90-100%=1.756µs(n=200)",0.29,0.29,61808,12041,1001,11040,0,0,0,0,0,0,0,0,0,0,0,0.00,0.00,0,0,0,0
avlhashtree,build_50k_then_reinsert_10k_existing,50000,50000,10000,19693574,1969,"0-10%=1.782µs(n=1000)|10-20%=1.861µs(n=1000)|20-30%=1.936µs(n=1000)|30-40%=1.983µs(n=1000)|40-50%=1.964µs(n=1000)|50-60%=2.02µs(n=1000)|60-70%=2.111µs(n=1000)|70-80%=1.993µs(n=1000)|80-90%=2.019µs(n=1000)|90-100%=2.02µs(n=1000)",1.39,1.39,305813,60039,5001,55038,0,0,0,0,0,0,0,0,0,0,0,0.00,0.00,0,0,0,0
avlhashtree,build_100k_then_reinsert_20k_existing,100000,100000,20000,44807682,2240,"0-10%=2.04µs(n=2000)|10-20%=2.111µs(n=2000)|20-30%=2.192µs(n=2000)|30-40%=2.218µs(n=2000)|40-50%=2.326µs(n=2000)|50-60%=2.256µs(n=2000)|60-70%=2.269µs(n=2000)|70-80%=2.327µs(n=2000)|80-90%=2.317µs(n=2000)|90-100%=2.343µs(n=2000)",2.76,2.76,610823,120041,10001,110040,0,0,0,0,0,0,0,0,0,0,0,0.00,0.00,0,0,0,0
avlhashtree,build_200k_then_reinsert_40k_existing,200000,200000,40000,100027524,2500,"0-10%=2.232µs(n=4000)|10-20%=2.386µs(n=4000)|20-30%=2.401µs(n=4000)|30-40%=2.492µs(n=4000)|40-50%=2.535µs(n=4000)|50-60%=2.541µs(n=4000)|60-70%=2.576µs(n=4000)|70-80%=2.584µs(n=4000)|80-90%=2.601µs(n=4000)|90-100%=2.653µs(n=4000)",5.51,5.51,1220824,240039,20001,220038,0,0,0,0,0,0,0,0,0,0,0,0.00,0.00,0,0,0,0
avlhashtree,build_300k_then_reinsert_60k_existing,300000,300000,60000,174346632,2905,"0-10%=2.383µs(n=6000)|10-20%=2.657µs(n=6000)|20-30%=2.749µs(n=6000)|30-40%=3.218µs(n=6000)|40-50%=3.357µs(n=6000)|50-60%=2.893µs(n=6000)|60-70%=2.932µs(n=6000)|70-80%=2.932µs(n=6000)|80-90%=2.951µs(n=6000)|90-100%=2.98µs(n=6000)",8.27,8.27,1830836,360048,30001,330047,0,0,0,0,0,0,0,0,0,0,0,0.00,0.00,0,0,0,0
avlhashtree,build_500k_then_reinsert_100k_existing,500000,500000,100000,318350890,3183,"0-10%=2.95µs(n=10000)|10-20%=3.104µs(n=10000)|20-30%=3.092µs(n=10000)|30-40%=3.151µs(n=10000)|40-50%=3.188µs(n=10000)|50-60%=3.237µs(n=10000)|60-70%=3.254µs(n=10000)|70-80%=3.272µs(n=10000)|80-90%=3.286µs(n=10000)|90-100%=3.296µs(n=10000)",13.76,13.76,3050844,600050,50001,550049,0,0,0,0,0,0,0,0,0,0,0,0.00,0.00,0,0,0,0
avlhashtree,build_700k_then_reinsert_140k_existing,700000,700000,140000,470676691,3361,"0-10%=3.018µs(n=14000)|10-20%=3.146µs(n=14000)|20-30%=3.256µs(n=14000)|30-40%=3.332µs(n=14000)|40-50%=3.423µs(n=14000)|50-60%=3.454µs(n=14000)|60-70%=3.441µs(n=14000)|70-80%=3.468µs(n=14000)|80-90%=3.503µs(n=14000)|90-100%=3.575µs(n=14000)",19.26,19.26,4270850,840050,70001,770049,0,0,0,0,0,0,0,0,0,0,0,0.00,0.00,0,0,0,0
avlhashtree,build_900k_then_reinsert_180k_existing,900000,900000,180000,643233828,3573,"0-10%=3.323µs(n=18000)|10-20%=3.43µs(n=18000)|20-30%=3.484µs(n=18000)|30-40%=3.55µs(n=18000)|40-50%=3.506µs(n=18000)|50-60%=3.639µs(n=18000)|60-70%=3.663µs(n=18000)|70-80%=3.69µs(n=18000)|80-90%=3.717µs(n=18000)|90-100%=3.728µs(n=18000)",24.76,24.76,5490863,1080047,90001,990046,0,0,0,0,0,0,0,0,0,0,0,0.00,0.00,0,0,0,0
avlhashtree,build_1m_then_reinsert_200k_existing,1000000,1000000,200000,757371164,3786,"0-10%=3.451µs(n=20000)|10-20%=3.656µs(n=20000)|20-30%=3.774µs(n=20000)|30-40%=3.809µs(n=20000)|40-50%=3.881µs(n=20000)|50-60%=3.828µs(n=20000)|60-70%=3.917µs(n=20000)|70-80%=3.845µs(n=20000)|80-90%=3.843µs(n=20000)|90-100%=3.858µs(n=20000)",27.51,27.51,6100873,1200057,100000,1100057,0,0,0,0,0,0,0,0,0,0,0,0.00,0.00,0,0,0,0
avlhashtree,build_2m_then_reinsert_400k_existing,2000000,2000000,400000,1706757403,4266,"0-10%=3.725µs(n=40000)|10-20%=3.871µs(n=40000)|20-30%=4.053µs(n=40000)|30-40%=4.165µs(n=40000)|40-50%=4.213µs(n=40000)|50-60%=4.467µs(n=40000)|60-70%=4.434µs(n=40000)|70-80%=4.472µs(n=40000)|80-90%=4.623µs(n=40000)|90-100%=4.642µs(n=40000)",55.01,55.01,12200888,2400059,200001,2200058,0,0,0,0,0,0,0,0,0,0,0,0.00,0.00,0,0,0,0
avlhashtree,build_5m_then_reinsert_1m_existing,5000000,5000000,1000000,5246537034,5246,"0-10%=4.349µs(n=100000)|10-20%=4.822µs(n=100000)|20-30%=4.988µs(n=100000)|30-40%=5.245µs(n=100000)|40-50%=5.296µs(n=100000)|50-60%=5.484µs(n=100000)|60-70%=5.412µs(n=100000)|70-80%=5.515µs(n=100000)|80-90%=5.54µs(n=100000)|90-100%=5.81µs(n=100000)",137.53,137.53,30500912,6000076,500000,5500076,0,0,0,0,0,0,0,0,0,0,0,0.00,0.00,0,0,0,0
avlhashtree,build_10m_then_reinsert_2m_existing,10000000,10000000,2000000,11860754887,5930,"0-10%=4.883µs(n=200000)|10-20%=5.465µs(n=200000)|20-30%=5.667µs(n=200000)|30-40%=5.879µs(n=200000)|40-50%=5.962µs(n=200000)|50-60%=6.058µs(n=200000)|60-70%=6.29µs(n=200000)|70-80%=6.408µs(n=200000)|80-90%=6.312µs(n=200000)|90-100%=6.374µs(n=200000)",275.07,275.07,61000945,12000103,1000001,11000102,0,0,0,0,0,0,0,0,0,0,0,0.00,0.00,0,0,0,0
avlhashtree,build_25m_then_reinsert_5m_existing,25000000,25000000,5000000,35441525045,7088,"0-10%=5.755µs(n=500000)|10-20%=6.668µs(n=500000)|20-30%=6.766µs(n=500000)|30-40%=6.962µs(n=500000)|40-50%=7.271µs(n=500000)|50-60%=7.344µs(n=500000)|60-70%=7.325µs(n=500000)|70-80%=7.42µs(n=500000)|80-90%=7.71µs(n=500000)|90-100%=7.657µs(n=500000)",687.84,687.84,152501056,30000198,2500000,27500198,0,0,0,0,0,0,0,0,0,0,0,0.00,0.00,0,0,0,0
avlhashtree,insert_only_build_10k,0,10000,10000,22750060,2275,"0-10%=1.77µs(n=1000)|10-20%=1.948µs(n=1000)|20-30%=2.086µs(n=1000)|30-40%=2.155µs(n=1000)|40-50%=2.285µs(n=1000)|50-60%=2.289µs(n=1000)|60-70%=2.309µs(n=1000)|70-80%=3.17µs(n=1000)|80-90%=2.309µs(n=1000)|90-100%=2.423µs(n=1000)",2.44,2.92,56374,80061,24171,55890,0,0,0,0,0,0,0,0,0,0,0,0.00,0.00,0,0,0,0
avlhashtree,insert_only_build_50k,0,50000,50000,127032004,2540,"0-10%=2.044µs(n=5000)|10-20%=2.547µs(n=5000)|20-30%=2.559µs(n=5000)|30-40%=2.775µs(n=5000)|40-50%=2.573µs(n=5000)|50-60%=2.645µs(n=5000)|60-70%=2.643µs(n=5000)|70-80%=2.658µs(n=5000)|80-90%=2.454µs(n=5000)|90-100%=2.504µs(n=5000)",12.23,14.56,281133,400096,119458,280638,0,0,0,0,0,0,0,0,0,0,0,0.00,0.00,0,0,0,0
avlhashtree,insert_only_build_100k,0,100000,100000,254162890,2541,"0-10%=2.058µs(n=10000)|10-20%=2.4µs(n=10000)|20-30%=2.401µs(n=10000)|30-40%=2.594µs(n=10000)|40-50%=2.477µs(n=10000)|50-60%=2.57µs(n=10000)|60-70%=2.639µs(n=10000)|70-80%=2.817µs(n=10000)|80-90%=2.704µs(n=10000)|90-100%=2.751µs(n=10000)",24.67,29.05,572204,800099,228423,571676,0,0,0,0,0,0,0,0,0,0,0,0.00,0.00,0,0,0,0
avlhashtree,insert_only_build_200k,0,200000,200000,545925049,2729,"0-10%=2.204µs(n=20000)|10-20%=2.436µs(n=20000)|20-30%=2.516µs(n=20000)|30-40%=2.676µs(n=20000)|40-50%=2.699µs(n=20000)|50-60%=2.786µs(n=20000)|60-70%=2.963µs(n=20000)|70-80%=2.917µs(n=20000)|80-90%=3.012µs(n=20000)|90-100%=3.083µs(n=20000)",49.99,58.03,1172399,1600088,428243,1171845,0,0,0,0,0,0,0,0,0,0,0,0.00,0.00,0,0,0,0
avlhashtree,insert_only_build_300k,0,300000,300000,883888318,2946,"0-10%=2.243µs(n=30000)|10-20%=2.536µs(n=30000)|20-30%=2.75µs(n=30000)|30-40%=2.867µs(n=30000)|40-50%=3.031µs(n=30000)|50-60%=2.957µs(n=30000)|60-70%=3.017µs(n=30000)|70-80%=3.551µs(n=30000)|80-90%=3.252µs(n=30000)|90-100%=3.255µs(n=30000)",72.77,87.04,1667459,2400097,733197,1666900,0,0,0,0,0,0,0,0,0,0,0,0.00,0.00,0,0,0,0
avlhashtree,insert_only_build_500k,0,500000,500000,1622509815,3245,"0-10%=2.338µs(n=50000)|10-20%=2.66µs(n=50000)|20-30%=2.856µs(n=50000)|30-40%=3.013µs(n=50000)|40-50%=3.219µs(n=50000)|50-60%=3.216µs(n=50000)|60-70%=3.33µs(n=50000)|70-80%=3.461µs(n=50000)|80-90%=3.814µs(n=50000)|90-100%=4.538µs(n=50000)",119.61,145.05,2710116,4000103,1290556,2709547,0,0,0,0,0,0,0,0,0,0,0,0.00,0.00,0,0,0,0
avlhashtree,insert_only_build_700k,0,700000,700000,2491847244,3559,"0-10%=2.425µs(n=70000)|10-20%=2.834µs(n=70000)|20-30%=3.017µs(n=70000)|30-40%=3.291µs(n=70000)|40-50%=3.331µs(n=70000)|50-60%=3.573µs(n=70000)|60-70%=3.705µs(n=70000)|70-80%=4.097µs(n=70000)|80-90%=4.68µs(n=70000)|90-100%=4.639µs(n=70000)",177.70,203.06,4213416,5600117,1387277,4212840,0,0,0,0,0,0,0,0,0,0,0,0.00,0.00,0,0,0,0
avlhashtree,insert_only_build_900k,0,900000,900000,3333539858,3703,"0-10%=2.57µs(n=90000)|10-20%=3.067µs(n=90000)|20-30%=3.223µs(n=90000)|30-40%=3.527µs(n=90000)|40-50%=3.71µs(n=90000)|50-60%=3.785µs(n=90000)|60-70%=4.008µs(n=90000)|70-80%=4.05µs(n=90000)|80-90%=4.44µs(n=90000)|90-100%=4.654µs(n=90000)",217.00,261.07,4947624,7200142,2253098,4947044,0,0,0,0,0,0,0,0,0,0,0,0.00,0.00,0,0,0,0
avlhashtree,insert_only_build_1m,0,1000000,1000000,3820722699,3820,"0-10%=2.53µs(n=100000)|10-20%=3.039µs(n=100000)|20-30%=3.344µs(n=100000)|30-40%=3.427µs(n=100000)|40-50%=3.985µs(n=100000)|50-60%=3.952µs(n=100000)|60-70%=4.121µs(n=100000)|70-80%=4.583µs(n=100000)|80-90%=4.512µs(n=100000)|90-100%=4.709µs(n=100000)",246.15,290.08,5703401,8000120,2297302,5702818,0,0,0,0,0,0,0,0,0,0,0,0.00,0.00,0,0,0,0
avlhashtree,insert_only_build_2m,0,2000000,2000000,8814530646,4407,"0-10%=2.744µs(n=200000)|10-20%=3.318µs(n=200000)|20-30%=3.93µs(n=200000)|30-40%=4.237µs(n=200000)|40-50%=4.529µs(n=200000)|50-60%=4.716µs(n=200000)|60-70%=5.139µs(n=200000)|70-80%=5.163µs(n=200000)|80-90%=5.135µs(n=200000)|90-100%=5.158µs(n=200000)",501.30,580.19,11771782,16000174,4228973,11771201,0,0,0,0,0,0,0,0,0,0,0,0.00,0.00,0,0,0,0
avlhashtree,insert_only_build_5m,0,5000000,5000000,26669274970,5333,"0-10%=3.182µs(n=500000)|10-20%=4.332µs(n=500000)|20-30%=4.924µs(n=500000)|30-40%=5.17µs(n=500000)|40-50%=5.602µs(n=500000)|50-60%=5.673µs(n=500000)|60-70%=5.793µs(n=500000)|70-80%=5.952µs(n=500000)|80-90%=6.4µs(n=500000)|90-100%=6.304µs(n=500000)",1198.48,1450.51,27182310,40000279,12818559,27181720,0,0,0,0,0,0,0,0,0,0,0,0.00,0.00,0,0,0,0
avlhashtree,insert_only_build_10m,0,10000000,10000000,61498137906,6149,"0-10%=3.744µs(n=1000000)|10-20%=5.092µs(n=1000000)|20-30%=5.756µs(n=1000000)|30-40%=5.914µs(n=1000000)|40-50%=6.426µs(n=1000000)|50-60%=6.506µs(n=1000000)|60-70%=6.631µs(n=1000000)|70-80%=7.054µs(n=1000000)|80-90%=7.131µs(n=1000000)|90-100%=7.238µs(n=1000000)",2458.24,2901.23,56863854,80000414,23137155,56863259,0,0,0,0,0,0,0,0,0,0,0,0.00,0.00,0,0,0,0
avlhashtree,insert_only_build_25m,0,25000000,25000000,182797267692,7311,"0-10%=4.651µs(n=2500000)|10-20%=6.093µs(n=2500000)|20-30%=6.735µs(n=2500000)|30-40%=7.076µs(n=2500000)|40-50%=7.557µs(n=2500000)|50-60%=7.755µs(n=2500000)|60-70%=7.959µs(n=2500000)|70-80%=8.182µs(n=2500000)|80-90%=8.561µs(n=2500000)|90-100%=8.547µs(n=2500000)",5964.00,7254.29,134670604,200001009,65331000,134670009,0,0,0,0,0,0,0,0,0,0,0,0.00,0.00,0,0,0,0
avlhashtree,prehashed_ordered_insert_only_10k,0,10000,10000,19565631,1956,"0-10%=1.521µs(n=1000)|10-20%=1.746µs(n=1000)|20-30%=1.832µs(n=1000)|30-40%=1.808µs(n=1000)|40-50%=1.969µs(n=1000)|50-60%=2.564µs(n=1000)|60-70%=1.973µs(n=1000)|70-80%=1.996µs(n=1000)|80-90%=2.07µs(n=1000)|90-100%=2.079µs(n=1000)",1.97,2.91,62954,80054,27710,52344,0,0,0,0,0,0,0,0,0,0,0,0.00,0.00,0,0,0,0
avlhashtree,prehashed_ordered_insert_only_50k,0,50000,50000,110997563,2219,"0-10%=1.791µs(n=5000)|10-20%=2.073µs(n=5000)|20-30%=2.266µs(n=5000)|30-40%=2.146µs(n=5000)|40-50%=2.397µs(n=5000)|50-60%=2.189µs(n=5000)|60-70%=2.238µs(n=5000)|70-80%=2.279µs(n=5000)|80-90%=2.535µs(n=5000)|90-100%=2.281µs(n=5000)",11.87,14.53,267504,400048,133106,266942,0,0,0,0,0,0,0,0,0,0,0,0.00,0.00,0,0,0,0
avlhashtree,prehashed_ordered_insert_only_100k,0,100000,100000,232721196,2327,"0-10%=2.06µs(n=10000)|10-20%=2.144µs(n=10000)|20-30%=2.291µs(n=10000)|30-40%=2.257µs(n=10000)|40-50%=2.424µs(n=10000)|50-60%=2.318µs(n=10000)|60-70%=2.375µs(n=10000)|70-80%=2.583µs(n=10000)|80-90%=2.402µs(n=10000)|90-100%=2.413µs(n=10000)",18.09,29.03,553318,800095,347310,452785,0,0,0,0,0,0,0,0,0,0,0,0.00,0.00,0,0,0,0
avlhashtree,prehashed_ordered_insert_only_200k,0,200000,200000,485464577,2427,"0-10%=2.114µs(n=20000)|10-20%=2.305µs(n=20000)|20-30%=2.408µs(n=20000)|30-40%=2.331µs(n=20000)|40-50%=2.449µs(n=20000)|50-60%=2.396µs(n=20000)|60-70%=2.484µs(n=20000)|70-80%=2.621µs(n=20000)|80-90%=2.625µs(n=20000)|90-100%=2.534µs(n=20000)",35.62,58.02,1083893,1600099,716742,883357,0,0,0,0,0,0,0,0,0,0,0,0.00,0.00,0,0,0,0
avlhashtree,prehashed_ordered_insert_only_300k,0,300000,300000,753954724,2513,"0-10%=2.162µs(n=30000)|10-20%=2.385µs(n=30000)|20-30%=2.475µs(n=30000)|30-40%=2.366µs(n=30000)|40-50%=2.539µs(n=30000)|50-60%=2.583µs(n=30000)|60-70%=2.62µs(n=30000)|70-80%=2.622µs(n=30000)|80-90%=2.689µs(n=30000)|90-100%=2.687µs(n=30000)",53.44,87.01,1626196,2400056,1074427,1325629,0,0,0,0,0,0,0,0,0,0,0,0.00,0.00,0,0,0,0
avlhashtree,prehashed_ordered_insert_only_500k,0,500000,500000,1290176375,2580,"0-10%=2.191µs(n=50000)|10-20%=2.441µs(n=50000)|20-30%=2.412µs(n=50000)|30-40%=2.541µs(n=50000)|40-50%=2.517µs(n=50000)|50-60%=2.728µs(n=50000)|60-70%=2.807µs(n=50000)|70-80%=2.732µs(n=50000)|80-90%=2.741µs(n=50000)|90-100%=2.687µs(n=50000)",95.83,145.02,2986715,4000094,1513926,2486168,0,0,0,0,0,0,0,0,0,0,0,0.00,0.00,0,0,0,0
avlhashtree,prehashed_ordered_insert_only_700k,0,700000,700000,1841828871,2631,"0-10%=2.24µs(n=70000)|10-20%=2.479µs(n=70000)|20-30%=2.487µs(n=70000)|30-40%=2.574µs(n=70000)|40-50%=2.629µs(n=70000)|50-60%=2.712µs(n=70000)|60-70%=2.768µs(n=70000)|70-80%=2.759µs(n=70000)|80-90%=2.852µs(n=70000)|90-100%=2.808µs(n=70000)",134.34,203.03,4187914,5600104,2112742,3487362,0,0,0,0,0,0,0,0,0,0,0,0.00,0.00,0,0,0,0
avlhashtree,prehashed_ordered_insert_only_900k,0,900000,900000,2430664627,2700,"0-10%=2.29µs(n=90000)|10-20%=2.525µs(n=90000)|20-30%=2.534µs(n=90000)|30-40%=2.721µs(n=90000)|40-50%=2.713µs(n=90000)|50-60%=2.818µs(n=90000)|60-70%=2.874µs(n=90000)|70-80%=2.848µs(n=90000)|80-90%=2.84µs(n=90000)|90-100%=2.839µs(n=90000)",173.35,261.04,5409963,7200099,2690684,4509415,0,0,0,0,0,0,0,0,0,0,0,0.00,0.00,0,0,0,0
avlhashtree,prehashed_ordered_insert_only_1m,0,1000000,1000000,2675556168,2675,"0-10%=2.304µs(n=100000)|10-20%=2.561µs(n=100000)|20-30%=2.594µs(n=100000)|30-40%=2.708µs(n=100000)|40-50%=2.638µs(n=100000)|50-60%=2.807µs(n=100000)|60-70%=2.832µs(n=100000)|70-80%=2.765µs(n=100000)|80-90%=2.765µs(n=100000)|90-100%=2.779µs(n=100000)",192.51,290.04,6007050,8000115,2993624,5006491,0,0,0,0,0,0,0,0,0,0,0,0.00,0.00,0,0,0,0
avlhashtree,prehashed_ordered_insert_only_2m,0,2000000,2000000,5616160368,2808,"0-10%=2.499µs(n=200000)|10-20%=2.703µs(n=200000)|20-30%=2.667µs(n=200000)|30-40%=2.819µs(n=200000)|40-50%=2.813µs(n=200000)|50-60%=2.899µs(n=200000)|60-70%=2.98µs(n=200000)|70-80%=2.897µs(n=200000)|80-90%=2.9µs(n=200000)|90-100%=2.899µs(n=200000)",383.69,580.05,11959021,16000148,6041682,9958466,0,0,0,0,0,0,0,0,0,0,0,0.00,0.00,0,0,0,0
avlhashtree,prehashed_ordered_insert_only_5m,0,5000000,5000000,14709669570,2941,"0-10%=2.565µs(n=500000)|10-20%=2.82µs(n=500000)|20-30%=2.852µs(n=500000)|30-40%=2.925µs(n=500000)|40-50%=2.942µs(n=500000)|50-60%=2.991µs(n=500000)|60-70%=3.098µs(n=500000)|70-80%=3.038µs(n=500000)|80-90%=3.073µs(n=500000)|90-100%=3.109µs(n=500000)",956.89,1450.05,29802648,40000177,15198087,24802090,0,0,0,0,0,0,0,0,0,0,0,0.00,0.00,0,0,0,0
avlhashtree,prehashed_ordered_insert_only_10m,0,10000000,10000000,30472560873,3047,"0-10%=2.699µs(n=1000000)|10-20%=2.89µs(n=1000000)|20-30%=2.944µs(n=1000000)|30-40%=3.035µs(n=1000000)|40-50%=3.05µs(n=1000000)|50-60%=3.102µs(n=1000000)|60-70%=3.225µs(n=1000000)|70-80%=3.115µs(n=1000000)|80-90%=3.183µs(n=1000000)|90-100%=3.223µs(n=1000000)",1913.51,2900.02,59595288,80000223,30405503,49594720,0,0,0,0,0,0,0,0,0,0,0,0.00,0.00,0,0,0,0
avlhashtree,prehashed_ordered_insert_only_25m,0,25000000,25000000,81648402410,3265,"0-10%=2.847µs(n=2500000)|10-20%=3.077µs(n=2500000)|20-30%=3.089µs(n=2500000)|30-40%=3.243µs(n=2500000)|40-50%=3.207µs(n=2500000)|50-60%=3.226µs(n=2500000)|60-70%=3.454µs(n=2500000)|70-80%=3.488µs(n=2500000)|80-90%=3.49µs(n=2500000)|90-100%=3.534µs(n=2500000)",4775.74,7249.70,148672619,200000346,76328289,123672057,0,0,0,0,0,0,0,0,0,0,0,0.00,0.00,0,0,0,0
avlhashtree,proof_only_after_10k_build_sample_5pct,10000,10000,0,0,0,"",0.00,0.00,0,0,0,0,261875,523,1574,3708,0,0,0,0,0,0,0,0.00,0.00,0,0,0,0
avlhashtree,proof_only_after_50k_build_sample_5pct,50000,50000,0,0,0,"",0.00,0.00,0,0,0,0,1322777,529,1859,4214,0,0,0,0,0,0,0,0.00,0.00,0,0,0,0
avlhashtree,proof_only_after_100k_build_sample_5pct,100000,100000,0,0,0,"",0.00,0.00,0,0,0,0,2978935,595,1977,4351,0,0,0,0,0,0,0,0.00,0.00,0,0,0,0
avlhashtree,proof_only_after_200k_build_sample_5pct,200000,200000,0,0,0,"",0.00,0.00,0,0,0,0,7724889,772,2098,4693,0,0,0,0,0,0,0,0.00,0.00,0,0,0,0
avlhashtree,proof_only_after_300k_build_sample_5pct,300000,300000,0,0,0,"",0.00,0.00,0,0,0,0,13965625,931,2168,4933,0,0,0,0,0,0,0,0.00,0.00,0,0,0,0
avlhashtree,proof_only_after_500k_build_sample_5pct,500000,500000,0,0,0,"",0.00,0.00,0,0,0,0,33441823,1337,2257,5283,0,0,0,0,0,0,0,0.00,0.00,0,0,0,0
avlhashtree,proof_only_after_700k_build_sample_5pct,700000,700000,0,0,0,"",0.00,0.00,0,0,0,0,52291680,1494,2319,5493,0,0,0,0,0,0,0,0.00,0.00,0,0,0,0
avlhashtree,proof_only_after_900k_build_sample_5pct,900000,900000,0,0,0,"",0.00,0.00,0,0,0,0,66103939,1468,2360,5416,0,0,0,0,0,0,0,0.00,0.00,0,0,0,0
avlhashtree,proof_only_after_1m_build_sample_5pct,1000000,1000000,0,0,0,"",0.00,0.00,0,0,0,0,79294576,1585,2380,5577,0,0,0,0,0,0,0,0.00,0.00,0,0,0,0
avlhashtree,proof_only_after_2m_build_sample_3pct,2000000,2000000,0,0,0,"",0.00,0.00,0,0,0,0,114668777,1911,2499,6192,0,0,0,0,0,0,0,0.00,0.00,0,0,0,0
avlhashtree,proof_only_after_5m_build_sample_3pct,5000000,5000000,0,0,0,"",0.00,0.00,0,0,0,0,333508671,2223,2663,6600,0,0,0,0,0,0,0,0.00,0.00,0,0,0,0
avlhashtree,proof_only_after_10m_build_sample_2pct,10000000,10000000,0,0,0,"",0.00,0.00,0,0,0,0,510488891,2552,2780,6724,0,0,0,0,0,0,0,0.00,0.00,0,0,0,0
avlhashtree,proof_only_after_25m_build_sample_2pct,25000000,25000000,0,0,0,"",0.00,0.00,0,0,0,0,1773733600,3547,2944,9201,0,0,0,0,0,0,0,0.00,0.00,0,0,0,0
avlhashtree,build_10k_then_add_2k_new,10000,12000,2000,4296612,2148,"0-10%=2.217µs(n=200)|10-20%=2.161µs(n=200)|20-30%=2.259µs(n=200)|30-40%=2.052µs(n=200)|40-50%=2.059µs(n=200)|50-60%=2.175µs(n=200)|60-70%=2.153µs(n=200)|70-80%=2.082µs(n=200)|80-90%=2.099µs(n=200)|90-100%=2.216µs(n=200)",0.59,0.59,65719,16041,1001,15040,0,0,0,0,0,0,0,0,0,0,0,0.00,0.00,0,0,0,0
avlhashtree,build_50k_then_add_10k_new,50000,60000,10000,25652668,2565,"0-10%=2.707µs(n=1000)|10-20%=2.527µs(n=1000)|20-30%=2.456µs(n=1000)|30-40%=2.591µs(n=1000)|40-50%=2.501µs(n=1000)|50-60%=2.518µs(n=1000)|60-70%=2.702µs(n=1000)|70-80%=2.512µs(n=1000)|80-90%=2.491µs(n=1000)|90-100%=2.641µs(n=1000)",2.91,2.91,325723,80041,5001,75040,0,0,0,0,0,0,0,0,0,0,0,0.00,0.00,0,0,0,0
avlhashtree,build_100k_then_add_20k_new,100000,120000,20000,59534752,2976,"0-10%=3.153µs(n=2000)|10-20%=2.995µs(n=2000)|20-30%=2.967µs(n=2000)|30-40%=3.052µs(n=2000)|40-50%=2.936µs(n=2000)|50-60%=2.932µs(n=2000)|60-70%=2.952µs(n=2000)|70-80%=2.954µs(n=2000)|80-90%=2.875µs(n=2000)|90-100%=2.945µs(n=2000)",5.81,5.81,650728,160041,10001,150040,0,0,0,0,0,0,0,0,0,0,0,0.00,0.00,0,0,0,0
avlhashtree,build_200k_then_add_40k_new,200000,240000,40000,133920969,3348,"0-10%=3.482µs(n=4000)|10-20%=3.427µs(n=4000)|20-30%=3.338µs(n=4000)|30-40%=3.327µs(n=4000)|40-50%=3.377µs(n=4000)|50-60%=3.3µs(n=4000)|60-70%=3.307µs(n=4000)|70-80%=3.308µs(n=4000)|80-90%=3.316µs(n=4000)|90-100%=3.294µs(n=4000)",11.63,11.63,1300741,320048,20001,300047,0,0,0,0,0,0,0,0,0,0,0,0.00,0.00,0,0,0,0
avlhashtree,build_300k_then_add_60k_new,300000,360000,60000,231115389,3851,"0-10%=4.107µs(n=6000)|10-20%=3.861µs(n=6000)|20-30%=3.87µs(n=6000)|30-40%=4.636µs(n=6000)|40-50%=3.975µs(n=6000)|50-60%=3.661µs(n=6000)|60-70%=3.612µs(n=6000)|70-80%=3.617µs(n=6000)|80-90%=3.591µs(n=6000)|90-100%=3.584µs(n=6000)",17.43,17.43,1950747,480050,30001,450049,0,0,0,0,0,0,0,0,0,0,0,0.00,0.00,0,0,0,0
avlhashtree,build_500k_then_add_100k_new,500000,600000,100000,413872871,4138,"0-10%=4.489µs(n=10000)|10-20%=4.388µs(n=10000)|20-30%=4.212µs(n=10000)|30-40%=4.07µs(n=10000)|40-50%=3.994µs(n=10000)|50-60%=4.031µs(n=10000)|60-70%=4.03µs(n=10000)|70-80%=4.079µs(n=10000)|80-90%=4.055µs(n=10000)|90-100%=4.034µs(n=10000)",29.03,29.03,3250762,800055,50000,750055,0,0,0,0,0,0,0,0,0,0,0,0.00,0.00,0,0,0,0
avlhashtree,build_700k_then_add_140k_new,700000,840000,140000,649534033,4639,"0-10%=5.11µs(n=14000)|10-20%=4.679µs(n=14000)|20-30%=4.578µs(n=14000)|30-40%=4.549µs(n=14000)|40-50%=4.535µs(n=14000)|50-60%=4.516µs(n=14000)|60-70%=4.491µs(n=14000)|70-80%=4.43µs(n=14000)|80-90%=4.826µs(n=14000)|90-100%=4.678µs(n=14000)",40.63,40.63,4550766,1120055,70001,1050054,0,0,0,0,0,0,0,0,0,0,0,0.00,0.00,0,0,0,0
avlhashtree,build_900k_then_add_180k_new,900000,1080000,180000,876869713,4871,"0-10%=5.57µs(n=18000)|10-20%=4.959µs(n=18000)|20-30%=5.177µs(n=18000)|30-40%=4.778µs(n=18000)|40-50%=4.664µs(n=18000)|50-60%=4.664µs(n=18000)|60-70%=4.669µs(n=18000)|70-80%=4.74µs(n=18000)|80-90%=4.732µs(n=18000)|90-100%=4.755µs(n=18000)",52.23,52.23,5850775,1440056,90001,1350055,0,0,0,0,0,0,0,0,0,0,0,0.00,0.00,0,0,0,0
avlhashtree,build_1m_then_add_200k_new,1000000,1200000,200000,1096098992,5480,"0-10%=5.41µs(n=20000)|10-20%=5.322µs(n=20000)|20-30%=5.965µs(n=20000)|30-40%=5.683µs(n=20000)|40-50%=5.468µs(n=20000)|50-60%=5.497µs(n=20000)|60-70%=5.468µs(n=20000)|70-80%=5.352µs(n=20000)|80-90%=5.401µs(n=20000)|90-100%=5.233µs(n=20000)",58.03,58.03,6500778,1600054,100001,1500053,0,0,0,0,0,0,0,0,0,0,0,0.00,0.00,0,0,0,0
avlhashtree,build_2m_then_add_400k_new,2000000,2400000,400000,2390155104,5975,"0-10%=6.685µs(n=40000)|10-20%=6.199µs(n=40000)|20-30%=6.254µs(n=40000)|30-40%=6.133µs(n=40000)|40-50%=6.337µs(n=40000)|50-60%=5.788µs(n=40000)|60-70%=5.542µs(n=40000)|70-80%=5.443µs(n=40000)|80-90%=5.614µs(n=40000)|90-100%=5.754µs(n=40000)",116.07,116.07,13000790,3200057,200001,3000056,0,0,0,0,0,0,0,0,0,0,0,0.00,0.00,0,0,0,0
avlhashtree,build_5m_then_add_1m_new,5000000,6000000,1000000,6588121535,6588,"0-10%=6.927µs(n=100000)|10-20%=6.546µs(n=100000)|20-30%=6.624µs(n=100000)|30-40%=6.44µs(n=100000)|40-50%=6.571µs(n=100000)|50-60%=6.541µs(n=100000)|60-70%=6.487µs(n=100000)|70-80%=6.538µs(n=100000)|80-90%=6.588µs(n=100000)|90-100%=6.614µs(n=100000)",290.16,290.16,32500816,8000081,500001,7500080,0,0,0,0,0,0,0,0,0,0,0,0.00,0.00,0,0,0,0
avlhashtree,build_10m_then_add_2m_new,10000000,12000000,2000000,14806699092,7403,"0-10%=7.669µs(n=200000)|10-20%=7.46µs(n=200000)|20-30%=7.446µs(n=200000)|30-40%=7.501µs(n=200000)|40-50%=7.213µs(n=200000)|50-60%=7.177µs(n=200000)|60-70%=7.323µs(n=200000)|70-80%=7.443µs(n=200000)|80-90%=7.358µs(n=200000)|90-100%=7.439µs(n=200000)",580.35,580.35,65000859,16000118,1000001,15000117,0,0,0,0,0,0,0,0,0,0,0,0.00,0.00,0,0,0,0
avlhashtree,build_25m_then_add_5m_new,25000000,30000000,5000000,43461344447,8692,"0-10%=8.895µs(n=500000)|10-20%=8.623µs(n=500000)|20-30%=8.426µs(n=500000)|30-40%=8.624µs(n=500000)|40-50%=8.573µs(n=500000)|50-60%=8.738µs(n=500000)|60-70%=8.693µs(n=500000)|70-80%=8.782µs(n=500000)|80-90%=8.834µs(n=500000)|90-100%=8.729µs(n=500000)",1451.18,1451.18,162501012,40000259,2500001,37500258,0,0,0,0,0,0,0,0,0,0,0,0.00,0.00,0,0,0,0
avlhashtree,build_10k_then_reinsert_2k_existing,10000,10000,2000,3260576,1630,"0-10%=1.334µs(n=200)|10-20%=1.501µs(n=200)|20-30%=1.507µs(n=200)|30-40%=1.537µs(n=200)|40-50%=1.552µs(n=200)|50-60%=1.687µs(n=200)|60-70%=1.684µs(n=200)|70-80%=1.971µs(n=200)|80-90%=1.766µs(n=200)|90-100%=1.756µs(n=200)",0.29,0.29,61781,12041,1001,11040,0,0,0,0,0,0,0,0,0,0,0,0.00,0.00,0,0,0,0
avlhashtree,build_50k_then_reinsert_10k_existing,50000,50000,10000,19739459,1973,"0-10%=1.77µs(n=1000)|10-20%=1.901µs(n=1000)|20-30%=1.88µs(n=1000)|30-40%=2.054µs(n=1000)|40-50%=1.929µs(n=1000)|50-60%=2.013µs(n=1000)|60-70%=2.045µs(n=1000)|70-80%=2.08µs(n=1000)|80-90%=1.992µs(n=1000)|90-100%=2.068µs(n=1000)",1.39,1.39,305792,60031,5001,55030,0,0,0,0,0,0,0,0,0,0,0,0.00,0.00,0,0,0,0
avlhashtree,build_100k_then_reinsert_20k_existing,100000,100000,20000,45367892,2268,"0-10%=1.953µs(n=2000)|10-20%=2.386µs(n=2000)|20-30%=2.532µs(n=2000)|30-40%=2.208µs(n=2000)|40-50%=2.246µs(n=2000)|50-60%=2.233µs(n=2000)|60-70%=2.254µs(n=2000)|70-80%=2.293µs(n=2000)|80-90%=2.286µs(n=2000)|90-100%=2.288µs(n=2000)",2.76,2.76,610799,120041,10001,110040,0,0,0,0,0,0,0,0,0,0,0,0.00,0.00,0,0,0,0
avlhashtree,build_200k_then_reinsert_40k_existing,200000,200000,40000,98011525,2450,"0-10%=2.148µs(n=4000)|10-20%=2.322µs(n=4000)|20-30%=2.368µs(n=4000)|30-40%=2.462µs(n=4000)|40-50%=2.503µs(n=4000)|50-60%=2.53µs(n=4000)|60-70%=2.525µs(n=4000)|70-80%=2.514µs(n=4000)|80-90%=2.54µs(n=4000)|90-100%=2.587µs(n=4000)",5.51,5.51,1220797,240031,20001,220030,0,0,0,0,0,0,0,0,0,0,0,0.00,0.00,0,0,0,0
avlhashtree,build_300k_then_reinsert_60k_existing,300000,300000,60000,178362414,2972,"0-10%=2.546µs(n=6000)|10-20%=2.706µs(n=6000)|20-30%=3.602µs(n=6000)|30-40%=2.953µs(n=6000)|40-50%=2.9µs(n=6000)|50-60%=2.925µs(n=6000)|60-70%=2.979µs(n=6000)|70-80%=3.015µs(n=6000)|80-90%=3.038µs(n=6000)|90-100%=3.058µs(n=6000)",8.27,8.27,1830814,360048,30001,330047,0,0,0,0,0,0,0,0,0,0,0,0.00,0.00,0,0,0,0
avlhashtree,build_500k_then_reinsert_100k_existing,500000,500000,100000,327339138,3273,"0-10%=3.042µs(n=10000)|10-20%=3.178µs(n=10000)|20-30%=3.169µs(n=10000)|30-40%=3.23µs(n=10000)|40-50%=3.247µs(n=10000)|50-60%=3.315µs(n=10000)|60-70%=3.341µs(n=10000)|70-80%=3.366µs(n=10000)|80-90%=3.389µs(n=10000)|90-100%=3.452µs(n=10000)",13.76,13.76,3050823,600050,50001,550049,0,0,0,0,0,0,0,0,0,0,0,0.00,0.00,0,0,0,0
avlhashtree,build_700k_then_reinsert_140k_existing,700000,700000,140000,474854347,3391,"0-10%=3.022µs(n=14000)|10-20%=3.212µs(n=14000)|20-30%=3.337µs(n=14000)|30-40%=3.398µs(n=14000)|40-50%=3.452µs(n=14000)|50-60%=3.487µs(n=14000)|60-70%=3.393µs(n=14000)|70-80%=3.452µs(n=14000)|80-90%=3.579µs(n=14000)|90-100%=3.58µs(n=14000)",19.26,19.26,4270833,840044,70001,770043,0,0,0,0,0,0,0,0,0,0,0,0.00,0.00,0,0,0,0
avlhashtree,build_900k_then_reinsert_180k_existing,900000,900000,180000,666090849,3700,"0-10%=3.426µs(n=18000)|10-20%=3.556µs(n=18000)|20-30%=3.67µs(n=18000)|30-40%=3.711µs(n=18000)|40-50%=3.663µs(n=18000)|50-60%=3.705µs(n=18000)|60-70%=3.774µs(n=18000)|70-80%=3.797µs(n=18000)|80-90%=3.817µs(n=18000)|90-100%=3.881µs(n=18000)",24.76,24.76,5490840,1080053,90001,990052,0,0,0,0,0,0,0,0,0,0,0,0.00,0.00,0,0,0,0
avlhashtree,build_1m_then_reinsert_200k_existing,1000000,1000000,200000,754294848,3771,"0-10%=3.364µs(n=20000)|10-20%=3.538µs(n=20000)|20-30%=3.651µs(n=20000)|30-40%=3.79µs(n=20000)|40-50%=3.918µs(n=20000)|50-60%=3.841µs(n=20000)|60-70%=3.813µs(n=20000)|70-80%=3.854µs(n=20000)|80-90%=3.945µs(n=20000)|90-100%=3.996µs(n=20000)",27.51,27.51,6100842,1200053,100001,1100052,0,0,0,0,0,0,0,0,0,0,0,0.00,0.00,0,0,0,0
avlhashtree,build_2m_then_reinsert_400k_existing,2000000,2000000,400000,1705242246,4263,"0-10%=3.805µs(n=40000)|10-20%=3.921µs(n=40000)|20-30%=3.918µs(n=40000)|30-40%=4.044µs(n=40000)|40-50%=4.144µs(n=40000)|50-60%=4.36µs(n=40000)|60-70%=4.537µs(n=40000)|70-80%=4.549µs(n=40000)|80-90%=4.62µs(n=40000)|90-100%=4.728µs(n=40000)",55.01,55.01,12200856,2400059,200001,2200058,0,0,0,0,0,0,0,0,0,0,0,0.00,0.00,0,0,0,0
avlhashtree,build_5m_then_reinsert_1m_existing,5000000,5000000,1000000,5118861351,5118,"0-10%=4.366µs(n=100000)|10-20%=4.809µs(n=100000)|20-30%=4.911µs(n=100000)|30-40%=5.068µs(n=100000)|40-50%=5.127µs(n=100000)|50-60%=5.272µs(n=100000)|60-70%=5.314µs(n=100000)|70-80%=5.446µs(n=100000)|80-90%=5.377µs(n=100000)|90-100%=5.493µs(n=100000)",137.52,137.52,30500879,6000074,500000,5500074,0,0,0,0,0,0,0,0,0,0,0,0.00,0.00,0,0,0,0
avlhashtree,build_10m_then_reinsert_2m_existing,10000000,10000000,2000000,11805023680,5902,"0-10%=4.91µs(n=200000)|10-20%=5.454µs(n=200000)|20-30%=5.599µs(n=200000)|30-40%=5.965µs(n=200000)|40-50%=5.918µs(n=200000)|50-60%=5.961µs(n=200000)|60-70%=6.234µs(n=200000)|70-80%=6.36µs(n=200000)|80-90%=6.37µs(n=200000)|90-100%=6.251µs(n=200000)",275.06,275.06,61000912,12000106,1000000,11000106,0,0,0,0,0,0,0,0,0,0,0,0.00,0.00,0,0,0,0
avlhashtree,build_25m_then_reinsert_5m_existing,25000000,25000000,5000000,35757604492,7151,"0-10%=5.76µs(n=500000)|10-20%=6.666µs(n=500000)|20-30%=6.815µs(n=500000)|30-40%=7.1µs(n=500000)|40-50%=7.317µs(n=500000)|50-60%=7.475µs(n=500000)|60-70%=7.448µs(n=500000)|70-80%=7.529µs(n=500000)|80-90%=7.646µs(n=500000)|90-100%=7.753µs(n=500000)",687.84,687.84,152501018,30000203,2500000,27500203,0,0,0,0,0,0,0,0,0,0,0,0.00,0.00,0,0,0,0
avlhashtree,insert_only_build_10k,0,10000,10000,19817911,1981,"0-10%=1.553µs(n=1000)|10-20%=1.698µs(n=1000)|20-30%=1.876µs(n=1000)|30-40%=1.911µs(n=1000)|40-50%=1.895µs(n=1000)|50-60%=1.979µs(n=1000)|60-70%=1.974µs(n=1000)|70-80%=2.671µs(n=1000)|80-90%=2.161µs(n=1000)|90-100%=2.094µs(n=1000)",2.43,2.92,56213,80049,24331,55718,0,0,0,0,0,0,0,0,0,0,0,0.00,0.00,0,0,0,0
avlhashtree,insert_only_build_50k,0,50000,50000,116467466,2329,"0-10%=1.802µs(n=5000)|10-20%=2.208µs(n=5000)|20-30%=2.215µs(n=5000)|30-40%=2.488µs(n=5000)|40-50%=2.319µs(n=5000)|50-60%=2.391µs(n=5000)|60-70%=2.415µs(n=5000)|70-80%=2.649µs(n=5000)|80-90%=2.383µs(n=5000)|90-100%=2.419µs(n=5000)",12.20,14.56,280031,400094,120557,279537,0,0,0,0,0,0,0,0,0,0,0,0.00,0.00,0,0,0,0
avlhashtree,insert_only_build_100k,0,100000,100000,244613135,2446,"0-10%=1.98µs(n=10000)|10-20%=2.292µs(n=10000)|20-30%=2.27µs(n=10000)|30-40%=2.493µs(n=10000)|40-50%=2.412µs(n=10000)|50-60%=2.486µs(n=10000)|60-70%=2.525µs(n=10000)|70-80%=2.723µs(n=10000)|80-90%=2.618µs(n=10000)|90-100%=2.656µs(n=10000)",24.64,29.05,570931,800099,229698,570401,0,0,0,0,0,0,0,0,0,0,0,0.00,0.00,0,0,0,0
avlhashtree,insert_only_build_200k,0,200000,200000,529255718,2646,"0-10%=2.109µs(n=20000)|10-20%=2.355µs(n=20000)|20-30%=2.417µs(n=20000)|30-40%=2.579µs(n=20000)|40-50%=2.642µs(n=20000)|50-60%=2.733µs(n=20000)|60-70%=2.855µs(n=20000)|70-80%=2.821µs(n=20000)|80-90%=2.913µs(n=20000)|90-100%=3.033µs(n=20000)",50.03,58.03,1174088,1600091,426559,1173532,0,0,0,0,0,0,0,0,0,0,0,0.00,0.00,0,0,0,0
avlhashtree,insert_only_build_300k,0,300000,300000,901043141,3003,"0-10%=2.154µs(n=30000)|10-20%=2.435µs(n=30000)|20-30%=2.609µs(n=30000)|30-40%=2.754µs(n=30000)|40-50%=2.852µs(n=30000)|50-60%=2.895µs(n=30000)|60-70%=2.998µs(n=30000)|70-80%=3.269µs(n=30000)|80-90%=4.179µs(n=30000)|90-100%=3.885µs(n=30000)",72.75,87.04,1666855,2400096,733808,1666288,0,0,0,0,0,0,0,0,0,0,0,0.00,0.00,0,0,0,0
avlhashtree,insert_only_build_500k,0,500000,500000,1829739556,3659,"0-10%=2.329µs(n=50000)|10-20%=2.71µs(n=50000)|20-30%=3.011µs(n=50000)|30-40%=3.255µs(n=50000)|40-50%=3.755µs(n=50000)|50-60%=3.891µs(n=50000)|60-70%=3.973µs(n=50000)|70-80%=4.105µs(n=50000)|80-90%=4.632µs(n=50000)|90-100%=4.928µs(n=50000)",119.75,145.05,2715691,4000121,1284998,2715123,0,0,0,0,0,0,0,0,0,0,0,0.00,0.00,0,0,0,0
avlhashtree,insert_only_build_700k,0,700000,700000,2491877713,3559,"0-10%=2.462µs(n=70000)|10-20%=3.003µs(n=70000)|20-30%=3.169µs(n=70000)|30-40%=3.475µs(n=70000)|40-50%=3.526µs(n=70000)|50-60%=3.7µs(n=70000)|60-70%=3.973µs(n=70000)|70-80%=4.107µs(n=70000)|80-90%=3.993µs(n=70000)|90-100%=4.184µs(n=70000)",177.94,203.07,4223168,5600130,1377534,4222596,0,0,0,0,0,0,0,0,0,0,0,0.00,0.00,0,0,0,0
avlhashtree,insert_only_build_900k,0,900000,900000,3285253240,3650,"0-10%=2.46µs(n=90000)|10-20%=2.797µs(n=90000)|20-30%=3.225µs(n=90000)|30-40%=3.538µs(n=90000)|40-50%=3.681µs(n=90000)|50-60%=3.686µs(n=90000)|60-70%=3.983µs(n=90000)|70-80%=4.283µs(n=90000)|80-90%=4.38µs(n=90000)|90-100%=4.466µs(n=90000)",219.60,261.07,5053751,7200130,2146957,5053173,0,0,0,0,0,0,0,0,0,0,0,0.00,0.00,0,0,0,0
avlhashtree,insert_only_build_1m,0,1000000,1000000,3761562313,3761,"0-10%=2.473µs(n=100000)|10-20%=2.884µs(n=100000)|20-30%=3.075µs(n=100000)|30-40%=3.568µs(n=100000)|40-50%=3.944µs(n=100000)|50-60%=4.177µs(n=100000)|60-70%=4.273µs(n=100000)|70-80%=4.384µs(n=100000)|80-90%=4.47µs(n=100000)|90-100%=4.362µs(n=100000)",245.37,290.08,5671283,8000150,2329443,5670707,0,0,0,0,0,0,0,0,0,0,0,0.00,0.00,0,0,0,0
avlhashtree,insert_only_build_2m,0,2000000,2000000,8690487051,4345,"0-10%=2.615µs(n=200000)|10-20%=3.186µs(n=200000)|20-30%=3.688µs(n=200000)|30-40%=4.547µs(n=200000)|40-50%=4.728µs(n=200000)|50-60%=4.622µs(n=200000)|60-70%=4.99µs(n=200000)|70-80%=4.94µs(n=200000)|80-90%=4.988µs(n=200000)|90-100%=5.143µs(n=200000)",501.07,580.19,11762110,16000170,4238650,11761520,0,0,0,0,0,0,0,0,0,0,0,0.00,0.00,0,0,0,0
avlhashtree,insert_only_build_5m,0,5000000,5000000,27054617284,5410,"0-10%=3.232µs(n=500000)|10-20%=4.333µs(n=500000)|20-30%=4.925µs(n=500000)|30-40%=5.262µs(n=500000)|40-50%=5.748µs(n=500000)|50-60%=5.818µs(n=500000)|60-70%=6.025µs(n=500000)|70-80%=6.199µs(n=500000)|80-90%=6.378µs(n=500000)|90-100%=6.185µs(n=500000)",1199.15,1450.53,27208769,40000276,12792098,27208178,0,0,0,0,0,0,0,0,0,0,0,0.00,0.00,0,0,0,0
avlhashtree,insert_only_build_10m,0,10000000,10000000,58736253198,5873,"0-10%=3.625µs(n=1000000)|10-20%=4.804µs(n=1000000)|20-30%=5.307µs(n=1000000)|30-40%=5.666µs(n=1000000)|40-50%=6.166µs(n=1000000)|50-60%=6.204µs(n=1000000)|60-70%=6.411µs(n=1000000)|70-80%=6.826µs(n=1000000)|80-90%=6.824µs(n=1000000)|90-100%=6.898µs(n=1000000)",2459.88,2901.17,56933160,80000419,23067855,56932564,0,0,0,0,0,0,0,0,0,0,0,0.00,0.00,0,0,0,0
avlhashtree,insert_only_build_25m,0,25000000,25000000,172883458130,6915,"0-10%=4.421µs(n=2500000)|10-20%=5.889µs(n=2500000)|20-30%=6.442µs(n=2500000)|30-40%=6.825µs(n=2500000)|40-50%=7.026µs(n=2500000)|50-60%=7.405µs(n=2500000)|60-70%=7.433µs(n=2500000)|70-80%=7.63µs(n=2500000)|80-90%=7.851µs(n=2500000)|90-100%=8.225µs(n=2500000)",5834.79,7254.16,129389350,200000981,70612235,129388746,0,0,0,0,0,0,0,0,0,0,0,0.00,0.00,0,0,0,0
avlhashtree,prehashed_ordered_insert_only_10k,0,10000,10000,18833389,1883,"0-10%=1.472µs(n=1000)|10-20%=1.687µs(n=1000)|20-30%=1.834µs(n=1000)|30-40%=1.76µs(n=1000)|40-50%=1.933µs(n=1000)|50-60%=2.324µs(n=1000)|60-70%=1.916µs(n=1000)|70-80%=1.864µs(n=1000)|80-90%=2.023µs(n=1000)|90-100%=2.015µs(n=1000)",1.97,2.91,63097,80051,27571,52480,0,0,0,0,0,0,0,0,0,0,0,0.00,0.00,0,0,0,0
avlhashtree,prehashed_ordered_insert_only_50k,0,50000,50000,108348351,2166,"0-10%=1.74µs(n=5000)|10-20%=2.047µs(n=5000)|20-30%=2.207µs(n=5000)|30-40%=2.076µs(n=5000)|40-50%=2.118µs(n=5000)|50-60%=2.33µs(n=5000)|60-70%=2.169µs(n=5000)|70-80%=2.224µs(n=5000)|80-90%=2.466µs(n=5000)|90-100%=2.288µs(n=5000)",11.81,14.53,265093,400060,135533,264527,0,0,0,0,0,0,0,0,0,0,0,0.00,0.00,0,0,0,0
avlhashtree,prehashed_ordered_insert_only_100k,0,100000,100000,224269585,2242,"0-10%=2.029µs(n=10000)|10-20%=2.032µs(n=10000)|20-30%=2.199µs(n=10000)|30-40%=2.187µs(n=10000)|40-50%=2.332µs(n=10000)|50-60%=2.236µs(n=10000)|60-70%=2.283µs(n=10000)|70-80%=2.314µs(n=10000)|80-90%=2.473µs(n=10000)|90-100%=2.338µs(n=10000)",17.70,29.03,537396,800095,363236,436859,0,0,0,0,0,0,0,0,0,0,0,0.00,0.00,0,0,0,0
avlhashtree,prehashed_ordered_insert_only_200k,0,200000,200000,472375047,2361,"0-10%=2.011µs(n=20000)|10-20%=2.199µs(n=20000)|20-30%=2.323µs(n=20000)|30-40%=2.274µs(n=20000)|40-50%=2.401µs(n=20000)|50-60%=2.352µs(n=20000)|60-70%=2.435µs(n=20000)|70-80%=2.495µs(n=20000)|80-90%=2.596µs(n=20000)|90-100%=2.529µs(n=20000)",35.41,58.03,1075071,1600106,725574,874532,0,0,0,0,0,0,0,0,0,0,0,0.00,0.00,0,0,0,0
avlhashtree,prehashed_ordered_insert_only_300k,0,300000,300000,727483161,2424,"0-10%=2.041µs(n=30000)|10-20%=2.255µs(n=30000)|20-30%=2.375µs(n=30000)|30-40%=2.298µs(n=30000)|40-50%=2.487µs(n=30000)|50-60%=2.501µs(n=30000)|60-70%=2.549µs(n=30000)|70-80%=2.551µs(n=30000)|80-90%=2.607µs(n=30000)|90-100%=2.581µs(n=30000)",53.26,87.01,1618881,2400065,1081754,1318311,0,0,0,0,0,0,0,0,0,0,0,0.00,0.00,0,0,0,0
avlhashtree,prehashed_ordered_insert_only_500k,0,500000,500000,1249812419,2499,"0-10%=2.134µs(n=50000)|10-20%=2.386µs(n=50000)|20-30%=2.404µs(n=50000)|30-40%=2.498µs(n=50000)|40-50%=2.472µs(n=50000)|50-60%=2.586µs(n=50000)|60-70%=2.718µs(n=50000)|70-80%=2.608µs(n=50000)|80-90%=2.591µs(n=50000)|90-100%=2.593µs(n=50000)",95.86,145.04,2987335,4000099,1513305,2486794,0,0,0,0,0,0,0,0,0,0,0,0.00,0.00,0,0,0,0
avlhashtree,prehashed_ordered_insert_only_700k,0,700000,700000,1815159893,2593,"0-10%=2.177µs(n=70000)|10-20%=2.407µs(n=70000)|20-30%=2.436µs(n=70000)|30-40%=2.566µs(n=70000)|40-50%=2.629µs(n=70000)|50-60%=2.667µs(n=70000)|60-70%=2.774µs(n=70000)|70-80%=2.727µs(n=70000)|80-90%=2.77µs(n=70000)|90-100%=2.772µs(n=70000)",134.45,203.03,4192505,5600106,2108153,3491953,0,0,0,0,0,0,0,0,0,0,0,0.00,0.00,0,0,0,0
avlhashtree,prehashed_ordered_insert_only_900k,0,900000,900000,2327242969,2585,"0-10%=2.231µs(n=90000)|10-20%=2.459µs(n=90000)|20-30%=2.434µs(n=90000)|30-40%=2.62µs(n=90000)|40-50%=2.567µs(n=90000)|50-60%=2.691µs(n=90000)|60-70%=2.701µs(n=90000)|70-80%=2.717µs(n=90000)|80-90%=2.717µs(n=90000)|90-100%=2.716µs(n=90000)",173.88,261.03,5432120,7200113,2668540,4531573,0,0,0,0,0,0,0,0,0,0,0,0.00,0.00,0,0,0,0
avlhashtree,prehashed_ordered_insert_only_1m,0,1000000,1000000,2597780924,2597,"0-10%=2.265µs(n=100000)|10-20%=2.481µs(n=100000)|20-30%=2.464µs(n=100000)|30-40%=2.6µs(n=100000)|40-50%=2.576µs(n=100000)|50-60%=2.696µs(n=100000)|60-70%=2.762µs(n=100000)|70-80%=2.722µs(n=100000)|80-90%=2.701µs(n=100000)|90-100%=2.705µs(n=100000)",192.36,290.03,6000946,8000109,2999721,5000388,0,0,0,0,0,0,0,0,0,0,0,0.00,0.00,0,0,0,0
avlhashtree,prehashed_ordered_insert_only_2m,0,2000000,2000000,5454545718,2727,"0-10%=2.374µs(n=200000)|10-20%=2.605µs(n=200000)|20-30%=2.574µs(n=200000)|30-40%=2.777µs(n=200000)|40-50%=2.788µs(n=200000)|50-60%=2.819µs(n=200000)|60-70%=2.854µs(n=200000)|70-80%=2.823µs(n=200000)|80-90%=2.839µs(n=200000)|90-100%=2.814µs(n=200000)",384.94,580.05,12010293,16000125,5990384,10009741,0,0,0,0,0,0,0,0,0,0,0,0.00,0.00,0,0,0,0
avlhashtree,prehashed_ordered_insert_only_5m,0,5000000,5000000,14385877332,2877,"0-10%=2.535µs(n=500000)|10-20%=2.719µs(n=500000)|20-30%=2.771µs(n=500000)|30-40%=2.874µs(n=500000)|40-50%=2.884µs(n=500000)|50-60%=2.928µs(n=500000)|60-70%=3.015µs(n=500000)|70-80%=2.926µs(n=500000)|80-90%=3.013µs(n=500000)|90-100%=3.102µs(n=500000)",960.87,1450.05,29965777,40000163,15034940,24965223,0,0,0,0,0,0,0,0,0,0,0,0.00,0.00,0,0,0,0
avlhashtree,prehashed_ordered_insert_only_10m,0,10000000,10000000,29731903995,2973,"0-10%=2.605µs(n=1000000)|10-20%=2.853µs(n=1000000)|20-30%=2.884µs(n=1000000)|30-40%=2.942µs(n=1000000)|40-50%=2.988µs(n=1000000)|50-60%=3.041µs(n=1000000)|60-70%=3.124µs(n=1000000)|70-80%=3.049µs(n=1000000)|80-90%=3.089µs(n=1000000)|90-100%=3.151µs(n=1000000)",1909.48,2900.02,59430448,80000227,30570336,49429891,0,0,0,0,0,0,0,0,0,0,0,0.00,0.00,0,0,0,0
avlhashtree,prehashed_ordered_insert_only_25m,0,25000000,25000000,79502986679,3180,"0-10%=2.743µs(n=2500000)|10-20%=2.97µs(n=2500000)|20-30%=2.995µs(n=2500000)|30-40%=3.189µs(n=2500000)|40-50%=3.092µs(n=2500000)|50-60%=3.25µs(n=2500000)|60-70%=3.334µs(n=2500000)|70-80%=3.418µs(n=2500000)|80-90%=3.399µs(n=2500000)|90-100%=3.406µs(n=2500000)",4769.88,7249.69,148432996,200000355,76567918,123432437,0,0,0,0,0,0,0,0,0,0,0,0.00,0.00,0,0,0,0
avlhashtree,proof_only_after_10k_build_sample_5pct,10000,10000,0,0,0,"",0.00,0.00,0,0,0,0,316249,632,1577,5276,0,0,0,0,0,0,0,0.00,0.00,0,0,0,0
avlhashtree,proof_only_after_50k_build_sample_5pct,50000,50000,0,0,0,"",0.00,0.00,0,0,0,0,1233460,493,1854,3978,0,0,0,0,0,0,0,0.00,0.00,0,0,0,0
avlhashtree,proof_only_after_100k_build_sample_5pct,100000,100000,0,0,0,"",0.00,0.00,0,0,0,0,2959547,591,1975,4334,0,0,0,0,0,0,0,0.00,0.00,0,0,0,0
avlhashtree,proof_only_after_200k_build_sample_5pct,200000,200000,0,0,0,"",0.00,0.00,0,0,0,0,8225663,822,2093,4734,0,0,0,0,0,0,0,0.00,0.00,0,0,0,0
avlhashtree,proof_only_after_300k_build_sample_5pct,300000,300000,0,0,0,"",0.00,0.00,0,0,0,0,14361532,957,2169,4835,0,0,0,0,0,0,0,0.00,0.00,0,0,0,0
avlhashtree,proof_only_after_500k_build_sample_5pct,500000,500000,0,0,0,"",0.00,0.00,0,0,0,0,32691460,1307,2257,5253,0,0,0,0,0,0,0,0.00,0.00,0,0,0,0
avlhashtree,proof_only_after_700k_build_sample_5pct,700000,700000,0,0,0,"",0.00,0.00,0,0,0,0,46820604,1337,2317,5254,0,0,0,0,0,0,0,0.00,0.00,0,0,0,0
avlhashtree,proof_only_after_900k_build_sample_5pct,900000,900000,0,0,0,"",0.00,0.00,0,0,0,0,69835930,1551,2358,5355,0,0,0,0,0,0,0,0.00,0.00,0,0,0,0
avlhashtree,proof_only_after_1m_build_sample_5pct,1000000,1000000,0,0,0,"",0.00,0.00,0,0,0,0,78343831,1566,2378,5336,0,0,0,0,0,0,0,0.00,0.00,0,0,0,0
avlhashtree,proof_only_after_2m_build_sample_3pct,2000000,2000000,0,0,0,"",0.00,0.00,0,0,0,0,109773306,1829,2497,6065,0,0,0,0,0,0,0,0.00,0.00,0,0,0,0
avlhashtree,proof_only_after_5m_build_sample_3pct,5000000,5000000,0,0,0,"",0.00,0.00,0,0,0,0,322277952,2148,2663,6304,0,0,0,0,0,0,0,0.00,0.00,0,0,0,0
avlhashtree,proof_only_after_10m_build_sample_2pct,10000000,10000000,0,0,0,"",0.00,0.00,0,0,0,0,520894654,2604,2780,7196,0,0,0,0,0,0,0,0.00,0.00,0,0,0,0
avlhashtree,proof_only_after_25m_build_sample_2pct,25000000,25000000,0,0,0,"",0.00,0.00,0,0,0,0,1680221341,3360,2944,8795,0,0,0,0,0,0,0,0.00,0.00,0,0,0,0
avlhashtree,build_10k_then_add_2k_new,10000,12000,2000,4211986,2105,"0-10%=2.128µs(n=200)|10-20%=2.067µs(n=200)|20-30%=1.995µs(n=200)|30-40%=2.284µs(n=200)|40-50%=2.043µs(n=200)|50-60%=2.2µs(n=200)|60-70%=2.166µs(n=200)|70-80%=2.031µs(n=200)|80-90%=2.095µs(n=200)|90-100%=2.044µs(n=200)",0.59,0.59,65723,16041,1001,15040,0,0,0,0,0,0,0,0,0,0,0,0.00,0.00,0,0,0,0
avlhashtree,build_50k_then_add_10k_new,50000,60000,10000,25470526,2547,"0-10%=2.662µs(n=1000)|10-20%=2.562µs(n=1000)|20-30%=2.537µs(n=1000)|30-40%=2.554µs(n=1000)|40-50%=2.444µs(n=1000)|50-60%=2.497µs(n=1000)|60-70%=2.609µs(n=1000)|70-80%=2.489µs(n=1000)|80-90%=2.499µs(n=1000)|90-100%=2.611µs(n=1000)",2.91,2.91,325730,80041,5001,75040,0,0,0,0,0,0,0,0,0,0,0,0.00,0.00,0,0,0,0
avlhashtree,build_100k_then_add_20k_new,100000,120000,20000,56095883,2804,"0-10%=2.947µs(n=2000)|10-20%=2.877µs(n=2000)|20-30%=2.827µs(n=2000)|30-40%=2.74µs(n=2000)|40-50%=2.798µs(n=2000)|50-60%=2.751µs(n=2000)|60-70%=2.776µs(n=2000)|70-80%=2.777µs(n=2000)|80-90%=2.762µs(n=2000)|90-100%=2.789µs(n=2000)",5.81,5.81,650729,160039,10001,150038,0,0,0,0,0,0,0,0,0,0,0,0.00,0.00,0,0,0,0
avlhashtree,build_200k_then_add_40k_new,200000,240000,40000,125824102,3145,"0-10%=3.3µs(n=4000)|10-20%=3.152µs(n=4000)|20-30%=3.101µs(n=4000)|30-40%=3.091µs(n=4000)|40-50%=3.13µs(n=4000)|50-60%=3.127µs(n=4000)|60-70%=3.127µs(n=4000)|70-80%=3.137µs(n=4000)|80-90%=3.141µs(n=4000)|90-100%=3.145µs(n=4000)",11.63,11.63,1300742,320046,20001,300045,0,0,0,0,0,0,0,0,0,0,0,0.00,0.00,0,0,0,0
avlhashtree,build_300k_then_add_60k_new,300000,360000,60000,214883553,3581,"0-10%=3.677µs(n=6000)|10-20%=3.524µs(n=6000)|20-30%=3.468µs(n=6000)|30-40%=3.48µs(n=6000)|40-50%=3.403µs(n=6000)|50-60%=3.399µs(n=6000)|60-70%=3.383µs(n=6000)|70-80%=3.412µs(n=6000)|80-90%=3.78µs(n=6000)|90-100%=4.283µs(n=6000)",17.42,17.42,1950749,480048,30001,450047,0,0,0,0,0,0,0,0,0,0,0,0.00,0.00,0,0,0,0
avlhashtree,build_500k_then_add_100k_new,500000,600000,100000,412339203,4123,"0-10%=5.268µs(n=10000)|10-20%=4.345µs(n=10000)|20-30%=4.091µs(n=10000)|30-40%=3.956µs(n=10000)|40-50%=3.92µs(n=10000)|50-60%=3.917µs(n=10000)|60-70%=3.982µs(n=10000)|70-80%=3.964µs(n=10000)|80-90%=3.876µs(n=10000)|90-100%=3.909µs(n=10000)",29.03,29.03,3250763,800055,50001,750054,0,0,0,0,0,0,0,0,0,0,0,0.00,0.00,0,0,0,0
avlhashtree,build_700k_then_add_140k_new,700000,840000,140000,609850294,4356,"0-10%=4.719µs(n=14000)|10-20%=4.417µs(n=14000)|20-30%=4.381µs(n=14000)|30-40%=4.486µs(n=14000)|40-50%=4.418µs(n=14000)|50-60%=4.311µs(n=14000)|60-70%=4.211µs(n=14000)|70-80%=4.21µs(n=14000)|80-90%=4.179µs(n=14000)|90-100%=4.224µs(n=14000)",40.63,40.63,4550767,1120055,70001,1050054,0,0,0,0,0,0,0,0,0,0,0,0.00,0.00,0,0,0,0
avlhashtree,build_900k_then_add_180k_new,900000,1080000,180000,868774090,4826,"0-10%=5.313µs(n=18000)|10-20%=4.894µs(n=18000)|20-30%=4.801µs(n=18000)|30-40%=4.678µs(n=18000)|40-50%=4.598µs(n=18000)|50-60%=4.573µs(n=18000)|60-70%=5.058µs(n=18000)|70-80%=4.83µs(n=18000)|80-90%=4.785µs(n=18000)|90-100%=4.731µs(n=18000)",52.23,52.23,5850769,1440054,90001,1350053,0,0,0,0,0,0,0,0,0,0,0,0.00,0.00,0,0,0,0
avlhashtree,build_1m_then_add_200k_new,1000000,1200000,200000,1044229193,5221,"0-10%=5.443µs(n=20000)|10-20%=5.012µs(n=20000)|20-30%=5.254µs(n=20000)|30-40%=5.383µs(n=20000)|40-50%=5.117µs(n=20000)|50-60%=5.028µs(n=20000)|60-70%=4.886µs(n=20000)|70-80%=4.787µs(n=20000)|80-90%=6.572µs(n=20000)|90-100%=4.726µs(n=20000)",58.03,58.03,6500779,1600054,100001,1500053,0,0,0,0,0,0,0,0,0,0,0,0.00,0.00,0,0,0,0
avlhashtree,build_2m_then_add_400k_new,2000000,2400000,400000,2182672650,5456,"0-10%=5.937µs(n=40000)|10-20%=5.418µs(n=40000)|20-30%=5.378µs(n=40000)|30-40%=5.407µs(n=40000)|40-50%=5.412µs(n=40000)|50-60%=5.39µs(n=40000)|60-70%=5.311µs(n=40000)|70-80%=5.52µs(n=40000)|80-90%=5.381µs(n=40000)|90-100%=5.408µs(n=40000)",116.06,116.06,13000791,3200061,200001,3000060,0,0,0,0,0,0,0,0,0,0,0,0.00,0.00,0,0,0,0
avlhashtree,build_5m_then_add_1m_new,5000000,6000000,1000000,6416054350,6416,"0-10%=6.81µs(n=100000)|10-20%=6.341µs(n=100000)|20-30%=6.425µs(n=100000)|30-40%=6.375µs(n=100000)|40-50%=6.319µs(n=100000)|50-60%=6.373µs(n=100000)|60-70%=6.36µs(n=100000)|70-80%=6.456µs(n=100000)|80-90%=6.291µs(n=100000)|90-100%=6.406µs(n=100000)",290.16,290.16,32500815,8000087,500001,7500086,0,0,0,0,0,0,0,0,0,0,0,0.00,0.00,0,0,0,0
avlhashtree,build_10m_then_add_2m_new,10000000,12000000,2000000,14710063410,7355,"0-10%=7.556µs(n=200000)|10-20%=7.298µs(n=200000)|20-30%=7.432µs(n=200000)|30-40%=7.363µs(n=200000)|40-50%=7.239µs(n=200000)|50-60%=7.287µs(n=200000)|60-70%=7.142µs(n=200000)|70-80%=7.358µs(n=200000)|80-90%=7.45µs(n=200000)|90-100%=7.421µs(n=200000)",580.36,580.36,65000860,16000121,1000000,15000121,0,0,0,0,0,0,0,0,0,0,0,0.00,0.00,0,0,0,0
avlhashtree,build_25m_then_add_5m_new,25000000,30000000,5000000,42779282007,8555,"0-10%=8.611µs(n=500000)|10-20%=8.519µs(n=500000)|20-30%=8.489µs(n=500000)|30-40%=8.457µs(n=500000)|40-50%=8.581µs(n=500000)|50-60%=8.505µs(n=500000)|60-70%=8.606µs(n=500000)|70-80%=8.677µs(n=500000)|80-90%=8.497µs(n=500000)|90-100%=8.611µs(n=500000)",1451.17,1451.17,162501004,40000252,2500000,37500252,0,0,0,0,0,0,0,0,0,0,0,0.00,0.00,0,0,0,0
avlhashtree,build_10k_then_reinsert_2k_existing,10000,10000,2000,3300988,1650,"0-10%=1.366µs(n=200)|10-20%=1.508µs(n=200)|20-30%=1.547µs(n=200)|30-40%=1.793µs(n=200)|40-50%=1.619µs(n=200)|50-60%=1.601µs(n=200)|60-70%=1.746µs(n=200)|70-80%=1.955µs(n=200)|80-90%=1.715µs(n=200)|90-100%=1.649µs(n=200)",0.29,0.29,61776,12039,1001,11038,0,0,0,0,0,0,0,0,0,0,0,0.00,0.00,0,0,0,0
avlhashtree,build_50k_then_reinsert_10k_existing,50000,50000,10000,19879502,1987,"0-10%=1.783µs(n=1000)|10-20%=1.899µs(n=1000)|20-30%=2.01µs(n=1000)|30-40%=1.918µs(n=1000)|40-50%=1.977µs(n=1000)|50-60%=2.079µs(n=1000)|60-70%=2.001µs(n=1000)|70-80%=1.988µs(n=1000)|80-90%=2.064µs(n=1000)|90-100%=2.155µs(n=1000)",1.39,1.39,305791,60041,5001,55040,0,0,0,0,0,0,0,0,0,0,0,0.00,0.00,0,0,0,0
avlhashtree,build_100k_then_reinsert_20k_existing,100000,100000,20000,43416607,2170,"0-10%=1.962µs(n=2000)|10-20%=2.08µs(n=2000)|20-30%=2.133µs(n=2000)|30-40%=2.164µs(n=2000)|40-50%=2.182µs(n=2000)|50-60%=2.202µs(n=2000)|60-70%=2.235µs(n=2000)|70-80%=2.257µs(n=2000)|80-90%=2.228µs(n=2000)|90-100%=2.261µs(n=2000)",2.76,2.76,610792,120039,10001,110038,0,0,0,0,0,0,0,0,0,0,0,0.00,0.00,0,0,0,0
avlhashtree,build_200k_then_reinsert_40k_existing,200000,200000,40000,99062264,2476,"0-10%=2.201µs(n=4000)|10-20%=2.364µs(n=4000)|20-30%=2.4µs(n=4000)|30-40%=2.464µs(n=4000)|40-50%=2.501µs(n=4000)|50-60%=2.521µs(n=4000)|60-70%=2.544µs(n=4000)|70-80%=2.551µs(n=4000)|80-90%=2.576µs(n=4000)|90-100%=2.638µs(n=4000)",5.51,5.51,1220796,240039,20001,220038,0,0,0,0,0,0,0,0,0,0,0,0.00,0.00,0,0,0,0
avlhashtree,build_300k_then_reinsert_60k_existing,300000,300000,60000,168041790,2800,"0-10%=2.404µs(n=6000)|10-20%=2.586µs(n=6000)|20-30%=2.63µs(n=6000)|30-40%=2.678µs(n=6000)|40-50%=2.675µs(n=6000)|50-60%=2.713µs(n=6000)|60-70%=2.756µs(n=6000)|70-80%=2.877µs(n=6000)|80-90%=3.633µs(n=6000)|90-100%=3.049µs(n=6000)",8.27,8.27,1830811,360046,30001,330045,0,0,0,0,0,0,0,0,0,0,0,0.00,0.00,0,0,0,0
avlhashtree,build_500k_then_reinsert_100k_existing,500000,500000,100000,328026207,3280,"0-10%=3.522µs(n=10000)|10-20%=3.242µs(n=10000)|20-30%=3.226µs(n=10000)|30-40%=3.24µs(n=10000)|40-50%=3.203µs(n=10000)|50-60%=3.224µs(n=10000)|60-70%=3.25µs(n=10000)|70-80%=3.3µs(n=10000)|80-90%=3.316µs(n=10000)|90-100%=3.275µs(n=10000)",13.76,13.76,3050823,600050,50001,550049,0,0,0,0,0,0,0,0,0,0,0,0.00,0.00,0,0,0,0
avlhashtree,build_700k_then_reinsert_140k_existing,700000,700000,140000,477036269,3407,"0-10%=3.093µs(n=14000)|10-20%=3.749µs(n=14000)|20-30%=3.322µs(n=14000)|30-40%=3.36µs(n=14000)|40-50%=3.341µs(n=14000)|50-60%=3.37µs(n=14000)|60-70%=3.331µs(n=14000)|70-80%=3.435µs(n=14000)|80-90%=3.487µs(n=14000)|90-100%=3.581µs(n=14000)",19.26,19.26,4270834,840052,70001,770051,0,0,0,0,0,0,0,0,0,0,0,0.00,0.00,0,0,0,0
avlhashtree,build_900k_then_reinsert_180k_existing,900000,900000,180000,635825115,3532,"0-10%=3.246µs(n=18000)|10-20%=3.44µs(n=18000)|20-30%=3.483µs(n=18000)|30-40%=3.555µs(n=18000)|40-50%=3.474µs(n=18000)|50-60%=3.478µs(n=18000)|60-70%=3.549µs(n=18000)|70-80%=3.633µs(n=18000)|80-90%=3.726µs(n=18000)|90-100%=3.735µs(n=18000)",24.76,24.76,5490838,1080055,90001,990054,0,0,0,0,0,0,0,0,0,0,0,0.00,0.00,0,0,0,0
avlhashtree,build_1m_then_reinsert_200k_existing,1000000,1000000,200000,722588070,3612,"0-10%=3.319µs(n=20000)|10-20%=3.507µs(n=20000)|20-30%=3.526µs(n=20000)|30-40%=3.569µs(n=20000)|40-50%=3.637µs(n=20000)|50-60%=3.605µs(n=20000)|60-70%=3.625µs(n=20000)|70-80%=3.693µs(n=20000)|80-90%=3.837µs(n=20000)|90-100%=3.806µs(n=20000)",27.51,27.51,6100842,1200055,100001,1100054,0,0,0,0,0,0,0,0,0,0,0,0.00,0.00,0,0,0,0
avlhashtree,build_2m_then_reinsert_400k_existing,2000000,2000000,400000,1657934085,4144,"0-10%=3.636µs(n=40000)|10-20%=3.804µs(n=40000)|20-30%=3.935µs(n=40000)|30-40%=4.065µs(n=40000)|40-50%=4.147µs(n=40000)|50-60%=4.237µs(n=40000)|60-70%=4.255µs(n=40000)|70-80%=4.321µs(n=40000)|80-90%=4.515µs(n=40000)|90-100%=4.528µs(n=40000)",55.01,55.01,12200857,2400059,200001,2200058,0,0,0,0,0,0,0,0,0,0,0,0.00,0.00,0,0,0,0
avlhashtree,build_5m_then_reinsert_1m_existing,5000000,5000000,1000000,5039988700,5039,"0-10%=4.313µs(n=100000)|10-20%=4.756µs(n=100000)|20-30%=4.926µs(n=100000)|30-40%=5.058µs(n=100000)|40-50%=5.087µs(n=100000)|50-60%=5.134µs(n=100000)|60-70%=5.244µs(n=100000)|70-80%=5.207µs(n=100000)|80-90%=5.354µs(n=100000)|90-100%=5.316µs(n=100000)",137.52,137.52,30500883,6000074,500000,5500074,0,0,0,0,0,0,0,0,0,0,0,0.00,0.00,0,0,0,0
avlhashtree,build_10m_then_reinsert_2m_existing,10000000,10000000,2000000,11301492042,5650,"0-10%=4.684µs(n=200000)|10-20%=5.247µs(n=200000)|20-30%=5.346µs(n=200000)|30-40%=5.622µs(n=200000)|40-50%=5.737µs(n=200000)|50-60%=5.872µs(n=200000)|60-70%=5.923µs(n=200000)|70-80%=5.963µs(n=200000)|80-90%=6.021µs(n=200000)|90-100%=6.086µs(n=200000)",275.06,275.06,61000926,12000106,1000001,11000105,0,0,0,0,0,0,0,0,0,0,0,0.00,0.00,0,0,0,0
avlhashtree,build_25m_then_reinsert_5m_existing,25000000,25000000,5000000,34664738988,6932,"0-10%=5.553µs(n=500000)|10-20%=6.42µs(n=500000)|20-30%=6.481µs(n=500000)|30-40%=6.928µs(n=500000)|40-50%=7.096µs(n=500000)|50-60%=7.253µs(n=500000)|60-70%=7.335µs(n=500000)|70-80%=7.402µs(n=500000)|80-90%=7.497µs(n=500000)|90-100%=7.36µs(n=500000)",687.83,687.83,152501016,30000204,2500000,27500204,0,0,0,0,0,0,0,0,0,0,0,0.00,0.00,0,0,0,0
avlhashtree,insert_only_build_10k,0,10000,10000,22713844,2271,"0-10%=1.895µs(n=1000)|10-20%=1.909µs(n=1000)|20-30%=2.081µs(n=1000)|30-40%=2.122µs(n=1000)|40-50%=2.25µs(n=1000)|50-60%=2.23µs(n=1000)|60-70%=2.249µs(n=1000)|70-80%=3.324µs(n=1000)|80-90%=2.298µs(n=1000)|90-100%=2.35µs(n=1000)",2.44,2.92,56372,80060,24174,55886,0,0,0,0,0,0,0,0,0,0,0,0.00,0.00,0,0,0,0
avlhashtree,insert_only_build_50k,0,50000,50000,123220878,2464,"0-10%=1.958µs(n=5000)|10-20%=2.461µs(n=5000)|20-30%=2.42µs(n=5000)|30-40%=2.743µs(n=5000)|40-50%=2.522µs(n=5000)|50-60%=2.538µs(n=5000)|60-70%=2.374µs(n=5000)|70-80%=2.639µs(n=5000)|80-90%=2.452µs(n=5000)|90-100%=2.532µs(n=5000)",12.23,14.56,281321,400091,119257,280834,0,0,0,0,0,0,0,0,0,0,0,0.00,0.00,0,0,0,0
avlhashtree,insert_only_build_100k,0,100000,100000,247285011,2472,"0-10%=2.031µs(n=10000)|10-20%=2.287µs(n=10000)|20-30%=2.305µs(n=10000)|30-40%=2.491µs(n=10000)|40-50%=2.442µs(n=10000)|50-60%=2.513µs(n=10000)|60-70%=2.577µs(n=10000)|70-80%=2.725µs(n=10000)|80-90%=2.645µs(n=10000)|90-100%=2.708µs(n=10000)",24.67,29.05,571974,800099,228650,571449,0,0,0,0,0,0,0,0,0,0,0,0.00,0.00,0,0,0,0
avlhashtree,insert_only_build_200k,0,200000,200000,530354143,2651,"0-10%=2.134µs(n=20000)|10-20%=2.37µs(n=20000)|20-30%=2.44µs(n=20000)|30-40%=2.637µs(n=20000)|40-50%=2.638µs(n=20000)|50-60%=2.722µs(n=20000)|60-70%=2.873µs(n=20000)|70-80%=2.836µs(n=20000)|80-90%=2.907µs(n=20000)|90-100%=2.955µs(n=20000)",50.01,58.03,1173071,1600082,427572,1172510,0,0,0,0,0,0,0,0,0,0,0,0.00,0.00,0,0,0,0
avlhashtree,insert_only_build_300k,0,300000,300000,868815542,2896,"0-10%=2.169µs(n=30000)|10-20%=2.472µs(n=30000)|20-30%=2.637µs(n=30000)|30-40%=2.72µs(n=30000)|40-50%=2.877µs(n=30000)|50-60%=2.889µs(n=30000)|60-70%=2.965µs(n=30000)|70-80%=3.229µs(n=30000)|80-90%=3.643µs(n=30000)|90-100%=3.355µs(n=30000)",72.62,87.04,1661345,2400098,739311,1660787,0,0,0,0,0,0,0,0,0,0,0,0.00,0.00,0,0,0,0
avlhashtree,insert_only_build_500k,0,500000,500000,1740302311,3480,"0-10%=2.344µs(n=50000)|10-20%=2.692µs(n=50000)|20-30%=3.067µs(n=50000)|30-40%=3.276µs(n=50000)|40-50%=3.437µs(n=50000)|50-60%=3.676µs(n=50000)|60-70%=3.907µs(n=50000)|70-80%=3.944µs(n=50000)|80-90%=4.283µs(n=50000)|90-100%=4.175µs(n=50000)",119.60,145.05,2709921,4000094,1290746,2709348,0,0,0,0,0,0,0,0,0,0,0,0.00,0.00,0,0,0,0
avlhashtree,insert_only_build_700k,0,700000,700000,2355694719,3365,"0-10%=2.35µs(n=70000)|10-20%=2.728µs(n=70000)|20-30%=2.905µs(n=70000)|30-40%=3.093µs(n=70000)|40-50%=3.302µs(n=70000)|50-60%=3.535µs(n=70000)|60-70%=3.695µs(n=70000)|70-80%=3.903µs(n=70000)|80-90%=4.013µs(n=70000)|90-100%=4.123µs(n=70000)",177.91,203.06,4222015,5600122,1378678,4221444,0,0,0,0,0,0,0,0,0,0,0,0.00,0.00,0,0,0,0
avlhashtree,insert_only_build_900k,0,900000,900000,3247625600,3608,"0-10%=2.408µs(n=90000)|10-20%=2.821µs(n=90000)|20-30%=3.043µs(n=90000)|30-40%=3.289µs(n=90000)|40-50%=3.819µs(n=90000)|50-60%=3.771µs(n=90000)|60-70%=3.895µs(n=90000)|70-80%=4.231µs(n=90000)|80-90%=4.421µs(n=90000)|90-100%=4.382µs(n=90000)",217.67,261.07,4974834,7200144,2225886,4974258,0,0,0,0,0,0,0,0,0,0,0,0.00,0.00,0,0,0,0
avlhashtree,insert_only_build_1m,0,1000000,1000000,3940910280,3940,"0-10%=2.49µs(n=100000)|10-20%=2.923µs(n=100000)|20-30%=3.264µs(n=100000)|30-40%=3.479µs(n=100000)|40-50%=3.815µs(n=100000)|50-60%=4.079µs(n=100000)|60-70%=4.638µs(n=100000)|70-80%=5.02µs(n=100000)|80-90%=4.865µs(n=100000)|90-100%=4.831µs(n=100000)",245.89,290.08,5692405,8000133,2308309,5691824,0,0,0,0,0,0,0,0,0,0,0,0.00,0.00,0,0,0,0
avlhashtree,insert_only_build_2m,0,2000000,2000000,8921407109,4460,"0-10%=2.772µs(n=200000)|10-20%=3.428µs(n=200000)|20-30%=4.145µs(n=200000)|30-40%=4.479µs(n=200000)|40-50%=4.564µs(n=200000)|50-60%=4.673µs(n=200000)|60-70%=5.118µs(n=200000)|70-80%=5.088µs(n=200000)|80-90%=5.183µs(n=200000)|90-100%=5.153µs(n=200000)",501.65,580.19,11786054,16000167,4214697,11785470,0,0,0,0,0,0,0,0,0,0,0,0.00,0.00,0,0,0,0
avlhashtree,insert_only_build_5m,0,5000000,5000000,26410365779,5282,"0-10%=3.175µs(n=500000)|10-20%=4.199µs(n=500000)|20-30%=4.862µs(n=500000)|30-40%=5.073µs(n=500000)|40-50%=5.446µs(n=500000)|50-60%=5.65µs(n=500000)|60-70%=5.773µs(n=500000)|70-80%=5.87µs(n=500000)|80-90%=6.34µs(n=500000)|90-100%=6.428µs(n=500000)",1198.92,1450.52,27199848,40000273,12801016,27199257,0,0,0,0,0,0,0,0,0,0,0,0.00,0.00,0,0,0,0
avlhashtree,insert_only_build_10m,0,10000000,10000000,62118788367,6211,"0-10%=3.795µs(n=1000000)|10-20%=5.091µs(n=1000000)|20-30%=5.689µs(n=1000000)|30-40%=5.94µs(n=1000000)|40-50%=6.347µs(n=1000000)|50-60%=6.739µs(n=1000000)|60-70%=6.845µs(n=1000000)|70-80%=7.144µs(n=1000000)|80-90%=7.281µs(n=1000000)|90-100%=7.243µs(n=1000000)",2457.74,2901.24,56843003,80000432,23158024,56842408,0,0,0,0,0,0,0,0,0,0,0,0.00,0.00,0,0,0,0
avlhashtree,insert_only_build_25m,0,25000000,25000000,179650174977,7186,"0-10%=4.61µs(n=2500000)|10-20%=5.975µs(n=2500000)|20-30%=6.582µs(n=2500000)|30-40%=6.971µs(n=2500000)|40-50%=7.373µs(n=2500000)|50-60%=7.67µs(n=2500000)|60-70%=7.8µs(n=2500000)|70-80%=7.955µs(n=2500000)|80-90%=8.298µs(n=2500000)|90-100%=8.621µs(n=2500000)",5852.17,7254.20,130099638,200000988,69901954,130099034,0,0,0,0,0,0,0,0,0,0,0,0.00,0.00,0,0,0,0
avlhashtree,prehashed_ordered_insert_only_10k,0,10000,10000,19727404,1972,"0-10%=1.519µs(n=1000)|10-20%=1.725µs(n=1000)|20-30%=1.82µs(n=1000)|30-40%=1.876µs(n=1000)|40-50%=1.952µs(n=1000)|50-60%=2.714µs(n=1000)|60-70%=1.973µs(n=1000)|70-80%=1.979µs(n=1000)|80-90%=2.06µs(n=1000)|90-100%=2.104µs(n=1000)",1.97,2.91,62956,80050,27710,52340,0,0,0,0,0,0,0,0,0,0,0,0.00,0.00,0,0,0,0
avlhashtree,prehashed_ordered_insert_only_50k,0,50000,50000,112032832,2240,"0-10%=1.845µs(n=5000)|10-20%=2.124µs(n=5000)|20-30%=2.264µs(n=5000)|30-40%=2.147µs(n=5000)|40-50%=2.398µs(n=5000)|50-60%=2.21µs(n=5000)|60-70%=2.24µs(n=5000)|70-80%=2.292µs(n=5000)|80-90%=2.566µs(n=5000)|90-100%=2.316µs(n=5000)",11.87,14.53,267668,400061,132954,267107,0,0,0,0,0,0,0,0,0,0,0,0.00,0.00,0,0,0,0
avlhashtree,prehashed_ordered_insert_only_100k,0,100000,100000,232431293,2324,"0-10%=2.041µs(n=10000)|10-20%=2.179µs(n=10000)|20-30%=2.177µs(n=10000)|30-40%=2.385µs(n=10000)|40-50%=2.288µs(n=10000)|50-60%=2.285µs(n=10000)|60-70%=2.328µs(n=10000)|70-80%=2.597µs(n=10000)|80-90%=2.456µs(n=10000)|90-100%=2.502µs(n=10000)",18.50,29.03,570202,800102,330438,469664,0,0,0,0,0,0,0,0,0,0,0,0.00,0.00,0,0,0,0
avlhashtree,prehashed_ordered_insert_only_200k,0,200000,200000,488406611,2442,"0-10%=2.056µs(n=20000)|10-20%=2.254µs(n=20000)|20-30%=2.399µs(n=20000)|30-40%=2.383µs(n=20000)|40-50%=2.503µs(n=20000)|50-60%=2.462µs(n=20000)|60-70%=2.557µs(n=20000)|70-80%=2.61µs(n=20000)|80-90%=2.656µs(n=20000)|90-100%=2.535µs(n=20000)",35.43,58.02,1076002,1600102,724642,875460,0,0,0,0,0,0,0,0,0,0,0,0.00,0.00,0,0,0,0
avlhashtree,prehashed_ordered_insert_only_300k,0,300000,300000,751175918,2503,"0-10%=2.105µs(n=30000)|10-20%=2.317µs(n=30000)|20-30%=2.484µs(n=30000)|30-40%=2.42µs(n=30000)|40-50%=2.572µs(n=30000)|50-60%=2.57µs(n=30000)|60-70%=2.613µs(n=30000)|70-80%=2.614µs(n=30000)|80-90%=2.678µs(n=30000)|90-100%=2.662µs(n=30000)",53.30,87.01,1620335,2400071,1080307,1319764,0,0,0,0,0,0,0,0,0,0,0,0.00,0.00,0,0,0,0
avlhashtree,prehashed_ordered_insert_only_500k,0,500000,500000,1278051636,2556,"0-10%=2.247µs(n=50000)|10-20%=2.463µs(n=50000)|20-30%=2.397µs(n=50000)|30-40%=2.521µs(n=50000)|40-50%=2.527µs(n=50000)|50-60%=2.7µs(n=50000)|60-70%=2.728µs(n=50000)|70-80%=2.669µs(n=50000)|80-90%=2.657µs(n=50000)|90-100%=2.647µs(n=50000)",95.82,145.02,2986403,4000101,1514247,2485854,0,0,0,0,0,0,0,0,0,0,0,0.00,0.00,0,0,0,0
avlhashtree,prehashed_ordered_insert_only_700k,0,700000,700000,1832378471,2617,"0-10%=2.234µs(n=70000)|10-20%=2.487µs(n=70000)|20-30%=2.535µs(n=70000)|30-40%=2.565µs(n=70000)|40-50%=2.622µs(n=70000)|50-60%=2.716µs(n=70000)|60-70%=2.752µs(n=70000)|70-80%=2.723µs(n=70000)|80-90%=2.77µs(n=70000)|90-100%=2.768µs(n=70000)",134.56,203.03,4197036,5600103,2103621,3496482,0,0,0,0,0,0,0,0,0,0,0,0.00,0.00,0,0,0,0
avlhashtree,prehashed_ordered_insert_only_900k,0,900000,900000,2389965068,2655,"0-10%=2.272µs(n=90000)|10-20%=2.524µs(n=90000)|20-30%=2.583µs(n=90000)|30-40%=2.675µs(n=90000)|40-50%=2.639µs(n=90000)|50-60%=2.686µs(n=90000)|60-70%=2.857µs(n=90000)|70-80%=2.771µs(n=90000)|80-90%=2.77µs(n=90000)|90-100%=2.773µs(n=90000)",172.79,261.03,5387188,7200107,2713477,4486630,0,0,0,0,0,0,0,0,0,0,0,0.00,0.00,0,0,0,0
avlhashtree,prehashed_ordered_insert_only_1m,0,1000000,1000000,2648962053,2648,"0-10%=2.332µs(n=100000)|10-20%=2.577µs(n=100000)|20-30%=2.52µs(n=100000)|30-40%=2.651µs(n=100000)|40-50%=2.611µs(n=100000)|50-60%=2.77µs(n=100000)|60-70%=2.8µs(n=100000)|70-80%=2.744µs(n=100000)|80-90%=2.741µs(n=100000)|90-100%=2.738µs(n=100000)",192.54,290.04,6008291,8000112,2992381,5007731,0,0,0,0,0,0,0,0,0,0,0,0.00,0.00,0,0,0,0
avlhashtree,prehashed_ordered_insert_only_2m,0,2000000,2000000,5532971479,2766,"0-10%=2.422µs(n=200000)|10-20%=2.646µs(n=200000)|20-30%=2.68µs(n=200000)|30-40%=2.819µs(n=200000)|40-50%=2.777µs(n=200000)|50-60%=2.873µs(n=200000)|60-70%=2.879µs(n=200000)|70-80%=2.86µs(n=200000)|80-90%=2.851µs(n=200000)|90-100%=2.852µs(n=200000)",385.35,580.04,12027169,16000134,5973520,10026614,0,0,0,0,0,0,0,0,0,0,0,0.00,0.00,0,0,0,0
avlhashtree,prehashed_ordered_insert_only_5m,0,5000000,5000000,14780542147,2956,"0-10%=2.527µs(n=500000)|10-20%=2.76µs(n=500000)|20-30%=2.795µs(n=500000)|30-40%=2.883µs(n=500000)|40-50%=3.011µs(n=500000)|50-60%=3.055µs(n=500000)|60-70%=3.163µs(n=500000)|70-80%=3.044µs(n=500000)|80-90%=3.145µs(n=500000)|90-100%=3.172µs(n=500000)",952.46,1450.04,29621644,40000158,15379072,24621086,0,0,0,0,0,0,0,0,0,0,0,0.00,0.00,0,0,0,0
avlhashtree,prehashed_ordered_insert_only_10m,0,10000000,10000000,30458706860,3045,"0-10%=2.649µs(n=1000000)|10-20%=2.88µs(n=1000000)|20-30%=2.914µs(n=1000000)|30-40%=3.011µs(n=1000000)|40-50%=3.047µs(n=1000000)|50-60%=3.084µs(n=1000000)|60-70%=3.23µs(n=1000000)|70-80%=3.203µs(n=1000000)|80-90%=3.189µs(n=1000000)|90-100%=3.247µs(n=1000000)",1918.52,2900.02,59800786,80000237,30200016,49800221,0,0,0,0,0,0,0,0,0,0,0,0.00,0.00,0,0,0,0
avlhashtree,prehashed_ordered_insert_only_25m,0,25000000,25000000,81135053776,3245,"0-10%=2.811µs(n=2500000)|10-20%=3.071µs(n=2500000)|20-30%=3.057µs(n=2500000)|30-40%=3.189µs(n=2500000)|40-50%=3.169µs(n=2500000)|50-60%=3.285µs(n=2500000)|60-70%=3.412µs(n=2500000)|70-80%=3.474µs(n=2500000)|80-90%=3.468µs(n=2500000)|90-100%=3.513µs(n=2500000)",4784.37,7249.68,149025928,200000342,75974981,124025361,0,0,0,0,0,0,0,0,0,0,0,0.00,0.00,0,0,0,0
avlhashtree,proof_only_after_10k_build_sample_5pct,10000,10000,0,0,0,"",0.00,0.00,0,0,0,0,260748,521,1574,4105,0,0,0,0,0,0,0,0.00,0.00,0,0,0,0
avlhashtree,proof_only_after_50k_build_sample_5pct,50000,50000,0,0,0,"",0.00,0.00,0,0,0,0,1568870,627,1855,4102,0,0,0,0,0,0,0,0.00,0.00,0,0,0,0
avlhashtree,proof_only_after_100k_build_sample_5pct,100000,100000,0,0,0,"",0.00,0.00,0,0,0,0,3112701,622,1976,4532,0,0,0,0,0,0,0,0.00,0.00,0,0,0,0
avlhashtree,proof_only_after_200k_build_sample_5pct,200000,200000,0,0,0,"",0.00,0.00,0,0,0,0,7547713,754,2098,4728,0,0,0,0,0,0,0,0.00,0.00,0,0,0,0
avlhashtree,proof_only_after_300k_build_sample_5pct,300000,300000,0,0,0,"",0.00,0.00,0,0,0,0,13521845,901,2166,4915,0,0,0,0,0,0,0,0.00,0.00,0,0,0,0
avlhashtree,proof_only_after_500k_build_sample_5pct,500000,500000,0,0,0,"",0.00,0.00,0,0,0,0,32216965,1288,2257,5251,0,0,0,0,0,0,0,0.00,0.00,0,0,0,0
avlhashtree,proof_only_after_700k_build_sample_5pct,700000,700000,0,0,0,"",0.00,0.00,0,0,0,0,47486077,1356,2316,5324,0,0,0,0,0,0,0,0.00,0.00,0,0,0,0
avlhashtree,proof_only_after_900k_build_sample_5pct,900000,900000,0,0,0,"",0.00,0.00,0,0,0,0,73626994,1636,2361,5537,0,0,0,0,0,0,0,0.00,0.00,0,0,0,0
avlhashtree,proof_only_after_1m_build_sample_5pct,1000000,1000000,0,0,0,"",0.00,0.00,0,0,0,0,82022426,1640,2377,5602,0,0,0,0,0,0,0,0.00,0.00,0,0,0,0
avlhashtree,proof_only_after_2m_build_sample_3pct,2000000,2000000,0,0,0,"",0.00,0.00,0,0,0,0,114422035,1907,2498,6159,0,0,0,0,0,0,0,0.00,0.00,0,0,0,0
avlhashtree,proof_only_after_5m_build_sample_3pct,5000000,5000000,0,0,0,"",0.00,0.00,0,0,0,0,333964531,2226,2662,6588,0,0,0,0,0,0,0,0.00,0.00,0,0,0,0
avlhashtree,proof_only_after_10m_build_sample_2pct,10000000,10000000,0,0,0,"",0.00,0.00,0,0,0,0,501248811,2506,2781,6777,0,0,0,0,0,0,0,0.00,0.00,0,0,0,0
avlhashtree,proof_only_after_25m_build_sample_2pct,25000000,25000000,0,0,0,"",0.00,0.00,0,0,0,0,1777256088,3554,2944,9151,0,0,0,0,0,0,0,0.00,0.00,0,0,0,0
avlhashtree,build_10k_then_add_2k_new,10000,12000,2000,4402674,2201,"0-10%=2.175µs(n=200)|10-20%=2.385µs(n=200)|20-30%=2.148µs(n=200)|30-40%=2.119µs(n=200)|40-50%=2.164µs(n=200)|50-60%=2.178µs(n=200)|60-70%=2.195µs(n=200)|70-80%=2.188µs(n=200)|80-90%=2.083µs(n=200)|90-100%=2.369µs(n=200)",0.59,0.59,65732,16039,1001,15038,0,0,0,0,0,0,0,0,0,0,0,0.00,0.00,0,0,0,0
avlhashtree,build_50k_then_add_10k_new,50000,60000,10000,26293442,2629,"0-10%=2.8µs(n=1000)|10-20%=2.707µs(n=1000)|20-30%=2.576µs(n=1000)|30-40%=2.621µs(n=1000)|40-50%=2.604µs(n=1000)|50-60%=2.529µs(n=1000)|60-70%=2.666µs(n=1000)|70-80%=2.591µs(n=1000)|80-90%=2.533µs(n=1000)|90-100%=2.66µs(n=1000)",2.91,2.91,325741,80041,5001,75040,0,0,0,0,0,0,0,0,0,0,0,0.00,0.00,0,0,0,0
avlhashtree,build_100k_then_add_20k_new,100000,120000,20000,59306717,2965,"0-10%=3.126µs(n=2000)|10-20%=3.01µs(n=2000)|20-30%=2.987µs(n=2000)|30-40%=2.988µs(n=2000)|40-50%=2.961µs(n=2000)|50-60%=2.925µs(n=2000)|60-70%=2.917µs(n=2000)|70-80%=2.935µs(n=2000)|80-90%=2.934µs(n=2000)|90-100%=2.864µs(n=2000)",5.81,5.81,650747,160041,10001,150040,0,0,0,0,0,0,0,0,0,0,0,0.00,0.00,0,0,0,0
avlhashtree,build_200k_then_add_40k_new,200000,240000,40000,126185405,3154,"0-10%=3.246µs(n=4000)|10-20%=3.128µs(n=4000)|20-30%=3.101µs(n=4000)|30-40%=3.14µs(n=4000)|40-50%=3.169µs(n=4000)|50-60%=3.121µs(n=4000)|60-70%=3.141µs(n=4000)|70-80%=3.126µs(n=4000)|80-90%=3.172µs(n=4000)|90-100%=3.197µs(n=4000)",11.63,11.63,1300754,320046,20001,300045,0,0,0,0,0,0,0,0,0,0,0,0.00,0.00,0,0,0,0
avlhashtree,build_300k_then_add_60k_new,300000,360000,60000,222487257,3708,"0-10%=3.769µs(n=6000)|10-20%=3.593µs(n=6000)|20-30%=3.547µs(n=6000)|30-40%=4.366µs(n=6000)|40-50%=4.094µs(n=6000)|50-60%=3.565µs(n=6000)|60-70%=3.544µs(n=6000)|70-80%=3.539µs(n=6000)|80-90%=3.541µs(n=6000)|90-100%=3.518µs(n=6000)",17.42,17.42,1950759,480048,30001,450047,0,0,0,0,0,0,0,0,0,0,0,0.00,0.00,0,0,0,0
avlhashtree,build_500k_then_add_100k_new,500000,600000,100000,414911551,4149,"0-10%=4.359µs(n=10000)|10-20%=4.258µs(n=10000)|20-30%=4.219µs(n=10000)|30-40%=4.093µs(n=10000)|40-50%=4.054µs(n=10000)|50-60%=4.054µs(n=10000)|60-70%=4.047µs(n=10000)|70-80%=4.052µs(n=10000)|80-90%=4.093µs(n=10000)|90-100%=4.257µs(n=10000)",29.02,29.02,3250770,800052,50001,750051,0,0,0,0,0,0,0,0,0,0,0,0.00,0.00,0,0,0,0
avlhashtree,build_700k_then_add_140k_new,700000,840000,140000,688786632,4919,"0-10%=5.188µs(n=14000)|10-20%=4.791µs(n=14000)|20-30%=4.625µs(n=14000)|30-40%=4.721µs(n=14000)|40-50%=4.644µs(n=14000)|50-60%=4.634µs(n=14000)|60-70%=4.84µs(n=14000)|70-80%=4.888µs(n=14000)|80-90%=5.939µs(n=14000)|90-100%=4.922µs(n=14000)",40.63,40.63,4550786,1120055,70001,1050054,0,0,0,0,0,0,0,0,0,0,0,0.00,0.00,0,0,0,0
avlhashtree,build_900k_then_add_180k_new,900000,1080000,180000,869407269,4830,"0-10%=5.336µs(n=18000)|10-20%=5.31µs(n=18000)|20-30%=4.815µs(n=18000)|30-40%=4.619µs(n=18000)|40-50%=4.572µs(n=18000)|50-60%=4.744µs(n=18000)|60-70%=4.73µs(n=18000)|70-80%=4.687µs(n=18000)|80-90%=4.761µs(n=18000)|90-100%=4.722µs(n=18000)",52.23,52.23,5850788,1440056,90001,1350055,0,0,0,0,0,0,0,0,0,0,0,0.00,0.00,0,0,0,0
avlhashtree,build_1m_then_add_200k_new,1000000,1200000,200000,969462248,4847,"0-10%=5.475µs(n=20000)|10-20%=4.962µs(n=20000)|20-30%=4.829µs(n=20000)|30-40%=4.886µs(n=20000)|40-50%=4.787µs(n=20000)|50-60%=4.699µs(n=20000)|60-70%=4.726µs(n=20000)|70-80%=4.707µs(n=20000)|80-90%=4.702µs(n=20000)|90-100%=4.696µs(n=20000)",58.03,58.03,6500793,1600056,100001,1500055,0,0,0,0,0,0,0,0,0,0,0,0.00,0.00,0,0,0,0
avlhashtree,build_2m_then_add_400k_new,2000000,2400000,400000,2244299383,5610,"0-10%=6.087µs(n=40000)|10-20%=5.572µs(n=40000)|20-30%=5.552µs(n=40000)|30-40%=5.572µs(n=40000)|40-50%=5.83µs(n=40000)|50-60%=5.526µs(n=40000)|60-70%=5.45µs(n=40000)|70-80%=5.439µs(n=40000)|80-90%=5.514µs(n=40000)|90-100%=5.56µs(n=40000)",116.06,116.06,13000811,3200063,200001,3000062,0,0,0,0,0,0,0,0,0,0,0,0.00,0.00,0,0,0,0
avlhashtree,build_5m_then_add_1m_new,5000000,6000000,1000000,6634765614,6634,"0-10%=7.033µs(n=100000)|10-20%=6.661µs(n=100000)|20-30%=6.565µs(n=100000)|30-40%=6.536µs(n=100000)|40-50%=6.621µs(n=100000)|50-60%=6.469µs(n=100000)|60-70%=6.501µs(n=100000)|70-80%=6.561µs(n=100000)|80-90%=6.648µs(n=100000)|90-100%=6.747µs(n=100000)",290.16,290.16,32500838,8000081,500001,7500080,0,0,0,0,0,0,0,0,0,0,0,0.00,0.00,0,0,0,0
avlhashtree,build_10m_then_add_2m_new,10000000,12000000,2000000,14891424123,7445,"0-10%=7.557µs(n=200000)|10-20%=7.415µs(n=200000)|20-30%=7.616µs(n=200000)|30-40%=7.566µs(n=200000)|40-50%=7.223µs(n=200000)|50-60%=7.33µs(n=200000)|60-70%=7.497µs(n=200000)|70-80%=7.495µs(n=200000)|80-90%=7.503µs(n=200000)|90-100%=7.25µs(n=200000)",580.36,580.36,65000876,16000117,1000001,15000116,0,0,0,0,0,0,0,0,0,0,0,0.00,0.00,0,0,0,0
avlhashtree,build_25m_then_add_5m_new,25000000,30000000,5000000,43927939309,8785,"0-10%=8.898µs(n=500000)|10-20%=8.77µs(n=500000)|20-30%=8.499µs(n=500000)|30-40%=8.749µs(n=500000)|40-50%=8.841µs(n=500000)|50-60%=8.755µs(n=500000)|60-70%=8.691µs(n=500000)|70-80%=8.966µs(n=500000)|80-90%=8.902µs(n=500000)|90-100%=8.781µs(n=500000)",1451.18,1451.18,162501022,40000257,2500001,37500256,0,0,0,0,0,0,0,0,0,0,0,0.00,0.00,0,0,0,0
avlhashtree,build_10k_then_reinsert_2k_existing,10000,10000,2000,3199102,1599,"0-10%=1.333µs(n=200)|10-20%=1.555µs(n=200)|20-30%=1.57µs(n=200)|30-40%=1.532µs(n=200)|40-50%=1.596µs(n=200)|50-60%=1.673µs(n=200)|60-70%=1.625µs(n=200)|70-80%=1.697µs(n=200)|80-90%=1.695µs(n=200)|90-100%=1.709µs(n=200)",0.29,0.29,61805,12041,1001,11040,0,0,0,0,0,0,0,0,0,0,0,0.00,0.00,0,0,0,0
avlhashtree,build_50k_then_reinsert_10k_existing,50000,50000,10000,20230500,2023,"0-10%=1.826µs(n=1000)|10-20%=1.91µs(n=1000)|20-30%=1.941µs(n=1000)|30-40%=2.056µs(n=1000)|40-50%=2.031µs(n=1000)|50-60%=2µs(n=1000)|60-70%=2.161µs(n=1000)|70-80%=2.015µs(n=1000)|80-90%=2.065µs(n=1000)|90-100%=2.22µs(n=1000)",1.39,1.39,305818,60041,5001,55040,0,0,0,0,0,0,0,0,0,0,0,0.00,0.00,0,0,0,0
avlhashtree,build_100k_then_reinsert_20k_existing,100000,100000,20000,42762247,2138,"0-10%=1.878µs(n=2000)|10-20%=2.036µs(n=2000)|20-30%=2.069µs(n=2000)|30-40%=2.137µs(n=2000)|40-50%=2.173µs(n=2000)|50-60%=2.175µs(n=2000)|60-70%=2.166µs(n=2000)|70-80%=2.204µs(n=2000)|80-90%=2.265µs(n=2000)|90-100%=2.272µs(n=2000)",2.76,2.76,610821,120041,10001,110040,0,0,0,0,0,0,0,0,0,0,0,0.00,0.00,0,0,0,0
avlhashtree,build_200k_then_reinsert_40k_existing,200000,200000,40000,102429453,2560,"0-10%=2.186µs(n=4000)|10-20%=2.443µs(n=4000)|20-30%=2.51µs(n=4000)|30-40%=2.57µs(n=4000)|40-50%=2.652µs(n=4000)|50-60%=2.662µs(n=4000)|60-70%=2.637µs(n=4000)|70-80%=2.645µs(n=4000)|80-90%=2.633µs(n=4000)|90-100%=2.665µs(n=4000)",5.52,5.52,1220833,240048,20001,220047,0,0,0,0,0,0,0,0,0,0,0,0.00,0.00,0,0,0,0
avlhashtree,build_300k_then_reinsert_60k_existing,300000,300000,60000,173821911,2897,"0-10%=2.659µs(n=6000)|10-20%=2.77µs(n=6000)|20-30%=2.823µs(n=6000)|30-40%=2.874µs(n=6000)|40-50%=2.9µs(n=6000)|50-60%=2.904µs(n=6000)|60-70%=2.992µs(n=6000)|70-80%=2.991µs(n=6000)|80-90%=3.003µs(n=6000)|90-100%=3.048µs(n=6000)",8.27,8.27,1830840,360048,30001,330047,0,0,0,0,0,0,0,0,0,0,0,0.00,0.00,0,0,0,0
avlhashtree,build_500k_then_reinsert_100k_existing,500000,500000,100000,323620865,3236,"0-10%=2.879µs(n=10000)|10-20%=3.174µs(n=10000)|20-30%=3.263µs(n=10000)|30-40%=3.244µs(n=10000)|40-50%=3.206µs(n=10000)|50-60%=3.269µs(n=10000)|60-70%=3.302µs(n=10000)|70-80%=3.313µs(n=10000)|80-90%=3.349µs(n=10000)|90-100%=3.359µs(n=10000)",13.76,13.76,3050849,600050,50001,550049,0,0,0,0,0,0,0,0,0,0,0,0.00,0.00,0,0,0,0
avlhashtree,build_700k_then_reinsert_140k_existing,700000,700000,140000,493008141,3521,"0-10%=3.165µs(n=14000)|10-20%=3.389µs(n=14000)|20-30%=3.483µs(n=14000)|30-40%=3.562µs(n=14000)|40-50%=3.593µs(n=14000)|50-60%=3.595µs(n=14000)|60-70%=3.525µs(n=14000)|70-80%=3.584µs(n=14000)|80-90%=3.631µs(n=14000)|90-100%=3.684µs(n=14000)",19.26,19.26,4270851,840050,70001,770049,0,0,0,0,0,0,0,0,0,0,0,0.00,0.00,0,0,0,0
avlhashtree,build_900k_then_reinsert_180k_existing,900000,900000,180000,662893047,3682,"0-10%=3.395µs(n=18000)|10-20%=3.513µs(n=18000)|20-30%=3.554µs(n=18000)|30-40%=3.642µs(n=18000)|40-50%=3.611µs(n=18000)|50-60%=3.664µs(n=18000)|60-70%=3.761µs(n=18000)|70-80%=3.808µs(n=18000)|80-90%=3.93µs(n=18000)|90-100%=3.944µs(n=18000)",24.76,24.76,5490861,1080055,90001,990054,0,0,0,0,0,0,0,0,0,0,0,0.00,0.00,0,0,0,0
avlhashtree,build_1m_then_reinsert_200k_existing,1000000,1000000,200000,733436278,3667,"0-10%=3.291µs(n=20000)|10-20%=3.501µs(n=20000)|20-30%=3.632µs(n=20000)|30-40%=3.647µs(n=20000)|40-50%=3.702µs(n=20000)|50-60%=3.659µs(n=20000)|60-70%=3.684µs(n=20000)|70-80%=3.752µs(n=20000)|80-90%=3.855µs(n=20000)|90-100%=3.944µs(n=20000)",27.51,27.51,6100860,1200053,100001,1100052,0,0,0,0,0,0,0,0,0,0,0,0.00,0.00,0,0,0,0
avlhashtree,build_2m_then_reinsert_400k_existing,2000000,2000000,400000,1730545907,4326,"0-10%=3.813µs(n=40000)|10-20%=4.014µs(n=40000)|20-30%=4.153µs(n=40000)|30-40%=4.419µs(n=40000)|40-50%=4.47µs(n=40000)|50-60%=4.428µs(n=40000)|60-70%=4.411µs(n=40000)|70-80%=4.385µs(n=40000)|80-90%=4.526µs(n=40000)|90-100%=4.639µs(n=40000)",55.01,55.01,12200876,2400059,200001,2200058,0,0,0,0,0,0,0,0,0,0,0,0.00,0.00,0,0,0,0
avlhashtree,build_5m_then_reinsert_1m_existing,5000000,5000000,1000000,5129919880,5129,"0-10%=4.378µs(n=100000)|10-20%=4.66µs(n=100000)|20-30%=4.901µs(n=100000)|30-40%=5.111µs(n=100000)|40-50%=5.327µs(n=100000)|50-60%=5.292µs(n=100000)|60-70%=5.408µs(n=100000)|70-80%=5.318µs(n=100000)|80-90%=5.449µs(n=100000)|90-100%=5.45µs(n=100000)",137.52,137.52,30500910,6000080,500001,5500079,0,0,0,0,0,0,0,0,0,0,0,0.00,0.00,0,0,0,0
avlhashtree,build_10m_then_reinsert_2m_existing,10000000,10000000,2000000,11882565675,5941,"0-10%=4.766µs(n=200000)|10-20%=5.451µs(n=200000)|20-30%=5.631µs(n=200000)|30-40%=5.834µs(n=200000)|40-50%=5.953µs(n=200000)|50-60%=5.974µs(n=200000)|60-70%=6.228µs(n=200000)|70-80%=6.394µs(n=200000)|80-90%=6.591µs(n=200000)|90-100%=6.585µs(n=200000)",275.08,275.08,61000933,12000104,1000000,11000104,0,0,0,0,0,0,0,0,0,0,0,0.00,0.00,0,0,0,0
avlhashtree,build_25m_then_reinsert_5m_existing,25000000,25000000,5000000,35208422226,7041,"0-10%=5.67µs(n=500000)|10-20%=6.556µs(n=500000)|20-30%=6.848µs(n=500000)|30-40%=7.081µs(n=500000)|40-50%=7.172µs(n=500000)|50-60%=7.191µs(n=500000)|60-70%=7.249µs(n=500000)|70-80%=7.567µs(n=500000)|80-90%=7.508µs(n=500000)|90-100%=7.571µs(n=500000)",687.80,687.80,152501032,30000198,2500001,27500197,0,0,0,0,0,0,0,0,0,0,0,0.00,0.00,0,0,0,0
avlhashtree,insert_only_build_10k,0,10000,10000,20168669,2016,"0-10%=1.698µs(n=1000)|10-20%=1.802µs(n=1000)|20-30%=1.843µs(n=1000)|30-40%=1.941µs(n=1000)|40-50%=1.932µs(n=1000)|50-60%=2.049µs(n=1000)|60-70%=2.005µs(n=1000)|70-80%=2.685µs(n=1000)|80-90%=2.08µs(n=1000)|90-100%=2.127µs(n=1000)",2.44,2.93,56216,80057,24331,55726,0,0,0,0,0,0,0,0,0,0,0,0.00,0.00,0,0,0,0
avlhashtree,insert_only_build_50k,0,50000,50000,116338867,2326,"0-10%=1.824µs(n=5000)|10-20%=2.169µs(n=5000)|20-30%=2.166µs(n=5000)|30-40%=2.405µs(n=5000)|40-50%=2.295µs(n=5000)|50-60%=2.32µs(n=5000)|60-70%=2.359µs(n=5000)|70-80%=2.586µs(n=5000)|80-90%=2.558µs(n=5000)|90-100%=2.58µs(n=5000)",12.22,14.56,280818,400093,119770,280323,0,0,0,0,0,0,0,0,0,0,0,0.00,0.00,0,0,0,0
avlhashtree,insert_only_build_100k,0,100000,100000,253373628,2533,"0-10%=2.032µs(n=10000)|10-20%=2.364µs(n=10000)|20-30%=2.335µs(n=10000)|30-40%=2.494µs(n=10000)|40-50%=2.481µs(n=10000)|50-60%=2.58µs(n=10000)|60-70%=2.712µs(n=10000)|70-80%=2.716µs(n=10000)|80-90%=2.785µs(n=10000)|90-100%=2.833µs(n=10000)",24.63,29.05,570800,800090,229828,570262,0,0,0,0,0,0,0,0,0,0,0,0.00,0.00,0,0,0,0
avlhashtree,insert_only_build_200k,0,200000,200000,599034388,2995,"0-10%=2.188µs(n=20000)|10-20%=2.467µs(n=20000)|20-30%=2.517µs(n=20000)|30-40%=2.667µs(n=20000)|40-50%=2.71µs(n=20000)|50-60%=2.988µs(n=20000)|60-70%=3.194µs(n=20000)|70-80%=3.722µs(n=20000)|80-90%=3.685µs(n=20000)|90-100%=3.809µs(n=20000)",50.18,58.03,1180003,1600093,420648,1179445,0,0,0,0,0,0,0,0,0,0,0,0.00,0.00,0,0,0,0
avlhashtree,insert_only_build_300k,0,300000,300000,895325245,2984,"0-10%=2.274µs(n=30000)|10-20%=2.624µs(n=30000)|20-30%=2.775µs(n=30000)|30-40%=2.82µs(n=30000)|40-50%=2.888µs(n=30000)|50-60%=2.925µs(n=30000)|60-70%=3.108µs(n=30000)|70-80%=3.328µs(n=30000)|80-90%=3.42µs(n=30000)|90-100%=3.679µs(n=30000)",72.79,87.04,1668542,2400106,732129,1667977,0,0,0,0,0,0,0,0,0,0,0,0.00,0.00,0,0,0,0
avlhashtree,insert_only_build_500k,0,500000,500000,1663293335,3326,"0-10%=2.34µs(n=50000)|10-20%=2.642µs(n=50000)|20-30%=2.875µs(n=50000)|30-40%=3.041µs(n=50000)|40-50%=3.337µs(n=50000)|50-60%=3.93µs(n=50000)|60-70%=3.799µs(n=50000)|70-80%=3.743µs(n=50000)|80-90%=3.755µs(n=50000)|90-100%=3.799µs(n=50000)",119.70,145.06,2713469,4000119,1287219,2712900,0,0,0,0,0,0,0,0,0,0,0,0.00,0.00,0,0,0,0
avlhashtree,insert_only_build_700k,0,700000,700000,2425641406,3465,"0-10%=2.391µs(n=70000)|10-20%=2.74µs(n=70000)|20-30%=2.996µs(n=70000)|30-40%=3.418µs(n=70000)|40-50%=3.428µs(n=70000)|50-60%=3.578µs(n=70000)|60-70%=3.777µs(n=70000)|70-80%=4.059µs(n=70000)|80-90%=4.102µs(n=70000)|90-100%=4.158µs(n=70000)",177.39,203.06,4200623,5600118,1400081,4200037,0,0,0,0,0,0,0,0,0,0,0,0.00,0.00,0,0,0,0
avlhashtree,insert_only_build_900k,0,900000,900000,3126148611,3473,"0-10%=2.485µs(n=90000)|10-20%=2.841µs(n=90000)|20-30%=3.03µs(n=90000)|30-40%=3.235µs(n=90000)|40-50%=3.597µs(n=90000)|50-60%=3.597µs(n=90000)|60-70%=3.872µs(n=90000)|70-80%=3.864µs(n=90000)|80-90%=4.08µs(n=90000)|90-100%=4.129µs(n=90000)",216.35,261.07,4920992,7200132,2279724,4920408,0,0,0,0,0,0,0,0,0,0,0,0.00,0.00,0,0,0,0
avlhashtree,insert_only_build_1m,0,1000000,1000000,3445761859,3445,"0-10%=2.273µs(n=100000)|10-20%=2.616µs(n=100000)|20-30%=2.822µs(n=100000)|30-40%=2.996µs(n=100000)|40-50%=3.468µs(n=100000)|50-60%=3.749µs(n=100000)|60-70%=3.782µs(n=100000)|70-80%=4.261µs(n=100000)|80-90%=4.089µs(n=100000)|90-100%=4.397µs(n=100000)",244.92,290.08,5653110,8000123,2347609,5652514,0,0,0,0,0,0,0,0,0,0,0,0.00,0.00,0,0,0,0
avlhashtree,insert_only_build_2m,0,2000000,2000000,9295357376,4647,"0-10%=2.523µs(n=200000)|10-20%=3.167µs(n=200000)|20-30%=3.84µs(n=200000)|30-40%=4.383µs(n=200000)|40-50%=4.844µs(n=200000)|50-60%=5.266µs(n=200000)|60-70%=5.51µs(n=200000)|70-80%=5.801µs(n=200000)|80-90%=5.497µs(n=200000)|90-100%=5.642µs(n=200000)",500.70,580.20,11746597,16000182,4254177,11746005,0,0,0,0,0,0,0,0,0,0,0,0.00,0.00,0,0,0,0
avlhashtree,insert_only_build_5m,0,5000000,5000000,26487926893,5297,"0-10%=3.386µs(n=500000)|10-20%=4.332µs(n=500000)|20-30%=4.489µs(n=500000)|30-40%=4.955µs(n=500000)|40-50%=5.535µs(n=500000)|50-60%=5.648µs(n=500000)|60-70%=5.804µs(n=500000)|70-80%=6.295µs(n=500000)|80-90%=6.292µs(n=500000)|90-100%=6.236µs(n=500000)",1203.30,1450.53,27379113,40000290,12621771,27378519,0,0,0,0,0,0,0,0,0,0,0,0.00,0.00,0,0,0,0
avlhashtree,insert_only_build_10m,0,10000000,10000000,59736404875,5973,"0-10%=3.735µs(n=1000000)|10-20%=4.743µs(n=1000000)|20-30%=5.179µs(n=1000000)|30-40%=5.777µs(n=1000000)|40-50%=6.305µs(n=1000000)|50-60%=6.516µs(n=1000000)|60-70%=6.555µs(n=1000000)|70-80%=6.981µs(n=1000000)|80-90%=6.953µs(n=1000000)|90-100%=6.987µs(n=1000000)",2451.46,2901.19,56587713,80000414,23413308,56587106,0,0,0,0,0,0,0,0,0,0,0,0.00,0.00,0,0,0,0
avlhashtree,insert_only_build_25m,0,25000000,25000000,174211499691,6968,"0-10%=4.49µs(n=2500000)|10-20%=5.793µs(n=2500000)|20-30%=6.253µs(n=2500000)|30-40%=6.922µs(n=2500000)|40-50%=7.17µs(n=2500000)|50-60%=7.359µs(n=2500000)|60-70%=7.558µs(n=2500000)|70-80%=7.646µs(n=2500000)|80-90%=8.027µs(n=2500000)|90-100%=8.462µs(n=2500000)",5834.61,7254.15,129382497,200000996,70619102,129381894,0,0,0,0,0,0,0,0,0,0,0,0.00,0.00,0,0,0,0
avlhashtree,prehashed_ordered_insert_only_10k,0,10000,10000,18634275,1863,"0-10%=1.459µs(n=1000)|10-20%=1.638µs(n=1000)|20-30%=1.785µs(n=1000)|30-40%=1.774µs(n=1000)|40-50%=1.84µs(n=1000)|50-60%=2.336µs(n=1000)|60-70%=1.938µs(n=1000)|70-80%=1.868µs(n=1000)|80-90%=2.005µs(n=1000)|90-100%=1.986µs(n=1000)",1.97,2.91,62954,80048,27710,52338,0,0,0,0,0,0,0,0,0,0,0,0.00,0.00,0,0,0,0
avlhashtree,prehashed_ordered_insert_only_50k,0,50000,50000,107021653,2140,"0-10%=1.725µs(n=5000)|10-20%=1.952µs(n=5000)|20-30%=2.212µs(n=5000)|30-40%=2.086µs(n=5000)|40-50%=2.096µs(n=5000)|50-60%=2.347µs(n=5000)|60-70%=2.151µs(n=5000)|70-80%=2.227µs(n=5000)|80-90%=2.218µs(n=5000)|90-100%=2.385µs(n=5000)",8.52,14.52,255650,400054,194969,205085,0,0,0,0,0,0,0,0,0,0,0,0.00,0.00,0,0,0,0
avlhashtree,prehashed_ordered_insert_only_100k,0,100000,100000,225450029,2254,"0-10%=1.99µs(n=10000)|10-20%=2.038µs(n=10000)|20-30%=2.228µs(n=10000)|30-40%=2.27µs(n=10000)|40-50%=2.363µs(n=10000)|50-60%=2.23µs(n=10000)|60-70%=2.287µs(n=10000)|70-80%=2.339µs(n=10000)|80-90%=2.447µs(n=10000)|90-100%=2.349µs(n=10000)",17.68,29.03,536543,800102,364094,436008,0,0,0,0,0,0,0,0,0,0,0,0.00,0.00,0,0,0,0
avlhashtree,prehashed_ordered_insert_only_200k,0,200000,200000,468903458,2344,"0-10%=1.972µs(n=20000)|10-20%=2.178µs(n=20000)|20-30%=2.278µs(n=20000)|30-40%=2.254µs(n=20000)|40-50%=2.375µs(n=20000)|50-60%=2.38µs(n=20000)|60-70%=2.478µs(n=20000)|70-80%=2.541µs(n=20000)|80-90%=2.541µs(n=20000)|90-100%=2.444µs(n=20000)",35.66,58.03,1085025,1600095,715611,884484,0,0,0,0,0,0,0,0,0,0,0,0.00,0.00,0,0,0,0
avlhashtree,prehashed_ordered_insert_only_300k,0,300000,300000,722502434,2408,"0-10%=2.049µs(n=30000)|10-20%=2.272µs(n=30000)|20-30%=2.397µs(n=30000)|30-40%=2.34µs(n=30000)|40-50%=2.455µs(n=30000)|50-60%=2.445µs(n=30000)|60-70%=2.482µs(n=30000)|70-80%=2.482µs(n=30000)|80-90%=2.57µs(n=30000)|90-100%=2.587µs(n=30000)",53.49,87.02,1627618,2400091,1073020,1327071,0,0,0,0,0,0,0,0,0,0,0,0.00,0.00,0,0,0,0
avlhashtree,prehashed_ordered_insert_only_500k,0,500000,500000,1269463657,2538,"0-10%=2.183µs(n=50000)|10-20%=2.44µs(n=50000)|20-30%=2.457µs(n=50000)|30-40%=2.542µs(n=50000)|40-50%=2.53µs(n=50000)|50-60%=2.716µs(n=50000)|60-70%=2.692µs(n=50000)|70-80%=2.609µs(n=50000)|80-90%=2.608µs(n=50000)|90-100%=2.607µs(n=50000)",96.11,145.02,2998059,4000106,1502600,2497506,0,0,0,0,0,0,0,0,0,0,0,0.00,0.00,0,0,0,0
avlhashtree,prehashed_ordered_insert_only_700k,0,700000,700000,1790898775,2558,"0-10%=2.204µs(n=70000)|10-20%=2.436µs(n=70000)|20-30%=2.465µs(n=70000)|30-40%=2.513µs(n=70000)|40-50%=2.57µs(n=70000)|50-60%=2.642µs(n=70000)|60-70%=2.689µs(n=70000)|70-80%=2.654µs(n=70000)|80-90%=2.702µs(n=70000)|90-100%=2.704µs(n=70000)",134.58,203.03,4197846,5600089,2102801,3497288,0,0,0,0,0,0,0,0,0,0,0,0.00,0.00,0,0,0,0
avlhashtree,prehashed_ordered_insert_only_900k,0,900000,900000,2345476327,2606,"0-10%=2.248µs(n=90000)|10-20%=2.498µs(n=90000)|20-30%=2.503µs(n=90000)|30-40%=2.665µs(n=90000)|40-50%=2.588µs(n=90000)|50-60%=2.647µs(n=90000)|60-70%=2.759µs(n=90000)|70-80%=2.718µs(n=90000)|80-90%=2.715µs(n=90000)|90-100%=2.715µs(n=90000)",173.15,261.03,5402135,7200121,2698540,4501581,0,0,0,0,0,0,0,0,0,0,0,0.00,0.00,0,0,0,0
avlhashtree,prehashed_ordered_insert_only_1m,0,1000000,1000000,2597295661,2597,"0-10%=2.263µs(n=100000)|10-20%=2.503µs(n=100000)|20-30%=2.479µs(n=100000)|30-40%=2.612µs(n=100000)|40-50%=2.575µs(n=100000)|50-60%=2.682µs(n=100000)|60-70%=2.794µs(n=100000)|70-80%=2.725µs(n=100000)|80-90%=2.667µs(n=100000)|90-100%=2.667µs(n=100000)",192.26,290.04,5996907,8000123,3003772,4996351,0,0,0,0,0,0,0,0,0,0,0,0.00,0.00,0,0,0,0
avlhashtree,prehashed_ordered_insert_only_2m,0,2000000,2000000,5447701342,2723,"0-10%=2.331µs(n=200000)|10-20%=2.541µs(n=200000)|20-30%=2.545µs(n=200000)|30-40%=2.681µs(n=200000)|40-50%=2.72µs(n=200000)|50-60%=2.863µs(n=200000)|60-70%=2.871µs(n=200000)|70-80%=2.879µs(n=200000)|80-90%=2.94µs(n=200000)|90-100%=2.862µs(n=200000)",387.39,580.04,12110877,16000134,5889827,10110307,0,0,0,0,0,0,0,0,0,0,0,0.00,0.00,0,0,0,0
avlhashtree,prehashed_ordered_insert_only_5m,0,5000000,5000000,14531603222,2906,"0-10%=2.533µs(n=500000)|10-20%=2.783µs(n=500000)|20-30%=2.826µs(n=500000)|30-40%=2.91µs(n=500000)|40-50%=2.989µs(n=500000)|50-60%=2.939µs(n=500000)|60-70%=2.995µs(n=500000)|70-80%=2.95µs(n=500000)|80-90%=3.023µs(n=500000)|90-100%=3.109µs(n=500000)",958.15,1450.05,29854167,40000170,15146577,24853593,0,0,0,0,0,0,0,0,0,0,0,0.00,0.00,0,0,0,0
avlhashtree,prehashed_ordered_insert_only_10m,0,10000000,10000000,29881062016,2988,"0-10%=2.619µs(n=1000000)|10-20%=2.868µs(n=1000000)|20-30%=2.875µs(n=1000000)|30-40%=2.998µs(n=1000000)|40-50%=3.018µs(n=1000000)|50-60%=3.086µs(n=1000000)|60-70%=3.132µs(n=1000000)|70-80%=3.01µs(n=1000000)|80-90%=3.151µs(n=1000000)|90-100%=3.12µs(n=1000000)",1903.97,2900.04,59203756,80000214,30797027,49203187,0,0,0,0,0,0,0,0,0,0,0,0.00,0.00,0,0,0,0
avlhashtree,prehashed_ordered_insert_only_25m,0,25000000,25000000,79599055281,3183,"0-10%=2.78µs(n=2500000)|10-20%=2.943µs(n=2500000)|20-30%=2.977µs(n=2500000)|30-40%=3.153µs(n=2500000)|40-50%=3.19µs(n=2500000)|50-60%=3.312µs(n=2500000)|60-70%=3.27µs(n=2500000)|70-80%=3.399µs(n=2500000)|80-90%=3.438µs(n=2500000)|90-100%=3.372µs(n=2500000)",4834.94,7249.74,151095306,200000362,73905628,126094734,0,0,0,0,0,0,0,0,0,0,0,0.00,0.00,0,0,0,0
avlhashtree,proof_only_after_10k_build_sample_5pct,10000,10000,0,0,0,"",0.00,0.00,0,0,0,0,207596,415,1587,3477,0,0,0,0,0,0,0,0.00,0.00,0,0,0,0
avlhashtree,proof_only_after_50k_build_sample_5pct,50000,50000,0,0,0,"",0.00,0.00,0,0,0,0,1450706,580,1855,4210,0,0,0,0,0,0,0,0.00,0.00,0,0,0,0
avlhashtree,proof_only_after_100k_build_sample_5pct,100000,100000,0,0,0,"",0.00,0.00,0,0,0,0,2845492,569,1978,4336,0,0,0,0,0,0,0,0.00,0.00,0,0,0,0
avlhashtree,proof_only_after_200k_build_sample_5pct,200000,200000,0,0,0,"",0.00,0.00,0,0,0,0,6853520,685,2098,4340,0,0,0,0,0,0,0,0.00,0.00,0,0,0,0
avlhashtree,proof_only_after_300k_build_sample_5pct,300000,300000,0,0,0,"",0.00,0.00,0,0,0,0,12465236,831,2166,4577,0,0,0,0,0,0,0,0.00,0.00,0,0,0,0
avlhashtree,proof_only_after_500k_build_sample_5pct,500000,500000,0,0,0,"",0.00,0.00,0,0,0,0,30672802,1226,2257,5231,0,0,0,0,0,0,0,0.00,0.00,0,0,0,0
avlhashtree,proof_only_after_700k_build_sample_5pct,700000,700000,0,0,0,"",0.00,0.00,0,0,0,0,50758152,1450,2317,5378,0,0,0,0,0,0,0,0.00,0.00,0,0,0,0
avlhashtree,proof_only_after_900k_build_sample_5pct,900000,900000,0,0,0,"",0.00,0.00,0,0,0,0,70416986,1564,2359,5525,0,0,0,0,0,0,0,0.00,0.00,0,0,0,0
avlhashtree,proof_only_after_1m_build_sample_5pct,1000000,1000000,0,0,0,"",0.00,0.00,0,0,0,0,75419278,1508,2380,5411,0,0,0,0,0,0,0,0.00,0.00,0,0,0,0
avlhashtree,proof_only_after_2m_build_sample_3pct,2000000,2000000,0,0,0,"",0.00,0.00,0,0,0,0,101537763,1692,2498,5624,0,0,0,0,0,0,0,0.00,0.00,0,0,0,0
avlhashtree,proof_only_after_5m_build_sample_3pct,5000000,5000000,0,0,0,"",0.00,0.00,0,0,0,0,337144115,2247,2663,6379,0,0,0,0,0,0,0,0.00,0.00,0,0,0,0
avlhashtree,proof_only_after_10m_build_sample_2pct,10000000,10000000,0,0,0,"",0.00,0.00,0,0,0,0,520882877,2604,2781,7228,0,0,0,0,0,0,0,0.00,0.00,0,0,0,0
avlhashtree,proof_only_after_25m_build_sample_2pct,25000000,25000000,0,0,0,"",0.00,0.00,0,0,0,0,1702184263,3404,2944,8886,0,0,0,0,0,0,0,0.00,0.00,0,0,0,0
avlhashtree,build_10k_then_add_2k_new,10000,12000,2000,4107675,2053,"0-10%=2.123µs(n=200)|10-20%=1.997µs(n=200)|20-30%=2.186µs(n=200)|30-40%=2.05µs(n=200)|40-50%=1.977µs(n=200)|50-60%=2.036µs(n=200)|60-70%=2.028µs(n=200)|70-80%=1.992µs(n=200)|80-90%=2.092µs(n=200)|90-100%=2.05µs(n=200)",0.59,0.59,65740,16041,1001,15040,0,0,0,0,0,0,0,0,0,0,0,0.00,0.00,0,0,0,0
avlhashtree,build_50k_then_add_10k_new,50000,60000,10000,25607633,2560,"0-10%=2.63µs(n=1000)|10-20%=2.654µs(n=1000)|20-30%=2.467µs(n=1000)|30-40%=2.611µs(n=1000)|40-50%=2.452µs(n=1000)|50-60%=2.491µs(n=1000)|60-70%=2.609µs(n=1000)|70-80%=2.524µs(n=1000)|80-90%=2.511µs(n=1000)|90-100%=2.652µs(n=1000)",2.91,2.91,325746,80039,5001,75038,0,0,0,0,0,0,0,0,0,0,0,0.00,0.00,0,0,0,0
avlhashtree,build_100k_then_add_20k_new,100000,120000,20000,55961549,2798,"0-10%=2.851µs(n=2000)|10-20%=2.728µs(n=2000)|20-30%=2.699µs(n=2000)|30-40%=2.939µs(n=2000)|40-50%=2.936µs(n=2000)|50-60%=2.789µs(n=2000)|60-70%=2.749µs(n=2000)|70-80%=2.797µs(n=2000)|80-90%=2.779µs(n=2000)|90-100%=2.708µs(n=2000)",5.81,5.81,650751,160039,10001,150038,0,0,0,0,0,0,0,0,0,0,0,0.00,0.00,0,0,0,0
avlhashtree,build_200k_then_add_40k_new,200000,240000,40000,121632696,3040,"0-10%=3.205µs(n=4000)|10-20%=3.012µs(n=4000)|20-30%=3.031µs(n=4000)|30-40%=3.035µs(n=4000)|40-50%=3.029µs(n=4000)|50-60%=2.998µs(n=4000)|60-70%=3.008µs(n=4000)|70-80%=3.029µs(n=4000)|80-90%=3.018µs(n=4000)|90-100%=3.037µs(n=4000)",11.63,11.63,1300765,320048,20001,300047,0,0,0,0,0,0,0,0,0,0,0,0.00,0.00,0,0,0,0
avlhashtree,build_300k_then_add_60k_new,300000,360000,60000,215184374,3586,"0-10%=3.63µs(n=6000)|10-20%=3.533µs(n=6000)|20-30%=3.596µs(n=6000)|30-40%=3.489µs(n=6000)|40-50%=3.454µs(n=6000)|50-60%=3.462µs(n=6000)|60-70%=3.441µs(n=6000)|70-80%=3.462µs(n=6000)|80-90%=3.75µs(n=6000)|90-100%=4.042µs(n=6000)",17.43,17.43,1950774,480050,30001,450049,0,0,0,0,0,0,0,0,0,0,0,0.00,0.00,0,0,0,0
avlhashtree,build_500k_then_add_100k_new,500000,600000,100000,416495845,4164,"0-10%=5.224µs(n=10000)|10-20%=4.316µs(n=10000)|20-30%=4.162µs(n=10000)|30-40%=4.02µs(n=10000)|40-50%=3.982µs(n=10000)|50-60%=3.979µs(n=10000)|60-70%=3.952µs(n=10000)|70-80%=3.948µs(n=10000)|80-90%=4.087µs(n=10000)|90-100%=3.975µs(n=10000)",29.03,29.03,3250786,800053,50001,750052,0,0,0,0,0,0,0,0,0,0,0,0.00,0.00,0,0,0,0
avlhashtree,build_700k_then_add_140k_new,700000,840000,140000,594517199,4246,"0-10%=4.633µs(n=14000)|10-20%=4.33µs(n=14000)|20-30%=4.272µs(n=14000)|30-40%=4.266µs(n=14000)|40-50%=4.226µs(n=14000)|50-60%=4.109µs(n=14000)|60-70%=4.124µs(n=14000)|70-80%=4.134µs(n=14000)|80-90%=4.187µs(n=14000)|90-100%=4.18µs(n=14000)",40.63,40.63,4550787,1120051,70001,1050050,0,0,0,0,0,0,0,0,0,0,0,0.00,0.00,0,0,0,0
avlhashtree,build_900k_then_add_180k_new,900000,1080000,180000,872478753,4847,"0-10%=5.594µs(n=18000)|10-20%=5.154µs(n=18000)|20-30%=5.048µs(n=18000)|30-40%=4.764µs(n=18000)|40-50%=4.713µs(n=18000)|50-60%=4.63µs(n=18000)|60-70%=4.867µs(n=18000)|70-80%=4.597µs(n=18000)|80-90%=4.55µs(n=18000)|90-100%=4.548µs(n=18000)",52.23,52.23,5850795,1440048,90001,1350047,0,0,0,0,0,0,0,0,0,0,0,0.00,0.00,0,0,0,0
avlhashtree,build_1m_then_add_200k_new,1000000,1200000,200000,934118856,4670,"0-10%=5.519µs(n=20000)|10-20%=4.882µs(n=20000)|20-30%=4.702µs(n=20000)|30-40%=4.624µs(n=20000)|40-50%=4.504µs(n=20000)|50-60%=4.504µs(n=20000)|60-70%=4.506µs(n=20000)|70-80%=4.499µs(n=20000)|80-90%=4.482µs(n=20000)|90-100%=4.48µs(n=20000)",58.03,58.03,6500799,1600054,100001,1500053,0,0,0,0,0,0,0,0,0,0,0,0.00,0.00,0,0,0,0
avlhashtree,build_2m_then_add_400k_new,2000000,2400000,400000,2244042573,5610,"0-10%=5.87µs(n=40000)|10-20%=5.442µs(n=40000)|20-30%=5.554µs(n=40000)|30-40%=5.643µs(n=40000)|40-50%=5.692µs(n=40000)|50-60%=5.575µs(n=40000)|60-70%=5.432µs(n=40000)|70-80%=5.619µs(n=40000)|80-90%=5.732µs(n=40000)|90-100%=5.537µs(n=40000)",116.06,116.06,13000812,3200061,200001,3000060,0,0,0,0,0,0,0,0,0,0,0,0.00,0.00,0,0,0,0
avlhashtree,build_5m_then_add_1m_new,5000000,6000000,1000000,6415937899,6415,"0-10%=6.831µs(n=100000)|10-20%=6.297µs(n=100000)|20-30%=6.466µs(n=100000)|30-40%=6.436µs(n=100000)|40-50%=6.409µs(n=100000)|50-60%=6.434µs(n=100000)|60-70%=6.419µs(n=100000)|70-80%=6.268µs(n=100000)|80-90%=6.26µs(n=100000)|90-100%=6.333µs(n=100000)",290.16,290.16,32500845,8000085,500001,7500084,0,0,0,0,0,0,0,0,0,0,0,0.00,0.00,0,0,0,0
avlhashtree,build_10m_then_add_2m_new,10000000,12000000,2000000,14260755051,7130,"0-10%=7.605µs(n=200000)|10-20%=7.239µs(n=200000)|20-30%=7.245µs(n=200000)|30-40%=7.189µs(n=200000)|40-50%=7.079µs(n=200000)|50-60%=6.948µs(n=200000)|60-70%=6.954µs(n=200000)|70-80%=6.8µs(n=200000)|80-90%=7.115µs(n=200000)|90-100%=7.124µs(n=200000)",580.35,580.35,65000882,16000116,1000002,15000114,0,0,0,0,0,0,0,0,0,0,0,0.00,0.00,0,0,0,0
avlhashtree,build_25m_then_add_5m_new,25000000,30000000,5000000,41734569612,8346,"0-10%=8.573µs(n=500000)|10-20%=8.48µs(n=500000)|20-30%=8.324µs(n=500000)|30-40%=7.749µs(n=500000)|40-50%=8.204µs(n=500000)|50-60%=8.324µs(n=500000)|60-70%=8.339µs(n=500000)|70-80%=8.375µs(n=500000)|80-90%=8.448µs(n=500000)|90-100%=8.648µs(n=500000)",1451.15,1451.15,162501034,40000253,2500001,37500252,0,0,0,0,0,0,0,0,0,0,0,0.00,0.00,0,0,0,0
avlhashtree,build_10k_then_reinsert_2k_existing,10000,10000,2000,3894785,1947,"0-10%=2.561µs(n=200)|10-20%=3.035µs(n=200)|20-30%=1.863µs(n=200)|30-40%=1.952µs(n=200)|40-50%=1.588µs(n=200)|50-60%=1.604µs(n=200)|60-70%=1.616µs(n=200)|70-80%=1.809µs(n=200)|80-90%=1.712µs(n=200)|90-100%=1.724µs(n=200)",0.29,0.29,61802,12036,1001,11035,0,0,0,0,0,0,0,0,0,0,0,0.00,0.00,0,0,0,0
avlhashtree,build_50k_then_reinsert_10k_existing,50000,50000,10000,19513665,1951,"0-10%=1.658µs(n=1000)|10-20%=1.858µs(n=1000)|20-30%=1.986µs(n=1000)|30-40%=1.91µs(n=1000)|40-50%=1.895µs(n=1000)|50-60%=1.965µs(n=1000)|60-70%=2.107µs(n=1000)|70-80%=2.004µs(n=1000)|80-90%=1.955µs(n=1000)|90-100%=2.17µs(n=1000)",1.39,1.39,305819,60039,5001,55038,0,0,0,0,0,0,0,0,0,0,0,0.00,0.00,0,0,0,0
avlhashtree,build_100k_then_reinsert_20k_existing,100000,100000,20000,42150189,2107,"0-10%=1.86µs(n=2000)|10-20%=1.984µs(n=2000)|20-30%=2.052µs(n=2000)|30-40%=2.11µs(n=2000)|40-50%=2.145µs(n=2000)|50-60%=2.152µs(n=2000)|60-70%=2.181µs(n=2000)|70-80%=2.184µs(n=2000)|80-90%=2.16µs(n=2000)|90-100%=2.243µs(n=2000)",2.76,2.76,610819,120039,10001,110038,0,0,0,0,0,0,0,0,0,0,0,0.00,0.00,0,0,0,0
avlhashtree,build_200k_then_reinsert_40k_existing,200000,200000,40000,95876517,2396,"0-10%=2.086µs(n=4000)|10-20%=2.255µs(n=4000)|20-30%=2.324µs(n=4000)|30-40%=2.388µs(n=4000)|40-50%=2.425µs(n=4000)|50-60%=2.45µs(n=4000)|60-70%=2.485µs(n=4000)|70-80%=2.499µs(n=4000)|80-90%=2.514µs(n=4000)|90-100%=2.537µs(n=4000)",5.51,5.51,1220830,240039,20001,220038,0,0,0,0,0,0,0,0,0,0,0,0.00,0.00,0,0,0,0
avlhashtree,build_300k_then_reinsert_60k_existing,300000,300000,60000,167116669,2785,"0-10%=2.303µs(n=6000)|10-20%=2.478µs(n=6000)|20-30%=2.591µs(n=6000)|30-40%=2.631µs(n=6000)|40-50%=2.643µs(n=6000)|50-60%=2.674µs(n=6000)|60-70%=2.712µs(n=6000)|70-80%=2.952µs(n=6000)|80-90%=3.578µs(n=6000)|90-100%=3.286µs(n=6000)",8.27,8.27,1830839,360048,30001,330047,0,0,0,0,0,0,0,0,0,0,0,0.00,0.00,0,0,0,0
avlhashtree,build_500k_then_reinsert_100k_existing,500000,500000,100000,319843476,3198,"0-10%=3.484µs(n=10000)|10-20%=3.249µs(n=10000)|20-30%=3.08µs(n=10000)|30-40%=3.118µs(n=10000)|40-50%=3.114µs(n=10000)|50-60%=3.149µs(n=10000)|60-70%=3.166µs(n=10000)|70-80%=3.181µs(n=10000)|80-90%=3.215µs(n=10000)|90-100%=3.224µs(n=10000)",13.76,13.76,3050844,600050,50001,550049,0,0,0,0,0,0,0,0,0,0,0,0.00,0.00,0,0,0,0
avlhashtree,build_700k_then_reinsert_140k_existing,700000,700000,140000,463084710,3307,"0-10%=2.941µs(n=14000)|10-20%=3.086µs(n=14000)|20-30%=3.229µs(n=14000)|30-40%=3.283µs(n=14000)|40-50%=3.341µs(n=14000)|50-60%=3.36µs(n=14000)|60-70%=3.393µs(n=14000)|70-80%=3.438µs(n=14000)|80-90%=3.479µs(n=14000)|90-100%=3.522µs(n=14000)",19.26,19.26,4270851,840052,70001,770051,0,0,0,0,0,0,0,0,0,0,0,0.00,0.00,0,0,0,0
avlhashtree,build_900k_then_reinsert_180k_existing,900000,900000,180000,637039381,3539,"0-10%=3.217µs(n=18000)|10-20%=3.314µs(n=18000)|20-30%=3.325µs(n=18000)|30-40%=3.377µs(n=18000)|40-50%=3.373µs(n=18000)|50-60%=3.61µs(n=18000)|60-70%=3.89µs(n=18000)|70-80%=3.904µs(n=18000)|80-90%=3.713µs(n=18000)|90-100%=3.662µs(n=18000)",24.76,24.76,5490859,1080053,90001,990052,0,0,0,0,0,0,0,0,0,0,0,0.00,0.00,0,0,0,0
avlhashtree,build_1m_then_reinsert_200k_existing,1000000,1000000,200000,715324376,3576,"0-10%=3.284µs(n=20000)|10-20%=3.379µs(n=20000)|20-30%=3.464µs(n=20000)|30-40%=3.486µs(n=20000)|40-50%=3.52µs(n=20000)|50-60%=3.577µs(n=20000)|60-70%=3.614µs(n=20000)|70-80%=3.779µs(n=20000)|80-90%=3.831µs(n=20000)|90-100%=3.828µs(n=20000)",27.51,27.51,6100860,1200045,100001,1100044,0,0,0,0,0,0,0,0,0,0,0,0.00,0.00,0,0,0,0
avlhashtree,build_2m_then_reinsert_400k_existing,2000000,2000000,400000,1695766342,4239,"0-10%=3.719µs(n=40000)|10-20%=3.902µs(n=40000)|20-30%=4.111µs(n=40000)|30-40%=4.381µs(n=40000)|40-50%=4.358µs(n=40000)|50-60%=4.363µs(n=40000)|60-70%=4.307µs(n=40000)|70-80%=4.307µs(n=40000)|80-90%=4.531µs(n=40000)|90-100%=4.409µs(n=40000)",55.01,55.01,12200873,2400059,200001,2200058,0,0,0,0,0,0,0,0,0,0,0,0.00,0.00,0,0,0,0
avlhashtree,build_5m_then_reinsert_1m_existing,5000000,5000000,1000000,4994691632,4994,"0-10%=4.161µs(n=100000)|10-20%=4.538µs(n=100000)|20-30%=4.813µs(n=100000)|30-40%=4.831µs(n=100000)|40-50%=5.046µs(n=100000)|50-60%=5.088µs(n=100000)|60-70%=5.239µs(n=100000)|70-80%=5.311µs(n=100000)|80-90%=5.42µs(n=100000)|90-100%=5.494µs(n=100000)",137.52,137.52,30500902,6000074,500001,5500073,0,0,0,0,0,0,0,0,0,0,0,0.00,0.00,0,0,0,0
avlhashtree,build_10m_then_reinsert_2m_existing,10000000,10000000,2000000,11355009793,5677,"0-10%=4.607µs(n=200000)|10-20%=5.15µs(n=200000)|20-30%=5.523µs(n=200000)|30-40%=5.727µs(n=200000)|40-50%=5.955µs(n=200000)|50-60%=5.862µs(n=200000)|60-70%=5.88µs(n=200000)|70-80%=5.968µs(n=200000)|80-90%=5.965µs(n=200000)|90-100%=6.133µs(n=200000)",275.06,275.06,61000938,12000102,1000001,11000101,0,0,0,0,0,0,0,0,0,0,0,0.00,0.00,0,0,0,0
avlhashtree,build_25m_then_reinsert_5m_existing,25000000,25000000,5000000,35213859971,7042,"0-10%=5.615µs(n=500000)|10-20%=6.473µs(n=500000)|20-30%=6.671µs(n=500000)|30-40%=7.087µs(n=500000)|40-50%=7.154µs(n=500000)|50-60%=7.266µs(n=500000)|60-70%=7.221µs(n=500000)|70-80%=7.355µs(n=500000)|80-90%=7.528µs(n=500000)|90-100%=8.053µs(n=500000)",687.84,687.84,152501050,30000210,2500001,27500209,0,0,0,0,0,0,0,0,0,0,0,0.00,0.00,0,0,0,0
avlhashtree,insert_only_build_10k,0,10000,10000,22606235,2260,"0-10%=1.721µs(n=1000)|10-20%=1.975µs(n=1000)|20-30%=2.064µs(n=1000)|30-40%=2.195µs(n=1000)|40-50%=2.24µs(n=1000)|50-60%=2.308µs(n=1000)|60-70%=2.228µs(n=1000)|70-80%=3.163µs(n=1000)|80-90%=2.354µs(n=1000)|90-100%=2.351µs(n=1000)",2.44,2.93,56241,80066,24305,55761,0,0,0,0,0,0,0,0,0,0,0,0.00,0.00,0,0,0,0
avlhashtree,insert_only_build_50k,0,50000,50000,124005623,2480,"0-10%=2.072µs(n=5000)|10-20%=2.441µs(n=5000)|20-30%=2.452µs(n=5000)|30-40%=2.68µs(n=5000)|40-50%=2.566µs(n=5000)|50-60%=2.601µs(n=5000)|60-70%=2.461µs(n=5000)|70-80%=2.581µs(n=5000)|80-90%=2.442µs(n=5000)|90-100%=2.5µs(n=5000)",12.24,14.57,281188,400104,119404,280700,0,0,0,0,0,0,0,0,0,0,0,0.00,0.00,0,0,0,0
avlhashtree,insert_only_build_100k,0,100000,100000,251189676,2511,"0-10%=2.011µs(n=10000)|10-20%=2.319µs(n=10000)|20-30%=2.314µs(n=10000)|30-40%=2.505µs(n=10000)|40-50%=2.516µs(n=10000)|50-60%=2.613µs(n=10000)|60-70%=2.672µs(n=10000)|70-80%=2.777µs(n=10000)|80-90%=2.669µs(n=10000)|90-100%=2.719µs(n=10000)",24.67,29.04,572878,800083,227735,572348,0,0,0,0,0,0,0,0,0,0,0,0.00,0.00,0,0,0,0
avlhashtree,insert_only_build_200k,0,200000,200000,551285302,2756,"0-10%=2.168µs(n=20000)|10-20%=2.421µs(n=20000)|20-30%=2.501µs(n=20000)|30-40%=2.716µs(n=20000)|40-50%=2.779µs(n=20000)|50-60%=2.864µs(n=20000)|60-70%=3.005µs(n=20000)|70-80%=2.957µs(n=20000)|80-90%=3.05µs(n=20000)|90-100%=3.098µs(n=20000)",50.08,58.04,1175590,1600093,425051,1175042,0,0,0,0,0,0,0,0,0,0,0,0.00,0.00,0,0,0,0
avlhashtree,insert_only_build_300k,0,300000,300000,884528603,2948,"0-10%=2.212µs(n=30000)|10-20%=2.521µs(n=30000)|20-30%=2.69µs(n=30000)|30-40%=2.809µs(n=30000)|40-50%=2.949µs(n=30000)|50-60%=3.022µs(n=30000)|60-70%=3.091µs(n=30000)|70-80%=3.612µs(n=30000)|80-90%=3.279µs(n=30000)|90-100%=3.295µs(n=30000)",72.70,87.04,1664865,2400100,735802,1664298,0,0,0,0,0,0,0,0,0,0,0,0.00,0.00,0,0,0,0
avlhashtree,insert_only_build_500k,0,500000,500000,1602355497,3204,"0-10%=2.33µs(n=50000)|10-20%=2.675µs(n=50000)|20-30%=2.986µs(n=50000)|30-40%=2.973µs(n=50000)|40-50%=3.109µs(n=50000)|50-60%=3.14µs(n=50000)|60-70%=3.291µs(n=50000)|70-80%=3.67µs(n=50000)|80-90%=3.861µs(n=50000)|90-100%=4.008µs(n=50000)",119.90,145.04,2722098,4000110,1278584,2721526,0,0,0,0,0,0,0,0,0,0,0,0.00,0.00,0,0,0,0
avlhashtree,insert_only_build_700k,0,700000,700000,2579154045,3684,"0-10%=2.431µs(n=70000)|10-20%=2.825µs(n=70000)|20-30%=3.108µs(n=70000)|30-40%=3.673µs(n=70000)|40-50%=3.864µs(n=70000)|50-60%=4.159µs(n=70000)|60-70%=4.337µs(n=70000)|70-80%=4.359µs(n=70000)|80-90%=4.007µs(n=70000)|90-100%=4.077µs(n=70000)",178.10,203.07,4229720,5600112,1370979,4229133,0,0,0,0,0,0,0,0,0,0,0,0.00,0.00,0,0,0,0
avlhashtree,insert_only_build_900k,0,900000,900000,3335329633,3705,"0-10%=2.478µs(n=90000)|10-20%=2.926µs(n=90000)|20-30%=3.215µs(n=90000)|30-40%=3.439µs(n=90000)|40-50%=3.762µs(n=90000)|50-60%=3.897µs(n=90000)|60-70%=4.014µs(n=90000)|70-80%=4.181µs(n=90000)|80-90%=4.594µs(n=90000)|90-100%=4.547µs(n=90000)",216.90,261.07,4943328,7200128,2257386,4942742,0,0,0,0,0,0,0,0,0,0,0,0.00,0.00,0,0,0,0
avlhashtree,insert_only_build_1m,0,1000000,1000000,3744546006,3744,"0-10%=2.516µs(n=100000)|10-20%=2.957µs(n=100000)|20-30%=3.241µs(n=100000)|30-40%=3.517µs(n=100000)|40-50%=3.864µs(n=100000)|50-60%=3.992µs(n=100000)|60-70%=4.152µs(n=100000)|70-80%=4.41µs(n=100000)|80-90%=4.314µs(n=100000)|90-100%=4.476µs(n=100000)",245.47,290.08,5675257,8000153,2325484,5674669,0,0,0,0,0,0,0,0,0,0,0,0.00,0.00,0,0,0,0
avlhashtree,insert_only_build_2m,0,2000000,2000000,8588578848,4294,"0-10%=2.839µs(n=200000)|10-20%=3.316µs(n=200000)|20-30%=3.889µs(n=200000)|30-40%=4.205µs(n=200000)|40-50%=4.334µs(n=200000)|50-60%=4.519µs(n=200000)|60-70%=4.948µs(n=200000)|70-80%=4.902µs(n=200000)|80-90%=4.929µs(n=200000)|90-100%=5.056µs(n=200000)",501.70,580.14,11790259,16000171,4210506,11789665,0,0,0,0,0,0,0,0,0,0,0,0.00,0.00,0,0,0,0
avlhashtree,insert_only_build_5m,0,5000000,5000000,26646975934,5329,"0-10%=3.172µs(n=500000)|10-20%=4.313µs(n=500000)|20-30%=4.895µs(n=500000)|30-40%=5.119µs(n=500000)|40-50%=5.539µs(n=500000)|50-60%=5.722µs(n=500000)|60-70%=5.936µs(n=500000)|70-80%=5.91µs(n=500000)|80-90%=6.382µs(n=500000)|90-100%=6.302µs(n=500000)",1199.06,1450.52,27205627,40000263,12795232,27205031,0,0,0,0,0,0,0,0,0,0,0,0.00,0.00,0,0,0,0
avlhashtree,insert_only_build_10m,0,10000000,10000000,61133904511,6113,"0-10%=3.681µs(n=1000000)|10-20%=5.018µs(n=1000000)|20-30%=5.666µs(n=1000000)|30-40%=5.854µs(n=1000000)|40-50%=6.282µs(n=1000000)|50-60%=6.337µs(n=1000000)|60-70%=6.78µs(n=1000000)|70-80%=7.124µs(n=1000000)|80-90%=7.123µs(n=1000000)|90-100%=7.264µs(n=1000000)",2457.55,2901.22,56836303,80000441,23164739,56835702,0,0,0,0,0,0,0,0,0,0,0,0.00,0.00,0,0,0,0
avlhashtree,insert_only_build_25m,0,25000000,25000000,180530395001,7221,"0-10%=4.594µs(n=2500000)|10-20%=6.01µs(n=2500000)|20-30%=6.524µs(n=2500000)|30-40%=7.045µs(n=2500000)|40-50%=7.402µs(n=2500000)|50-60%=7.734µs(n=2500000)|60-70%=7.861µs(n=2500000)|70-80%=8.106µs(n=2500000)|80-90%=8.258µs(n=2500000)|90-100%=8.674µs(n=2500000)",5860.86,7254.23,130453441,200001012,69548173,130452839,0,0,0,0,0,0,0,0,0,0,0,0.00,0.00,0,0,0,0
avlhashtree,prehashed_ordered_insert_only_10k,0,10000,10000,19498825,1949,"0-10%=1.517µs(n=1000)|10-20%=1.72µs(n=1000)|20-30%=1.821µs(n=1000)|30-40%=1.8µs(n=1000)|40-50%=1.946µs(n=1000)|50-60%=2.615µs(n=1000)|60-70%=1.965µs(n=1000)|70-80%=1.905µs(n=1000)|80-90%=2.194µs(n=1000)|90-100%=2.009µs(n=1000)",1.97,2.91,62958,80050,27711,52339,0,0,0,0,0,0,0,0,0,0,0,0.00,0.00,0,0,0,0
avlhashtree,prehashed_ordered_insert_only_50k,0,50000,50000,111587022,2231,"0-10%=1.806µs(n=5000)|10-20%=2.138µs(n=5000)|20-30%=2.218µs(n=5000)|30-40%=2.118µs(n=5000)|40-50%=2.377µs(n=5000)|50-60%=2.242µs(n=5000)|60-70%=2.261µs(n=5000)|70-80%=2.315µs(n=5000)|80-90%=2.548µs(n=5000)|90-100%=2.29µs(n=5000)",11.85,14.52,266664,400049,133954,266095,0,0,0,0,0,0,0,0,0,0,0,0.00,0.00,0,0,0,0
avlhashtree,prehashed_ordered_insert_only_100k,0,100000,100000,232061104,2320,"0-10%=2.045µs(n=10000)|10-20%=2.098µs(n=10000)|20-30%=2.277µs(n=10000)|30-40%=2.257µs(n=10000)|40-50%=2.41µs(n=10000)|50-60%=2.305µs(n=10000)|60-70%=2.379µs(n=10000)|70-80%=2.439µs(n=10000)|80-90%=2.572µs(n=10000)|90-100%=2.418µs(n=10000)",17.76,29.03,539929,800099,360711,439388,0,0,0,0,0,0,0,0,0,0,0,0.00,0.00,0,0,0,0
avlhashtree,prehashed_ordered_insert_only_200k,0,200000,200000,484592061,2422,"0-10%=2.067µs(n=20000)|10-20%=2.266µs(n=20000)|20-30%=2.39µs(n=20000)|30-40%=2.344µs(n=20000)|40-50%=2.468µs(n=20000)|50-60%=2.411µs(n=20000)|60-70%=2.504µs(n=20000)|70-80%=2.565µs(n=20000)|80-90%=2.642µs(n=20000)|90-100%=2.568µs(n=20000)",35.55,58.02,1081096,1600093,719549,880544,0,0,0,0,0,0,0,0,0,0,0,0.00,0.00,0,0,0,0
avlhashtree,prehashed_ordered_insert_only_300k,0,300000,300000,748599553,2495,"0-10%=2.113µs(n=30000)|10-20%=2.33µs(n=30000)|20-30%=2.495µs(n=30000)|30-40%=2.429µs(n=30000)|40-50%=2.551µs(n=30000)|50-60%=2.548µs(n=30000)|60-70%=2.579µs(n=30000)|70-80%=2.578µs(n=30000)|80-90%=2.668µs(n=30000)|90-100%=2.657µs(n=30000)",53.53,87.02,1629277,2400086,1071355,1328731,0,0,0,0,0,0,0,0,0,0,0,0.00,0.00,0,0,0,0
avlhashtree,prehashed_ordered_insert_only_500k,0,500000,500000,1288437848,2576,"0-10%=2.204µs(n=50000)|10-20%=2.455µs(n=50000)|20-30%=2.484µs(n=50000)|30-40%=2.544µs(n=50000)|40-50%=2.558µs(n=50000)|50-60%=2.738µs(n=50000)|60-70%=2.688µs(n=50000)|70-80%=2.696µs(n=50000)|80-90%=2.695µs(n=50000)|90-100%=2.702µs(n=50000)",96.33,145.03,3006719,4000100,1493933,2506167,0,0,0,0,0,0,0,0,0,0,0,0.00,0.00,0,0,0,0
avlhashtree,prehashed_ordered_insert_only_700k,0,700000,700000,1848400006,2640,"0-10%=2.251µs(n=70000)|10-20%=2.499µs(n=70000)|20-30%=2.502µs(n=70000)|30-40%=2.582µs(n=70000)|40-50%=2.633µs(n=70000)|50-60%=2.716µs(n=70000)|60-70%=2.792µs(n=70000)|70-80%=2.739µs(n=70000)|80-90%=2.847µs(n=70000)|90-100%=2.841µs(n=70000)",134.53,203.03,4196013,5600114,2104650,3495464,0,0,0,0,0,0,0,0,0,0,0,0.00,0.00,0,0,0,0
avlhashtree,prehashed_ordered_insert_only_900k,0,900000,900000,2401571979,2668,"0-10%=2.288µs(n=90000)|10-20%=2.55µs(n=90000)|20-30%=2.563µs(n=90000)|30-40%=2.711µs(n=90000)|40-50%=2.699µs(n=90000)|50-60%=2.817µs(n=90000)|60-70%=2.761µs(n=90000)|70-80%=2.765µs(n=90000)|80-90%=2.763µs(n=90000)|90-100%=2.762µs(n=90000)",173.77,261.03,5427487,7200122,2673188,4526934,0,0,0,0,0,0,0,0,0,0,0,0.00,0.00,0,0,0,0
avlhashtree,prehashed_ordered_insert_only_1m,0,1000000,1000000,2674104836,2674,"0-10%=2.302µs(n=100000)|10-20%=2.547µs(n=100000)|20-30%=2.541µs(n=100000)|30-40%=2.677µs(n=100000)|40-50%=2.651µs(n=100000)|50-60%=2.814µs(n=100000)|60-70%=2.817µs(n=100000)|70-80%=2.762µs(n=100000)|80-90%=2.805µs(n=100000)|90-100%=2.819µs(n=100000)",192.56,290.04,6009073,8000121,2991613,5008508,0,0,0,0,0,0,0,0,0,0,0,0.00,0.00,0,0,0,0
avlhashtree,prehashed_ordered_insert_only_2m,0,2000000,2000000,5589583262,2794,"0-10%=2.433µs(n=200000)|10-20%=2.653µs(n=200000)|20-30%=2.686µs(n=200000)|30-40%=2.856µs(n=200000)|40-50%=2.799µs(n=200000)|50-60%=2.99µs(n=200000)|60-70%=2.892µs(n=200000)|70-80%=2.879µs(n=200000)|80-90%=2.87µs(n=200000)|90-100%=2.884µs(n=200000)",388.64,580.04,12162065,16000129,5838625,10161504,0,0,0,0,0,0,0,0,0,0,0,0.00,0.00,0,0,0,0
avlhashtree,prehashed_ordered_insert_only_5m,0,5000000,5000000,14649052978,2929,"0-10%=2.596µs(n=500000)|10-20%=2.761µs(n=500000)|20-30%=2.794µs(n=500000)|30-40%=2.925µs(n=500000)|40-50%=2.966µs(n=500000)|50-60%=3.056µs(n=500000)|60-70%=2.988µs(n=500000)|70-80%=2.983µs(n=500000)|80-90%=3.091µs(n=500000)|90-100%=3.132µs(n=500000)",968.28,1450.04,30269077,40000153,14731649,25268504,0,0,0,0,0,0,0,0,0,0,0,0.00,0.00,0,0,0,0
avlhashtree,prehashed_ordered_insert_only_10m,0,10000000,10000000,30560300742,3056,"0-10%=2.688µs(n=1000000)|10-20%=2.936µs(n=1000000)|20-30%=2.936µs(n=1000000)|30-40%=2.994µs(n=1000000)|40-50%=3.062µs(n=1000000)|50-60%=3.087µs(n=1000000)|60-70%=3.236µs(n=1000000)|70-80%=3.155µs(n=1000000)|80-90%=3.2µs(n=1000000)|90-100%=3.262µs(n=1000000)",1912.18,2900.02,59540936,80000226,30459858,49540368,0,0,0,0,0,0,0,0,0,0,0,0.00,0.00,0,0,0,0
avlhashtree,prehashed_ordered_insert_only_25m,0,25000000,25000000,81209601316,3248,"0-10%=2.804µs(n=2500000)|10-20%=3.073µs(n=2500000)|20-30%=3.081µs(n=2500000)|30-40%=3.218µs(n=2500000)|40-50%=3.213µs(n=2500000)|50-60%=3.232µs(n=2500000)|60-70%=3.428µs(n=2500000)|70-80%=3.481µs(n=2500000)|80-90%=3.477µs(n=2500000)|90-100%=3.473µs(n=2500000)",4773.04,7249.70,148560855,200000350,76440067,123560283,0,0,0,0,0,0,0,0,0,0,0,0.00,0.00,0,0,0,0
avlhashtree,proof_only_after_10k_build_sample_5pct,10000,10000,0,0,0,"",0.00,0.00,0,0,0,0,209575,419,1580,3371,0,0,0,0,0,0,0,0.00,0.00,0,0,0,0
avlhashtree,proof_only_after_50k_build_sample_5pct,50000,50000,0,0,0,"",0.00,0.00,0,0,0,0,1326359,530,1863,4088,0,0,0,0,0,0,0,0.00,0.00,0,0,0,0
avlhashtree,proof_only_after_100k_build_sample_5pct,100000,100000,0,0,0,"",0.00,0.00,0,0,0,0,3059895,611,1975,4445,0,0,0,0,0,0,0,0.00,0.00,0,0,0,0
avlhashtree,proof_only_after_200k_build_sample_5pct,200000,200000,0,0,0,"",0.00,0.00,0,0,0,0,7845394,784,2098,4678,0,0,0,0,0,0,0,0.00,0.00,0,0,0,0
avlhashtree,proof_only_after_300k_build_sample_5pct,300000,300000,0,0,0,"",0.00,0.00,0,0,0,0,14758322,983,2167,4965,0,0,0,0,0,0,0,0.00,0.00,0,0,0,0
avlhashtree,proof_only_after_500k_build_sample_5pct,500000,500000,0,0,0,"",0.00,0.00,0,0,0,0,33915099,1356,2258,5371,0,0,0,0,0,0,0,0.00,0.00,0,0,0,0
avlhashtree,proof_only_after_700k_build_sample_5pct,700000,700000,0,0,0,"",0.00,0.00,0,0,0,0,50562407,1444,2316,5389,0,0,0,0,0,0,0,0.00,0.00,0,0,0,0
avlhashtree,proof_only_after_900k_build_sample_5pct,900000,900000,0,0,0,"",0.00,0.00,0,0,0,0,66682478,1481,2361,5459,0,0,0,0,0,0,0,0.00,0.00,0,0,0,0
avlhashtree,proof_only_after_1m_build_sample_5pct,1000000,1000000,0,0,0,"",0.00,0.00,0,0,0,0,78458483,1569,2378,5525,0,0,0,0,0,0,0,0.00,0.00,0,0,0,0
avlhashtree,proof_only_after_2m_build_sample_3pct,2000000,2000000,0,0,0,"",0.00,0.00,0,0,0,0,113320574,1888,2499,6164,0,0,0,0,0,0,0,0.00,0.00,0,0,0,0
avlhashtree,proof_only_after_5m_build_sample_3pct,5000000,5000000,0,0,0,"",0.00,0.00,0,0,0,0,350822657,2338,2662,6687,0,0,0,0,0,0,0,0.00,0.00,0,0,0,0
avlhashtree,proof_only_after_10m_build_sample_2pct,10000000,10000000,0,0,0,"",0.00,0.00,0,0,0,0,514567283,2572,2780,6802,0,0,0,0,0,0,0,0.00,0.00,0,0,0,0
avlhashtree,proof_only_after_25m_build_sample_2pct,25000000,25000000,0,0,0,"",0.00,0.00,0,0,0,0,1777911504,3555,2944,9199,0,0,0,0,0,0,0,0.00,0.00,0,0,0,0
avlhashtree,build_10k_then_add_2k_new,10000,12000,2000,4525050,2262,"0-10%=2.279µs(n=200)|10-20%=2.231µs(n=200)|20-30%=2.271µs(n=200)|30-40%=2.302µs(n=200)|40-50%=2.244µs(n=200)|50-60%=2.244µs(n=200)|60-70%=2.372µs(n=200)|70-80%=2.196µs(n=200)|80-90%=2.321µs(n=200)|90-100%=2.155µs(n=200)",0.59,0.59,65718,16036,1001,15035,0,0,0,0,0,0,0,0,0,0,0,0.00,0.00,0,0,0,0
avlhashtree,build_50k_then_add_10k_new,50000,60000,10000,25824978,2582,"0-10%=2.758µs(n=1000)|10-20%=2.495µs(n=1000)|20-30%=2.595µs(n=1000)|30-40%=2.52µs(n=1000)|40-50%=2.485µs(n=1000)|50-60%=2.696µs(n=1000)|60-70%=2.578µs(n=1000)|70-80%=2.475µs(n=1000)|80-90%=2.658µs(n=1000)|90-100%=2.559µs(n=1000)",2.91,2.91,325730,80039,5001,75038,0,0,0,0,0,0,0,0,0,0,0,0.00,0.00,0,0,0,0
avlhashtree,build_100k_then_add_20k_new,100000,120000,20000,57424862,2871,"0-10%=3.002µs(n=2000)|10-20%=2.913µs(n=2000)|20-30%=2.87µs(n=2000)|30-40%=2.913µs(n=2000)|40-50%=2.859µs(n=2000)|50-60%=2.831µs(n=2000)|60-70%=2.849µs(n=2000)|70-80%=2.787µs(n=2000)|80-90%=2.829µs(n=2000)|90-100%=2.854µs(n=2000)",5.81,5.81,650735,160041,10001,150040,0,0,0,0,0,0,0,0,0,0,0,0.00,0.00,0,0,0,0
avlhashtree,build_200k_then_add_40k_new,200000,240000,40000,130765585,3269,"0-10%=3.49µs(n=4000)|10-20%=3.296µs(n=4000)|20-30%=3.264µs(n=4000)|30-40%=3.273µs(n=4000)|40-50%=3.276µs(n=4000)|50-60%=3.204µs(n=4000)|60-70%=3.204µs(n=4000)|70-80%=3.245µs(n=4000)|80-90%=3.206µs(n=4000)|90-100%=3.23µs(n=4000)",11.63,11.63,1300742,320046,20001,300045,0,0,0,0,0,0,0,0,0,0,0,0.00,0.00,0,0,0,0
avlhashtree,build_300k_then_add_60k_new,300000,360000,60000,235380155,3923,"0-10%=4.057µs(n=6000)|10-20%=3.797µs(n=6000)|20-30%=3.783µs(n=6000)|30-40%=3.646µs(n=6000)|40-50%=4.012µs(n=6000)|50-60%=4.577µs(n=6000)|60-70%=3.875µs(n=6000)|70-80%=3.877µs(n=6000)|80-90%=3.815µs(n=6000)|90-100%=3.786µs(n=6000)",17.43,17.43,1950753,480050,30001,450049,0,0,0,0,0,0,0,0,0,0,0,0.00,0.00,0,0,0,0
avlhashtree,build_500k_then_add_100k_new,500000,600000,100000,425235413,4252,"0-10%=5.128µs(n=10000)|10-20%=4.427µs(n=10000)|20-30%=4.257µs(n=10000)|30-40%=4.135µs(n=10000)|40-50%=4.118µs(n=10000)|50-60%=4.095µs(n=10000)|60-70%=4.076µs(n=10000)|70-80%=4.085µs(n=10000)|80-90%=4.094µs(n=10000)|90-100%=4.102µs(n=10000)",29.03,29.03,3250751,800051,50001,750050,0,0,0,0,0,0,0,0,0,0,0,0.00,0.00,0,0,0,0
avlhashtree,build_700k_then_add_140k_new,700000,840000,140000,626197823,4472,"0-10%=4.981µs(n=14000)|10-20%=4.524µs(n=14000)|20-30%=4.431µs(n=14000)|30-40%=4.439µs(n=14000)|40-50%=4.421µs(n=14000)|50-60%=4.376µs(n=14000)|60-70%=4.331µs(n=14000)|70-80%=4.344µs(n=14000)|80-90%=4.384µs(n=14000)|90-100%=4.494µs(n=14000)",40.63,40.63,4550762,1120053,70001,1050052,0,0,0,0,0,0,0,0,0,0,0,0.00,0.00,0,0,0,0
avlhashtree,build_900k_then_add_180k_new,900000,1080000,180000,892042080,4955,"0-10%=5.739µs(n=18000)|10-20%=5.142µs(n=18000)|20-30%=5.423µs(n=18000)|30-40%=4.843µs(n=18000)|40-50%=4.726µs(n=18000)|50-60%=4.703µs(n=18000)|60-70%=4.726µs(n=18000)|70-80%=4.733µs(n=18000)|80-90%=4.75µs(n=18000)|90-100%=4.767µs(n=18000)",52.23,52.23,5850777,1440058,90000,1350058,0,0,0,0,0,0,0,0,0,0,0,0.00,0.00,0,0,0,0
avlhashtree,build_1m_then_add_200k_new,1000000,1200000,200000,959341814,4796,"0-10%=5.375µs(n=20000)|10-20%=4.881µs(n=20000)|20-30%=4.805µs(n=20000)|30-40%=4.763µs(n=20000)|40-50%=4.616µs(n=20000)|50-60%=4.582µs(n=20000)|60-70%=4.627µs(n=20000)|70-80%=4.636µs(n=20000)|80-90%=4.786µs(n=20000)|90-100%=4.892µs(n=20000)",58.03,58.03,6500780,1600054,100001,1500053,0,0,0,0,0,0,0,0,0,0,0,0.00,0.00,0,0,0,0
avlhashtree,build_2m_then_add_400k_new,2000000,2400000,400000,2301875816,5754,"0-10%=6.044µs(n=40000)|10-20%=5.545µs(n=40000)|20-30%=5.606µs(n=40000)|30-40%=5.656µs(n=40000)|40-50%=5.617µs(n=40000)|50-60%=5.635µs(n=40000)|60-70%=5.529µs(n=40000)|70-80%=5.66µs(n=40000)|80-90%=6.169µs(n=40000)|90-100%=6.079µs(n=40000)",116.06,116.06,13000792,3200061,200001,3000060,0,0,0,0,0,0,0,0,0,0,0,0.00,0.00,0,0,0,0
avlhashtree,build_5m_then_add_1m_new,5000000,6000000,1000000,6624725662,6624,"0-10%=6.929µs(n=100000)|10-20%=6.468µs(n=100000)|20-30%=6.547µs(n=100000)|30-40%=6.603µs(n=100000)|40-50%=6.49µs(n=100000)|50-60%=6.434µs(n=100000)|60-70%=6.497µs(n=100000)|70-80%=6.735µs(n=100000)|80-90%=6.767µs(n=100000)|90-100%=6.772µs(n=100000)",290.16,290.16,32500821,8000087,500001,7500086,0,0,0,0,0,0,0,0,0,0,0,0.00,0.00,0,0,0,0
avlhashtree,build_10m_then_add_2m_new,10000000,12000000,2000000,14648576908,7324,"0-10%=7.689µs(n=200000)|10-20%=7.361µs(n=200000)|20-30%=7.397µs(n=200000)|30-40%=7.415µs(n=200000)|40-50%=7.13µs(n=200000)|50-60%=7.144µs(n=200000)|60-70%=7.246µs(n=200000)|70-80%=7.253µs(n=200000)|80-90%=7.278µs(n=200000)|90-100%=7.325µs(n=200000)",580.35,580.35,65000865,16000116,1000001,15000115,0,0,0,0,0,0,0,0,0,0,0,0.00,0.00,0,0,0,0
avlhashtree,build_25m_then_add_5m_new,25000000,30000000,5000000,43599247721,8719,"0-10%=8.868µs(n=500000)|10-20%=8.548µs(n=500000)|20-30%=8.422µs(n=500000)|30-40%=8.488µs(n=500000)|40-50%=8.541µs(n=500000)|50-60%=8.689µs(n=500000)|60-70%=8.895µs(n=500000)|70-80%=9.174µs(n=500000)|80-90%=8.76µs(n=500000)|90-100%=8.807µs(n=500000)",1451.17,1451.17,162501005,40000252,2500001,37500251,0,0,0,0,0,0,0,0,0,0,0,0.00,0.00,0,0,0,0
avlhashtree,build_10k_then_reinsert_2k_existing,10000,10000,2000,3360927,1680,"0-10%=1.389µs(n=200)|10-20%=1.667µs(n=200)|20-30%=1.689µs(n=200)|30-40%=1.578µs(n=200)|40-50%=1.634µs(n=200)|50-60%=1.765µs(n=200)|60-70%=1.685µs(n=200)|70-80%=1.719µs(n=200)|80-90%=1.91µs(n=200)|90-100%=1.759µs(n=200)",0.29,0.29,61786,12039,1001,11038,0,0,0,0,0,0,0,0,0,0,0,0.00,0.00,0,0,0,0
avlhashtree,build_50k_then_reinsert_10k_existing,50000,50000,10000,19315250,1931,"0-10%=1.726µs(n=1000)|10-20%=1.817µs(n=1000)|20-30%=1.868µs(n=1000)|30-40%=2.004µs(n=1000)|40-50%=1.952µs(n=1000)|50-60%=1.918µs(n=1000)|60-70%=1.927µs(n=1000)|70-80%=2.137µs(n=1000)|80-90%=1.941µs(n=1000)|90-100%=2.019µs(n=1000)",1.39,1.39,305799,60041,5001,55040,0,0,0,0,0,0,0,0,0,0,0,0.00,0.00,0,0,0,0
avlhashtree,build_100k_then_reinsert_20k_existing,100000,100000,20000,42596024,2129,"0-10%=1.868µs(n=2000)|10-20%=1.987µs(n=2000)|20-30%=2.098µs(n=2000)|30-40%=2.117µs(n=2000)|40-50%=2.184µs(n=2000)|50-60%=2.156µs(n=2000)|60-70%=2.2µs(n=2000)|70-80%=2.191µs(n=2000)|80-90%=2.242µs(n=2000)|90-100%=2.25µs(n=2000)",2.76,2.76,610801,120039,10001,110038,0,0,0,0,0,0,0,0,0,0,0,0.00,0.00,0,0,0,0
avlhashtree,build_200k_then_reinsert_40k_existing,200000,200000,40000,101243277,2531,"0-10%=2.169µs(n=4000)|10-20%=2.363µs(n=4000)|20-30%=2.455µs(n=4000)|30-40%=2.52µs(n=4000)|40-50%=2.57µs(n=4000)|50-60%=2.615µs(n=4000)|60-70%=2.606µs(n=4000)|70-80%=2.611µs(n=4000)|80-90%=2.674µs(n=4000)|90-100%=2.723µs(n=4000)",5.52,5.52,1220808,240046,20001,220045,0,0,0,0,0,0,0,0,0,0,0,0.00,0.00,0,0,0,0
avlhashtree,build_300k_then_reinsert_60k_existing,300000,300000,60000,170620791,2843,"0-10%=2.426µs(n=6000)|10-20%=2.586µs(n=6000)|20-30%=2.643µs(n=6000)|30-40%=2.698µs(n=6000)|40-50%=3.048µs(n=6000)|50-60%=3.408µs(n=6000)|60-70%=2.867µs(n=6000)|70-80%=2.914µs(n=6000)|80-90%=2.907µs(n=6000)|90-100%=2.934µs(n=6000)",8.27,8.27,1830810,360048,30001,330047,0,0,0,0,0,0,0,0,0,0,0,0.00,0.00,0,0,0,0
avlhashtree,build_500k_then_reinsert_100k_existing,500000,500000,100000,327632178,3276,"0-10%=2.958µs(n=10000)|10-20%=3.135µs(n=10000)|20-30%=3.2µs(n=10000)|30-40%=3.281µs(n=10000)|40-50%=3.299µs(n=10000)|50-60%=3.342µs(n=10000)|60-70%=3.347µs(n=10000)|70-80%=3.373µs(n=10000)|80-90%=3.416µs(n=10000)|90-100%=3.407µs(n=10000)",13.76,13.76,3050824,600050,50001,550049,0,0,0,0,0,0,0,0,0,0,0,0.00,0.00,0,0,0,0
avlhashtree,build_700k_then_reinsert_140k_existing,700000,700000,140000,477676819,3411,"0-10%=3.041µs(n=14000)|10-20%=3.239µs(n=14000)|20-30%=3.348µs(n=14000)|30-40%=3.406µs(n=14000)|40-50%=3.496µs(n=14000)|50-60%=3.451µs(n=14000)|60-70%=3.417µs(n=14000)|70-80%=3.473µs(n=14000)|80-90%=3.605µs(n=14000)|90-100%=3.638µs(n=14000)",19.26,19.26,4270830,840050,70001,770049,0,0,0,0,0,0,0,0,0,0,0,0.00,0.00,0,0,0,0
avlhashtree,build_900k_then_reinsert_180k_existing,900000,900000,180000,645883008,3588,"0-10%=3.29µs(n=18000)|10-20%=3.431µs(n=18000)|20-30%=3.476µs(n=18000)|30-40%=3.565µs(n=18000)|40-50%=3.556µs(n=18000)|50-60%=3.52µs(n=18000)|60-70%=3.6µs(n=18000)|70-80%=3.666µs(n=18000)|80-90%=3.856µs(n=18000)|90-100%=3.916µs(n=18000)",24.76,24.76,5490835,1080053,90000,990053,0,0,0,0,0,0,0,0,0,0,0,0.00,0.00,0,0,0,0
avlhashtree,build_1m_then_reinsert_200k_existing,1000000,1000000,200000,737366140,3686,"0-10%=3.363µs(n=20000)|10-20%=3.474µs(n=20000)|20-30%=3.536µs(n=20000)|30-40%=3.595µs(n=20000)|40-50%=3.65µs(n=20000)|50-60%=3.721µs(n=20000)|60-70%=3.74µs(n=20000)|70-80%=3.816µs(n=20000)|80-90%=3.951µs(n=20000)|90-100%=4.017µs(n=20000)",27.51,27.51,6100836,1200053,100001,1100052,0,0,0,0,0,0,0,0,0,0,0,0.00,0.00,0,0,0,0
avlhashtree,build_2m_then_reinsert_400k_existing,2000000,2000000,400000,1689978456,4224,"0-10%=3.682µs(n=40000)|10-20%=3.862µs(n=40000)|20-30%=3.981µs(n=40000)|30-40%=4.257µs(n=40000)|40-50%=4.415µs(n=40000)|50-60%=4.371µs(n=40000)|60-70%=4.251µs(n=40000)|70-80%=4.323µs(n=40000)|80-90%=4.443µs(n=40000)|90-100%=4.659µs(n=40000)",55.01,55.01,12200854,2400053,200001,2200052,0,0,0,0,0,0,0,0,0,0,0,0.00,0.00,0,0,0,0
avlhashtree,build_5m_then_reinsert_1m_existing,5000000,5000000,1000000,5184876291,5184,"0-10%=4.289µs(n=100000)|10-20%=4.716µs(n=100000)|20-30%=4.925µs(n=100000)|30-40%=5.031µs(n=100000)|40-50%=5.244µs(n=100000)|50-60%=5.432µs(n=100000)|60-70%=5.543µs(n=100000)|70-80%=5.61µs(n=100000)|80-90%=5.512µs(n=100000)|90-100%=5.542µs(n=100000)",137.52,137.52,30500872,6000074,500001,5500073,0,0,0,0,0,0,0,0,0,0,0,0.00,0.00,0,0,0,0
avlhashtree,build_10m_then_reinsert_2m_existing,10000000,10000000,2000000,11913265693,5956,"0-10%=4.848µs(n=200000)|10-20%=5.459µs(n=200000)|20-30%=5.751µs(n=200000)|30-40%=5.95µs(n=200000)|40-50%=6.115µs(n=200000)|50-60%=6.159µs(n=200000)|60-70%=6.228µs(n=200000)|70-80%=6.291µs(n=200000)|80-90%=6.362µs(n=200000)|90-100%=6.399µs(n=200000)",275.08,275.08,61000913,12000106,1000001,11000105,0,0,0,0,0,0,0,0,0,0,0,0.00,0.00,0,0,0,0
avlhashtree,build_25m_then_reinsert_5m_existing,25000000,25000000,5000000,35981975805,7196,"0-10%=5.884µs(n=500000)|10-20%=6.752µs(n=500000)|20-30%=6.852µs(n=500000)|30-40%=7.163µs(n=500000)|40-50%=7.36µs(n=500000)|50-60%=7.346µs(n=500000)|60-70%=7.556µs(n=500000)|70-80%=7.63µs(n=500000)|80-90%=7.678µs(n=500000)|90-100%=7.737µs(n=500000)",687.84,687.84,152501021,30000204,2500001,27500203,0,0,0,0,0,0,0,0,0,0,0,0.00,0.00,0,0,0,0
avlhashtree,insert_only_build_10k,0,10000,10000,21921024,2192,"0-10%=1.739µs(n=1000)|10-20%=1.915µs(n=1000)|20-30%=2µs(n=1000)|30-40%=2.069µs(n=1000)|40-50%=2.171µs(n=1000)|50-60%=2.189µs(n=1000)|60-70%=2.219µs(n=1000)|70-80%=2.994µs(n=1000)|80-90%=2.268µs(n=1000)|90-100%=2.35µs(n=1000)",2.43,2.92,56216,80052,24330,55722,0,0,0,0,0,0,0,0,0,0,0,0.00,0.00,0,0,0,0
avlhashtree,insert_only_build_50k,0,50000,50000,122927682,2458,"0-10%=2.072µs(n=5000)|10-20%=2.427µs(n=5000)|20-30%=2.367µs(n=5000)|30-40%=2.671µs(n=5000)|40-50%=2.476µs(n=5000)|50-60%=2.567µs(n=5000)|60-70%=2.565µs(n=5000)|70-80%=2.627µs(n=5000)|80-90%=2.385µs(n=5000)|90-100%=2.424µs(n=5000)",12.19,14.55,280057,400079,120524,279555,0,0,0,0,0,0,0,0,0,0,0,0.00,0.00,0,0,0,0
avlhashtree,insert_only_build_100k,0,100000,100000,246637255,2466,"0-10%=1.952µs(n=10000)|10-20%=2.279µs(n=10000)|20-30%=2.349µs(n=10000)|30-40%=2.532µs(n=10000)|40-50%=2.401µs(n=10000)|50-60%=2.483µs(n=10000)|60-70%=2.539µs(n=10000)|70-80%=2.726µs(n=10000)|80-90%=2.661µs(n=10000)|90-100%=2.737µs(n=10000)",24.66,29.06,571368,800109,229261,570848,0,0,0,0,0,0,0,0,0,0,0,0.00,0.00,0,0,0,0
avlhashtree,insert_only_build_200k,0,200000,200000,526768060,2633,"0-10%=2.107µs(n=20000)|10-20%=2.473µs(n=20000)|20-30%=2.446µs(n=20000)|30-40%=2.605µs(n=20000)|40-50%=2.611µs(n=20000)|50-60%=2.681µs(n=20000)|60-70%=2.821µs(n=20000)|70-80%=2.785µs(n=20000)|80-90%=2.887µs(n=20000)|90-100%=2.917µs(n=20000)",50.05,58.03,1174620,1600086,426015,1174071,0,0,0,0,0,0,0,0,0,0,0,0.00,0.00,0,0,0,0
avlhashtree,insert_only_build_300k,0,300000,300000,868086224,2893,"0-10%=2.169µs(n=30000)|10-20%=2.439µs(n=30000)|20-30%=2.577µs(n=30000)|30-40%=2.667µs(n=30000)|40-50%=2.841µs(n=30000)|50-60%=2.852µs(n=30000)|60-70%=2.93µs(n=30000)|70-80%=3.137µs(n=30000)|80-90%=3.778µs(n=30000)|90-100%=3.542µs(n=30000)",72.78,87.04,1667925,2400101,732736,1667365,0,0,0,0,0,0,0,0,0,0,0,0.00,0.00,0,0,0,0
avlhashtree,insert_only_build_500k,0,500000,500000,1678972621,3357,"0-10%=2.304µs(n=50000)|10-20%=2.603µs(n=50000)|20-30%=2.747µs(n=50000)|30-40%=3.015µs(n=50000)|40-50%=3.42µs(n=50000)|50-60%=3.534µs(n=50000)|60-70%=3.659µs(n=50000)|70-80%=3.923µs(n=50000)|80-90%=4.212µs(n=50000)|90-100%=4.157µs(n=50000)",119.63,145.05,2711087,4000106,1289589,2710517,0,0,0,0,0,0,0,0,0,0,0,0.00,0.00,0,0,0,0
avlhashtree,insert_only_build_700k,0,700000,700000,2379717883,3399,"0-10%=2.422µs(n=70000)|10-20%=2.889µs(n=70000)|20-30%=3.268µs(n=70000)|30-40%=3.308µs(n=70000)|40-50%=3.291µs(n=70000)|50-60%=3.577µs(n=70000)|60-70%=3.642µs(n=70000)|70-80%=3.689µs(n=70000)|80-90%=3.929µs(n=70000)|90-100%=3.975µs(n=70000)",177.85,203.06,4219724,5600118,1380971,4219147,0,0,0,0,0,0,0,0,0,0,0,0.00,0.00,0,0,0,0
avlhashtree,insert_only_build_900k,0,900000,900000,3190746222,3545,"0-10%=2.384µs(n=90000)|10-20%=2.777µs(n=90000)|20-30%=3.159µs(n=90000)|30-40%=3.327µs(n=90000)|40-50%=3.715µs(n=90000)|50-60%=3.744µs(n=90000)|60-70%=3.757µs(n=90000)|70-80%=3.9µs(n=90000)|80-90%=4.442µs(n=90000)|90-100%=4.242µs(n=90000)",216.39,261.07,4922345,7200132,2278367,4921765,0,0,0,0,0,0,0,0,0,0,0,0.00,0.00,0,0,0,0
avlhashtree,insert_only_build_1m,0,1000000,1000000,3575816485,3575,"0-10%=2.424µs(n=100000)|10-20%=2.8µs(n=100000)|20-30%=3.102µs(n=100000)|30-40%=3.4µs(n=100000)|40-50%=3.637µs(n=100000)|50-60%=3.795µs(n=100000)|60-70%=4.07µs(n=100000)|70-80%=4.158µs(n=100000)|80-90%=4.159µs(n=100000)|90-100%=4.208µs(n=100000)",246.92,290.07,5734962,8000151,2265771,5734380,0,0,0,0,0,0,0,0,0,0,0,0.00,0.00,0,0,0,0
avlhashtree,insert_only_build_2m,0,2000000,2000000,8554526799,4277,"0-10%=2.697µs(n=200000)|10-20%=3.214µs(n=200000)|20-30%=3.655µs(n=200000)|30-40%=4.666µs(n=200000)|40-50%=4.486µs(n=200000)|50-60%=4.395µs(n=200000)|60-70%=4.774µs(n=200000)|70-80%=4.782µs(n=200000)|80-90%=4.914µs(n=200000)|90-100%=5.184µs(n=200000)",501.25,580.19,11769718,16000171,4231043,11769128,0,0,0,0,0,0,0,0,0,0,0,0.00,0.00,0,0,0,0
avlhashtree,insert_only_build_5m,0,5000000,5000000,25749151597,5149,"0-10%=3.065µs(n=500000)|10-20%=4.079µs(n=500000)|20-30%=4.728µs(n=500000)|30-40%=4.98µs(n=500000)|40-50%=5.344µs(n=500000)|50-60%=5.491µs(n=500000)|60-70%=5.595µs(n=500000)|70-80%=5.758µs(n=500000)|80-90%=6.183µs(n=500000)|90-100%=6.269µs(n=500000)",1199.05,1450.50,27205895,40000267,12794969,27205298,0,0,0,0,0,0,0,0,0,0,0,0.00,0.00,0,0,0,0
avlhashtree,insert_only_build_10m,0,10000000,10000000,58737310514,5873,"0-10%=3.63µs(n=1000000)|10-20%=4.853µs(n=1000000)|20-30%=5.414µs(n=1000000)|30-40%=5.625µs(n=1000000)|40-50%=6.094µs(n=1000000)|50-60%=6.346µs(n=1000000)|60-70%=6.431µs(n=1000000)|70-80%=6.769µs(n=1000000)|80-90%=6.751µs(n=1000000)|90-100%=6.818µs(n=1000000)",2459.52,2901.18,56917892,80000411,23083124,56917287,0,0,0,0,0,0,0,0,0,0,0,0.00,0.00,0,0,0,0
avlhashtree,insert_only_build_25m,0,25000000,25000000,177041259927,7081,"0-10%=4.576µs(n=2500000)|10-20%=5.901µs(n=2500000)|20-30%=6.431µs(n=2500000)|30-40%=6.939µs(n=2500000)|40-50%=7.336µs(n=2500000)|50-60%=7.451µs(n=2500000)|60-70%=7.682µs(n=2500000)|70-80%=7.872µs(n=2500000)|80-90%=8.337µs(n=2500000)|90-100%=8.286µs(n=2500000)",5922.69,7254.22,132984941,200001003,67016672,132984331,0,0,0,0,0,0,0,0,0,0,0,0.00,0.00,0,0,0,0
avlhashtree,prehashed_ordered_insert_only_10k,0,10000,10000,19267082,1926,"0-10%=1.566µs(n=1000)|10-20%=1.795µs(n=1000)|20-30%=1.831µs(n=1000)|30-40%=1.819µs(n=1000)|40-50%=1.917µs(n=1000)|50-60%=2.452µs(n=1000)|60-70%=1.931µs(n=1000)|70-80%=1.923µs(n=1000)|80-90%=2.018µs(n=1000)|90-100%=2.01µs(n=1000)",1.97,2.91,63019,80046,27658,52388,0,0,0,0,0,0,0,0,0,0,0,0.00,0.00,0,0,0,0
avlhashtree,prehashed_ordered_insert_only_50k,0,50000,50000,107734076,2154,"0-10%=1.774µs(n=5000)|10-20%=2.07µs(n=5000)|20-30%=2.144µs(n=5000)|30-40%=2.098µs(n=5000)|40-50%=2.124µs(n=5000)|50-60%=2.316µs(n=5000)|60-70%=2.154µs(n=5000)|70-80%=2.201µs(n=5000)|80-90%=2.416µs(n=5000)|90-100%=2.245µs(n=5000)",11.84,14.53,266403,400056,134237,265819,0,0,0,0,0,0,0,0,0,0,0,0.00,0.00,0,0,0,0
avlhashtree,prehashed_ordered_insert_only_100k,0,100000,100000,227181643,2271,"0-10%=2.017µs(n=10000)|10-20%=2.044µs(n=10000)|20-30%=2.257µs(n=10000)|30-40%=2.211µs(n=10000)|40-50%=2.354µs(n=10000)|50-60%=2.21µs(n=10000)|60-70%=2.303µs(n=10000)|70-80%=2.361µs(n=10000)|80-90%=2.532µs(n=10000)|90-100%=2.424µs(n=10000)",17.66,29.03,535597,800092,365051,435041,0,0,0,0,0,0,0,0,0,0,0,0.00,0.00,0,0,0,0
avlhashtree,prehashed_ordered_insert_only_200k,0,200000,200000,470783302,2353,"0-10%=1.996µs(n=20000)|10-20%=2.194µs(n=20000)|20-30%=2.306µs(n=20000)|30-40%=2.284µs(n=20000)|40-50%=2.428µs(n=20000)|50-60%=2.305µs(n=20000)|60-70%=2.42µs(n=20000)|70-80%=2.487µs(n=20000)|80-90%=2.581µs(n=20000)|90-100%=2.533µs(n=20000)",35.56,58.03,1081127,1600083,719523,880560,0,0,0,0,0,0,0,0,0,0,0,0.00,0.00,0,0,0,0
avlhashtree,prehashed_ordered_insert_only_300k,0,300000,300000,738262508,2460,"0-10%=2.099µs(n=30000)|10-20%=2.325µs(n=30000)|20-30%=2.442µs(n=30000)|30-40%=2.35µs(n=30000)|40-50%=2.484µs(n=30000)|50-60%=2.516µs(n=30000)|60-70%=2.545µs(n=30000)|70-80%=2.553µs(n=30000)|80-90%=2.641µs(n=30000)|90-100%=2.649µs(n=30000)",53.46,87.01,1626908,2400061,1073743,1326318,0,0,0,0,0,0,0,0,0,0,0,0.00,0.00,0,0,0,0
avlhashtree,prehashed_ordered_insert_only_500k,0,500000,500000,1248012953,2496,"0-10%=2.153µs(n=50000)|10-20%=2.391µs(n=50000)|20-30%=2.396µs(n=50000)|30-40%=2.475µs(n=50000)|40-50%=2.469µs(n=50000)|50-60%=2.645µs(n=50000)|60-70%=2.668µs(n=50000)|70-80%=2.591µs(n=50000)|80-90%=2.584µs(n=50000)|90-100%=2.583µs(n=50000)",95.90,145.04,2988880,4000095,1511784,2488311,0,0,0,0,0,0,0,0,0,0,0,0.00,0.00,0,0,0,0
avlhashtree,prehashed_ordered_insert_only_700k,0,700000,700000,1786111012,2551,"0-10%=2.179µs(n=70000)|10-20%=2.417µs(n=70000)|20-30%=2.415µs(n=70000)|30-40%=2.493µs(n=70000)|40-50%=2.559µs(n=70000)|50-60%=2.622µs(n=70000)|60-70%=2.671µs(n=70000)|70-80%=2.657µs(n=70000)|80-90%=2.747µs(n=70000)|90-100%=2.753µs(n=70000)",134.40,203.03,4190648,5600106,2110031,3490075,0,0,0,0,0,0,0,0,0,0,0,0.00,0.00,0,0,0,0
avlhashtree,prehashed_ordered_insert_only_900k,0,900000,900000,2348861782,2609,"0-10%=2.296µs(n=90000)|10-20%=2.495µs(n=90000)|20-30%=2.453µs(n=90000)|30-40%=2.588µs(n=90000)|40-50%=2.554µs(n=90000)|50-60%=2.607µs(n=90000)|60-70%=2.829µs(n=90000)|70-80%=2.758µs(n=90000)|80-90%=2.756µs(n=90000)|90-100%=2.758µs(n=90000)",172.94,261.04,5393038,7200104,2707641,4492463,0,0,0,0,0,0,0,0,0,0,0,0.00,0.00,0,0,0,0
avlhashtree,prehashed_ordered_insert_only_1m,0,1000000,1000000,2602241032,2602,"0-10%=2.239µs(n=100000)|10-20%=2.488µs(n=100000)|20-30%=2.525µs(n=100000)|30-40%=2.635µs(n=100000)|40-50%=2.559µs(n=100000)|50-60%=2.668µs(n=100000)|60-70%=2.781µs(n=100000)|70-80%=2.713µs(n=100000)|80-90%=2.701µs(n=100000)|90-100%=2.71µs(n=100000)",192.27,290.03,5997020,8000103,3003660,4996443,0,0,0,0,0,0,0,0,0,0,0,0.00,0.00,0,0,0,0
avlhashtree,prehashed_ordered_insert_only_2m,0,2000000,2000000,5466317134,2733,"0-10%=2.411µs(n=200000)|10-20%=2.62µs(n=200000)|20-30%=2.598µs(n=200000)|30-40%=2.746µs(n=200000)|40-50%=2.731µs(n=200000)|50-60%=2.802µs(n=200000)|60-70%=2.913µs(n=200000)|70-80%=2.829µs(n=200000)|80-90%=2.846µs(n=200000)|90-100%=2.829µs(n=200000)",384.26,580.04,11982485,16000125,6018220,9981905,0,0,0,0,0,0,0,0,0,0,0,0.00,0.00,0,0,0,0
avlhashtree,prehashed_ordered_insert_only_5m,0,5000000,5000000,14508475308,2901,"0-10%=2.595µs(n=500000)|10-20%=2.84µs(n=500000)|20-30%=2.854µs(n=500000)|30-40%=2.928µs(n=500000)|40-50%=2.884µs(n=500000)|50-60%=2.932µs(n=500000)|60-70%=3.021µs(n=500000)|70-80%=2.924µs(n=500000)|80-90%=2.988µs(n=500000)|90-100%=3.046µs(n=500000)",953.45,1450.05,29661681,40000163,15339066,24661097,0,0,0,0,0,0,0,0,0,0,0,0.00,0.00,0,0,0,0
avlhashtree,prehashed_ordered_insert_only_10m,0,10000000,10000000,29852447872,2985,"0-10%=2.582µs(n=1000000)|10-20%=2.833µs(n=1000000)|20-30%=2.922µs(n=1000000)|30-40%=2.982µs(n=1000000)|40-50%=3.034µs(n=1000000)|50-60%=3.079µs(n=1000000)|60-70%=3.102µs(n=1000000)|70-80%=3.046µs(n=1000000)|80-90%=3.115µs(n=1000000)|90-100%=3.154µs(n=1000000)",1925.30,2900.04,60077610,80000230,29923199,50077031,0,0,0,0,0,0,0,0,0,0,0,0.00,0.00,0,0,0,0
avlhashtree,prehashed_ordered_insert_only_25m,0,25000000,25000000,79705889580,3188,"0-10%=2.75µs(n=2500000)|10-20%=2.993µs(n=2500000)|20-30%=3.005µs(n=2500000)|30-40%=3.152µs(n=2500000)|40-50%=3.141µs(n=2500000)|50-60%=3.215µs(n=2500000)|60-70%=3.345µs(n=2500000)|70-80%=3.435µs(n=2500000)|80-90%=3.434µs(n=2500000)|90-100%=3.408µs(n=2500000)",4775.59,7249.77,148665031,200000361,76335913,123664448,0,0,0,0,0,0,0,0,0,0,0,0.00,0.00,0,0,0,0
avlhashtree,proof_only_after_10k_build_sample_5pct,10000,10000,0,0,0,"",0.00,0.00,0,0,0,0,325647,651,1589,3837,0,0,0,0,0,0,0,0.00,0.00,0,0,0,0
avlhashtree,proof_only_after_50k_build_sample_5pct,50000,50000,0,0,0,"",0.00,0.00,0,0,0,0,1282717,513,1855,4087,0,0,0,0,0,0,0,0.00,0.00,0,0,0,0
avlhashtree,proof_only_after_100k_build_sample_5pct,100000,100000,0,0,0,"",0.00,0.00,0,0,0,0,3104965,620,1974,4254,0,0,0,0,0,0,0,0.00,0.00,0,0,0,0
avlhashtree,proof_only_after_200k_build_sample_5pct,200000,200000,0,0,0,"",0.00,0.00,0,0,0,0,7789592,778,2091,4641,0,0,0,0,0,0,0,0.00,0.00,0,0,0,0
avlhashtree,proof_only_after_300k_build_sample_5pct,300000,300000,0,0,0,"",0.00,0.00,0,0,0,0,15021051,1001,2168,4900,0,0,0,0,0,0,0,0.00,0.00,0,0,0,0
avlhashtree,proof_only_after_500k_build_sample_5pct,500000,500000,0,0,0,"",0.00,0.00,0,0,0,0,31040001,1241,2256,5110,0,0,0,0,0,0,0,0.00,0.00,0,0,0,0
avlhashtree,proof_only_after_700k_build_sample_5pct,700000,700000,0,0,0,"",0.00,0.00,0,0,0,0,45680902,1305,2316,5216,0,0,0,0,0,0,0,0.00,0.00,0,0,0,0
avlhashtree,proof_only_after_900k_build_sample_5pct,900000,900000,0,0,0,"",0.00,0.00,0,0,0,0,65654901,1458,2359,5374,0,0,0,0,0,0,0,0.00,0.00,0,0,0,0
avlhashtree,proof_only_after_1m_build_sample_5pct,1000000,1000000,0,0,0,"",0.00,0.00,0,0,0,0,76415908,1528,2378,5397,0,0,0,0,0,0,0,0.00,0.00,0,0,0,0
avlhashtree,proof_only_after_2m_build_sample_3pct,2000000,2000000,0,0,0,"",0.00,0.00,0,0,0,0,113341601,1889,2499,5837,0,0,0,0,0,0,0,0.00,0.00,0,0,0,0
avlhashtree,proof_only_after_5m_build_sample_3pct,5000000,5000000,0,0,0,"",0.00,0.00,0,0,0,0,331452121,2209,2663,6430,0,0,0,0,0,0,0,0.00,0.00,0,0,0,0
avlhashtree,proof_only_after_10m_build_sample_2pct,10000000,10000000,0,0,0,"",0.00,0.00,0,0,0,0,487361257,2436,2780,6594,0,0,0,0,0,0,0,0.00,0.00,0,0,0,0
avlhashtree,proof_only_after_25m_build_sample_2pct,25000000,25000000,0,0,0,"",0.00,0.00,0,0,0,0,1728024430,3456,2945,9018,0,0,0,0,0,0,0,0.00,0.00,0,0,0,0
avlhashtree,build_10k_then_add_2k_new,10000,12000,2000,4848907,2424,"0-10%=3.588µs(n=200)|10-20%=2.41µs(n=200)|20-30%=2.657µs(n=200)|30-40%=2.332µs(n=200)|40-50%=2.311µs(n=200)|50-60%=2.31µs(n=200)|60-70%=2.255µs(n=200)|70-80%=2.136µs(n=200)|80-90%=2.135µs(n=200)|90-100%=2.102µs(n=200)",0.59,0.59,65753,16041,1001,15040,0,0,0,0,0,0,0,0,0,0,0,0.00,0.00,0,0,0,0
avlhashtree,build_50k_then_add_10k_new,50000,60000,10000,25277119,2527,"0-10%=2.627µs(n=1000)|10-20%=2.464µs(n=1000)|20-30%=2.636µs(n=1000)|30-40%=2.502µs(n=1000)|40-50%=2.494µs(n=1000)|50-60%=2.547µs(n=1000)|60-70%=2.444µs(n=1000)|70-80%=2.617µs(n=1000)|80-90%=2.504µs(n=1000)|90-100%=2.434µs(n=1000)",2.91,2.91,325767,80041,5001,75040,0,0,0,0,0,0,0,0,0,0,0,0.00,0.00,0,0,0,0
avlhashtree,build_100k_then_add_20k_new,100000,120000,20000,58210606,2910,"0-10%=2.904µs(n=2000)|10-20%=2.867µs(n=2000)|20-30%=2.9µs(n=2000)|30-40%=3.032µs(n=2000)|40-50%=2.9µs(n=2000)|50-60%=2.902µs(n=2000)|60-70%=2.929µs(n=2000)|70-80%=2.906µs(n=2000)|80-90%=2.856µs(n=2000)|90-100%=2.905µs(n=2000)",5.81,5.81,650775,160043,10000,150043,0,0,0,0,0,0,0,0,0,0,0,0.00,0.00,0,0,0,0
avlhashtree,build_200k_then_add_40k_new,200000,240000,40000,129751155,3243,"0-10%=3.354µs(n=4000)|10-20%=3.22µs(n=4000)|20-30%=3.187µs(n=4000)|30-40%=3.219µs(n=4000)|40-50%=3.19µs(n=4000)|50-60%=3.21µs(n=4000)|60-70%=3.247µs(n=4000)|70-80%=3.257µs(n=4000)|80-90%=3.359µs(n=4000)|90-100%=3.19µs(n=4000)",11.63,11.63,1300785,320048,20001,300047,0,0,0,0,0,0,0,0,0,0,0,0.00,0.00,0,0,0,0
avlhashtree,build_300k_then_add_60k_new,300000,360000,60000,222201809,3703,"0-10%=3.755µs(n=6000)|10-20%=3.684µs(n=6000)|20-30%=3.814µs(n=6000)|30-40%=3.57µs(n=6000)|40-50%=3.517µs(n=6000)|50-60%=3.569µs(n=6000)|60-70%=4.379µs(n=6000)|70-80%=3.745µs(n=6000)|80-90%=3.508µs(n=6000)|90-100%=3.487µs(n=6000)",17.43,17.43,1950797,480050,30000,450050,0,0,0,0,0,0,0,0,0,0,0,0.00,0.00,0,0,0,0
avlhashtree,build_500k_then_add_100k_new,500000,600000,100000,413833106,4138,"0-10%=4.664µs(n=10000)|10-20%=4.347µs(n=10000)|20-30%=4.227µs(n=10000)|30-40%=4.089µs(n=10000)|40-50%=4.065µs(n=10000)|50-60%=4.07µs(n=10000)|60-70%=4.054µs(n=10000)|70-80%=4.007µs(n=10000)|80-90%=3.932µs(n=10000)|90-100%=3.923µs(n=10000)",29.03,29.03,3250801,800055,50001,750054,0,0,0,0,0,0,0,0,0,0,0,0.00,0.00,0,0,0,0
avlhashtree,build_700k_then_add_140k_new,700000,840000,140000,629086979,4493,"0-10%=4.936µs(n=14000)|10-20%=4.578µs(n=14000)|20-30%=4.497µs(n=14000)|30-40%=4.492µs(n=14000)|40-50%=4.391µs(n=14000)|50-60%=4.306µs(n=14000)|60-70%=4.519µs(n=14000)|70-80%=4.451µs(n=14000)|80-90%=4.394µs(n=14000)|90-100%=4.364µs(n=14000)",40.63,40.63,4550810,1120053,70001,1050052,0,0,0,0,0,0,0,0,0,0,0,0.00,0.00,0,0,0,0
avlhashtree,build_900k_then_add_180k_new,900000,1080000,180000,871066472,4839,"0-10%=6.025µs(n=18000)|10-20%=5.243µs(n=18000)|20-30%=4.884µs(n=18000)|30-40%=4.667µs(n=18000)|40-50%=4.939µs(n=18000)|50-60%=4.502µs(n=18000)|60-70%=4.487µs(n=18000)|70-80%=4.538µs(n=18000)|80-90%=4.553µs(n=18000)|90-100%=4.549µs(n=18000)",52.23,52.23,5850819,1440054,90001,1350053,0,0,0,0,0,0,0,0,0,0,0,0.00,0.00,0,0,0,0
avlhashtree,build_1m_then_add_200k_new,1000000,1200000,200000,994959859,4974,"0-10%=5.476µs(n=20000)|10-20%=4.995µs(n=20000)|20-30%=4.893µs(n=20000)|30-40%=4.841µs(n=20000)|40-50%=4.731µs(n=20000)|50-60%=4.828µs(n=20000)|60-70%=4.894µs(n=20000)|70-80%=5.069µs(n=20000)|80-90%=5.04µs(n=20000)|90-100%=4.978µs(n=20000)",58.03,58.03,6500823,1600054,100001,1500053,0,0,0,0,0,0,0,0,0,0,0,0.00,0.00,0,0,0,0
avlhashtree,build_2m_then_add_400k_new,2000000,2400000,400000,2252523627,5631,"0-10%=6.162µs(n=40000)|10-20%=5.598µs(n=40000)|20-30%=5.755µs(n=40000)|30-40%=5.785µs(n=40000)|40-50%=5.906µs(n=40000)|50-60%=5.687µs(n=40000)|60-70%=5.383µs(n=40000)|70-80%=5.509µs(n=40000)|80-90%=5.249µs(n=40000)|90-100%=5.274µs(n=40000)",116.06,116.06,13000828,3200061,200001,3000060,0,0,0,0,0,0,0,0,0,0,0,0.00,0.00,0,0,0,0
avlhashtree,build_5m_then_add_1m_new,5000000,6000000,1000000,6520198326,6520,"0-10%=6.824µs(n=100000)|10-20%=6.521µs(n=100000)|20-30%=6.521µs(n=100000)|30-40%=6.454µs(n=100000)|40-50%=6.461µs(n=100000)|50-60%=6.426µs(n=100000)|60-70%=6.475µs(n=100000)|70-80%=6.505µs(n=100000)|80-90%=6.482µs(n=100000)|90-100%=6.529µs(n=100000)",290.16,290.16,32500873,8000085,500001,7500084,0,0,0,0,0,0,0,0,0,0,0,0.00,0.00,0,0,0,0
avlhashtree,build_10m_then_add_2m_new,10000000,12000000,2000000,14628613303,7314,"0-10%=7.694µs(n=200000)|10-20%=7.44µs(n=200000)|20-30%=7.304µs(n=200000)|30-40%=7.277µs(n=200000)|40-50%=7.147µs(n=200000)|50-60%=7.222µs(n=200000)|60-70%=7.261µs(n=200000)|70-80%=7.27µs(n=200000)|80-90%=7.201µs(n=200000)|90-100%=7.322µs(n=200000)",580.35,580.35,65000907,16000116,1000001,15000115,0,0,0,0,0,0,0,0,0,0,0,0.00,0.00,0,0,0,0
avlhashtree,build_25m_then_add_5m_new,25000000,30000000,5000000,43050858034,8610,"0-10%=8.868µs(n=500000)|10-20%=8.409µs(n=500000)|20-30%=8.468µs(n=500000)|30-40%=8.486µs(n=500000)|40-50%=8.549µs(n=500000)|50-60%=8.534µs(n=500000)|60-70%=8.602µs(n=500000)|70-80%=8.678µs(n=500000)|80-90%=8.751µs(n=500000)|90-100%=8.751µs(n=500000)",1451.16,1451.16,162501060,40000259,2500001,37500258,0,0,0,0,0,0,0,0,0,0,0,0.00,0.00,0,0,0,0
avlhashtree,build_10k_then_reinsert_2k_existing,10000,10000,2000,3220987,1610,"0-10%=1.431µs(n=200)|10-20%=1.481µs(n=200)|20-30%=1.658µs(n=200)|30-40%=1.502µs(n=200)|40-50%=1.51µs(n=200)|50-60%=1.673µs(n=200)|60-70%=1.734µs(n=200)|70-80%=1.671µs(n=200)|80-90%=1.681µs(n=200)|90-100%=1.757µs(n=200)",0.29,0.29,61831,12039,1001,11038,0,0,0,0,0,0,0,0,0,0,0,0.00,0.00,0,0,0,0
avlhashtree,build_50k_then_reinsert_10k_existing,50000,50000,10000,19768839,1976,"0-10%=1.726µs(n=1000)|10-20%=1.932µs(n=1000)|20-30%=1.943µs(n=1000)|30-40%=1.987µs(n=1000)|40-50%=1.961µs(n=1000)|50-60%=1.97µs(n=1000)|60-70%=2.11µs(n=1000)|70-80%=2.036µs(n=1000)|80-90%=2.058µs(n=1000)|90-100%=2.039µs(n=1000)",1.39,1.39,305840,60039,5001,55038,0,0,0,0,0,0,0,0,0,0,0,0.00,0.00,0,0,0,0
avlhashtree,build_100k_then_reinsert_20k_existing,100000,100000,20000,41949574,2097,"0-10%=1.885µs(n=2000)|10-20%=1.974µs(n=2000)|20-30%=2.028µs(n=2000)|30-40%=2.082µs(n=2000)|40-50%=2.137µs(n=2000)|50-60%=2.124µs(n=2000)|60-70%=2.145µs(n=2000)|70-80%=2.202µs(n=2000)|80-90%=2.175µs(n=2000)|90-100%=2.218µs(n=2000)",2.76,2.76,610843,120041,10001,110040,0,0,0,0,0,0,0,0,0,0,0,0.00,0.00,0,0,0,0
avlhashtree,build_200k_then_reinsert_40k_existing,200000,200000,40000,100583324,2514,"0-10%=2.114µs(n=4000)|10-20%=2.305µs(n=4000)|20-30%=2.368µs(n=4000)|30-40%=2.526µs(n=4000)|40-50%=2.599µs(n=4000)|50-60%=2.664µs(n=4000)|60-70%=2.643µs(n=4000)|70-80%=2.634µs(n=4000)|80-90%=2.619µs(n=4000)|90-100%=2.668µs(n=4000)",5.52,5.52,1220858,240046,20001,220045,0,0,0,0,0,0,0,0,0,0,0,0.00,0.00,0,0,0,0
avlhashtree,build_300k_then_reinsert_60k_existing,300000,300000,60000,173524698,2892,"0-10%=2.414µs(n=6000)|10-20%=2.606µs(n=6000)|20-30%=2.686µs(n=6000)|30-40%=2.77µs(n=6000)|40-50%=2.793µs(n=6000)|50-60%=2.779µs(n=6000)|60-70%=3.381µs(n=6000)|70-80%=3.374µs(n=6000)|80-90%=3.097µs(n=6000)|90-100%=3.014µs(n=6000)",8.27,8.27,1830864,360046,30001,330045,0,0,0,0,0,0,0,0,0,0,0,0.00,0.00,0,0,0,0
avlhashtree,build_500k_then_reinsert_100k_existing,500000,500000,100000,316577595,3165,"0-10%=3.108µs(n=10000)|10-20%=3.115µs(n=10000)|20-30%=3.124µs(n=10000)|30-40%=3.142µs(n=10000)|40-50%=3.124µs(n=10000)|50-60%=3.17µs(n=10000)|60-70%=3.182µs(n=10000)|70-80%=3.209µs(n=10000)|80-90%=3.235µs(n=10000)|90-100%=3.243µs(n=10000)",13.76,13.76,3050874,600044,50001,550043,0,0,0,0,0,0,0,0,0,0,0,0.00,0.00,0,0,0,0
avlhashtree,build_700k_then_reinsert_140k_existing,700000,700000,140000,472437460,3374,"0-10%=3.037µs(n=14000)|10-20%=3.183µs(n=14000)|20-30%=3.299µs(n=14000)|30-40%=3.373µs(n=14000)|40-50%=3.536µs(n=14000)|50-60%=3.494µs(n=14000)|60-70%=3.458µs(n=14000)|70-80%=3.429µs(n=14000)|80-90%=3.458µs(n=14000)|90-100%=3.473µs(n=14000)",19.26,19.26,4270875,840050,70001,770049,0,0,0,0,0,0,0,0,0,0,0,0.00,0.00,0,0,0,0
avlhashtree,build_900k_then_reinsert_180k_existing,900000,900000,180000,638061373,3544,"0-10%=3.32µs(n=18000)|10-20%=3.495µs(n=18000)|20-30%=3.55µs(n=18000)|30-40%=3.577µs(n=18000)|40-50%=3.474µs(n=18000)|50-60%=3.507µs(n=18000)|60-70%=3.562µs(n=18000)|70-80%=3.61µs(n=18000)|80-90%=3.66µs(n=18000)|90-100%=3.687µs(n=18000)",24.76,24.76,5490891,1080057,90001,990056,0,0,0,0,0,0,0,0,0,0,0,0.00,0.00,0,0,0,0
avlhashtree,build_1m_then_reinsert_200k_existing,1000000,1000000,200000,725279898,3626,"0-10%=3.458µs(n=20000)|10-20%=3.545µs(n=20000)|20-30%=3.601µs(n=20000)|30-40%=3.569µs(n=20000)|40-50%=3.61µs(n=20000)|50-60%=3.603µs(n=20000)|60-70%=3.63µs(n=20000)|70-80%=3.698µs(n=20000)|80-90%=3.732µs(n=20000)|90-100%=3.812µs(n=20000)",27.51,27.51,6100893,1200045,100001,1100044,0,0,0,0,0,0,0,0,0,0,0,0.00,0.00,0,0,0,0
avlhashtree,build_2m_then_reinsert_400k_existing,2000000,2000000,400000,1668975788,4172,"0-10%=3.707µs(n=40000)|10-20%=3.85µs(n=40000)|20-30%=3.97µs(n=40000)|30-40%=4.082µs(n=40000)|40-50%=4.176µs(n=40000)|50-60%=4.39µs(n=40000)|60-70%=4.464µs(n=40000)|70-80%=4.296µs(n=40000)|80-90%=4.302µs(n=40000)|90-100%=4.481µs(n=40000)",55.01,55.01,12200912,2400051,200001,2200050,0,0,0,0,0,0,0,0,0,0,0,0.00,0.00,0,0,0,0
avlhashtree,build_5m_then_reinsert_1m_existing,5000000,5000000,1000000,4997607416,4997,"0-10%=4.26µs(n=100000)|10-20%=4.488µs(n=100000)|20-30%=4.786µs(n=100000)|30-40%=4.969µs(n=100000)|40-50%=5.08µs(n=100000)|50-60%=5.123µs(n=100000)|60-70%=5.192µs(n=100000)|70-80%=5.262µs(n=100000)|80-90%=5.391µs(n=100000)|90-100%=5.421µs(n=100000)",137.52,137.52,30500934,6000076,500002,5500074,0,0,0,0,0,0,0,0,0,0,0,0.00,0.00,0,0,0,0
avlhashtree,build_10m_then_reinsert_2m_existing,10000000,10000000,2000000,11599897907,5799,"0-10%=4.695µs(n=200000)|10-20%=5.276µs(n=200000)|20-30%=5.652µs(n=200000)|30-40%=5.873µs(n=200000)|40-50%=6.023µs(n=200000)|50-60%=5.891µs(n=200000)|60-70%=6.12µs(n=200000)|70-80%=6.171µs(n=200000)|80-90%=6.103µs(n=200000)|90-100%=6.189µs(n=200000)",275.06,275.06,61000970,12000100,1000001,11000099,0,0,0,0,0,0,0,0,0,0,0,0.00,0.00,0,0,0,0
avlhashtree,build_25m_then_reinsert_5m_existing,25000000,25000000,5000000,34835875487,6967,"0-10%=5.635µs(n=500000)|10-20%=6.405µs(n=500000)|20-30%=6.583µs(n=500000)|30-40%=6.775µs(n=500000)|40-50%=7.159µs(n=500000)|50-60%=7.169µs(n=500000)|60-70%=7.445µs(n=500000)|70-80%=7.483µs(n=500000)|80-90%=7.414µs(n=500000)|90-100%=7.598µs(n=500000)",687.78,687.78,152501076,30000200,2500000,27500200,0,0,0,0,0,0,0,0,0,0,0,0.00,0.00,0,0,0,0
avlhashtree,insert_only_build_10k,0,10000,10000,23076295,2307,"0-10%=2.122µs(n=1000)|10-20%=1.972µs(n=1000)|20-30%=2.151µs(n=1000)|30-40%=2.15µs(n=1000)|40-50%=2.277µs(n=1000)|50-60%=2.307µs(n=1000)|60-70%=2.323µs(n=1000)|70-80%=3.022µs(n=1000)|80-90%=2.38µs(n=1000)|90-100%=2.367µs(n=1000)",2.43,2.93,56113,80056,24434,55622,0,0,0,0,0,0,0,0,0,0,0,0.00,0.00,0,0,0,0
avlhashtree,insert_only_build_50k,0,50000,50000,125444998,2508,"0-10%=2.044µs(n=5000)|10-20%=2.495µs(n=5000)|20-30%=2.552µs(n=5000)|30-40%=2.759µs(n=5000)|40-50%=2.584µs(n=5000)|50-60%=2.614µs(n=5000)|60-70%=2.465µs(n=5000)|70-80%=2.625µs(n=5000)|80-90%=2.446µs(n=5000)|90-100%=2.499µs(n=5000)",12.23,14.56,281447,400093,119142,280951,0,0,0,0,0,0,0,0,0,0,0,0.00,0.00,0,0,0,0
avlhashtree,insert_only_build_100k,0,100000,100000,252779188,2527,"0-10%=1.998µs(n=10000)|10-20%=2.322µs(n=10000)|20-30%=2.385µs(n=10000)|30-40%=2.587µs(n=10000)|40-50%=2.524µs(n=10000)|50-60%=2.609µs(n=10000)|60-70%=2.696µs(n=10000)|70-80%=2.748µs(n=10000)|80-90%=2.662µs(n=10000)|90-100%=2.742µs(n=10000)",24.69,29.05,572742,800102,227882,572220,0,0,0,0,0,0,0,0,0,0,0,0.00,0.00,0,0,0,0
avlhashtree,insert_only_build_200k,0,200000,200000,544679295,2723,"0-10%=2.179µs(n=20000)|10-20%=2.447µs(n=20000)|20-30%=2.566µs(n=20000)|30-40%=2.707µs(n=20000)|40-50%=2.698µs(n=20000)|50-60%=2.77µs(n=20000)|60-70%=2.926µs(n=20000)|70-80%=2.903µs(n=20000)|80-90%=2.987µs(n=20000)|90-100%=3.045µs(n=20000)",50.09,58.03,1176487,1600088,424157,1175931,0,0,0,0,0,0,0,0,0,0,0,0.00,0.00,0,0,0,0
avlhashtree,insert_only_build_300k,0,300000,300000,878264316,2927,"0-10%=2.214µs(n=30000)|10-20%=2.555µs(n=30000)|20-30%=2.686µs(n=30000)|30-40%=2.753µs(n=30000)|40-50%=2.947µs(n=30000)|50-60%=3.019µs(n=30000)|60-70%=3.105µs(n=30000)|70-80%=3.59µs(n=30000)|80-90%=3.176µs(n=30000)|90-100%=3.226µs(n=30000)",72.76,87.04,1667103,2400110,733570,1666540,0,0,0,0,0,0,0,0,0,0,0,0.00,0.00,0,0,0,0
avlhashtree,insert_only_build_500k,0,500000,500000,1603681593,3207,"0-10%=2.354µs(n=50000)|10-20%=2.669µs(n=50000)|20-30%=2.843µs(n=50000)|30-40%=2.957µs(n=50000)|40-50%=3.146µs(n=50000)|50-60%=3.272µs(n=50000)|60-70%=3.415µs(n=50000)|70-80%=3.617µs(n=50000)|80-90%=3.816µs(n=50000)|90-100%=3.98µs(n=50000)",119.58,145.04,2708973,4000119,1291715,2708404,0,0,0,0,0,0,0,0,0,0,0,0.00,0.00,0,0,0,0
avlhashtree,insert_only_build_700k,0,700000,700000,2406060397,3437,"0-10%=2.38µs(n=70000)|10-20%=2.906µs(n=70000)|20-30%=3.015µs(n=70000)|30-40%=3.24µs(n=70000)|40-50%=3.385µs(n=70000)|50-60%=3.615µs(n=70000)|60-70%=3.768µs(n=70000)|70-80%=3.936µs(n=70000)|80-90%=3.99µs(n=70000)|90-100%=4.132µs(n=70000)",177.77,203.06,4216126,5600125,1384582,4215543,0,0,0,0,0,0,0,0,0,0,0,0.00,0.00,0,0,0,0
avlhashtree,insert_only_build_900k,0,900000,900000,3425621386,3806,"0-10%=2.565µs(n=90000)|10-20%=3.087µs(n=90000)|20-30%=3.623µs(n=90000)|30-40%=3.817µs(n=90000)|40-50%=3.881µs(n=90000)|50-60%=3.873µs(n=90000)|60-70%=3.961µs(n=90000)|70-80%=4.073µs(n=90000)|80-90%=4.643µs(n=90000)|90-100%=4.534µs(n=90000)",216.37,261.08,4921233,7200132,2279496,4920636,0,0,0,0,0,0,0,0,0,0,0,0.00,0.00,0,0,0,0
avlhashtree,insert_only_build_1m,0,1000000,1000000,3706405388,3706,"0-10%=2.554µs(n=100000)|10-20%=3.016µs(n=100000)|20-30%=3.205µs(n=100000)|30-40%=3.564µs(n=100000)|40-50%=3.715µs(n=100000)|50-60%=3.963µs(n=100000)|60-70%=4.093µs(n=100000)|70-80%=4.26µs(n=100000)|80-90%=4.294µs(n=100000)|90-100%=4.395µs(n=100000)",247.43,290.07,5756213,8000133,2244510,5755623,0,0,0,0,0,0,0,0,0,0,0,0.00,0.00,0,0,0,0
avlhashtree,insert_only_build_2m,0,2000000,2000000,8833505615,4416,"0-10%=2.749µs(n=200000)|10-20%=3.399µs(n=200000)|20-30%=3.893µs(n=200000)|30-40%=4.727µs(n=200000)|40-50%=4.763µs(n=200000)|50-60%=4.529µs(n=200000)|60-70%=4.924µs(n=200000)|70-80%=4.964µs(n=200000)|80-90%=5.033µs(n=200000)|90-100%=5.182µs(n=200000)",500.27,580.19,11729297,16000167,4271460,11728707,0,0,0,0,0,0,0,0,0,0,0,0.00,0.00,0,0,0,0
avlhashtree,insert_only_build_5m,0,5000000,5000000,26874845927,5374,"0-10%=3.224µs(n=500000)|10-20%=4.523µs(n=500000)|20-30%=4.905µs(n=500000)|30-40%=5.101µs(n=500000)|40-50%=5.586µs(n=500000)|50-60%=5.707µs(n=500000)|60-70%=5.929µs(n=500000)|70-80%=6.059µs(n=500000)|80-90%=6.406µs(n=500000)|90-100%=6.303µs(n=500000)",1200.15,1450.52,27250030,40000268,12750833,27249435,0,0,0,0,0,0,0,0,0,0,0,0.00,0.00,0,0,0,0
avlhashtree,insert_only_build_10m,0,10000000,10000000,60795971526,6079,"0-10%=3.705µs(n=1000000)|10-20%=4.996µs(n=1000000)|20-30%=5.643µs(n=1000000)|30-40%=5.857µs(n=1000000)|40-50%=6.315µs(n=1000000)|50-60%=6.423µs(n=1000000)|60-70%=6.593µs(n=1000000)|70-80%=6.996µs(n=1000000)|80-90%=7.068µs(n=1000000)|90-100%=7.195µs(n=1000000)",2465.85,2901.21,57176013,80000426,22825018,57175408,0,0,0,0,0,0,0,0,0,0,0,0.00,0.00,0,0,0,0
avlhashtree,insert_only_build_25m,0,25000000,25000000,180294063065,7211,"0-10%=4.61µs(n=2500000)|10-20%=6.018µs(n=2500000)|20-30%=6.6µs(n=2500000)|30-40%=7.022µs(n=2500000)|40-50%=7.513µs(n=2500000)|50-60%=7.609µs(n=2500000)|60-70%=7.837µs(n=2500000)|70-80%=8.052µs(n=2500000)|80-90%=8.441µs(n=2500000)|90-100%=8.411µs(n=2500000)",5984.72,7254.21,135519146,200001005,64482472,135518533,0,0,0,0,0,0,0,0,0,0,0,0.00,0.00,0,0,0,0
avlhashtree,prehashed_ordered_insert_only_10k,0,10000,10000,19501942,1950,"0-10%=1.538µs(n=1000)|10-20%=1.727µs(n=1000)|20-30%=1.844µs(n=1000)|30-40%=1.84µs(n=1000)|40-50%=1.923µs(n=1000)|50-60%=2.58µs(n=1000)|60-70%=2.023µs(n=1000)|70-80%=1.929µs(n=1000)|80-90%=2.062µs(n=1000)|90-100%=2.03µs(n=1000)",1.97,2.91,62987,80046,27679,52367,0,0,0,0,0,0,0,0,0,0,0,0.00,0.00,0,0,0,0
avlhashtree,prehashed_ordered_insert_only_50k,0,50000,50000,112251394,2245,"0-10%=1.794µs(n=5000)|10-20%=2.152µs(n=5000)|20-30%=2.269µs(n=5000)|30-40%=2.19µs(n=5000)|40-50%=2.4µs(n=5000)|50-60%=2.244µs(n=5000)|60-70%=2.23µs(n=5000)|70-80%=2.286µs(n=5000)|80-90%=2.538µs(n=5000)|90-100%=2.342µs(n=5000)",11.84,14.53,266469,400059,134164,265895,0,0,0,0,0,0,0,0,0,0,0,0.00,0.00,0,0,0,0
avlhashtree,prehashed_ordered_insert_only_100k,0,100000,100000,229986238,2299,"0-10%=2.001µs(n=10000)|10-20%=2.154µs(n=10000)|20-30%=2.196µs(n=10000)|30-40%=2.338µs(n=10000)|40-50%=2.307µs(n=10000)|50-60%=2.317µs(n=10000)|60-70%=2.32µs(n=10000)|70-80%=2.534µs(n=10000)|80-90%=2.397µs(n=10000)|90-100%=2.43µs(n=10000)",18.52,29.03,571108,800095,329534,470561,0,0,0,0,0,0,0,0,0,0,0,0.00,0.00,0,0,0,0
avlhashtree,prehashed_ordered_insert_only_200k,0,200000,200000,484628859,2423,"0-10%=2.12µs(n=20000)|10-20%=2.311µs(n=20000)|20-30%=2.389µs(n=20000)|30-40%=2.342µs(n=20000)|40-50%=2.448µs(n=20000)|50-60%=2.398µs(n=20000)|60-70%=2.488µs(n=20000)|70-80%=2.546µs(n=20000)|80-90%=2.637µs(n=20000)|90-100%=2.546µs(n=20000)",35.68,58.03,1086283,1600090,714361,885729,0,0,0,0,0,0,0,0,0,0,0,0.00,0.00,0,0,0,0
avlhashtree,prehashed_ordered_insert_only_300k,0,300000,300000,745482086,2484,"0-10%=2.157µs(n=30000)|10-20%=2.379µs(n=30000)|20-30%=2.472µs(n=30000)|30-40%=2.371µs(n=30000)|40-50%=2.512µs(n=30000)|50-60%=2.506µs(n=30000)|60-70%=2.546µs(n=30000)|70-80%=2.576µs(n=30000)|80-90%=2.663µs(n=30000)|90-100%=2.662µs(n=30000)",53.93,87.01,1646014,2400066,1054635,1345431,0,0,0,0,0,0,0,0,0,0,0,0.00,0.00,0,0,0,0
avlhashtree,prehashed_ordered_insert_only_500k,0,500000,500000,1287932306,2575,"0-10%=2.188µs(n=50000)|10-20%=2.435µs(n=50000)|20-30%=2.411µs(n=50000)|30-40%=2.528µs(n=50000)|40-50%=2.518µs(n=50000)|50-60%=2.68µs(n=50000)|60-70%=2.785µs(n=50000)|70-80%=2.737µs(n=50000)|80-90%=2.735µs(n=50000)|90-100%=2.737µs(n=50000)",95.84,145.03,2986779,4000103,1513878,2486225,0,0,0,0,0,0,0,0,0,0,0,0.00,0.00,0,0,0,0
avlhashtree,prehashed_ordered_insert_only_700k,0,700000,700000,1854974631,2649,"0-10%=2.235µs(n=70000)|10-20%=2.518µs(n=70000)|20-30%=2.493µs(n=70000)|30-40%=2.604µs(n=70000)|40-50%=2.724µs(n=70000)|50-60%=2.734µs(n=70000)|60-70%=2.802µs(n=70000)|70-80%=2.774µs(n=70000)|80-90%=2.805µs(n=70000)|90-100%=2.806µs(n=70000)",134.44,203.03,4192272,5600100,2108384,3491716,0,0,0,0,0,0,0,0,0,0,0,0.00,0.00,0,0,0,0
avlhashtree,prehashed_ordered_insert_only_900k,0,900000,900000,2392663635,2658,"0-10%=2.347µs(n=90000)|10-20%=2.544µs(n=90000)|20-30%=2.534µs(n=90000)|30-40%=2.663µs(n=90000)|40-50%=2.627µs(n=90000)|50-60%=2.698µs(n=90000)|60-70%=2.861µs(n=90000)|70-80%=2.772µs(n=90000)|80-90%=2.765µs(n=90000)|90-100%=2.769µs(n=90000)",173.12,261.03,5400675,7200102,2699994,4500108,0,0,0,0,0,0,0,0,0,0,0,0.00,0.00,0,0,0,0
avlhashtree,prehashed_ordered_insert_only_1m,0,1000000,1000000,2670171909,2670,"0-10%=2.298µs(n=100000)|10-20%=2.539µs(n=100000)|20-30%=2.532µs(n=100000)|30-40%=2.662µs(n=100000)|40-50%=2.632µs(n=100000)|50-60%=2.777µs(n=100000)|60-70%=2.884µs(n=100000)|70-80%=2.783µs(n=100000)|80-90%=2.767µs(n=100000)|90-100%=2.825µs(n=100000)",192.37,290.04,6001142,8000110,2999530,5000580,0,0,0,0,0,0,0,0,0,0,0,0.00,0.00,0,0,0,0
avlhashtree,prehashed_ordered_insert_only_2m,0,2000000,2000000,5583554816,2791,"0-10%=2.427µs(n=200000)|10-20%=2.639µs(n=200000)|20-30%=2.66µs(n=200000)|30-40%=2.799µs(n=200000)|40-50%=2.767µs(n=200000)|50-60%=2.869µs(n=200000)|60-70%=2.972µs(n=200000)|70-80%=2.911µs(n=200000)|80-90%=2.907µs(n=200000)|90-100%=2.963µs(n=200000)",383.92,580.04,11968565,16000128,6032140,9967988,0,0,0,0,0,0,0,0,0,0,0,0.00,0.00,0,0,0,0
avlhashtree,prehashed_ordered_insert_only_5m,0,5000000,5000000,14827964675,2965,"0-10%=2.609µs(n=500000)|10-20%=2.838µs(n=500000)|20-30%=2.847µs(n=500000)|30-40%=2.961µs(n=500000)|40-50%=2.996µs(n=500000)|50-60%=3.027µs(n=500000)|60-70%=3.15µs(n=500000)|70-80%=3.032µs(n=500000)|80-90%=3.078µs(n=500000)|90-100%=3.112µs(n=500000)",955.02,1450.05,29725889,40000175,15274865,24725310,0,0,0,0,0,0,0,0,0,0,0,0.00,0.00,0,0,0,0
avlhashtree,prehashed_ordered_insert_only_10m,0,10000000,10000000,30321983642,3032,"0-10%=2.65µs(n=1000000)|10-20%=2.879µs(n=1000000)|20-30%=2.936µs(n=1000000)|30-40%=3.007µs(n=1000000)|40-50%=3.048µs(n=1000000)|50-60%=3.106µs(n=1000000)|60-70%=3.196µs(n=1000000)|70-80%=3.108µs(n=1000000)|80-90%=3.174µs(n=1000000)|90-100%=3.213µs(n=1000000)",1906.01,2900.01,59288521,80000224,30712277,49287947,0,0,0,0,0,0,0,0,0,0,0,0.00,0.00,0,0,0,0
avlhashtree,prehashed_ordered_insert_only_25m,0,25000000,25000000,81759791440,3270,"0-10%=2.836µs(n=2500000)|10-20%=3.096µs(n=2500000)|20-30%=3.078µs(n=2500000)|30-40%=3.226µs(n=2500000)|40-50%=3.228µs(n=2500000)|50-60%=3.244µs(n=2500000)|60-70%=3.425µs(n=2500000)|70-80%=3.523µs(n=2500000)|80-90%=3.523µs(n=2500000)|90-100%=3.519µs(n=2500000)",4779.85,7249.70,148840954,200000344,76159966,123840378,0,0,0,0,0,0,0,0,0,0,0,0.00,0.00,0,0,0,0
avlhashtree,proof_only_after_10k_build_sample_5pct,10000,10000,0,0,0,"",0.00,0.00,0,0,0,0,300694,601,1562,3478,0,0,0,0,0,0,0,0.00,0.00,0,0,0,0
avlhashtree,proof_only_after_50k_build_sample_5pct,50000,50000,0,0,0,"",0.00,0.00,0,0,0,0,1414656,565,1855,4169,0,0,0,0,0,0,0,0.00,0.00,0,0,0,0
avlhashtree,proof_only_after_100k_build_sample_5pct,100000,100000,0,0,0,"",0.00,0.00,0,0,0,0,3032265,606,1977,4377,0,0,0,0,0,0,0,0.00,0.00,0,0,0,0
avlhashtree,proof_only_after_200k_build_sample_5pct,200000,200000,0,0,0,"",0.00,0.00,0,0,0,0,8014142,801,2096,4647,0,0,0,0,0,0,0,0.00,0.00,0,0,0,0
avlhashtree,proof_only_after_300k_build_sample_5pct,300000,300000,0,0,0,"",0.00,0.00,0,0,0,0,14574216,971,2168,4944,0,0,0,0,0,0,0,0.00,0.00,0,0,0,0
avlhashtree,proof_only_after_500k_build_sample_5pct,500000,500000,0,0,0,"",0.00,0.00,0,0,0,0,34199847,1367,2258,5363,0,0,0,0,0,0,0,0.00,0.00,0,0,0,0
avlhashtree,proof_only_after_700k_build_sample_5pct,700000,700000,0,0,0,"",0.00,0.00,0,0,0,0,50160898,1433,2314,5370,0,0,0,0,0,0,0,0.00,0.00,0,0,0,0
avlhashtree,proof_only_after_900k_build_sample_5pct,900000,900000,0,0,0,"",0.00,0.00,0,0,0,0,71054610,1578,2361,5453,0,0,0,0,0,0,0,0.00,0.00,0,0,0,0
avlhashtree,proof_only_after_1m_build_sample_5pct,1000000,1000000,0,0,0,"",0.00,0.00,0,0,0,0,82283981,1645,2379,5545,0,0,0,0,0,0,0,0.00,0.00,0,0,0,0
avlhashtree,proof_only_after_2m_build_sample_3pct,2000000,2000000,0,0,0,"",0.00,0.00,0,0,0,0,115031346,1917,2500,6243,0,0,0,0,0,0,0,0.00,0.00,0,0,0,0
avlhashtree,proof_only_after_5m_build_sample_3pct,5000000,5000000,0,0,0,"",0.00,0.00,0,0,0,0,331072781,2207,2664,6528,0,0,0,0,0,0,0,0.00,0.00,0,0,0,0
avlhashtree,proof_only_after_10m_build_sample_2pct,10000000,10000000,0,0,0,"",0.00,0.00,0,0,0,0,491792768,2458,2781,6435,0,0,0,0,0,0,0,0.00,0.00,0,0,0,0
avlhashtree,proof_only_after_25m_build_sample_2pct,25000000,25000000,0,0,0,"",0.00,0.00,0,0,0,0,1758026103,3516,2944,9071,0,0,0,0,0,0,0,0.00,0.00,0,0,0,0
avlhashtree,build_10k_then_add_2k_new,10000,12000,2000,4355751,2177,"0-10%=2.345µs(n=200)|10-20%=2.08µs(n=200)|20-30%=2.04µs(n=200)|30-40%=2.193µs(n=200)|40-50%=2.138µs(n=200)|50-60%=2.262µs(n=200)|60-70%=2.232µs(n=200)|70-80%=2.095µs(n=200)|80-90%=2.167µs(n=200)|90-100%=2.219µs(n=200)",0.59,0.59,65727,16036,1001,15035,0,0,0,0,0,0,0,0,0,0,0,0.00,0.00,0,0,0,0
avlhashtree,build_50k_then_add_10k_new,50000,60000,10000,25677792,2567,"0-10%=2.771µs(n=1000)|10-20%=2.491µs(n=1000)|20-30%=2.582µs(n=1000)|30-40%=2.609µs(n=1000)|40-50%=2.432µs(n=1000)|50-60%=2.651µs(n=1000)|60-70%=2.51µs(n=1000)|70-80%=2.611µs(n=1000)|80-90%=2.513µs(n=1000)|90-100%=2.501µs(n=1000)",2.91,2.91,325739,80039,5001,75038,0,0,0,0,0,0,0,0,0,0,0,0.00,0.00,0,0,0,0
avlhashtree,build_100k_then_add_20k_new,100000,120000,20000,60095254,3004,"0-10%=3.209µs(n=2000)|10-20%=3.015µs(n=2000)|20-30%=3.097µs(n=2000)|30-40%=2.984µs(n=2000)|40-50%=2.916µs(n=2000)|50-60%=2.948µs(n=2000)|60-70%=2.983µs(n=2000)|70-80%=2.948µs(n=2000)|80-90%=3.003µs(n=2000)|90-100%=2.94µs(n=2000)",5.81,5.81,650748,160039,10001,150038,0,0,0,0,0,0,0,0,0,0,0,0.00,0.00,0,0,0,0
avlhashtree,build_200k_then_add_40k_new,200000,240000,40000,130655205,3266,"0-10%=3.483µs(n=4000)|10-20%=3.346µs(n=4000)|20-30%=3.262µs(n=4000)|30-40%=3.263µs(n=4000)|40-50%=3.236µs(n=4000)|50-60%=3.167µs(n=4000)|60-70%=3.197µs(n=4000)|70-80%=3.218µs(n=4000)|80-90%=3.258µs(n=4000)|90-100%=3.231µs(n=4000)",11.63,11.63,1300759,320046,20001,300045,0,0,0,0,0,0,0,0,0,0,0,0.00,0.00,0,0,0,0
avlhashtree,build_300k_then_add_60k_new,300000,360000,60000,225532962,3758,"0-10%=3.77µs(n=6000)|10-20%=3.583µs(n=6000)|20-30%=3.546µs(n=6000)|30-40%=3.497µs(n=6000)|40-50%=4.53µs(n=6000)|50-60%=4.023µs(n=6000)|60-70%=3.727µs(n=6000)|70-80%=3.679µs(n=6000)|80-90%=3.621µs(n=6000)|90-100%=3.607µs(n=6000)",17.42,17.42,1950767,480048,30001,450047,0,0,0,0,0,0,0,0,0,0,0,0.00,0.00,0,0,0,0
avlhashtree,build_500k_then_add_100k_new,500000,600000,100000,431917429,4319,"0-10%=5.045µs(n=10000)|10-20%=4.54µs(n=10000)|20-30%=4.418µs(n=10000)|30-40%=4.23µs(n=10000)|40-50%=4.175µs(n=10000)|50-60%=4.163µs(n=10000)|60-70%=4.191µs(n=10000)|70-80%=4.188µs(n=10000)|80-90%=4.165µs(n=10000)|90-100%=4.071µs(n=10000)",29.03,29.03,3250779,800055,50001,750054,0,0,0,0,0,0,0,0,0,0,0,0.00,0.00,0,0,0,0
avlhashtree,build_700k_then_add_140k_new,700000,840000,140000,623317198,4452,"0-10%=5.007µs(n=14000)|10-20%=4.568µs(n=14000)|20-30%=4.482µs(n=14000)|30-40%=4.475µs(n=14000)|40-50%=4.405µs(n=14000)|50-60%=4.29µs(n=14000)|60-70%=4.299µs(n=14000)|70-80%=4.316µs(n=14000)|80-90%=4.322µs(n=14000)|90-100%=4.355µs(n=14000)",40.63,40.63,4550783,1120053,70001,1050052,0,0,0,0,0,0,0,0,0,0,0,0.00,0.00,0,0,0,0
avlhashtree,build_900k_then_add_180k_new,900000,1080000,180000,910318031,5057,"0-10%=5.28µs(n=18000)|10-20%=4.798µs(n=18000)|20-30%=4.691µs(n=18000)|30-40%=4.795µs(n=18000)|40-50%=5.01µs(n=18000)|50-60%=4.624µs(n=18000)|60-70%=4.718µs(n=18000)|70-80%=5.59µs(n=18000)|80-90%=5.669µs(n=18000)|90-100%=5.394µs(n=18000)",52.23,52.23,5850792,1440054,90001,1350053,0,0,0,0,0,0,0,0,0,0,0,0.00,0.00,0,0,0,0
avlhashtree,build_1m_then_add_200k_new,1000000,1200000,200000,1025610906,5128,"0-10%=5.717µs(n=20000)|10-20%=5.276µs(n=20000)|20-30%=5.173µs(n=20000)|30-40%=5.122µs(n=20000)|40-50%=5.021µs(n=20000)|50-60%=5.023µs(n=20000)|60-70%=4.959µs(n=20000)|70-80%=4.968µs(n=20000)|80-90%=4.993µs(n=20000)|90-100%=5.023µs(n=20000)",58.03,58.03,6500797,1600054,100001,1500053,0,0,0,0,0,0,0,0,0,0,0,0.00,0.00,0,0,0,0
avlhashtree,build_2m_then_add_400k_new,2000000,2400000,400000,2256955095,5642,"0-10%=6.037µs(n=40000)|10-20%=5.581µs(n=40000)|20-30%=5.684µs(n=40000)|30-40%=5.782µs(n=40000)|40-50%=5.624µs(n=40000)|50-60%=5.478µs(n=40000)|60-70%=5.596µs(n=40000)|70-80%=5.543µs(n=40000)|80-90%=5.543µs(n=40000)|90-100%=5.551µs(n=40000)",116.06,116.06,13000812,3200063,200001,3000062,0,0,0,0,0,0,0,0,0,0,0,0.00,0.00,0,0,0,0
avlhashtree,build_5m_then_add_1m_new,5000000,6000000,1000000,6611183613,6611,"0-10%=6.929µs(n=100000)|10-20%=6.565µs(n=100000)|20-30%=6.554µs(n=100000)|30-40%=6.431µs(n=100000)|40-50%=6.612µs(n=100000)|50-60%=6.451µs(n=100000)|60-70%=6.545µs(n=100000)|70-80%=6.569µs(n=100000)|80-90%=6.735µs(n=100000)|90-100%=6.716µs(n=100000)",290.16,290.16,32500837,8000081,500001,7500080,0,0,0,0,0,0,0,0,0,0,0,0.00,0.00,0,0,0,0
avlhashtree,build_10m_then_add_2m_new,10000000,12000000,2000000,14503187861,7251,"0-10%=7.532µs(n=200000)|10-20%=7.189µs(n=200000)|20-30%=7.243µs(n=200000)|30-40%=7.217µs(n=200000)|40-50%=7.045µs(n=200000)|50-60%=7.129µs(n=200000)|60-70%=7.296µs(n=200000)|70-80%=7.304µs(n=200000)|80-90%=7.248µs(n=200000)|90-100%=7.308µs(n=200000)",580.34,580.34,65000884,16000119,1000001,15000118,0,0,0,0,0,0,0,0,0,0,0,0.00,0.00,0,0,0,0
avlhashtree,build_25m_then_add_5m_new,25000000,30000000,5000000,43389051379,8677,"0-10%=8.877µs(n=500000)|10-20%=8.619µs(n=500000)|20-30%=8.428µs(n=500000)|30-40%=8.503µs(n=500000)|40-50%=8.582µs(n=500000)|50-60%=8.65µs(n=500000)|60-70%=8.715µs(n=500000)|70-80%=8.755µs(n=500000)|80-90%=8.831µs(n=500000)|90-100%=8.813µs(n=500000)",1451.16,1451.16,162501029,40000251,2500001,37500250,0,0,0,0,0,0,0,0,0,0,0,0.00,0.00,0,0,0,0
avlhashtree,build_10k_then_reinsert_2k_existing,10000,10000,2000,3174646,1587,"0-10%=1.328µs(n=200)|10-20%=1.716µs(n=200)|20-30%=1.504µs(n=200)|30-40%=1.528µs(n=200)|40-50%=1.532µs(n=200)|50-60%=1.599µs(n=200)|60-70%=1.671µs(n=200)|70-80%=1.704µs(n=200)|80-90%=1.645µs(n=200)|90-100%=1.636µs(n=200)",0.29,0.29,61811,12041,1001,11040,0,0,0,0,0,0,0,0,0,0,0,0.00,0.00,0,0,0,0
avlhashtree,build_50k_then_reinsert_10k_existing,50000,50000,10000,19482109,1948,"0-10%=1.692µs(n=1000)|10-20%=1.896µs(n=1000)|20-30%=1.911µs(n=1000)|30-40%=1.994µs(n=1000)|40-50%=1.96µs(n=1000)|50-60%=1.957µs(n=1000)|60-70%=2.078µs(n=1000)|70-80%=2.02µs(n=1000)|80-90%=1.981µs(n=1000)|90-100%=1.987µs(n=1000)",1.39,1.39,305825,60041,5001,55040,0,0,0,0,0,0,0,0,0,0,0,0.00,0.00,0,0,0,0
avlhashtree,build_100k_then_reinsert_20k_existing,100000,100000,20000,43575462,2178,"0-10%=1.936µs(n=2000)|10-20%=2.052µs(n=2000)|20-30%=2.148µs(n=2000)|30-40%=2.171µs(n=2000)|40-50%=2.203µs(n=2000)|50-60%=2.208µs(n=2000)|60-70%=2.238µs(n=2000)|70-80%=2.273µs(n=2000)|80-90%=2.259µs(n=2000)|90-100%=2.296µs(n=2000)",2.76,2.76,610825,120041,10001,110040,0,0,0,0,0,0,0,0,0,0,0,0.00,0.00,0,0,0,0
avlhashtree,build_200k_then_reinsert_40k_existing,200000,200000,40000,98868840,2471,"0-10%=2.17µs(n=4000)|10-20%=2.335µs(n=4000)|20-30%=2.42µs(n=4000)|30-40%=2.48µs(n=4000)|40-50%=2.536µs(n=4000)|50-60%=2.556µs(n=4000)|60-70%=2.528µs(n=4000)|70-80%=2.525µs(n=4000)|80-90%=2.558µs(n=4000)|90-100%=2.603µs(n=4000)",5.51,5.51,1220827,240039,20001,220038,0,0,0,0,0,0,0,0,0,0,0,0.00,0.00,0,0,0,0
avlhashtree,build_300k_then_reinsert_60k_existing,300000,300000,60000,169572065,2826,"0-10%=2.327µs(n=6000)|10-20%=2.499µs(n=6000)|20-30%=2.573µs(n=6000)|30-40%=2.663µs(n=6000)|40-50%=2.696µs(n=6000)|50-60%=2.716µs(n=6000)|60-70%=3.559µs(n=6000)|70-80%=3.237µs(n=6000)|80-90%=2.992µs(n=6000)|90-100%=2.995µs(n=6000)",8.27,8.27,1830839,360046,30001,330045,0,0,0,0,0,0,0,0,0,0,0,0.00,0.00,0,0,0,0
avlhashtree,build_500k_then_reinsert_100k_existing,500000,500000,100000,316685626,3166,"0-10%=3.065µs(n=10000)|10-20%=3.135µs(n=10000)|20-30%=3.115µs(n=10000)|30-40%=3.144µs(n=10000)|40-50%=3.143µs(n=10000)|50-60%=3.176µs(n=10000)|60-70%=3.187µs(n=10000)|70-80%=3.199µs(n=10000)|80-90%=3.228µs(n=10000)|90-100%=3.271µs(n=10000)",13.76,13.76,3050850,600050,50001,550049,0,0,0,0,0,0,0,0,0,0,0,0.00,0.00,0,0,0,0
avlhashtree,build_700k_then_reinsert_140k_existing,700000,700000,140000,470877693,3363,"0-10%=2.985µs(n=14000)|10-20%=3.174µs(n=14000)|20-30%=3.324µs(n=14000)|30-40%=3.365µs(n=14000)|40-50%=3.416µs(n=14000)|50-60%=3.436µs(n=14000)|60-70%=3.423µs(n=14000)|70-80%=3.474µs(n=14000)|80-90%=3.513µs(n=14000)|90-100%=3.521µs(n=14000)",19.26,19.26,4270856,840050,70001,770049,0,0,0,0,0,0,0,0,0,0,0,0.00,0.00,0,0,0,0
avlhashtree,build_900k_then_reinsert_180k_existing,900000,900000,180000,658598720,3658,"0-10%=3.325µs(n=18000)|10-20%=3.465µs(n=18000)|20-30%=3.506µs(n=18000)|30-40%=3.593µs(n=18000)|40-50%=3.586µs(n=18000)|50-60%=3.675µs(n=18000)|60-70%=3.852µs(n=18000)|70-80%=3.872µs(n=18000)|80-90%=3.854µs(n=18000)|90-100%=3.855µs(n=18000)",24.76,24.76,5490861,1080055,90001,990054,0,0,0,0,0,0,0,0,0,0,0,0.00,0.00,0,0,0,0
avlhashtree,build_1m_then_reinsert_200k_existing,1000000,1000000,200000,726785602,3633,"0-10%=3.265µs(n=20000)|10-20%=3.38µs(n=20000)|20-30%=3.463µs(n=20000)|30-40%=3.522µs(n=20000)|40-50%=3.601µs(n=20000)|50-60%=3.625µs(n=20000)|60-70%=3.642µs(n=20000)|70-80%=3.839µs(n=20000)|80-90%=3.992µs(n=20000)|90-100%=4.005µs(n=20000)",27.51,27.51,6100869,1200057,100001,1100056,0,0,0,0,0,0,0,0,0,0,0,0.00,0.00,0,0,0,0
avlhashtree,build_2m_then_reinsert_400k_existing,2000000,2000000,400000,1761622595,4404,"0-10%=3.749µs(n=40000)|10-20%=4.039µs(n=40000)|20-30%=4.17µs(n=40000)|30-40%=4.263µs(n=40000)|40-50%=4.444µs(n=40000)|50-60%=4.614µs(n=40000)|60-70%=4.668µs(n=40000)|70-80%=4.758µs(n=40000)|80-90%=4.648µs(n=40000)|90-100%=4.684µs(n=40000)",55.01,55.01,12200880,2400059,200001,2200058,0,0,0,0,0,0,0,0,0,0,0,0.00,0.00,0,0,0,0
avlhashtree,build_5m_then_reinsert_1m_existing,5000000,5000000,1000000,5076268960,5076,"0-10%=4.27µs(n=100000)|10-20%=4.586µs(n=100000)|20-30%=4.93µs(n=100000)|30-40%=5.105µs(n=100000)|40-50%=5.156µs(n=100000)|50-60%=5.095µs(n=100000)|60-70%=5.382µs(n=100000)|70-80%=5.338µs(n=100000)|80-90%=5.461µs(n=100000)|90-100%=5.434µs(n=100000)",137.52,137.52,30500906,6000078,500001,5500077,0,0,0,0,0,0,0,0,0,0,0,0.00,0.00,0,0,0,0
avlhashtree,build_10m_then_reinsert_2m_existing,10000000,10000000,2000000,11861988953,5930,"0-10%=4.905µs(n=200000)|10-20%=5.451µs(n=200000)|20-30%=5.769µs(n=200000)|30-40%=5.887µs(n=200000)|40-50%=6.057µs(n=200000)|50-60%=6.047µs(n=200000)|60-70%=6.072µs(n=200000)|70-80%=6.195µs(n=200000)|80-90%=6.402µs(n=200000)|90-100%=6.521µs(n=200000)",275.07,275.07,61000942,12000109,1000001,11000108,0,0,0,0,0,0,0,0,0,0,0,0.00,0.00,0,0,0,0
avlhashtree,build_25m_then_reinsert_5m_existing,25000000,25000000,5000000,35159595888,7031,"0-10%=5.747µs(n=500000)|10-20%=6.585µs(n=500000)|20-30%=6.75µs(n=500000)|30-40%=6.978µs(n=500000)|40-50%=7.103µs(n=500000)|50-60%=7.23µs(n=500000)|60-70%=7.294µs(n=500000)|70-80%=7.475µs(n=500000)|80-90%=7.644µs(n=500000)|90-100%=7.507µs(n=500000)",687.79,687.79,152501058,30000203,2500000,27500203,0,0,0,0,0,0,0,0,0,0,0,0.00,0.00,0,0,0,0
avlhashtree,insert_only_build_10k,0,10000,10000,22728740,2272,"0-10%=1.872µs(n=1000)|10-20%=2.011µs(n=1000)|20-30%=2.125µs(n=1000)|30-40%=2.216µs(n=1000)|40-50%=2.225µs(n=1000)|50-60%=2.307µs(n=1000)|60-70%=2.279µs(n=1000)|70-80%=2.997µs(n=1000)|80-90%=2.364µs(n=1000)|90-100%=2.326µs(n=1000)",2.44,2.93,56237,80062,24306,55756,0,0,0,0,0,0,0,0,0,0,0,0.00,0.00,0,0,0,0
avlhashtree,insert_only_build_50k,0,50000,50000,125697943,2513,"0-10%=2.047µs(n=5000)|10-20%=2.493µs(n=5000)|20-30%=2.521µs(n=5000)|30-40%=2.835µs(n=5000)|40-50%=2.469µs(n=5000)|50-60%=2.451µs(n=5000)|60-70%=2.503µs(n=5000)|70-80%=2.716µs(n=5000)|80-90%=2.525µs(n=5000)|90-100%=2.574µs(n=5000)",12.22,14.56,280956,400099,119632,280467,0,0,0,0,0,0,0,0,0,0,0,0.00,0.00,0,0,0,0
avlhashtree,insert_only_build_100k,0,100000,100000,253165065,2531,"0-10%=2.072µs(n=10000)|10-20%=2.328µs(n=10000)|20-30%=2.424µs(n=10000)|30-40%=2.569µs(n=10000)|40-50%=2.481µs(n=10000)|50-60%=2.553µs(n=10000)|60-70%=2.605µs(n=10000)|70-80%=2.77µs(n=10000)|80-90%=2.695µs(n=10000)|90-100%=2.814µs(n=10000)",24.66,29.05,571739,800094,228882,571212,0,0,0,0,0,0,0,0,0,0,0,0.00,0.00,0,0,0,0
avlhashtree,insert_only_build_200k,0,200000,200000,543189438,2715,"0-10%=2.164µs(n=20000)|10-20%=2.448µs(n=20000)|20-30%=2.568µs(n=20000)|30-40%=2.708µs(n=20000)|40-50%=2.682µs(n=20000)|50-60%=2.787µs(n=20000)|60-70%=2.925µs(n=20000)|70-80%=2.884µs(n=20000)|80-90%=2.967µs(n=20000)|90-100%=3.02µs(n=20000)",50.03,58.04,1173511,1600093,427132,1172961,0,0,0,0,0,0,0,0,0,0,0,0.00,0.00,0,0,0,0
avlhashtree,insert_only_build_300k,0,300000,300000,867251700,2890,"0-10%=2.229µs(n=30000)|10-20%=2.548µs(n=30000)|20-30%=2.681µs(n=30000)|30-40%=2.732µs(n=30000)|40-50%=2.872µs(n=30000)|50-60%=2.92µs(n=30000)|60-70%=3.011µs(n=30000)|70-80%=3.405µs(n=30000)|80-90%=3.273µs(n=30000)|90-100%=3.233µs(n=30000)",72.76,87.04,1666992,2400091,733671,1666420,0,0,0,0,0,0,0,0,0,0,0,0.00,0.00,0,0,0,0
avlhashtree,insert_only_build_500k,0,500000,500000,1598901927,3197,"0-10%=2.339µs(n=50000)|10-20%=2.66µs(n=50000)|20-30%=2.892µs(n=50000)|30-40%=3.055µs(n=50000)|40-50%=3.207µs(n=50000)|50-60%=3.255µs(n=50000)|60-70%=3.508µs(n=50000)|70-80%=3.504µs(n=50000)|80-90%=3.777µs(n=50000)|90-100%=3.777µs(n=50000)",119.51,145.04,2706475,4000108,1294215,2705893,0,0,0,0,0,0,0,0,0,0,0,0.00,0.00,0,0,0,0
avlhashtree,insert_only_build_700k,0,700000,700000,2405321706,3436,"0-10%=2.386µs(n=70000)|10-20%=2.808µs(n=70000)|20-30%=2.999µs(n=70000)|30-40%=3.185µs(n=70000)|40-50%=3.341µs(n=70000)|50-60%=3.754µs(n=70000)|60-70%=3.751µs(n=70000)|70-80%=3.853µs(n=70000)|80-90%=4.156µs(n=70000)|90-100%=4.124µs(n=70000)",177.56,203.06,4207883,5600114,1392813,4207301,0,0,0,0,0,0,0,0,0,0,0,0.00,0.00,0,0,0,0
avlhashtree,insert_only_build_900k,0,900000,900000,3559359959,3954,"0-10%=2.466µs(n=90000)|10-20%=2.916µs(n=90000)|20-30%=3.209µs(n=90000)|30-40%=3.443µs(n=90000)|40-50%=3.932µs(n=90000)|50-60%=4.266µs(n=90000)|60-70%=4.661µs(n=90000)|70-80%=4.84µs(n=90000)|80-90%=5.1µs(n=90000)|90-100%=4.711µs(n=90000)",216.46,261.08,4925077,7200138,2275653,4924485,0,0,0,0,0,0,0,0,0,0,0,0.00,0.00,0,0,0,0
avlhashtree,insert_only_build_1m,0,1000000,1000000,3767290504,3767,"0-10%=2.493µs(n=100000)|10-20%=2.988µs(n=100000)|20-30%=3.255µs(n=100000)|30-40%=3.408µs(n=100000)|40-50%=3.771µs(n=100000)|50-60%=4.202µs(n=100000)|60-70%=4.179µs(n=100000)|70-80%=4.484µs(n=100000)|80-90%=4.33µs(n=100000)|90-100%=4.557µs(n=100000)",245.48,290.08,5675913,8000137,2324818,5675319,0,0,0,0,0,0,0,0,0,0,0,0.00,0.00,0,0,0,0
avlhashtree,insert_only_build_2m,0,2000000,2000000,8802584196,4401,"0-10%=2.708µs(n=200000)|10-20%=3.499µs(n=200000)|20-30%=4.228µs(n=200000)|30-40%=4.202µs(n=200000)|40-50%=4.401µs(n=200000)|50-60%=4.603µs(n=200000)|60-70%=4.961µs(n=200000)|70-80%=4.996µs(n=200000)|80-90%=5.123µs(n=200000)|90-100%=5.287µs(n=200000)",499.70,580.19,11706367,16000175,4294410,11705765,0,0,0,0,0,0,0,0,0,0,0,0.00,0.00,0,0,0,0
avlhashtree,insert_only_build_5m,0,5000000,5000000,27032618548,5406,"0-10%=3.198µs(n=500000)|10-20%=4.275µs(n=500000)|20-30%=4.935µs(n=500000)|30-40%=5.173µs(n=500000)|40-50%=5.61µs(n=500000)|50-60%=5.714µs(n=500000)|60-70%=5.941µs(n=500000)|70-80%=6.168µs(n=500000)|80-90%=6.613µs(n=500000)|90-100%=6.433µs(n=500000)",1200.92,1450.52,27281755,40000265,12719110,27281155,0,0,0,0,0,0,0,0,0,0,0,0.00,0.00,0,0,0,0
avlhashtree,insert_only_build_10m,0,10000000,10000000,59476442910,5947,"0-10%=3.692µs(n=1000000)|10-20%=4.901µs(n=1000000)|20-30%=5.504µs(n=1000000)|30-40%=5.759µs(n=1000000)|40-50%=6.222µs(n=1000000)|50-60%=6.279µs(n=1000000)|60-70%=6.434µs(n=1000000)|70-80%=6.861µs(n=1000000)|80-90%=6.786µs(n=1000000)|90-100%=7.035µs(n=1000000)",2451.45,2901.17,56588374,80000414,23412648,56587766,0,0,0,0,0,0,0,0,0,0,0,0.00,0.00,0,0,0,0
avlhashtree,insert_only_build_25m,0,25000000,25000000,180373689844,7214,"0-10%=4.632µs(n=2500000)|10-20%=6.068µs(n=2500000)|20-30%=6.559µs(n=2500000)|30-40%=6.985µs(n=2500000)|40-50%=7.365µs(n=2500000)|50-60%=7.763µs(n=2500000)|60-70%=7.837µs(n=2500000)|70-80%=8.055µs(n=2500000)|80-90%=8.242µs(n=2500000)|90-100%=8.638µs(n=2500000)",5843.80,7254.23,129754832,200000995,70246776,129754219,0,0,0,0,0,0,0,0,0,0,0,0.00,0.00,0,0,0,0
avlhashtree,prehashed_ordered_insert_only_10k,0,10000,10000,19553123,1955,"0-10%=1.525µs(n=1000)|10-20%=1.71µs(n=1000)|20-30%=1.85µs(n=1000)|30-40%=1.834µs(n=1000)|40-50%=2.005µs(n=1000)|50-60%=2.622µs(n=1000)|60-70%=1.982µs(n=1000)|70-80%=1.913µs(n=1000)|80-90%=2.054µs(n=1000)|90-100%=2.052µs(n=1000)",1.97,2.91,63013,80048,27658,52390,0,0,0,0,0,0,0,0,0,0,0,0.00,0.00,0,0,0,0
avlhashtree,prehashed_ordered_insert_only_50k,0,50000,50000,111767207,2235,"0-10%=1.77µs(n=5000)|10-20%=2.151µs(n=5000)|20-30%=2.257µs(n=5000)|30-40%=2.181µs(n=5000)|40-50%=2.222µs(n=5000)|50-60%=2.406µs(n=5000)|60-70%=2.253µs(n=5000)|70-80%=2.28µs(n=5000)|80-90%=2.522µs(n=5000)|90-100%=2.307µs(n=5000)",11.81,14.53,265153,400050,135468,264582,0,0,0,0,0,0,0,0,0,0,0,0.00,0.00,0,0,0,0
avlhashtree,prehashed_ordered_insert_only_100k,0,100000,100000,231512483,2315,"0-10%=1.958µs(n=10000)|10-20%=2.092µs(n=10000)|20-30%=2.292µs(n=10000)|30-40%=2.281µs(n=10000)|40-50%=2.453µs(n=10000)|50-60%=2.333µs(n=10000)|60-70%=2.369µs(n=10000)|70-80%=2.437µs(n=10000)|80-90%=2.549µs(n=10000)|90-100%=2.383µs(n=10000)",17.67,29.03,536172,800079,364448,435631,0,0,0,0,0,0,0,0,0,0,0,0.00,0.00,0,0,0,0
avlhashtree,prehashed_ordered_insert_only_200k,0,200000,200000,480161023,2400,"0-10%=2.083µs(n=20000)|10-20%=2.251µs(n=20000)|20-30%=2.372µs(n=20000)|30-40%=2.32µs(n=20000)|40-50%=2.429µs(n=20000)|50-60%=2.395µs(n=20000)|60-70%=2.477µs(n=20000)|70-80%=2.536µs(n=20000)|80-90%=2.614µs(n=20000)|90-100%=2.525µs(n=20000)",35.66,58.02,1085548,1600089,715083,885006,0,0,0,0,0,0,0,0,0,0,0,0.00,0.00,0,0,0,0
avlhashtree,prehashed_ordered_insert_only_300k,0,300000,300000,749687169,2498,"0-10%=2.087µs(n=30000)|10-20%=2.306µs(n=30000)|20-30%=2.48µs(n=30000)|30-40%=2.42µs(n=30000)|40-50%=2.568µs(n=30000)|50-60%=2.577µs(n=30000)|60-70%=2.62µs(n=30000)|70-80%=2.615µs(n=30000)|80-90%=2.661µs(n=30000)|90-100%=2.65µs(n=30000)",53.48,87.02,1627410,2400086,1073220,1326866,0,0,0,0,0,0,0,0,0,0,0,0.00,0.00,0,0,0,0
avlhashtree,prehashed_ordered_insert_only_500k,0,500000,500000,1275547060,2551,"0-10%=2.236µs(n=50000)|10-20%=2.426µs(n=50000)|20-30%=2.398µs(n=50000)|30-40%=2.557µs(n=50000)|40-50%=2.487µs(n=50000)|50-60%=2.672µs(n=50000)|60-70%=2.726µs(n=50000)|70-80%=2.666µs(n=50000)|80-90%=2.671µs(n=50000)|90-100%=2.667µs(n=50000)",96.10,145.02,2997593,4000102,1503052,2497050,0,0,0,0,0,0,0,0,0,0,0,0.00,0.00,0,0,0,0
avlhashtree,prehashed_ordered_insert_only_700k,0,700000,700000,1822650018,2603,"0-10%=2.235µs(n=70000)|10-20%=2.475µs(n=70000)|20-30%=2.478µs(n=70000)|30-40%=2.56µs(n=70000)|40-50%=2.621µs(n=70000)|50-60%=2.697µs(n=70000)|60-70%=2.721µs(n=70000)|70-80%=2.714µs(n=70000)|80-90%=2.766µs(n=70000)|90-100%=2.766µs(n=70000)",134.34,203.03,4187849,5600100,2112796,3487304,0,0,0,0,0,0,0,0,0,0,0,0.00,0.00,0,0,0,0
avlhashtree,prehashed_ordered_insert_only_900k,0,900000,900000,2389207767,2654,"0-10%=2.295µs(n=90000)|10-20%=2.526µs(n=90000)|20-30%=2.511µs(n=90000)|30-40%=2.703µs(n=90000)|40-50%=2.651µs(n=90000)|50-60%=2.677µs(n=90000)|60-70%=2.846µs(n=90000)|70-80%=2.777µs(n=90000)|80-90%=2.78µs(n=90000)|90-100%=2.776µs(n=90000)",173.06,261.03,5398442,7200115,2702222,4497893,0,0,0,0,0,0,0,0,0,0,0,0.00,0.00,0,0,0,0
avlhashtree,prehashed_ordered_insert_only_1m,0,1000000,1000000,2692179133,2692,"0-10%=2.368µs(n=100000)|10-20%=2.576µs(n=100000)|20-30%=2.568µs(n=100000)|30-40%=2.721µs(n=100000)|40-50%=2.699µs(n=100000)|50-60%=2.881µs(n=100000)|60-70%=2.797µs(n=100000)|70-80%=2.77µs(n=100000)|80-90%=2.767µs(n=100000)|90-100%=2.769µs(n=100000)",193.39,290.04,6043236,8000120,2957437,5042683,0,0,0,0,0,0,0,0,0,0,0,0.00,0.00,0,0,0,0
avlhashtree,prehashed_ordered_insert_only_2m,0,2000000,2000000,5607780111,2803,"0-10%=2.48µs(n=200000)|10-20%=2.681µs(n=200000)|20-30%=2.635µs(n=200000)|30-40%=2.824µs(n=200000)|40-50%=2.789µs(n=200000)|50-60%=2.908µs(n=200000)|60-70%=2.957µs(n=200000)|70-80%=2.892µs(n=200000)|80-90%=2.923µs(n=200000)|90-100%=2.945µs(n=200000)",383.93,580.04,11968870,16000138,6031825,9968313,0,0,0,0,0,0,0,0,0,0,0,0.00,0.00,0,0,0,0
avlhashtree,prehashed_ordered_insert_only_5m,0,5000000,5000000,14658763082,2931,"0-10%=2.582µs(n=500000)|10-20%=2.809µs(n=500000)|20-30%=2.849µs(n=500000)|30-40%=2.912µs(n=500000)|40-50%=2.928µs(n=500000)|50-60%=3.014µs(n=500000)|60-70%=3.087µs(n=500000)|70-80%=2.994µs(n=500000)|80-90%=3.051µs(n=500000)|90-100%=3.085µs(n=500000)",955.78,1450.05,29757284,40000167,15243452,24756715,0,0,0,0,0,0,0,0,0,0,0,0.00,0.00,0,0,0,0
avlhashtree,prehashed_ordered_insert_only_10m,0,10000000,10000000,30361918848,3036,"0-10%=2.664µs(n=1000000)|10-20%=2.902µs(n=1000000)|20-30%=2.921µs(n=1000000)|30-40%=3.012µs(n=1000000)|40-50%=3.06µs(n=1000000)|50-60%=3.104µs(n=1000000)|60-70%=3.192µs(n=1000000)|70-80%=3.101µs(n=1000000)|80-90%=3.178µs(n=1000000)|90-100%=3.224µs(n=1000000)",1915.77,2900.01,59688361,80000218,30312421,49687797,0,0,0,0,0,0,0,0,0,0,0,0.00,0.00,0,0,0,0
avlhashtree,prehashed_ordered_insert_only_25m,0,25000000,25000000,81245231637,3249,"0-10%=2.827µs(n=2500000)|10-20%=3.061µs(n=2500000)|20-30%=3.065µs(n=2500000)|30-40%=3.253µs(n=2500000)|40-50%=3.222µs(n=2500000)|50-60%=3.232µs(n=2500000)|60-70%=3.37µs(n=2500000)|70-80%=3.488µs(n=2500000)|80-90%=3.492µs(n=2500000)|90-100%=3.484µs(n=2500000)",4761.13,7249.68,148076191,200000346,76924722,123075624,0,0,0,0,0,0,0,0,0,0,0,0.00,0.00,0,0,0,0
avlhashtree,proof_only_after_10k_build_sample_5pct,10000,10000,0,0,0,"",0.00,0.00,0,0,0,0,268956,537,1579,4438,0,0,0,0,0,0,0,0.00,0.00,0,0,0,0
avlhashtree,proof_only_after_50k_build_sample_5pct,50000,50000,0,0,0,"",0.00,0.00,0,0,0,0,1268875,507,1855,4144,0,0,0,0,0,0,0,0.00,0.00,0,0,0,0
avlhashtree,proof_only_after_100k_build_sample_5pct,100000,100000,0,0,0,"",0.00,0.00,0,0,0,0,2962051,592,1979,4388,0,0,0,0,0,0,0,0.00,0.00,0,0,0,0
avlhashtree,proof_only_after_200k_build_sample_5pct,200000,200000,0,0,0,"",0.00,0.00,0,0,0,0,7585666,758,2098,4638,0,0,0,0,0,0,0,0.00,0.00,0,0,0,0
avlhashtree,proof_only_after_300k_build_sample_5pct,300000,300000,0,0,0,"",0.00,0.00,0,0,0,0,15285217,1019,2166,4948,0,0,0,0,0,0,0,0.00,0.00,0,0,0,0
avlhashtree,proof_only_after_500k_build_sample_5pct,500000,500000,0,0,0,"",0.00,0.00,0,0,0,0,32958520,1318,2257,5502,0,0,0,0,0,0,0,0.00,0.00,0,0,0,0
avlhashtree,proof_only_after_700k_build_sample_5pct,700000,700000,0,0,0,"",0.00,0.00,0,0,0,0,52044565,1486,2317,5424,0,0,0,0,0,0,0,0.00,0.00,0,0,0,0
avlhashtree,proof_only_after_900k_build_sample_5pct,900000,900000,0,0,0,"",0.00,0.00,0,0,0,0,68871590,1530,2361,5368,0,0,0,0,0,0,0,0.00,0.00,0,0,0,0
avlhashtree,proof_only_after_1m_build_sample_5pct,1000000,1000000,0,0,0,"",0.00,0.00,0,0,0,0,79185580,1583,2380,5507,0,0,0,0,0,0,0,0.00,0.00,0,0,0,0
avlhashtree,proof_only_after_2m_build_sample_3pct,2000000,2000000,0,0,0,"",0.00,0.00,0,0,0,0,111858003,1864,2499,6153,0,0,0,0,0,0,0,0.00,0.00,0,0,0,0
avlhashtree,proof_only_after_5m_build_sample_3pct,5000000,5000000,0,0,0,"",0.00,0.00,0,0,0,0,336168496,2241,2663,6528,0,0,0,0,0,0,0,0.00,0.00,0,0,0,0
avlhashtree,proof_only_after_10m_build_sample_2pct,10000000,10000000,0,0,0,"",0.00,0.00,0,0,0,0,490812066,2454,2780,6410,0,0,0,0,0,0,0,0.00,0.00,0,0,0,0
avlhashtree,proof_only_after_25m_build_sample_2pct,25000000,25000000,0,0,0,"",0.00,0.00,0,0,0,0,1755722244,3511,2944,8953,0,0,0,0,0,0,0,0.00,0.00,0,0,0,0
avlhashtree,build_10k_then_add_2k_new,10000,12000,2000,4363622,2181,"0-10%=2.281µs(n=200)|10-20%=2.072µs(n=200)|20-30%=2.387µs(n=200)|30-40%=2.371µs(n=200)|40-50%=2.13µs(n=200)|50-60%=2.152µs(n=200)|60-70%=2.15µs(n=200)|70-80%=2.06µs(n=200)|80-90%=2.067µs(n=200)|90-100%=2.14µs(n=200)",0.59,0.59,65727,16041,1001,15040,0,0,0,0,0,0,0,0,0,0,0,0.00,0.00,0,0,0,0
avlhashtree,build_50k_then_add_10k_new,50000,60000,10000,26218049,2621,"0-10%=2.669µs(n=1000)|10-20%=2.725µs(n=1000)|20-30%=2.509µs(n=1000)|30-40%=2.558µs(n=1000)|40-50%=2.643µs(n=1000)|50-60%=2.501µs(n=1000)|60-70%=2.701µs(n=1000)|70-80%=2.623µs(n=1000)|80-90%=2.581µs(n=1000)|90-100%=2.702µs(n=1000)",2.91,2.91,325732,80039,5001,75038,0,0,0,0,0,0,0,0,0,0,0,0.00,0.00,0,0,0,0
avlhashtree,build_100k_then_add_20k_new,100000,120000,20000,59577357,2978,"0-10%=3.162µs(n=2000)|10-20%=3.046µs(n=2000)|20-30%=2.963µs(n=2000)|30-40%=3.032µs(n=2000)|40-50%=2.939µs(n=2000)|50-60%=2.907µs(n=2000)|60-70%=2.939µs(n=2000)|70-80%=2.918µs(n=2000)|80-90%=2.921µs(n=2000)|90-100%=2.956µs(n=2000)",5.81,5.81,650740,160041,10001,150040,0,0,0,0,0,0,0,0,0,0,0,0.00,0.00,0,0,0,0
avlhashtree,build_200k_then_add_40k_new,200000,240000,40000,126613272,3165,"0-10%=3.351µs(n=4000)|10-20%=3.159µs(n=4000)|20-30%=3.107µs(n=4000)|30-40%=3.123µs(n=4000)|40-50%=3.18µs(n=4000)|50-60%=3.134µs(n=4000)|60-70%=3.142µs(n=4000)|70-80%=3.148µs(n=4000)|80-90%=3.154µs(n=4000)|90-100%=3.151µs(n=4000)",11.63,11.63,1300746,320046,20001,300045,0,0,0,0,0,0,0,0,0,0,0,0.00,0.00,0,0,0,0
avlhashtree,build_300k_then_add_60k_new,300000,360000,60000,228394976,3806,"0-10%=4.002µs(n=6000)|10-20%=3.73µs(n=6000)|20-30%=3.679µs(n=6000)|30-40%=3.554µs(n=6000)|40-50%=4.417µs(n=6000)|50-60%=4.034µs(n=6000)|60-70%=3.687µs(n=6000)|70-80%=3.677µs(n=6000)|80-90%=3.662µs(n=6000)|90-100%=3.618µs(n=6000)",17.42,17.42,1950749,480048,30001,450047,0,0,0,0,0,0,0,0,0,0,0,0.00,0.00,0,0,0,0
avlhashtree,build_500k_then_add_100k_new,500000,600000,100000,426418464,4264,"0-10%=4.846µs(n=10000)|10-20%=4.385µs(n=10000)|20-30%=4.319µs(n=10000)|30-40%=4.183µs(n=10000)|40-50%=4.146µs(n=10000)|50-60%=4.141µs(n=10000)|60-70%=4.119µs(n=10000)|70-80%=4.152µs(n=10000)|80-90%=4.17µs(n=10000)|90-100%=4.174µs(n=10000)",29.03,29.03,3250760,800051,50001,750050,0,0,0,0,0,0,0,0,0,0,0,0.00,0.00,0,0,0,0
avlhashtree,build_700k_then_add_140k_new,700000,840000,140000,650029206,4643,"0-10%=5.159µs(n=14000)|10-20%=4.729µs(n=14000)|20-30%=4.593µs(n=14000)|30-40%=4.563µs(n=14000)|40-50%=4.689µs(n=14000)|50-60%=4.65µs(n=14000)|60-70%=4.544µs(n=14000)|70-80%=4.507µs(n=14000)|80-90%=4.477µs(n=14000)|90-100%=4.514µs(n=14000)",40.63,40.63,4550765,1120055,70001,1050054,0,0,0,0,0,0,0,0,0,0,0,0.00,0.00,0,0,0,0
avlhashtree,build_900k_then_add_180k_new,900000,1080000,180000,898702976,4992,"0-10%=5.603µs(n=18000)|10-20%=5.063µs(n=18000)|20-30%=5.022µs(n=18000)|30-40%=5.258µs(n=18000)|40-50%=4.802µs(n=18000)|50-60%=4.785µs(n=18000)|60-70%=4.805µs(n=18000)|70-80%=4.869µs(n=18000)|80-90%=4.855µs(n=18000)|90-100%=4.86µs(n=18000)",52.23,52.23,5850773,1440056,90001,1350055,0,0,0,0,0,0,0,0,0,0,0,0.00,0.00,0,0,0,0
avlhashtree,build_1m_then_add_200k_new,1000000,1200000,200000,1058102439,5290,"0-10%=5.849µs(n=20000)|10-20%=5.586µs(n=20000)|20-30%=5.486µs(n=20000)|30-40%=5.236µs(n=20000)|40-50%=4.948µs(n=20000)|50-60%=4.813µs(n=20000)|60-70%=4.97µs(n=20000)|70-80%=4.819µs(n=20000)|80-90%=6.355µs(n=20000)|90-100%=4.838µs(n=20000)",58.03,58.03,6500780,1600056,100001,1500055,0,0,0,0,0,0,0,0,0,0,0,0.00,0.00,0,0,0,0
avlhashtree,build_2m_then_add_400k_new,2000000,2400000,400000,2289309932,5723,"0-10%=6.097µs(n=40000)|10-20%=5.729µs(n=40000)|20-30%=5.601µs(n=40000)|30-40%=5.61µs(n=40000)|40-50%=5.742µs(n=40000)|50-60%=5.695µs(n=40000)|60-70%=5.672µs(n=40000)|70-80%=5.669µs(n=40000)|80-90%=5.654µs(n=40000)|90-100%=5.758µs(n=40000)",116.06,116.06,13000795,3200063,200001,3000062,0,0,0,0,0,0,0,0,0,0,0,0.00,0.00,0,0,0,0
avlhashtree,build_5m_then_add_1m_new,5000000,6000000,1000000,6713709715,6713,"0-10%=7.044µs(n=100000)|10-20%=6.682µs(n=100000)|20-30%=6.703µs(n=100000)|30-40%=6.595µs(n=100000)|40-50%=6.563µs(n=100000)|50-60%=6.522µs(n=100000)|60-70%=6.605µs(n=100000)|70-80%=6.739µs(n=100000)|80-90%=6.82µs(n=100000)|90-100%=6.859µs(n=100000)",290.17,290.17,32500814,8000082,500000,7500082,0,0,0,0,0,0,0,0,0,0,0,0.00,0.00,0,0,0,0
avlhashtree,build_10m_then_add_2m_new,10000000,12000000,2000000,14636540928,7318,"0-10%=7.776µs(n=200000)|10-20%=7.304µs(n=200000)|20-30%=7.331µs(n=200000)|30-40%=7.361µs(n=200000)|40-50%=7.245µs(n=200000)|50-60%=7.115µs(n=200000)|60-70%=7.175µs(n=200000)|70-80%=7.224µs(n=200000)|80-90%=7.37µs(n=200000)|90-100%=7.277µs(n=200000)",580.35,580.35,65000863,16000122,1000001,15000121,0,0,0,0,0,0,0,0,0,0,0,0.00,0.00,0,0,0,0
avlhashtree,build_25m_then_add_5m_new,25000000,30000000,5000000,42596730362,8519,"0-10%=8.765µs(n=500000)|10-20%=8.474µs(n=500000)|20-30%=8.303µs(n=500000)|30-40%=8.299µs(n=500000)|40-50%=8.371µs(n=500000)|50-60%=8.37µs(n=500000)|60-70%=8.608µs(n=500000)|70-80%=8.641µs(n=500000)|80-90%=8.649µs(n=500000)|90-100%=8.709µs(n=500000)",1451.14,1451.14,162501009,40000254,2500001,37500253,0,0,0,0,0,0,0,0,0,0,0,0.00,0.00,0,0,0,0
avlhashtree,build_10k_then_reinsert_2k_existing,10000,10000,2000,3281158,1640,"0-10%=1.448µs(n=200)|10-20%=1.678µs(n=200)|20-30%=1.591µs(n=200)|30-40%=1.626µs(n=200)|40-50%=1.613µs(n=200)|50-60%=1.612µs(n=200)|60-70%=1.727µs(n=200)|70-80%=1.729µs(n=200)|80-90%=1.65µs(n=200)|90-100%=1.722µs(n=200)",0.29,0.29,61790,12041,1001,11040,0,0,0,0,0,0,0,0,0,0,0,0.00,0.00,0,0,0,0
avlhashtree,build_50k_then_reinsert_10k_existing,50000,50000,10000,20262664,2026,"0-10%=1.793µs(n=1000)|10-20%=2.067µs(n=1000)|20-30%=1.928µs(n=1000)|30-40%=1.961µs(n=1000)|40-50%=2.116µs(n=1000)|50-60%=2.023µs(n=1000)|60-70%=2.028µs(n=1000)|70-80%=2.231µs(n=1000)|80-90%=2.064µs(n=1000)|90-100%=2.044µs(n=1000)",1.39,1.39,305793,60039,5001,55038,0,0,0,0,0,0,0,0,0,0,0,0.00,0.00,0,0,0,0
avlhashtree,build_100k_then_reinsert_20k_existing,100000,100000,20000,42788679,2139,"0-10%=1.972µs(n=2000)|10-20%=2.023µs(n=2000)|20-30%=2.074µs(n=2000)|30-40%=2.11µs(n=2000)|40-50%=2.17µs(n=2000)|50-60%=2.152µs(n=2000)|60-70%=2.181µs(n=2000)|70-80%=2.221µs(n=2000)|80-90%=2.236µs(n=2000)|90-100%=2.25µs(n=2000)",2.76,2.76,610803,120031,10001,110030,0,0,0,0,0,0,0,0,0,0,0,0.00,0.00,0,0,0,0
avlhashtree,build_200k_then_reinsert_40k_existing,200000,200000,40000,98217130,2455,"0-10%=2.138µs(n=4000)|10-20%=2.33µs(n=4000)|20-30%=2.369µs(n=4000)|30-40%=2.459µs(n=4000)|40-50%=2.526µs(n=4000)|50-60%=2.54µs(n=4000)|60-70%=2.555µs(n=4000)|70-80%=2.514µs(n=4000)|80-90%=2.545µs(n=4000)|90-100%=2.574µs(n=4000)",5.51,5.51,1220805,240041,20001,220040,0,0,0,0,0,0,0,0,0,0,0,0.00,0.00,0,0,0,0
avlhashtree,build_300k_then_reinsert_60k_existing,300000,300000,60000,174382744,2906,"0-10%=2.458µs(n=6000)|10-20%=2.627µs(n=6000)|20-30%=2.753µs(n=6000)|30-40%=2.84µs(n=6000)|40-50%=3.622µs(n=6000)|50-60%=2.908µs(n=6000)|60-70%=2.92µs(n=6000)|70-80%=2.953µs(n=6000)|80-90%=2.984µs(n=6000)|90-100%=2.995µs(n=6000)",8.27,8.27,1830820,360048,30001,330047,0,0,0,0,0,0,0,0,0,0,0,0.00,0.00,0,0,0,0
avlhashtree,build_500k_then_reinsert_100k_existing,500000,500000,100000,327155981,3271,"0-10%=2.994µs(n=10000)|10-20%=3.156µs(n=10000)|20-30%=3.156µs(n=10000)|30-40%=3.258µs(n=10000)|40-50%=3.287µs(n=10000)|50-60%=3.332µs(n=10000)|60-70%=3.339µs(n=10000)|70-80%=3.36µs(n=10000)|80-90%=3.405µs(n=10000)|90-100%=3.424µs(n=10000)",13.76,13.76,3050827,600052,50001,550051,0,0,0,0,0,0,0,0,0,0,0,0.00,0.00,0,0,0,0
avlhashtree,build_700k_then_reinsert_140k_existing,700000,700000,140000,470981195,3364,"0-10%=3.021µs(n=14000)|10-20%=3.145µs(n=14000)|20-30%=3.326µs(n=14000)|30-40%=3.381µs(n=14000)|40-50%=3.438µs(n=14000)|50-60%=3.484µs(n=14000)|60-70%=3.411µs(n=14000)|70-80%=3.451µs(n=14000)|80-90%=3.482µs(n=14000)|90-100%=3.498µs(n=14000)",19.26,19.26,4270830,840050,70001,770049,0,0,0,0,0,0,0,0,0,0,0,0.00,0.00,0,0,0,0
avlhashtree,build_900k_then_reinsert_180k_existing,900000,900000,180000,657428673,3652,"0-10%=3.388µs(n=18000)|10-20%=3.502µs(n=18000)|20-30%=3.533µs(n=18000)|30-40%=3.587µs(n=18000)|40-50%=3.584µs(n=18000)|50-60%=3.669µs(n=18000)|60-70%=3.749µs(n=18000)|70-80%=3.778µs(n=18000)|80-90%=3.831µs(n=18000)|90-100%=3.898µs(n=18000)",24.76,24.76,5490845,1080055,90001,990054,0,0,0,0,0,0,0,0,0,0,0,0.00,0.00,0,0,0,0
avlhashtree,build_1m_then_reinsert_200k_existing,1000000,1000000,200000,734121412,3670,"0-10%=3.356µs(n=20000)|10-20%=3.446µs(n=20000)|20-30%=3.543µs(n=20000)|30-40%=3.697µs(n=20000)|40-50%=3.745µs(n=20000)|50-60%=3.774µs(n=20000)|60-70%=3.754µs(n=20000)|70-80%=3.735µs(n=20000)|80-90%=3.807µs(n=20000)|90-100%=3.842µs(n=20000)",27.51,27.51,6100854,1200055,100001,1100054,0,0,0,0,0,0,0,0,0,0,0,0.00,0.00,0,0,0,0
avlhashtree,build_2m_then_reinsert_400k_existing,2000000,2000000,400000,1725522074,4313,"0-10%=3.76µs(n=40000)|10-20%=3.936µs(n=40000)|20-30%=4.041µs(n=40000)|30-40%=4.259µs(n=40000)|40-50%=4.494µs(n=40000)|50-60%=4.56µs(n=40000)|60-70%=4.544µs(n=40000)|70-80%=4.431µs(n=40000)|80-90%=4.475µs(n=40000)|90-100%=4.633µs(n=40000)",55.01,55.01,12200857,2400059,200001,2200058,0,0,0,0,0,0,0,0,0,0,0,0.00,0.00,0,0,0,0
avlhashtree,build_5m_then_reinsert_1m_existing,5000000,5000000,1000000,5198156094,5198,"0-10%=4.236µs(n=100000)|10-20%=4.74µs(n=100000)|20-30%=4.986µs(n=100000)|30-40%=5.219µs(n=100000)|40-50%=5.194µs(n=100000)|50-60%=5.455µs(n=100000)|60-70%=5.298µs(n=100000)|70-80%=5.535µs(n=100000)|80-90%=5.616µs(n=100000)|90-100%=5.696µs(n=100000)",137.52,137.52,30500889,6000078,500001,5500077,0,0,0,0,0,0,0,0,0,0,0,0.00,0.00,0,0,0,0
avlhashtree,build_10m_then_reinsert_2m_existing,10000000,10000000,2000000,11703227996,5851,"0-10%=4.774µs(n=200000)|10-20%=5.372µs(n=200000)|20-30%=5.691µs(n=200000)|30-40%=5.888µs(n=200000)|40-50%=6.008µs(n=200000)|50-60%=6.067µs(n=200000)|60-70%=6.03µs(n=200000)|70-80%=6.076µs(n=200000)|80-90%=6.286µs(n=200000)|90-100%=6.32µs(n=200000)",275.06,275.06,61000927,12000108,1000001,11000107,0,0,0,0,0,0,0,0,0,0,0,0.00,0.00,0,0,0,0
avlhashtree,build_25m_then_reinsert_5m_existing,25000000,25000000,5000000,35324680208,7064,"0-10%=5.739µs(n=500000)|10-20%=6.638µs(n=500000)|20-30%=6.837µs(n=500000)|30-40%=7.022µs(n=500000)|40-50%=7.144µs(n=500000)|50-60%=7.261µs(n=500000)|60-70%=7.376µs(n=500000)|70-80%=7.47µs(n=500000)|80-90%=7.548µs(n=500000)|90-100%=7.61µs(n=500000)",687.84,687.84,152501035,30000209,2500000,27500209,0,0,0,0,0,0,0,0,0,0,0,0.00,0.00,0,0,0,0
