TreeType,Scenario,PrebuildElements,FinalElements,InsertElements,InsertTime(ns),AvgPerBlock(ns),InsertTimeBuckets,MemAllocMB,TotalAllocMB,HeapObjects,InclusionProofTotal(ns),InclusionProofGen(ns),InclusionProofGenBuckets,InclusionProofSize(bytes),InclusionProofVerify(ns),ExclusionProofTotal(ns),ExclusionProofGen(ns),ExclusionProofGenBuckets,ExclusionProofSize(bytes),ExclusionProofVerify(ns),DeleteElements,DeleteTime(ns),AvgDeletePerBlock(ns),DeleteMemAllocMB,DeleteTotalAllocMB,DeleteHeapObjects
avlhashtree,build_10k,0,10000,10000,23871756,2387,"0-10%=1.816µs(n=1000)|10-20%=2.098µs(n=1000)|20-30%=2.196µs(n=1000)|30-40%=2.273µs(n=1000)|40-50%=2.35µs(n=1000)|50-60%=2.382µs(n=1000)|60-70%=3.231µs(n=1000)|70-80%=2.496µs(n=1000)|80-90%=2.478µs(n=1000)|90-100%=2.546µs(n=1000)",2.58,3.23,61485,54933,549,"0-10%=587ns(n=10)|10-20%=466ns(n=10)|20-30%=480ns(n=10)|30-40%=739ns(n=10)|40-50%=525ns(n=10)|50-60%=409ns(n=10)|60-70%=629ns(n=10)|70-80%=425ns(n=10)|80-90%=795ns(n=10)|90-100%=432ns(n=10)",1564,3422,0,0,"",0,0,0,0,0,0.00,0.00,0
avlhashtree,build_50k,0,50000,50000,130016530,2600,"0-10%=2.199µs(n=5000)|10-20%=2.564µs(n=5000)|20-30%=2.605µs(n=5000)|30-40%=2.796µs(n=5000)|40-50%=2.703µs(n=5000)|50-60%=2.683µs(n=5000)|60-70%=2.893µs(n=5000)|70-80%=2.462µs(n=5000)|80-90%=2.531µs(n=5000)|90-100%=2.562µs(n=5000)",13.11,16.09,313206,604910,1209,"0-10%=446ns(n=50)|10-20%=523ns(n=50)|20-30%=585ns(n=50)|30-40%=492ns(n=50)|40-50%=588ns(n=50)|50-60%=474ns(n=50)|60-70%=501ns(n=50)|70-80%=674ns(n=50)|80-90%=6.911µs(n=50)|90-100%=898ns(n=50)",1850,5395,0,0,"",0,0,0,0,0,0.00,0.00,0
avlhashtree,build_100k,0,100000,100000,257488622,2574,"0-10%=2.094µs(n=10000)|10-20%=2.427µs(n=10000)|20-30%=2.496µs(n=10000)|30-40%=2.589µs(n=10000)|40-50%=2.556µs(n=10000)|50-60%=2.689µs(n=10000)|60-70%=2.592µs(n=10000)|70-80%=2.666µs(n=10000)|80-90%=2.71µs(n=10000)|90-100%=2.925µs(n=10000)",23.18,32.09,512476,747116,747,"0-10%=471ns(n=100)|10-20%=683ns(n=100)|20-30%=635ns(n=100)|30-40%=785ns(n=100)|40-50%=696ns(n=100)|50-60%=774ns(n=100)|60-70%=738ns(n=100)|70-80%=900ns(n=100)|80-90%=833ns(n=100)|90-100%=950ns(n=100)",1978,4531,0,0,"",0,0,0,0,0,0.00,0.00,0
avlhashtree,build_200k,0,200000,200000,560809396,2804,"0-10%=2.247µs(n=20000)|10-20%=2.494µs(n=20000)|20-30%=2.631µs(n=20000)|30-40%=2.962µs(n=20000)|40-50%=2.856µs(n=20000)|50-60%=2.882µs(n=20000)|60-70%=2.882µs(n=20000)|70-80%=2.957µs(n=20000)|80-90%=3.101µs(n=20000)|90-100%=3.024µs(n=20000)",47.69,64.14,1075534,1599215,799,"0-10%=604ns(n=200)|10-20%=721ns(n=200)|20-30%=718ns(n=200)|30-40%=743ns(n=200)|40-50%=866ns(n=200)|50-60%=745ns(n=200)|60-70%=819ns(n=200)|70-80%=850ns(n=200)|80-90%=864ns(n=200)|90-100%=1.062µs(n=200)",2097,4846,0,0,"",0,0,0,0,0,0.00,0.00,0
avlhashtree,build_300k,0,300000,300000,889438469,2964,"0-10%=2.314µs(n=30000)|10-20%=2.617µs(n=30000)|20-30%=2.66µs(n=30000)|30-40%=2.891µs(n=30000)|40-50%=3.009µs(n=30000)|50-60%=3.154µs(n=30000)|60-70%=2.997µs(n=30000)|70-80%=3.182µs(n=30000)|80-90%=3.48µs(n=30000)|90-100%=3.341µs(n=30000)",79.79,96.20,1926951,3275471,1091,"0-10%=971ns(n=300)|10-20%=1.703µs(n=300)|20-30%=791ns(n=300)|30-40%=844ns(n=300)|40-50%=955ns(n=300)|50-60%=1.092µs(n=300)|60-70%=1.164µs(n=300)|70-80%=1.19µs(n=300)|80-90%=1.155µs(n=300)|90-100%=1.047µs(n=300)",2173,5726,0,0,"",0,0,0,0,0,0.00,0.00,0
avlhashtree,build_500k,0,500000,500000,1623682299,3247,"0-10%=2.394µs(n=50000)|10-20%=2.735µs(n=50000)|20-30%=2.944µs(n=50000)|30-40%=3.113µs(n=50000)|40-50%=3.218µs(n=50000)|50-60%=3.441µs(n=50000)|60-70%=3.403µs(n=50000)|70-80%=3.511µs(n=50000)|80-90%=3.642µs(n=50000)|90-100%=4.069µs(n=50000)",115.92,160.31,2559629,5722629,1144,"0-10%=809ns(n=500)|10-20%=964ns(n=500)|20-30%=1.118µs(n=500)|30-40%=1.135µs(n=500)|40-50%=1.119µs(n=500)|50-60%=1.171µs(n=500)|60-70%=1.228µs(n=500)|70-80%=1.186µs(n=500)|80-90%=1.269µs(n=500)|90-100%=1.441µs(n=500)",2257,5315,0,0,"",0,0,0,0,0,0.00,0.00,0
avlhashtree,build_700k,0,700000,700000,2445642105,3493,"0-10%=2.534µs(n=70000)|10-20%=2.91µs(n=70000)|20-30%=3.097µs(n=70000)|30-40%=3.183µs(n=70000)|40-50%=3.422µs(n=70000)|50-60%=3.521µs(n=70000)|60-70%=3.764µs(n=70000)|70-80%=4.246µs(n=70000)|80-90%=4.121µs(n=70000)|90-100%=4.135µs(n=70000)",177.76,224.43,4173358,9674844,1382,"0-10%=865ns(n=700)|10-20%=1.097µs(n=700)|20-30%=1.091µs(n=700)|30-40%=1.208µs(n=700)|40-50%=1.28µs(n=700)|50-60%=1.212µs(n=700)|60-70%=1.329µs(n=700)|70-80%=1.382µs(n=700)|80-90%=1.763µs(n=700)|90-100%=2.591µs(n=700)",2320,5818,0,0,"",0,0,0,0,0,0.00,0.00,0
avlhashtree,build_900k,0,900000,900000,3407979766,3786,"0-10%=2.612µs(n=90000)|10-20%=2.983µs(n=90000)|20-30%=3.105µs(n=90000)|30-40%=3.504µs(n=90000)|40-50%=3.551µs(n=90000)|50-60%=4.496µs(n=90000)|60-70%=4.446µs(n=90000)|70-80%=4.188µs(n=90000)|80-90%=4.286µs(n=90000)|90-100%=4.69µs(n=90000)",213.12,288.54,4778983,11917593,1324,"0-10%=950ns(n=900)|10-20%=1.156µs(n=900)|20-30%=1.207µs(n=900)|30-40%=1.286µs(n=900)|40-50%=1.303µs(n=900)|50-60%=1.403µs(n=900)|60-70%=1.422µs(n=900)|70-80%=1.47µs(n=900)|80-90%=1.454µs(n=900)|90-100%=1.586µs(n=900)",2363,5350,0,0,"",0,0,0,0,0,0.00,0.00,0
avlhashtree,build_1m,0,1000000,1000000,3812923622,3812,"0-10%=2.582µs(n=100000)|10-20%=3.026µs(n=100000)|20-30%=3.195µs(n=100000)|30-40%=3.421µs(n=100000)|40-50%=3.759µs(n=100000)|50-60%=4.546µs(n=100000)|60-70%=4.406µs(n=100000)|70-80%=4.152µs(n=100000)|80-90%=4.508µs(n=100000)|90-100%=4.529µs(n=100000)",241.06,320.60,5471394,13737928,1373,"0-10%=943ns(n=1000)|10-20%=1.144µs(n=1000)|20-30%=1.242µs(n=1000)|30-40%=1.336µs(n=1000)|40-50%=1.344µs(n=1000)|50-60%=1.442µs(n=1000)|60-70%=1.502µs(n=1000)|70-80%=1.49µs(n=1000)|80-90%=1.626µs(n=1000)|90-100%=1.662µs(n=1000)",2382,5231,0,0,"",0,0,0,0,0,0.00,0.00,0
avlhashtree,build_2m,0,2000000,2000000,8764871204,4382,"0-10%=2.852µs(n=200000)|10-20%=3.439µs(n=200000)|20-30%=4.431µs(n=200000)|30-40%=4.118µs(n=200000)|40-50%=4.566µs(n=200000)|50-60%=4.499µs(n=200000)|60-70%=4.681µs(n=200000)|70-80%=5.11µs(n=200000)|80-90%=5.037µs(n=200000)|90-100%=5.086µs(n=200000)",506.91,641.18,11889187,48372677,2418,"0-10%=1.687µs(n=2000)|10-20%=1.894µs(n=2000)|20-30%=2.094µs(n=2000)|30-40%=2.141µs(n=2000)|40-50%=2.438µs(n=2000)|50-60%=2.332µs(n=2000)|60-70%=2.654µs(n=2000)|70-80%=2.589µs(n=2000)|80-90%=2.701µs(n=2000)|90-100%=3.65µs(n=2000)",2495,8583,0,0,"",0,0,0,0,0,0.00,0.00,0
avlhashtree,build_5m,0,5000000,5000000,26905748437,5381,"0-10%=3.395µs(n=500000)|10-20%=4.27µs(n=500000)|20-30%=5.054µs(n=500000)|30-40%=5.256µs(n=500000)|40-50%=5.345µs(n=500000)|50-60%=5.728µs(n=500000)|60-70%=6.091µs(n=500000)|70-80%=6.141µs(n=500000)|80-90%=6.198µs(n=500000)|90-100%=6.329µs(n=500000)",1328.04,1603.10,31985189,144864430,2897,"0-10%=2.064µs(n=5000)|10-20%=3.835µs(n=5000)|20-30%=2.361µs(n=5000)|30-40%=2.543µs(n=5000)|40-50%=3.015µs(n=5000)|50-60%=2.984µs(n=5000)|60-70%=3µs(n=5000)|70-80%=2.905µs(n=5000)|80-90%=3.095µs(n=5000)|90-100%=3.165µs(n=5000)",2655,8905,0,0,"",0,0,0,0,0,0.00,0.00,0
avlhashtree,build_10m,0,10000000,10000000,60704877910,6070,"0-10%=3.746µs(n=1000000)|10-20%=5.012µs(n=1000000)|20-30%=5.532µs(n=1000000)|30-40%=5.839µs(n=1000000)|40-50%=6.143µs(n=1000000)|50-60%=6.629µs(n=1000000)|60-70%=6.672µs(n=1000000)|70-80%=6.82µs(n=1000000)|80-90%=7.187µs(n=1000000)|90-100%=7.12µs(n=1000000)",2425.93,3206.38,55157577,308478975,3084,"0-10%=2.39µs(n=10000)|10-20%=2.792µs(n=10000)|20-30%=2.93µs(n=10000)|30-40%=3.028µs(n=10000)|40-50%=3.091µs(n=10000)|50-60%=3.276µs(n=10000)|60-70%=3.227µs(n=10000)|70-80%=3.239µs(n=10000)|80-90%=3.377µs(n=10000)|90-100%=3.493µs(n=10000)",2776,8648,0,0,"",0,0,0,0,0,0.00,0.00,0
avlhashtree,build_25m,0,25000000,25000000,180619350560,7224,"0-10%=4.673µs(n=2500000)|10-20%=6.075µs(n=2500000)|20-30%=6.562µs(n=2500000)|30-40%=7.095µs(n=2500000)|40-50%=7.378µs(n=2500000)|50-60%=7.778µs(n=2500000)|60-70%=7.87µs(n=2500000)|70-80%=8.011µs(n=2500000)|80-90%=8.162µs(n=2500000)|90-100%=8.638µs(n=2500000)",5751.00,8017.13,125860396,889313220,3557,"0-10%=2.389µs(n=25000)|10-20%=3.077µs(n=25000)|20-30%=3.537µs(n=25000)|30-40%=3.641µs(n=25000)|40-50%=3.547µs(n=25000)|50-60%=3.642µs(n=25000)|60-70%=3.813µs(n=25000)|70-80%=3.815µs(n=25000)|80-90%=4.012µs(n=25000)|90-100%=4.095µs(n=25000)",2936,8624,0,0,"",0,0,0,0,0,0.00,0.00,0
avlhashtree,prehashed_ordered_build_10k,0,10000,10000,19060989,1906,"0-10%=1.487µs(n=1000)|10-20%=1.643µs(n=1000)|20-30%=1.793µs(n=1000)|30-40%=1.752µs(n=1000)|40-50%=1.862µs(n=1000)|50-60%=1.942µs(n=1000)|60-70%=2.703µs(n=1000)|70-80%=1.858µs(n=1000)|80-90%=1.984µs(n=1000)|90-100%=2.031µs(n=1000)",2.21,2.61,60389,34436,344,"0-10%=514ns(n=10)|10-20%=306ns(n=10)|20-30%=308ns(n=10)|30-40%=301ns(n=10)|40-50%=342ns(n=10)|50-60%=339ns(n=10)|60-70%=296ns(n=10)|70-80%=300ns(n=10)|80-90%=443ns(n=10)|90-100%=290ns(n=10)",1565,2808,0,0,"",0,0,0,0,0,0.00,0.00,0
avlhashtree,prehashed_ordered_build_50k,0,50000,50000,107738724,2154,"0-10%=1.887µs(n=5000)|10-20%=1.951µs(n=5000)|20-30%=2.062µs(n=5000)|30-40%=2.308µs(n=5000)|40-50%=2.123µs(n=5000)|50-60%=2.121µs(n=5000)|60-70%=2.179µs(n=5000)|70-80%=2.23µs(n=5000)|80-90%=2.475µs(n=5000)|90-100%=2.206µs(n=5000)",10.35,13.01,268609,182762,365,"0-10%=351ns(n=50)|10-20%=380ns(n=50)|20-30%=395ns(n=50)|30-40%=364ns(n=50)|40-50%=388ns(n=50)|50-60%=349ns(n=50)|60-70%=344ns(n=50)|70-80%=359ns(n=50)|80-90%=333ns(n=50)|90-100%=387ns(n=50)",1833,3797,0,0,"",0,0,0,0,0,0.00,0.00,0
avlhashtree,prehashed_ordered_build_100k,0,100000,100000,223377427,2233,"0-10%=1.899µs(n=10000)|10-20%=2.033µs(n=10000)|20-30%=2.102µs(n=10000)|30-40%=2.331µs(n=10000)|40-50%=2.209µs(n=10000)|50-60%=2.21µs(n=10000)|60-70%=2.316µs(n=10000)|70-80%=2.551µs(n=10000)|80-90%=2.348µs(n=10000)|90-100%=2.332µs(n=10000)",21.13,25.98,554274,495646,495,"0-10%=446ns(n=100)|10-20%=478ns(n=100)|20-30%=622ns(n=100)|30-40%=513ns(n=100)|40-50%=510ns(n=100)|50-60%=501ns(n=100)|60-70%=428ns(n=100)|70-80%=442ns(n=100)|80-90%=572ns(n=100)|90-100%=439ns(n=100)",1956,3998,0,0,"",0,0,0,0,0,0.00,0.00,0
avlhashtree,prehashed_ordered_build_200k,0,200000,200000,474685791,2373,"0-10%=1.946µs(n=20000)|10-20%=2.252µs(n=20000)|20-30%=2.236µs(n=20000)|30-40%=2.322µs(n=20000)|40-50%=2.478µs(n=20000)|50-60%=2.402µs(n=20000)|60-70%=2.472µs(n=20000)|70-80%=2.543µs(n=20000)|80-90%=2.539µs(n=20000)|90-100%=2.539µs(n=20000)",45.79,51.92,1253184,1367968,683,"0-10%=666ns(n=200)|10-20%=617ns(n=200)|20-30%=1.044µs(n=200)|30-40%=1.487µs(n=200)|40-50%=507ns(n=200)|50-60%=497ns(n=200)|60-70%=555ns(n=200)|70-80%=459ns(n=200)|80-90%=490ns(n=200)|90-100%=512ns(n=200)",2072,5014,0,0,"",0,0,0,0,0,0.00,0.00,0
avlhashtree,prehashed_ordered_build_300k,0,300000,300000,728595360,2428,"0-10%=2.034µs(n=30000)|10-20%=2.307µs(n=30000)|20-30%=2.355µs(n=30000)|30-40%=2.373µs(n=30000)|40-50%=2.525µs(n=30000)|50-60%=2.487µs(n=30000)|60-70%=2.485µs(n=30000)|70-80%=2.489µs(n=30000)|80-90%=2.518µs(n=30000)|90-100%=2.708µs(n=30000)",60.60,77.87,1547013,2376823,792,"0-10%=625ns(n=300)|10-20%=739ns(n=300)|20-30%=703ns(n=300)|30-40%=793ns(n=300)|40-50%=837ns(n=300)|50-60%=774ns(n=300)|60-70%=922ns(n=300)|70-80%=880ns(n=300)|80-90%=763ns(n=300)|90-100%=880ns(n=300)",2141,4598,0,0,"",0,0,0,0,0,0.00,0.00,0
avlhashtree,prehashed_ordered_build_500k,0,500000,500000,1274712209,2549,"0-10%=2.125µs(n=50000)|10-20%=2.381µs(n=50000)|20-30%=2.433µs(n=50000)|30-40%=2.503µs(n=50000)|40-50%=2.738µs(n=50000)|50-60%=2.647µs(n=50000)|60-70%=2.639µs(n=50000)|70-80%=2.646µs(n=50000)|80-90%=2.624µs(n=50000)|90-100%=2.754µs(n=50000)",99.81,129.76,2530508,5122574,1024,"0-10%=843ns(n=500)|10-20%=973ns(n=500)|20-30%=1.085µs(n=500)|30-40%=1.067µs(n=500)|40-50%=1.043µs(n=500)|50-60%=1.058µs(n=500)|60-70%=923ns(n=500)|70-80%=1.036µs(n=500)|80-90%=1.12µs(n=500)|90-100%=1.092µs(n=500)",2222,5170,0,0,"",0,0,0,0,0,0.00,0.00,0
avlhashtree,prehashed_ordered_build_700k,0,700000,700000,1843761708,2633,"0-10%=2.237µs(n=70000)|10-20%=2.449µs(n=70000)|20-30%=2.53µs(n=70000)|30-40%=2.548µs(n=70000)|40-50%=2.769µs(n=70000)|50-60%=2.671µs(n=70000)|60-70%=2.69µs(n=70000)|70-80%=2.728µs(n=70000)|80-90%=2.757µs(n=70000)|90-100%=2.956µs(n=70000)",140.40,181.67,3567651,8386057,1198,"0-10%=1.031µs(n=700)|10-20%=1.177µs(n=700)|20-30%=1.105µs(n=700)|30-40%=1.242µs(n=700)|40-50%=1.267µs(n=700)|50-60%=1.211µs(n=700)|60-70%=1.232µs(n=700)|70-80%=1.333µs(n=700)|80-90%=1.197µs(n=700)|90-100%=1.18µs(n=700)",2284,4895,0,0,"",0,0,0,0,0,0.00,0.00,0
avlhashtree,prehashed_ordered_build_900k,0,900000,900000,2445108403,2716,"0-10%=2.242µs(n=90000)|10-20%=2.601µs(n=90000)|20-30%=2.628µs(n=90000)|30-40%=2.738µs(n=90000)|40-50%=2.84µs(n=90000)|50-60%=2.798µs(n=90000)|60-70%=2.824µs(n=90000)|70-80%=2.766µs(n=90000)|80-90%=2.755µs(n=90000)|90-100%=2.971µs(n=90000)",180.68,233.57,4596985,11761454,1306,"0-10%=1.319µs(n=900)|10-20%=1.337µs(n=900)|20-30%=1.354µs(n=900)|30-40%=1.131µs(n=900)|40-50%=1.298µs(n=900)|50-60%=1.312µs(n=900)|60-70%=1.304µs(n=900)|70-80%=1.344µs(n=900)|80-90%=1.394µs(n=900)|90-100%=1.269µs(n=900)",2330,4993,0,0,"",0,0,0,0,0,0.00,0.00,0
avlhashtree,prehashed_ordered_build_1m,0,1000000,1000000,2720055943,2720,"0-10%=2.27µs(n=100000)|10-20%=2.527µs(n=100000)|20-30%=2.657µs(n=100000)|30-40%=2.706µs(n=100000)|40-50%=2.776µs(n=100000)|50-60%=2.814µs(n=100000)|60-70%=2.782µs(n=100000)|70-80%=2.84µs(n=100000)|80-90%=2.839µs(n=100000)|90-100%=2.985µs(n=100000)",200.26,259.52,5086278,13475930,1347,"0-10%=1.246µs(n=1000)|10-20%=1.418µs(n=1000)|20-30%=1.419µs(n=1000)|30-40%=1.314µs(n=1000)|40-50%=1.424µs(n=1000)|50-60%=1.336µs(n=1000)|60-70%=1.331µs(n=1000)|70-80%=1.31µs(n=1000)|80-90%=1.373µs(n=1000)|90-100%=1.299µs(n=1000)",2337,5240,0,0,"",0,0,0,0,0,0.00,0.00,0
avlhashtree,prehashed_ordered_build_2m,0,2000000,2000000,5716556015,2858,"0-10%=2.463µs(n=200000)|10-20%=2.682µs(n=200000)|20-30%=2.742µs(n=200000)|30-40%=2.83µs(n=200000)|40-50%=2.866µs(n=200000)|50-60%=2.941µs(n=200000)|60-70%=3.002µs(n=200000)|70-80%=2.973µs(n=200000)|80-90%=2.975µs(n=200000)|90-100%=3.103µs(n=200000)",399.83,519.01,10143541,28964791,1448,"0-10%=1.468µs(n=2000)|10-20%=1.427µs(n=2000)|20-30%=1.457µs(n=2000)|30-40%=1.419µs(n=2000)|40-50%=1.467µs(n=2000)|50-60%=1.435µs(n=2000)|60-70%=1.432µs(n=2000)|70-80%=1.449µs(n=2000)|80-90%=1.447µs(n=2000)|90-100%=1.477µs(n=2000)",2458,5363,0,0,"",0,0,0,0,0,0.00,0.00,0
avlhashtree,prehashed_ordered_build_5m,0,5000000,5000000,15212100943,3042,"0-10%=2.628µs(n=500000)|10-20%=2.945µs(n=500000)|20-30%=2.947µs(n=500000)|30-40%=2.988µs(n=500000)|40-50%=3.144µs(n=500000)|50-60%=3.088µs(n=500000)|60-70%=3.111µs(n=500000)|70-80%=3.12µs(n=500000)|80-90%=3.137µs(n=500000)|90-100%=3.311µs(n=500000)",1001.64,1297.45,25432831,74782988,1495,"0-10%=1.391µs(n=5000)|10-20%=1.485µs(n=5000)|20-30%=1.514µs(n=5000)|30-40%=1.49µs(n=5000)|40-50%=1.495µs(n=5000)|50-60%=1.477µs(n=5000)|60-70%=1.502µs(n=5000)|70-80%=1.528µs(n=5000)|80-90%=1.52µs(n=5000)|90-100%=1.548µs(n=5000)",2622,5626,0,0,"",0,0,0,0,0,0.00,0.00,0
avlhashtree,prehashed_ordered_build_10m,0,10000000,10000000,31425179748,3142,"0-10%=2.746µs(n=1000000)|10-20%=2.99µs(n=1000000)|20-30%=3.098µs(n=1000000)|30-40%=3.081µs(n=1000000)|40-50%=3.245µs(n=1000000)|50-60%=3.185µs(n=1000000)|60-70%=3.171µs(n=1000000)|70-80%=3.186µs(n=1000000)|80-90%=3.243µs(n=1000000)|90-100%=3.474µs(n=1000000)",2008.60,2594.85,51084224,160949393,1609,"0-10%=1.583µs(n=10000)|10-20%=1.6µs(n=10000)|20-30%=1.593µs(n=10000)|30-40%=1.585µs(n=10000)|40-50%=1.615µs(n=10000)|50-60%=1.604µs(n=10000)|60-70%=1.608µs(n=10000)|70-80%=1.646µs(n=10000)|80-90%=1.625µs(n=10000)|90-100%=1.631µs(n=10000)",2742,5971,0,0,"",0,0,0,0,0,0.00,0.00,0
avlhashtree,prehashed_ordered_build_25m,0,15000000,15000000,48120261762,3208,"0-10%=2.791µs(n=1500000)|10-20%=3.06µs(n=1500000)|20-30%=3.105µs(n=1500000)|30-40%=3.167µs(n=1500000)|40-50%=3.284µs(n=1500000)|50-60%=3.25µs(n=1500000)|60-70%=3.289µs(n=1500000)|70-80%=3.332µs(n=1500000)|80-90%=3.337µs(n=1500000)|90-100%=3.461µs(n=1500000)",3001.63,3892.17,76213424,258616289,1724,"0-10%=1.524µs(n=15000)|10-20%=1.538µs(n=15000)|20-30%=1.553µs(n=15000)|30-40%=1.582µs(n=15000)|40-50%=1.603µs(n=15000)|50-60%=1.554µs(n=15000)|60-70%=1.965µs(n=15000)|70-80%=1.96µs(n=15000)|80-90%=1.954µs(n=15000)|90-100%=2.004µs(n=15000)",2808,6596,0,0,"",0,0,0,0,0,0.00,0.00,0
avlhashtree,insert_only_build_10k,0,10000,10000,20988881,2098,"0-10%=1.618µs(n=1000)|10-20%=1.88µs(n=1000)|20-30%=1.914µs(n=1000)|30-40%=2.05µs(n=1000)|40-50%=2.066µs(n=1000)|50-60%=2.118µs(n=1000)|60-70%=2.734µs(n=1000)|70-80%=2.164µs(n=1000)|80-90%=2.215µs(n=1000)|90-100%=2.224µs(n=1000)",2.59,3.22,62416,0,0,"",0,0,0,0,"",0,0,0,0,0,0.00,0.00,0
avlhashtree,insert_only_build_50k,0,50000,50000,122853447,2457,"0-10%=1.895µs(n=5000)|10-20%=2.26µs(n=5000)|20-30%=2.243µs(n=5000)|30-40%=2.551µs(n=5000)|40-50%=2.46µs(n=5000)|50-60%=2.513µs(n=5000)|60-70%=2.827µs(n=5000)|70-80%=2.582µs(n=5000)|80-90%=2.606µs(n=5000)|90-100%=2.629µs(n=5000)",13.09,16.06,313282,0,0,"",0,0,0,0,"",0,0,0,0,0,0.00,0.00,0
avlhashtree,insert_only_build_100k,0,100000,100000,260804963,2608,"0-10%=2.076µs(n=10000)|10-20%=2.398µs(n=10000)|20-30%=2.443µs(n=10000)|30-40%=2.662µs(n=10000)|40-50%=2.622µs(n=10000)|50-60%=2.855µs(n=10000)|60-70%=2.703µs(n=10000)|70-80%=2.73µs(n=10000)|80-90%=2.777µs(n=10000)|90-100%=2.81µs(n=10000)",26.62,32.08,643081,0,0,"",0,0,0,0,"",0,0,0,0,0,0.00,0.00,0
avlhashtree,insert_only_build_200k,0,200000,200000,556867030,2784,"0-10%=2.271µs(n=20000)|10-20%=2.517µs(n=20000)|20-30%=2.665µs(n=20000)|30-40%=2.649µs(n=20000)|40-50%=2.749µs(n=20000)|50-60%=2.897µs(n=20000)|60-70%=2.902µs(n=20000)|70-80%=2.977µs(n=20000)|80-90%=3.145µs(n=20000)|90-100%=3.066µs(n=20000)",47.75,64.14,1075380,0,0,"",0,0,0,0,"",0,0,0,0,0,0.00,0.00,0
avlhashtree,insert_only_build_300k,0,300000,300000,885760517,2952,"0-10%=2.279µs(n=30000)|10-20%=2.618µs(n=30000)|20-30%=2.688µs(n=30000)|30-40%=2.899µs(n=30000)|40-50%=2.952µs(n=30000)|50-60%=3.146µs(n=30000)|60-70%=3.116µs(n=30000)|70-80%=3.187µs(n=30000)|80-90%=3.27µs(n=30000)|90-100%=3.365µs(n=30000)",79.73,96.19,1922680,0,0,"",0,0,0,0,"",0,0,0,0,0,0.00,0.00,0
avlhashtree,insert_only_build_500k,0,500000,500000,1652025339,3304,"0-10%=2.408µs(n=50000)|10-20%=2.73µs(n=50000)|20-30%=3.005µs(n=50000)|30-40%=3.17µs(n=50000)|40-50%=3.363µs(n=50000)|50-60%=3.378µs(n=50000)|60-70%=3.618µs(n=50000)|70-80%=3.683µs(n=50000)|80-90%=3.777µs(n=50000)|90-100%=3.904µs(n=50000)",132.19,160.31,3177254,0,0,"",0,0,0,0,"",0,0,0,0,0,0.00,0.00,0
avlhashtree,insert_only_build_700k,0,700000,700000,2480057348,3542,"0-10%=2.491µs(n=70000)|10-20%=2.874µs(n=70000)|20-30%=3.119µs(n=70000)|30-40%=3.36µs(n=70000)|40-50%=3.599µs(n=70000)|50-60%=3.691µs(n=70000)|60-70%=3.846µs(n=70000)|70-80%=4.194µs(n=70000)|80-90%=4.103µs(n=70000)|90-100%=4.147µs(n=70000)",176.67,224.42,4126622,0,0,"",0,0,0,0,"",0,0,0,0,0,0.00,0.00,0
avlhashtree,insert_only_build_900k,0,900000,900000,3350489572,3722,"0-10%=2.567µs(n=90000)|10-20%=3.064µs(n=90000)|20-30%=3.282µs(n=90000)|30-40%=3.541µs(n=90000)|40-50%=3.667µs(n=90000)|50-60%=3.998µs(n=90000)|60-70%=4.067µs(n=90000)|70-80%=4.163µs(n=90000)|80-90%=4.223µs(n=90000)|90-100%=4.652µs(n=90000)",208.01,288.54,4573747,0,0,"",0,0,0,0,"",0,0,0,0,0,0.00,0.00,0
avlhashtree,insert_only_build_1m,0,1000000,1000000,3877629008,3877,"0-10%=2.616µs(n=100000)|10-20%=3.091µs(n=100000)|20-30%=3.294µs(n=100000)|30-40%=3.652µs(n=100000)|40-50%=3.904µs(n=100000)|50-60%=4.145µs(n=100000)|60-70%=4.166µs(n=100000)|70-80%=4.353µs(n=100000)|80-90%=4.864µs(n=100000)|90-100%=4.687µs(n=100000)",240.34,320.60,5434379,0,0,"",0,0,0,0,"",0,0,0,0,0,0.00,0.00,0
avlhashtree,insert_only_build_2m,0,2000000,2000000,8920478946,4460,"0-10%=2.861µs(n=200000)|10-20%=3.42µs(n=200000)|20-30%=4.018µs(n=200000)|30-40%=4.298µs(n=200000)|40-50%=4.63µs(n=200000)|50-60%=4.77µs(n=200000)|60-70%=4.858µs(n=200000)|70-80%=5.315µs(n=200000)|80-90%=5.199µs(n=200000)|90-100%=5.227µs(n=200000)",501.03,641.23,11643134,0,0,"",0,0,0,0,"",0,0,0,0,0,0.00,0.00,0
avlhashtree,insert_only_build_5m,0,5000000,5000000,26672009846,5334,"0-10%=3.242µs(n=500000)|10-20%=4.379µs(n=500000)|20-30%=4.805µs(n=500000)|30-40%=5.245µs(n=500000)|40-50%=5.4µs(n=500000)|50-60%=5.848µs(n=500000)|60-70%=5.736µs(n=500000)|70-80%=6.061µs(n=500000)|80-90%=6.345µs(n=500000)|90-100%=6.278µs(n=500000)",1196.26,1603.11,26951965,0,0,"",0,0,0,0,"",0,0,0,0,0,0.00,0.00,0
avlhashtree,insert_only_build_10m,0,10000000,10000000,60363562634,6036,"0-10%=3.788µs(n=1000000)|10-20%=5.064µs(n=1000000)|20-30%=5.617µs(n=1000000)|30-40%=5.869µs(n=1000000)|40-50%=6.34µs(n=1000000)|50-60%=6.355µs(n=1000000)|60-70%=6.602µs(n=1000000)|70-80%=6.892µs(n=1000000)|80-90%=6.893µs(n=1000000)|90-100%=6.939µs(n=1000000)",2523.75,3206.40,58911061,0,0,"",0,0,0,0,"",0,0,0,0,0,0.00,0.00,0
avlhashtree,insert_only_build_25m,0,25000000,25000000,178971110012,7158,"0-10%=4.636µs(n=2500000)|10-20%=6.067µs(n=2500000)|20-30%=6.648µs(n=2500000)|30-40%=6.97µs(n=2500000)|40-50%=7.356µs(n=2500000)|50-60%=7.511µs(n=2500000)|60-70%=7.675µs(n=2500000)|70-80%=7.88µs(n=2500000)|80-90%=8.571µs(n=2500000)|90-100%=8.27µs(n=2500000)",6093.43,8017.18,138972741,0,0,"",0,0,0,0,"",0,0,0,0,0,0.00,0.00,0
avlhashtree,proof_only_after_10k_build_sample_5pct,10000,10000,0,0,0,"",0.00,0.00,0,402291,804,"0-10%=486ns(n=50)|10-20%=406ns(n=50)|20-30%=401ns(n=50)|30-40%=353ns(n=50)|40-50%=428ns(n=50)|50-60%=1.375µs(n=50)|60-70%=649ns(n=50)|70-80%=3.056µs(n=50)|80-90%=455ns(n=50)|90-100%=433ns(n=50)",1573,3843,0,0,"",0,0,0,0,0,0.00,0.00,0
avlhashtree,proof_only_after_50k_build_sample_5pct,50000,50000,0,0,0,"",0.00,0.00,0,1584180,633,"0-10%=569ns(n=250)|10-20%=523ns(n=250)|20-30%=517ns(n=250)|30-40%=531ns(n=250)|40-50%=601ns(n=250)|50-60%=537ns(n=250)|60-70%=1.134µs(n=250)|70-80%=686ns(n=250)|80-90%=629ns(n=250)|90-100%=605ns(n=250)",1858,3989,0,0,"",0,0,0,0,0,0.00,0.00,0
avlhashtree,proof_only_after_100k_build_sample_5pct,100000,100000,0,0,0,"",0.00,0.00,0,3797996,759,"0-10%=686ns(n=500)|10-20%=612ns(n=500)|20-30%=710ns(n=500)|30-40%=625ns(n=500)|40-50%=651ns(n=500)|50-60%=720ns(n=500)|60-70%=1.521µs(n=500)|70-80%=651ns(n=500)|80-90%=679ns(n=500)|90-100%=736ns(n=500)",1978,4390,0,0,"",0,0,0,0,0,0.00,0.00,0
avlhashtree,proof_only_after_200k_build_sample_5pct,200000,200000,0,0,0,"",0.00,0.00,0,9380273,938,"0-10%=680ns(n=1000)|10-20%=787ns(n=1000)|20-30%=881ns(n=1000)|30-40%=879ns(n=1000)|40-50%=983ns(n=1000)|50-60%=1.302µs(n=1000)|60-70%=997ns(n=1000)|70-80%=960ns(n=1000)|80-90%=962ns(n=1000)|90-100%=943ns(n=1000)",2102,4712,0,0,"",0,0,0,0,0,0.00,0.00,0
avlhashtree,proof_only_after_300k_build_sample_5pct,300000,300000,0,0,0,"",0.00,0.00,0,17922524,1194,"0-10%=835ns(n=1500)|10-20%=1.041µs(n=1500)|20-30%=1.01µs(n=1500)|30-40%=1.132µs(n=1500)|40-50%=1.186µs(n=1500)|50-60%=1.588µs(n=1500)|60-70%=1.075µs(n=1500)|70-80%=1.127µs(n=1500)|80-90%=1.644µs(n=1500)|90-100%=1.306µs(n=1500)",2166,5333,0,0,"",0,0,0,0,0,0.00,0.00,0
avlhashtree,proof_only_after_500k_build_sample_5pct,500000,500000,0,0,0,"",0.00,0.00,0,34950574,1398,"0-10%=1.085µs(n=2500)|10-20%=1.23µs(n=2500)|20-30%=1.272µs(n=2500)|30-40%=1.322µs(n=2500)|40-50%=1.335µs(n=2500)|50-60%=1.976µs(n=2500)|60-70%=1.352µs(n=2500)|70-80%=1.371µs(n=2500)|80-90%=1.445µs(n=2500)|90-100%=1.588µs(n=2500)",2258,5432,0,0,"",0,0,0,0,0,0.00,0.00,0
avlhashtree,proof_only_after_700k_build_sample_5pct,700000,700000,0,0,0,"",0.00,0.00,0,54195642,1548,"0-10%=1.271µs(n=3500)|10-20%=1.431µs(n=3500)|20-30%=1.497µs(n=3500)|30-40%=1.548µs(n=3500)|40-50%=1.578µs(n=3500)|50-60%=1.816µs(n=3500)|60-70%=1.555µs(n=3500)|70-80%=1.517µs(n=3500)|80-90%=1.603µs(n=3500)|90-100%=1.663µs(n=3500)",2319,5456,0,0,"",0,0,0,0,0,0.00,0.00,0
avlhashtree,proof_only_after_900k_build_sample_5pct,900000,900000,0,0,0,"",0.00,0.00,0,74028011,1645,"0-10%=1.334µs(n=4500)|10-20%=1.457µs(n=4500)|20-30%=1.563µs(n=4500)|30-40%=1.58µs(n=4500)|40-50%=1.667µs(n=4500)|50-60%=1.964µs(n=4500)|60-70%=1.636µs(n=4500)|70-80%=1.709µs(n=4500)|80-90%=1.786µs(n=4500)|90-100%=1.748µs(n=4500)",2363,5528,0,0,"",0,0,0,0,0,0.00,0.00,0
avlhashtree,proof_only_after_1m_build_sample_5pct,1000000,1000000,0,0,0,"",0.00,0.00,0,89117502,1782,"0-10%=1.378µs(n=5000)|10-20%=1.588µs(n=5000)|20-30%=1.653µs(n=5000)|30-40%=1.677µs(n=5000)|40-50%=1.734µs(n=5000)|50-60%=2.23µs(n=5000)|60-70%=1.817µs(n=5000)|70-80%=1.84µs(n=5000)|80-90%=1.989µs(n=5000)|90-100%=1.914µs(n=5000)",2382,5730,0,0,"",0,0,0,0,0,0.00,0.00,0
avlhashtree,prehashed_ordered_proof_only_after_1m_build_sample_5pct,1000000,1000000,0,0,0,"",0.00,0.00,0,48651779,973,"0-10%=889ns(n=5000)|10-20%=986ns(n=5000)|20-30%=1.015µs(n=5000)|30-40%=1.027µs(n=5000)|40-50%=1.013µs(n=5000)|50-60%=1.182µs(n=5000)|60-70%=902ns(n=5000)|70-80%=908ns(n=5000)|80-90%=905ns(n=5000)|90-100%=898ns(n=5000)",2340,5153,0,0,"",0,0,0,0,0,0.00,0.00,0
avlhashtree,proof_only_after_2m_build_sample_3pct,2000000,2000000,0,0,0,"",0.00,0.00,0,122461038,2041,"0-10%=1.726µs(n=6000)|10-20%=1.828µs(n=6000)|20-30%=1.896µs(n=6000)|30-40%=1.909µs(n=6000)|40-50%=2.005µs(n=6000)|50-60%=1.96µs(n=6000)|60-70%=2.022µs(n=6000)|70-80%=2.07µs(n=6000)|80-90%=2.79µs(n=6000)|90-100%=2.199µs(n=6000)",2494,6237,0,0,"",0,0,0,0,0,0.00,0.00,0
avlhashtree,proof_only_after_5m_build_sample_3pct,5000000,5000000,0,0,0,"",0.00,0.00,0,359169144,2394,"0-10%=2.015µs(n=15000)|10-20%=2.179µs(n=15000)|20-30%=2.232µs(n=15000)|30-40%=2.209µs(n=15000)|40-50%=2.288µs(n=15000)|50-60%=2.257µs(n=15000)|60-70%=2.324µs(n=15000)|70-80%=2.413µs(n=15000)|80-90%=3.352µs(n=15000)|90-100%=2.67µs(n=15000)",2654,6638,0,0,"",0,0,0,0,0,0.00,0.00,0
avlhashtree,prehashed_ordered_proof_only_after_5m_build_sample_3pct,5000000,5000000,0,0,0,"",0.00,0.00,0,185310459,1235,"0-10%=1.204µs(n=15000)|10-20%=1.208µs(n=15000)|20-30%=1.218µs(n=15000)|30-40%=1.204µs(n=15000)|40-50%=1.203µs(n=15000)|50-60%=1.206µs(n=15000)|60-70%=1.213µs(n=15000)|70-80%=1.208µs(n=15000)|80-90%=1.511µs(n=15000)|90-100%=1.176µs(n=15000)",2622,5988,0,0,"",0,0,0,0,0,0.00,0.00,0
avlhashtree,proof_only_after_10m_build_sample_2pct,10000000,10000000,0,0,0,"",0.00,0.00,0,530322458,2651,"0-10%=2.347µs(n=20000)|10-20%=2.428µs(n=20000)|20-30%=2.537µs(n=20000)|30-40%=2.632µs(n=20000)|40-50%=2.631µs(n=20000)|50-60%=2.723µs(n=20000)|60-70%=2.72µs(n=20000)|70-80%=2.73µs(n=20000)|80-90%=2.745µs(n=20000)|90-100%=3.018µs(n=20000)",2775,6631,0,0,"",0,0,0,0,0,0.00,0.00,0
avlhashtree,proof_only_after_20m_build_sample_2pct,20000000,20000000,0,0,0,"",0.00,0.00,0,1407000435,3517,"0-10%=2.98µs(n=40000)|10-20%=3.307µs(n=40000)|20-30%=3.288µs(n=40000)|30-40%=3.448µs(n=40000)|40-50%=3.481µs(n=40000)|50-60%=3.631µs(n=40000)|60-70%=3.569µs(n=40000)|70-80%=3.688µs(n=40000)|80-90%=3.763µs(n=40000)|90-100%=4.015µs(n=40000)",2896,8515,0,0,"",0,0,0,0,0,0.00,0.00,0
avlhashtree,build_10k_then_add_2k_new,10000,12000,2000,4633583,2316,"0-10%=2.604µs(n=200)|10-20%=2.249µs(n=200)|20-30%=2.113µs(n=200)|30-40%=2.284µs(n=200)|40-50%=2.353µs(n=200)|50-60%=2.338µs(n=200)|60-70%=2.39µs(n=200)|70-80%=2.231µs(n=200)|80-90%=2.284µs(n=200)|90-100%=2.311µs(n=200)",0.65,0.65,67845,0,0,"",0,0,0,0,"",0,0,0,0,0,0.00,0.00,0
avlhashtree,build_50k_then_add_10k_new,50000,60000,10000,27606246,2760,"0-10%=2.905µs(n=1000)|10-20%=2.765µs(n=1000)|20-30%=2.813µs(n=1000)|30-40%=2.687µs(n=1000)|40-50%=2.71µs(n=1000)|50-60%=2.821µs(n=1000)|60-70%=2.673µs(n=1000)|70-80%=2.779µs(n=1000)|80-90%=2.675µs(n=1000)|90-100%=2.773µs(n=1000)",3.22,3.22,335854,0,0,"",0,0,0,0,"",0,0,0,0,0,0.00,0.00,0
avlhashtree,build_100k_then_add_20k_new,100000,120000,20000,60168691,3008,"0-10%=3.222µs(n=2000)|10-20%=3.013µs(n=2000)|20-30%=3.009µs(n=2000)|30-40%=2.996µs(n=2000)|40-50%=2.951µs(n=2000)|50-60%=2.997µs(n=2000)|60-70%=2.956µs(n=2000)|70-80%=2.983µs(n=2000)|80-90%=2.972µs(n=2000)|90-100%=2.979µs(n=2000)",6.42,6.42,670854,0,0,"",0,0,0,0,"",0,0,0,0,0,0.00,0.00,0
avlhashtree,build_200k_then_add_40k_new,200000,240000,40000,130223242,3255,"0-10%=3.438µs(n=4000)|10-20%=3.305µs(n=4000)|20-30%=3.256µs(n=4000)|30-40%=3.184µs(n=4000)|40-50%=3.2µs(n=4000)|50-60%=3.213µs(n=4000)|60-70%=3.222µs(n=4000)|70-80%=3.244µs(n=4000)|80-90%=3.231µs(n=4000)|90-100%=3.257µs(n=4000)",12.85,12.85,1340871,0,0,"",0,0,0,0,"",0,0,0,0,0,0.00,0.00,0
avlhashtree,build_300k_then_add_60k_new,300000,360000,60000,224667971,3744,"0-10%=4.116µs(n=6000)|10-20%=3.769µs(n=6000)|20-30%=3.705µs(n=6000)|30-40%=3.68µs(n=6000)|40-50%=3.642µs(n=6000)|50-60%=3.619µs(n=6000)|60-70%=3.723µs(n=6000)|70-80%=3.717µs(n=6000)|80-90%=3.726µs(n=6000)|90-100%=3.742µs(n=6000)",19.26,19.26,2010876,0,0,"",0,0,0,0,"",0,0,0,0,0,0.00,0.00,0
avlhashtree,build_500k_then_add_100k_new,500000,600000,100000,421993490,4219,"0-10%=4.597µs(n=10000)|10-20%=4.345µs(n=10000)|20-30%=4.208µs(n=10000)|30-40%=4.176µs(n=10000)|40-50%=4.161µs(n=10000)|50-60%=4.153µs(n=10000)|60-70%=4.142µs(n=10000)|70-80%=4.138µs(n=10000)|80-90%=4.136µs(n=10000)|90-100%=4.138µs(n=10000)",32.08,32.08,3350877,0,0,"",0,0,0,0,"",0,0,0,0,0,0.00,0.00,0
avlhashtree,build_700k_then_add_140k_new,700000,840000,140000,633964699,4528,"0-10%=5.157µs(n=14000)|10-20%=4.773µs(n=14000)|20-30%=4.431µs(n=14000)|30-40%=4.353µs(n=14000)|40-50%=4.861µs(n=14000)|50-60%=4.396µs(n=14000)|60-70%=4.343µs(n=14000)|70-80%=4.337µs(n=14000)|80-90%=4.319µs(n=14000)|90-100%=4.309µs(n=14000)",44.90,44.90,4690886,0,0,"",0,0,0,0,"",0,0,0,0,0,0.00,0.00,0
avlhashtree,build_900k_then_add_180k_new,900000,1080000,180000,883299605,4907,"0-10%=5.469µs(n=18000)|10-20%=5.115µs(n=18000)|20-30%=4.704µs(n=18000)|30-40%=4.653µs(n=18000)|40-50%=4.678µs(n=18000)|50-60%=4.582µs(n=18000)|60-70%=4.63µs(n=18000)|70-80%=4.789µs(n=18000)|80-90%=5.225µs(n=18000)|90-100%=5.222µs(n=18000)",57.73,57.73,6030895,0,0,"",0,0,0,0,"",0,0,0,0,0,0.00,0.00,0
avlhashtree,build_1m_then_add_200k_new,1000000,1200000,200000,978557828,4892,"0-10%=5.566µs(n=20000)|10-20%=5.141µs(n=20000)|20-30%=4.949µs(n=20000)|30-40%=4.66µs(n=20000)|40-50%=4.659µs(n=20000)|50-60%=4.68µs(n=20000)|60-70%=4.723µs(n=20000)|70-80%=4.721µs(n=20000)|80-90%=5.044µs(n=20000)|90-100%=4.779µs(n=20000)",64.14,64.14,6700902,0,0,"",0,0,0,0,"",0,0,0,0,0,0.00,0.00,0
avlhashtree,build_2m_then_add_400k_new,2000000,2400000,400000,2275151543,5687,"0-10%=6.246µs(n=40000)|10-20%=5.799µs(n=40000)|20-30%=5.675µs(n=40000)|30-40%=5.561µs(n=40000)|40-50%=5.697µs(n=40000)|50-60%=5.637µs(n=40000)|60-70%=5.513µs(n=40000)|70-80%=5.504µs(n=40000)|80-90%=5.61µs(n=40000)|90-100%=5.631µs(n=40000)",128.26,128.26,13400909,0,0,"",0,0,0,0,"",0,0,0,0,0,0.00,0.00,0
avlhashtree,build_5m_then_add_1m_new,5000000,6000000,1000000,6490042461,6490,"0-10%=7.022µs(n=100000)|10-20%=6.748µs(n=100000)|20-30%=6.6µs(n=100000)|30-40%=6.375µs(n=100000)|40-50%=6.324µs(n=100000)|50-60%=6.313µs(n=100000)|60-70%=6.328µs(n=100000)|70-80%=6.331µs(n=100000)|80-90%=6.36µs(n=100000)|90-100%=6.494µs(n=100000)",320.67,320.67,33500940,0,0,"",0,0,0,0,"",0,0,0,0,0,0.00,0.00,0
avlhashtree,build_10m_then_add_2m_new,10000000,12000000,2000000,14421782916,7210,"0-10%=7.53µs(n=200000)|10-20%=7.313µs(n=200000)|20-30%=7.157µs(n=200000)|30-40%=7.176µs(n=200000)|40-50%=7.149µs(n=200000)|50-60%=7.19µs(n=200000)|60-70%=7.198µs(n=200000)|70-80%=7.116µs(n=200000)|80-90%=7.133µs(n=200000)|90-100%=7.142µs(n=200000)",641.37,641.37,67000989,0,0,"",0,0,0,0,"",0,0,0,0,0,0.00,0.00,0
avlhashtree,build_20m_then_add_5m_new,20000000,25000000,5000000,41111039112,8222,"0-10%=8.37µs(n=500000)|10-20%=8.03µs(n=500000)|20-30%=8.01µs(n=500000)|30-40%=8.183µs(n=500000)|40-50%=8.252µs(n=500000)|50-60%=8.155µs(n=500000)|60-70%=8.208µs(n=500000)|70-80%=8.26µs(n=500000)|80-90%=8.433µs(n=500000)|90-100%=8.315µs(n=500000)",1603.69,1603.69,142501116,0,0,"",0,0,0,0,"",0,0,0,0,0,0.00,0.00,0
avlhashtree,build_10k_then_reinsert_2k_existing,10000,10000,2000,3340262,1670,"0-10%=1.518µs(n=200)|10-20%=1.587µs(n=200)|20-30%=1.634µs(n=200)|30-40%=1.635µs(n=200)|40-50%=1.606µs(n=200)|50-60%=1.723µs(n=200)|60-70%=1.68µs(n=200)|70-80%=1.678µs(n=200)|80-90%=1.859µs(n=200)|90-100%=1.773µs(n=200)",0.35,0.35,63909,0,0,"",0,0,0,0,"",0,0,0,0,0,0.00,0.00,0
avlhashtree,build_50k_then_reinsert_10k_existing,50000,50000,10000,20556231,2055,"0-10%=1.886µs(n=1000)|10-20%=1.908µs(n=1000)|20-30%=2.151µs(n=1000)|30-40%=1.97µs(n=1000)|40-50%=2.039µs(n=1000)|50-60%=2.146µs(n=1000)|60-70%=2.053µs(n=1000)|70-80%=2.085µs(n=1000)|80-90%=2.182µs(n=1000)|90-100%=2.13µs(n=1000)",1.69,1.69,315915,0,0,"",0,0,0,0,"",0,0,0,0,0,0.00,0.00,0
avlhashtree,build_100k_then_reinsert_20k_existing,100000,100000,20000,44586710,2229,"0-10%=1.981µs(n=2000)|10-20%=2.137µs(n=2000)|20-30%=2.161µs(n=2000)|30-40%=2.201µs(n=2000)|40-50%=2.236µs(n=2000)|50-60%=2.314µs(n=2000)|60-70%=2.261µs(n=2000)|70-80%=2.292µs(n=2000)|80-90%=2.349µs(n=2000)|90-100%=2.356µs(n=2000)",3.37,3.37,630918,0,0,"",0,0,0,0,"",0,0,0,0,0,0.00,0.00,0
avlhashtree,build_200k_then_reinsert_40k_existing,200000,200000,40000,104980991,2624,"0-10%=2.307µs(n=4000)|10-20%=2.495µs(n=4000)|20-30%=2.581µs(n=4000)|30-40%=2.579µs(n=4000)|40-50%=2.596µs(n=4000)|50-60%=2.696µs(n=4000)|60-70%=2.702µs(n=4000)|70-80%=2.742µs(n=4000)|80-90%=2.773µs(n=4000)|90-100%=2.77µs(n=4000)",6.74,6.74,1260931,0,0,"",0,0,0,0,"",0,0,0,0,0,0.00,0.00,0
avlhashtree,build_300k_then_reinsert_60k_existing,300000,300000,60000,168387970,2806,"0-10%=2.5µs(n=6000)|10-20%=2.63µs(n=6000)|20-30%=2.703µs(n=6000)|30-40%=2.768µs(n=6000)|40-50%=2.832µs(n=6000)|50-60%=2.86µs(n=6000)|60-70%=2.898µs(n=6000)|70-80%=2.938µs(n=6000)|80-90%=2.947µs(n=6000)|90-100%=2.983µs(n=6000)",10.10,10.10,1890938,0,0,"",0,0,0,0,"",0,0,0,0,0,0.00,0.00,0
avlhashtree,build_500k_then_reinsert_100k_existing,500000,500000,100000,320066316,3200,"0-10%=2.974µs(n=10000)|10-20%=2.987µs(n=10000)|20-30%=3.071µs(n=10000)|30-40%=3.161µs(n=10000)|40-50%=3.204µs(n=10000)|50-60%=3.26µs(n=10000)|60-70%=3.305µs(n=10000)|70-80%=3.322µs(n=10000)|80-90%=3.345µs(n=10000)|90-100%=3.372µs(n=10000)",16.82,16.82,3150951,0,0,"",0,0,0,0,"",0,0,0,0,0,0.00,0.00,0
avlhashtree,build_700k_then_reinsert_140k_existing,700000,700000,140000,484690223,3462,"0-10%=3.178µs(n=14000)|10-20%=3.342µs(n=14000)|20-30%=3.421µs(n=14000)|30-40%=3.377µs(n=14000)|40-50%=3.428µs(n=14000)|50-60%=3.454µs(n=14000)|60-70%=3.481µs(n=14000)|70-80%=3.491µs(n=14000)|80-90%=3.848µs(n=14000)|90-100%=3.595µs(n=14000)",23.54,23.54,4410953,0,0,"",0,0,0,0,"",0,0,0,0,0,0.00,0.00,0
avlhashtree,build_900k_then_reinsert_180k_existing,900000,900000,180000,666237151,3701,"0-10%=3.423µs(n=18000)|10-20%=3.602µs(n=18000)|20-30%=3.591µs(n=18000)|30-40%=3.825µs(n=18000)|40-50%=3.678µs(n=18000)|50-60%=3.689µs(n=18000)|60-70%=3.729µs(n=18000)|70-80%=3.814µs(n=18000)|80-90%=3.815µs(n=18000)|90-100%=3.843µs(n=18000)",30.25,30.25,5670958,0,0,"",0,0,0,0,"",0,0,0,0,0,0.00,0.00,0
avlhashtree,build_1m_then_reinsert_200k_existing,1000000,1000000,200000,769104138,3845,"0-10%=3.551µs(n=20000)|10-20%=3.765µs(n=20000)|20-30%=3.868µs(n=20000)|30-40%=3.828µs(n=20000)|40-50%=3.782µs(n=20000)|50-60%=3.821µs(n=20000)|60-70%=3.916µs(n=20000)|70-80%=3.944µs(n=20000)|80-90%=3.975µs(n=20000)|90-100%=3.999µs(n=20000)",33.61,33.61,6300966,0,0,"",0,0,0,0,"",0,0,0,0,0,0.00,0.00,0
avlhashtree,prehashed_ordered_build_1m_then_reinsert_200k_existing,1000000,1000000,200000,488144691,2440,"0-10%=2.614µs(n=20000)|10-20%=2.562µs(n=20000)|20-30%=2.446µs(n=20000)|30-40%=2.411µs(n=20000)|40-50%=2.414µs(n=20000)|50-60%=2.375µs(n=20000)|60-70%=2.379µs(n=20000)|70-80%=2.401µs(n=20000)|80-90%=2.41µs(n=20000)|90-100%=2.39µs(n=20000)",21.39,21.39,5900978,0,0,"",0,0,0,0,"",0,0,0,0,0,0.00,0.00,0
avlhashtree,build_2m_then_reinsert_400k_existing,2000000,2000000,400000,1679904192,4199,"0-10%=3.835µs(n=40000)|10-20%=4.075µs(n=40000)|20-30%=4.145µs(n=40000)|30-40%=4.051µs(n=40000)|40-50%=4.133µs(n=40000)|50-60%=4.214µs(n=40000)|60-70%=4.28µs(n=40000)|70-80%=4.357µs(n=40000)|80-90%=4.426µs(n=40000)|90-100%=4.476µs(n=40000)",67.22,67.22,12600983,0,0,"",0,0,0,0,"",0,0,0,0,0,0.00,0.00,0
avlhashtree,build_5m_then_reinsert_1m_existing,5000000,5000000,1000000,5118922423,5118,"0-10%=4.346µs(n=100000)|10-20%=4.733µs(n=100000)|20-30%=5.04µs(n=100000)|30-40%=5.042µs(n=100000)|40-50%=5.08µs(n=100000)|50-60%=5.164µs(n=100000)|60-70%=5.268µs(n=100000)|70-80%=5.47µs(n=100000)|80-90%=5.555µs(n=100000)|90-100%=5.486µs(n=100000)",168.04,168.04,31500994,0,0,"",0,0,0,0,"",0,0,0,0,0,0.00,0.00,0
avlhashtree,prehashed_ordered_build_5m_then_reinsert_1m_existing,5000000,5000000,1000000,2648179083,2648,"0-10%=2.807µs(n=100000)|10-20%=2.73µs(n=100000)|20-30%=2.607µs(n=100000)|30-40%=2.606µs(n=100000)|40-50%=2.61µs(n=100000)|50-60%=2.607µs(n=100000)|60-70%=2.6µs(n=100000)|70-80%=2.646µs(n=100000)|80-90%=2.643µs(n=100000)|90-100%=2.62µs(n=100000)",106.91,106.91,29501005,0,0,"",0,0,0,0,"",0,0,0,0,0,0.00,0.00,0
avlhashtree,build_10m_then_reinsert_2m_existing,10000000,10000000,2000000,11653997200,5826,"0-10%=4.819µs(n=200000)|10-20%=5.407µs(n=200000)|20-30%=5.699µs(n=200000)|30-40%=5.808µs(n=200000)|40-50%=5.897µs(n=200000)|50-60%=6.085µs(n=200000)|60-70%=6.126µs(n=200000)|70-80%=6.124µs(n=200000)|80-90%=6.089µs(n=200000)|90-100%=6.211µs(n=200000)",336.11,336.11,63001039,0,0,"",0,0,0,0,"",0,0,0,0,0,0.00,0.00,0
avlhashtree,build_25m_then_reinsert_5m_existing,25000000,25000000,5000000,35563374462,7112,"0-10%=5.715µs(n=500000)|10-20%=6.562µs(n=500000)|20-30%=6.942µs(n=500000)|30-40%=7.023µs(n=500000)|40-50%=7.118µs(n=500000)|50-60%=7.228µs(n=500000)|60-70%=7.454µs(n=500000)|70-80%=7.623µs(n=500000)|80-90%=7.74µs(n=500000)|90-100%=7.719µs(n=500000)",840.41,840.41,157501090,0,0,"",0,0,0,0,"",0,0,0,0,0,0.00,0.00,0
avlhashtree,build_10k,0,10000,10000,23812366,2381,"0-10%=1.871µs(n=1000)|10-20%=2.056µs(n=1000)|20-30%=2.21µs(n=1000)|30-40%=2.285µs(n=1000)|40-50%=2.325µs(n=1000)|50-60%=2.343µs(n=1000)|60-70%=3.145µs(n=1000)|70-80%=2.511µs(n=1000)|80-90%=2.518µs(n=1000)|90-100%=2.542µs(n=1000)",2.57,3.23,61318,75265,752,"0-10%=785ns(n=10)|10-20%=426ns(n=10)|20-30%=2.561µs(n=10)|30-40%=402ns(n=10)|40-50%=417ns(n=10)|50-60%=573ns(n=10)|60-70%=429ns(n=10)|70-80%=436ns(n=10)|80-90%=883ns(n=10)|90-100%=609ns(n=10)",1572,3588,0,0,"",0,0,0,0,0,0.00,0.00,0
avlhashtree,build_50k,0,50000,50000,133196847,2663,"0-10%=2.179µs(n=5000)|10-20%=2.648µs(n=5000)|20-30%=2.651µs(n=5000)|30-40%=2.899µs(n=5000)|40-50%=2.782µs(n=5000)|50-60%=2.845µs(n=5000)|60-70%=3.022µs(n=5000)|70-80%=2.505µs(n=5000)|80-90%=2.528µs(n=5000)|90-100%=2.575µs(n=5000)",13.11,16.08,313652,635809,1271,"0-10%=665ns(n=50)|10-20%=560ns(n=50)|20-30%=619ns(n=50)|30-40%=590ns(n=50)|40-50%=797ns(n=50)|50-60%=481ns(n=50)|60-70%=624ns(n=50)|70-80%=1.615µs(n=50)|80-90%=5.937µs(n=50)|90-100%=823ns(n=50)",1871,5562,0,0,"",0,0,0,0,0,0.00,0.00,0
avlhashtree,build_100k,0,100000,100000,261816691,2618,"0-10%=2.313µs(n=10000)|10-20%=2.417µs(n=10000)|20-30%=2.543µs(n=10000)|30-40%=2.471µs(n=10000)|40-50%=2.554µs(n=10000)|50-60%=2.708µs(n=10000)|60-70%=2.669µs(n=10000)|70-80%=2.735µs(n=10000)|80-90%=2.776µs(n=10000)|90-100%=2.992µs(n=10000)",23.78,32.10,535085,712302,712,"0-10%=656ns(n=100)|10-20%=650ns(n=100)|20-30%=571ns(n=100)|30-40%=728ns(n=100)|40-50%=750ns(n=100)|50-60%=703ns(n=100)|60-70%=707ns(n=100)|70-80%=705ns(n=100)|80-90%=877ns(n=100)|90-100%=771ns(n=100)",1977,4354,0,0,"",0,0,0,0,0,0.00,0.00,0
avlhashtree,build_200k,0,200000,200000,557642993,2788,"0-10%=2.216µs(n=20000)|10-20%=2.558µs(n=20000)|20-30%=2.72µs(n=20000)|30-40%=2.648µs(n=20000)|40-50%=2.759µs(n=20000)|50-60%=2.879µs(n=20000)|60-70%=2.908µs(n=20000)|70-80%=2.974µs(n=20000)|80-90%=3.14µs(n=20000)|90-100%=3.075µs(n=20000)",48.30,64.14,1098846,1725021,862,"0-10%=602ns(n=200)|10-20%=888ns(n=200)|20-30%=795ns(n=200)|30-40%=869ns(n=200)|40-50%=849ns(n=200)|50-60%=845ns(n=200)|60-70%=929ns(n=200)|70-80%=974ns(n=200)|80-90%=902ns(n=200)|90-100%=966ns(n=200)",2101,5121,0,0,"",0,0,0,0,0,0.00,0.00,0
avlhashtree,build_300k,0,300000,300000,908141900,3027,"0-10%=2.313µs(n=30000)|10-20%=2.619µs(n=30000)|20-30%=2.683µs(n=30000)|30-40%=2.922µs(n=30000)|40-50%=3.062µs(n=30000)|50-60%=3.221µs(n=30000)|60-70%=3.411µs(n=30000)|70-80%=3.2µs(n=30000)|80-90%=3.342µs(n=30000)|90-100%=3.493µs(n=30000)",79.77,96.20,1926279,3384375,1128,"0-10%=1.238µs(n=300)|10-20%=1.834µs(n=300)|20-30%=921ns(n=300)|30-40%=847ns(n=300)|40-50%=899ns(n=300)|50-60%=1.048µs(n=300)|60-70%=1.016µs(n=300)|70-80%=1.135µs(n=300)|80-90%=1.123µs(n=300)|90-100%=1.215µs(n=300)",2174,5760,0,0,"",0,0,0,0,0,0.00,0.00,0
avlhashtree,build_500k,0,500000,500000,1634073714,3268,"0-10%=2.394µs(n=50000)|10-20%=2.811µs(n=50000)|20-30%=2.959µs(n=50000)|30-40%=3.091µs(n=50000)|40-50%=3.197µs(n=50000)|50-60%=3.408µs(n=50000)|60-70%=3.429µs(n=50000)|70-80%=3.562µs(n=50000)|80-90%=3.857µs(n=50000)|90-100%=3.967µs(n=50000)",115.38,160.31,2539103,5860913,1172,"0-10%=784ns(n=500)|10-20%=997ns(n=500)|20-30%=1.077µs(n=500)|30-40%=1.184µs(n=500)|40-50%=1.183µs(n=500)|50-60%=1.221µs(n=500)|60-70%=1.281µs(n=500)|70-80%=1.354µs(n=500)|80-90%=1.312µs(n=500)|90-100%=1.325µs(n=500)",2262,5490,0,0,"",0,0,0,0,0,0.00,0.00,0
avlhashtree,build_700k,0,700000,700000,2473727976,3533,"0-10%=2.54µs(n=70000)|10-20%=2.882µs(n=70000)|20-30%=3.127µs(n=70000)|30-40%=3.315µs(n=70000)|40-50%=3.529µs(n=70000)|50-60%=3.552µs(n=70000)|60-70%=3.833µs(n=70000)|70-80%=4.141µs(n=70000)|80-90%=4.175µs(n=70000)|90-100%=4.24µs(n=70000)",176.98,224.42,4145074,9742799,1391,"0-10%=932ns(n=700)|10-20%=1.055µs(n=700)|20-30%=1.204µs(n=700)|30-40%=1.266µs(n=700)|40-50%=1.316µs(n=700)|50-60%=1.325µs(n=700)|60-70%=1.385µs(n=700)|70-80%=1.508µs(n=700)|80-90%=1.49µs(n=700)|90-100%=2.433µs(n=700)",2324,5892,0,0,"",0,0,0,0,0,0.00,0.00,0
avlhashtree,build_900k,0,900000,900000,3355155734,3727,"0-10%=2.546µs(n=90000)|10-20%=3.037µs(n=90000)|20-30%=3.279µs(n=90000)|30-40%=3.477µs(n=90000)|40-50%=3.645µs(n=90000)|50-60%=3.957µs(n=90000)|60-70%=4.022µs(n=90000)|70-80%=4.122µs(n=90000)|80-90%=4.484µs(n=90000)|90-100%=4.706µs(n=90000)",210.58,288.54,4681706,12599706,1399,"0-10%=943ns(n=900)|10-20%=1.169µs(n=900)|20-30%=1.32µs(n=900)|30-40%=1.357µs(n=900)|40-50%=1.418µs(n=900)|50-60%=1.473µs(n=900)|60-70%=1.551µs(n=900)|70-80%=1.542µs(n=900)|80-90%=1.573µs(n=900)|90-100%=1.649µs(n=900)",2362,5441,0,0,"",0,0,0,0,0,0.00,0.00,0
avlhashtree,build_1m,0,1000000,1000000,3885567625,3885,"0-10%=2.601µs(n=100000)|10-20%=3.021µs(n=100000)|20-30%=3.248µs(n=100000)|30-40%=3.63µs(n=100000)|40-50%=3.761µs(n=100000)|50-60%=4.171µs(n=100000)|60-70%=4.248µs(n=100000)|70-80%=4.328µs(n=100000)|80-90%=4.669µs(n=100000)|90-100%=5.175µs(n=100000)",240.45,320.60,5447767,16641168,1664,"0-10%=1.161µs(n=1000)|10-20%=1.356µs(n=1000)|20-30%=1.511µs(n=1000)|30-40%=1.588µs(n=1000)|40-50%=1.658µs(n=1000)|50-60%=1.749µs(n=1000)|60-70%=1.806µs(n=1000)|70-80%=1.846µs(n=1000)|80-90%=1.905µs(n=1000)|90-100%=2.055µs(n=1000)",2380,5352,0,0,"",0,0,0,0,0,0.00,0.00,0
avlhashtree,build_2m,0,2000000,2000000,8988703770,4494,"0-10%=3.266µs(n=200000)|10-20%=3.759µs(n=200000)|20-30%=3.939µs(n=200000)|30-40%=4.32µs(n=200000)|40-50%=4.615µs(n=200000)|50-60%=4.624µs(n=200000)|60-70%=4.825µs(n=200000)|70-80%=5.268µs(n=200000)|80-90%=5.126µs(n=200000)|90-100%=5.196µs(n=200000)",508.54,641.23,11949292,39633748,1981,"0-10%=1.282µs(n=2000)|10-20%=1.508µs(n=2000)|20-30%=1.649µs(n=2000)|30-40%=1.7µs(n=2000)|40-50%=1.797µs(n=2000)|50-60%=1.797µs(n=2000)|60-70%=1.845µs(n=2000)|70-80%=2.139µs(n=2000)|80-90%=3.768µs(n=2000)|90-100%=2.329µs(n=2000)",2494,6835,0,0,"",0,0,0,0,0,0.00,0.00,0
avlhashtree,build_5m,0,5000000,5000000,26850966021,5370,"0-10%=3.306µs(n=500000)|10-20%=4.57µs(n=500000)|20-30%=4.941µs(n=500000)|30-40%=5.276µs(n=500000)|40-50%=5.423µs(n=500000)|50-60%=5.795µs(n=500000)|60-70%=5.966µs(n=500000)|70-80%=5.923µs(n=500000)|80-90%=6.168µs(n=500000)|90-100%=6.33µs(n=500000)",1332.25,1603.11,32144265,129431754,2588,"0-10%=3.311µs(n=5000)|10-20%=2.397µs(n=5000)|20-30%=2.35µs(n=5000)|30-40%=2.522µs(n=5000)|40-50%=2.439µs(n=5000)|50-60%=2.513µs(n=5000)|60-70%=2.615µs(n=5000)|70-80%=2.514µs(n=5000)|80-90%=2.586µs(n=5000)|90-100%=2.634µs(n=5000)",2653,7882,0,0,"",0,0,0,0,0,0.00,0.00,0
avlhashtree,build_10m,0,10000000,10000000,60482903273,6048,"0-10%=3.833µs(n=1000000)|10-20%=5.047µs(n=1000000)|20-30%=5.596µs(n=1000000)|30-40%=5.887µs(n=1000000)|40-50%=6.103µs(n=1000000)|50-60%=6.58µs(n=1000000)|60-70%=6.592µs(n=1000000)|70-80%=6.665µs(n=1000000)|80-90%=7.112µs(n=1000000)|90-100%=7.063µs(n=1000000)",2422.24,3206.39,55033756,311787493,3117,"0-10%=2.196µs(n=10000)|10-20%=2.851µs(n=10000)|20-30%=3µs(n=10000)|30-40%=3.108µs(n=10000)|40-50%=3.156µs(n=10000)|50-60%=3.257µs(n=10000)|60-70%=3.211µs(n=10000)|70-80%=3.354µs(n=10000)|80-90%=3.445µs(n=10000)|90-100%=3.596µs(n=10000)",2776,8532,0,0,"",0,0,0,0,0,0.00,0.00,0
avlhashtree,build_25m,0,25000000,25000000,180445911324,7217,"0-10%=4.703µs(n=2500000)|10-20%=6.038µs(n=2500000)|20-30%=6.656µs(n=2500000)|30-40%=7.053µs(n=2500000)|40-50%=7.297µs(n=2500000)|50-60%=7.72µs(n=2500000)|60-70%=8.01µs(n=2500000)|70-80%=8.094µs(n=2500000)|80-90%=8.233µs(n=2500000)|90-100%=8.369µs(n=2500000)",6633.01,8017.14,159616858,945013995,3780,"0-10%=2.959µs(n=25000)|10-20%=6.006µs(n=25000)|20-30%=2.88µs(n=25000)|30-40%=3.027µs(n=25000)|40-50%=3.567µs(n=25000)|50-60%=3.679µs(n=25000)|60-70%=3.836µs(n=25000)|70-80%=3.911µs(n=25000)|80-90%=3.923µs(n=25000)|90-100%=4.008µs(n=25000)",2935,10556,0,0,"",0,0,0,0,0,0.00,0.00,0
avlhashtree,prehashed_ordered_build_10k,0,10000,10000,19465889,1946,"0-10%=1.453µs(n=1000)|10-20%=1.736µs(n=1000)|20-30%=1.786µs(n=1000)|30-40%=1.811µs(n=1000)|40-50%=1.919µs(n=1000)|50-60%=1.923µs(n=1000)|60-70%=2.885µs(n=1000)|70-80%=1.926µs(n=1000)|80-90%=1.961µs(n=1000)|90-100%=2.06µs(n=1000)",2.21,2.61,60414,33599,335,"0-10%=506ns(n=10)|10-20%=265ns(n=10)|20-30%=340ns(n=10)|30-40%=336ns(n=10)|40-50%=300ns(n=10)|50-60%=326ns(n=10)|60-70%=336ns(n=10)|70-80%=319ns(n=10)|80-90%=328ns(n=10)|90-100%=298ns(n=10)",1507,2904,0,0,"",0,0,0,0,0,0.00,0.00,0
avlhashtree,prehashed_ordered_build_50k,0,50000,50000,107596252,2151,"0-10%=1.845µs(n=5000)|10-20%=1.944µs(n=5000)|20-30%=2.042µs(n=5000)|30-40%=2.297µs(n=5000)|40-50%=2.129µs(n=5000)|50-60%=2.136µs(n=5000)|60-70%=2.187µs(n=5000)|70-80%=2.228µs(n=5000)|80-90%=2.487µs(n=5000)|90-100%=2.221µs(n=5000)",10.41,13.01,271017,181543,363,"0-10%=378ns(n=50)|10-20%=380ns(n=50)|20-30%=323ns(n=50)|30-40%=355ns(n=50)|40-50%=370ns(n=50)|50-60%=379ns(n=50)|60-70%=376ns(n=50)|70-80%=327ns(n=50)|80-90%=367ns(n=50)|90-100%=370ns(n=50)",1836,3710,0,0,"",0,0,0,0,0,0.00,0.00,0
avlhashtree,prehashed_ordered_build_100k,0,100000,100000,223494323,2234,"0-10%=1.917µs(n=10000)|10-20%=2.046µs(n=10000)|20-30%=2.213µs(n=10000)|30-40%=2.219µs(n=10000)|40-50%=2.235µs(n=10000)|50-60%=2.23µs(n=10000)|60-70%=2.295µs(n=10000)|70-80%=2.519µs(n=10000)|80-90%=2.337µs(n=10000)|90-100%=2.335µs(n=10000)",21.26,25.98,559406,458836,458,"0-10%=416ns(n=100)|10-20%=437ns(n=100)|20-30%=529ns(n=100)|30-40%=487ns(n=100)|40-50%=449ns(n=100)|50-60%=540ns(n=100)|60-70%=419ns(n=100)|70-80%=438ns(n=100)|80-90%=467ns(n=100)|90-100%=402ns(n=100)",1951,4099,0,0,"",0,0,0,0,0,0.00,0.00,0
avlhashtree,prehashed_ordered_build_200k,0,200000,200000,468008487,2340,"0-10%=1.971µs(n=20000)|10-20%=2.211µs(n=20000)|20-30%=2.227µs(n=20000)|30-40%=2.33µs(n=20000)|40-50%=2.436µs(n=20000)|50-60%=2.357µs(n=20000)|60-70%=2.415µs(n=20000)|70-80%=2.477µs(n=20000)|80-90%=2.485µs(n=20000)|90-100%=2.486µs(n=20000)",45.84,51.92,1255335,1365584,682,"0-10%=567ns(n=200)|10-20%=504ns(n=200)|20-30%=1.566µs(n=200)|30-40%=1.033µs(n=200)|40-50%=521ns(n=200)|50-60%=584ns(n=200)|60-70%=477ns(n=200)|70-80%=604ns(n=200)|80-90%=469ns(n=200)|90-100%=497ns(n=200)",2068,5038,0,0,"",0,0,0,0,0,0.00,0.00,0
avlhashtree,prehashed_ordered_build_300k,0,300000,300000,750061590,2500,"0-10%=2.094µs(n=30000)|10-20%=2.351µs(n=30000)|20-30%=2.424µs(n=30000)|30-40%=2.446µs(n=30000)|40-50%=2.57µs(n=30000)|50-60%=2.567µs(n=30000)|60-70%=2.571µs(n=30000)|70-80%=2.57µs(n=30000)|80-90%=2.597µs(n=30000)|90-100%=2.808µs(n=30000)",59.85,77.87,1516260,2411024,803,"0-10%=667ns(n=300)|10-20%=710ns(n=300)|20-30%=831ns(n=300)|30-40%=777ns(n=300)|40-50%=709ns(n=300)|50-60%=806ns(n=300)|60-70%=833ns(n=300)|70-80%=925ns(n=300)|80-90%=943ns(n=300)|90-100%=830ns(n=300)",2139,5021,0,0,"",0,0,0,0,0,0.00,0.00,0
avlhashtree,prehashed_ordered_build_500k,0,500000,500000,1298501704,2597,"0-10%=2.135µs(n=50000)|10-20%=2.388µs(n=50000)|20-30%=2.449µs(n=50000)|30-40%=2.524µs(n=50000)|40-50%=2.752µs(n=50000)|50-60%=2.714µs(n=50000)|60-70%=2.737µs(n=50000)|70-80%=2.716µs(n=50000)|80-90%=2.728µs(n=50000)|90-100%=2.821µs(n=50000)",99.39,129.76,2513437,5171370,1034,"0-10%=764ns(n=500)|10-20%=869ns(n=500)|20-30%=997ns(n=500)|30-40%=970ns(n=500)|40-50%=1µs(n=500)|50-60%=1.056µs(n=500)|60-70%=1.232µs(n=500)|70-80%=1.294µs(n=500)|80-90%=1.087µs(n=500)|90-100%=1.069µs(n=500)",2218,5249,0,0,"",0,0,0,0,0,0.00,0.00,0
avlhashtree,prehashed_ordered_build_700k,0,700000,700000,1848026500,2640,"0-10%=2.195µs(n=70000)|10-20%=2.447µs(n=70000)|20-30%=2.537µs(n=70000)|30-40%=2.573µs(n=70000)|40-50%=2.805µs(n=70000)|50-60%=2.691µs(n=70000)|60-70%=2.69µs(n=70000)|70-80%=2.74µs(n=70000)|80-90%=2.79µs(n=70000)|90-100%=2.928µs(n=70000)",140.00,181.67,3551330,7865759,1123,"0-10%=827ns(n=700)|10-20%=932ns(n=700)|20-30%=1µs(n=700)|30-40%=1.12µs(n=700)|40-50%=1.216µs(n=700)|50-60%=1.294µs(n=700)|60-70%=1.307µs(n=700)|70-80%=1.197µs(n=700)|80-90%=1.184µs(n=700)|90-100%=1.155µs(n=700)",2283,5124,0,0,"",0,0,0,0,0,0.00,0.00,0
avlhashtree,prehashed_ordered_build_900k,0,900000,900000,2450722331,2723,"0-10%=2.274µs(n=90000)|10-20%=2.588µs(n=90000)|20-30%=2.631µs(n=90000)|30-40%=2.733µs(n=90000)|40-50%=2.78µs(n=90000)|50-60%=2.723µs(n=90000)|60-70%=2.813µs(n=90000)|70-80%=2.82µs(n=90000)|80-90%=2.823µs(n=90000)|90-100%=3.039µs(n=90000)",180.48,233.57,4588679,12116070,1346,"0-10%=1.413µs(n=900)|10-20%=1.521µs(n=900)|20-30%=1.313µs(n=900)|30-40%=1.239µs(n=900)|40-50%=1.45µs(n=900)|50-60%=1.443µs(n=900)|60-70%=1.345µs(n=900)|70-80%=1.193µs(n=900)|80-90%=1.308µs(n=900)|90-100%=1.231µs(n=900)",2326,5191,0,0,"",0,0,0,0,0,0.00,0.00,0
avlhashtree,prehashed_ordered_build_1m,0,1000000,1000000,2696155014,2696,"0-10%=2.262µs(n=100000)|10-20%=2.562µs(n=100000)|20-30%=2.606µs(n=100000)|30-40%=2.672µs(n=100000)|40-50%=2.73µs(n=100000)|50-60%=2.81µs(n=100000)|60-70%=2.799µs(n=100000)|70-80%=2.795µs(n=100000)|80-90%=2.786µs(n=100000)|90-100%=2.933µs(n=100000)",200.93,259.52,5113627,13553979,1355,"0-10%=1.188µs(n=1000)|10-20%=1.35µs(n=1000)|20-30%=1.329µs(n=1000)|30-40%=1.358µs(n=1000)|40-50%=1.538µs(n=1000)|50-60%=1.283µs(n=1000)|60-70%=1.334µs(n=1000)|70-80%=1.423µs(n=1000)|80-90%=1.383µs(n=1000)|90-100%=1.363µs(n=1000)",2339,5008,0,0,"",0,0,0,0,0,0.00,0.00,0
avlhashtree,prehashed_ordered_build_2m,0,2000000,2000000,5630104868,2815,"0-10%=2.386µs(n=200000)|10-20%=2.665µs(n=200000)|20-30%=2.735µs(n=200000)|30-40%=2.821µs(n=200000)|40-50%=2.868µs(n=200000)|50-60%=2.879µs(n=200000)|60-70%=2.923µs(n=200000)|70-80%=2.91µs(n=200000)|80-90%=2.913µs(n=200000)|90-100%=3.046µs(n=200000)",402.47,519.01,10251709,30174218,1508,"0-10%=1.461µs(n=2000)|10-20%=1.529µs(n=2000)|20-30%=1.473µs(n=2000)|30-40%=1.709µs(n=2000)|40-50%=1.534µs(n=2000)|50-60%=1.483µs(n=2000)|60-70%=1.464µs(n=2000)|70-80%=1.521µs(n=2000)|80-90%=1.441µs(n=2000)|90-100%=1.468µs(n=2000)",2460,5363,0,0,"",0,0,0,0,0,0.00,0.00,0
avlhashtree,prehashed_ordered_build_5m,0,5000000,5000000,15156043588,3031,"0-10%=2.595µs(n=500000)|10-20%=2.889µs(n=500000)|20-30%=2.98µs(n=500000)|30-40%=3.026µs(n=500000)|40-50%=3.161µs(n=500000)|50-60%=3.121µs(n=500000)|60-70%=3.039µs(n=500000)|70-80%=3.038µs(n=500000)|80-90%=3.108µs(n=500000)|90-100%=3.35µs(n=500000)",999.86,1297.46,25359707,77469855,1549,"0-10%=1.471µs(n=5000)|10-20%=1.556µs(n=5000)|20-30%=1.576µs(n=5000)|30-40%=1.587µs(n=5000)|40-50%=1.567µs(n=5000)|50-60%=1.573µs(n=5000)|60-70%=1.533µs(n=5000)|70-80%=1.541µs(n=5000)|80-90%=1.505µs(n=5000)|90-100%=1.58µs(n=5000)",2621,5887,0,0,"",0,0,0,0,0,0.00,0.00,0
avlhashtree,prehashed_ordered_build_10m,0,10000000,10000000,31261102304,3126,"0-10%=2.728µs(n=1000000)|10-20%=2.988µs(n=1000000)|20-30%=3.059µs(n=1000000)|30-40%=3.066µs(n=1000000)|40-50%=3.227µs(n=1000000)|50-60%=3.168µs(n=1000000)|60-70%=3.165µs(n=1000000)|70-80%=3.18µs(n=1000000)|80-90%=3.236µs(n=1000000)|90-100%=3.438µs(n=1000000)",1992.83,2594.85,50438553,154727754,1547,"0-10%=1.505µs(n=10000)|10-20%=1.51µs(n=10000)|20-30%=1.55µs(n=10000)|30-40%=1.562µs(n=10000)|40-50%=1.582µs(n=10000)|50-60%=1.543µs(n=10000)|60-70%=1.538µs(n=10000)|70-80%=1.539µs(n=10000)|80-90%=1.537µs(n=10000)|90-100%=1.601µs(n=10000)",2740,6064,0,0,"",0,0,0,0,0,0.00,0.00,0
avlhashtree,prehashed_ordered_build_25m,0,15000000,15000000,47645230910,3176,"0-10%=2.79µs(n=1500000)|10-20%=3.028µs(n=1500000)|20-30%=3.069µs(n=1500000)|30-40%=3.171µs(n=1500000)|40-50%=3.268µs(n=1500000)|50-60%=3.222µs(n=1500000)|60-70%=3.257µs(n=1500000)|70-80%=3.259µs(n=1500000)|80-90%=3.276µs(n=1500000)|90-100%=3.419µs(n=1500000)",2997.39,3892.17,76039635,236749290,1578,"0-10%=1.533µs(n=15000)|10-20%=1.574µs(n=15000)|20-30%=1.575µs(n=15000)|30-40%=1.592µs(n=15000)|40-50%=1.594µs(n=15000)|50-60%=1.552µs(n=15000)|60-70%=1.573µs(n=15000)|70-80%=1.599µs(n=15000)|80-90%=1.584µs(n=15000)|90-100%=1.601µs(n=15000)",2807,6144,0,0,"",0,0,0,0,0,0.00,0.00,0
avlhashtree,insert_only_build_10k,0,10000,10000,20876982,2087,"0-10%=1.588µs(n=1000)|10-20%=1.794µs(n=1000)|20-30%=1.916µs(n=1000)|30-40%=1.944µs(n=1000)|40-50%=2.032µs(n=1000)|50-60%=2.043µs(n=1000)|60-70%=3.012µs(n=1000)|70-80%=2.209µs(n=1000)|80-90%=2.163µs(n=1000)|90-100%=2.169µs(n=1000)",2.59,3.22,62248,0,0,"",0,0,0,0,"",0,0,0,0,0,0.00,0.00,0
avlhashtree,insert_only_build_50k,0,50000,50000,121475879,2429,"0-10%=1.906µs(n=5000)|10-20%=2.317µs(n=5000)|20-30%=2.213µs(n=5000)|30-40%=2.524µs(n=5000)|40-50%=2.408µs(n=5000)|50-60%=2.462µs(n=5000)|60-70%=2.757µs(n=5000)|70-80%=2.536µs(n=5000)|80-90%=2.556µs(n=5000)|90-100%=2.611µs(n=5000)",13.07,16.06,312654,0,0,"",0,0,0,0,"",0,0,0,0,0,0.00,0.00,0
avlhashtree,insert_only_build_100k,0,100000,100000,263910369,2639,"0-10%=2.086µs(n=10000)|10-20%=2.456µs(n=10000)|20-30%=2.418µs(n=10000)|30-40%=2.638µs(n=10000)|40-50%=2.585µs(n=10000)|50-60%=2.804µs(n=10000)|60-70%=2.792µs(n=10000)|70-80%=2.816µs(n=10000)|80-90%=2.915µs(n=10000)|90-100%=2.876µs(n=10000)",26.67,32.08,645073,0,0,"",0,0,0,0,"",0,0,0,0,0,0.00,0.00,0
avlhashtree,insert_only_build_200k,0,200000,200000,565032565,2825,"0-10%=2.224µs(n=20000)|10-20%=2.513µs(n=20000)|20-30%=2.682µs(n=20000)|30-40%=2.71µs(n=20000)|40-50%=2.787µs(n=20000)|50-60%=2.972µs(n=20000)|60-70%=2.951µs(n=20000)|70-80%=3.048µs(n=20000)|80-90%=3.24µs(n=20000)|90-100%=3.12µs(n=20000)",47.90,64.14,1081264,0,0,"",0,0,0,0,"",0,0,0,0,0,0.00,0.00,0
avlhashtree,insert_only_build_300k,0,300000,300000,883399026,2944,"0-10%=2.327µs(n=30000)|10-20%=2.616µs(n=30000)|20-30%=2.68µs(n=30000)|30-40%=2.863µs(n=30000)|40-50%=2.914µs(n=30000)|50-60%=3.101µs(n=30000)|60-70%=3.164µs(n=30000)|70-80%=3.158µs(n=30000)|80-90%=3.248µs(n=30000)|90-100%=3.369µs(n=30000)",79.61,96.18,1918455,0,0,"",0,0,0,0,"",0,0,0,0,0,0.00,0.00,0
avlhashtree,insert_only_build_500k,0,500000,500000,1607852990,3215,"0-10%=2.384µs(n=50000)|10-20%=2.704µs(n=50000)|20-30%=2.923µs(n=50000)|30-40%=3.097µs(n=50000)|40-50%=3.149µs(n=50000)|50-60%=3.31µs(n=50000)|60-70%=3.592µs(n=50000)|70-80%=3.511µs(n=50000)|80-90%=3.688µs(n=50000)|90-100%=3.793µs(n=50000)",132.10,160.31,3173798,0,0,"",0,0,0,0,"",0,0,0,0,0,0.00,0.00,0
avlhashtree,insert_only_build_700k,0,700000,700000,2453016680,3504,"0-10%=2.495µs(n=70000)|10-20%=2.883µs(n=70000)|20-30%=3.134µs(n=70000)|30-40%=3.238µs(n=70000)|40-50%=3.558µs(n=70000)|50-60%=3.624µs(n=70000)|60-70%=3.815µs(n=70000)|70-80%=4.105µs(n=70000)|80-90%=4.048µs(n=70000)|90-100%=4.138µs(n=70000)",177.13,224.42,4144346,0,0,"",0,0,0,0,"",0,0,0,0,0,0.00,0.00,0
avlhashtree,insert_only_build_900k,0,900000,900000,3343024045,3714,"0-10%=2.536µs(n=90000)|10-20%=3.091µs(n=90000)|20-30%=3.278µs(n=90000)|30-40%=3.51µs(n=90000)|40-50%=3.673µs(n=90000)|50-60%=4.11µs(n=90000)|60-70%=4.031µs(n=90000)|70-80%=4.107µs(n=90000)|80-90%=4.247µs(n=90000)|90-100%=4.556µs(n=90000)",207.15,288.54,4541206,0,0,"",0,0,0,0,"",0,0,0,0,0,0.00,0.00,0
avlhashtree,insert_only_build_1m,0,1000000,1000000,3832759227,3832,"0-10%=2.617µs(n=100000)|10-20%=3.076µs(n=100000)|20-30%=3.296µs(n=100000)|30-40%=3.625µs(n=100000)|40-50%=3.747µs(n=100000)|50-60%=4.199µs(n=100000)|60-70%=4.12µs(n=100000)|70-80%=4.319µs(n=100000)|80-90%=4.685µs(n=100000)|90-100%=4.639µs(n=100000)",239.48,320.60,5401363,0,0,"",0,0,0,0,"",0,0,0,0,0,0.00,0.00,0
avlhashtree,insert_only_build_2m,0,2000000,2000000,8834536567,4417,"0-10%=2.866µs(n=200000)|10-20%=3.442µs(n=200000)|20-30%=3.954µs(n=200000)|30-40%=4.145µs(n=200000)|40-50%=4.585µs(n=200000)|50-60%=4.617µs(n=200000)|60-70%=4.805µs(n=200000)|70-80%=5.217µs(n=200000)|80-90%=5.188µs(n=200000)|90-100%=5.348µs(n=200000)",502.38,641.23,11694883,0,0,"",0,0,0,0,"",0,0,0,0,0,0.00,0.00,0
avlhashtree,insert_only_build_5m,0,5000000,5000000,26634599504,5326,"0-10%=3.261µs(n=500000)|10-20%=4.341µs(n=500000)|20-30%=4.752µs(n=500000)|30-40%=5.281µs(n=500000)|40-50%=5.409µs(n=500000)|50-60%=5.788µs(n=500000)|60-70%=5.809µs(n=500000)|70-80%=5.977µs(n=500000)|80-90%=6.353µs(n=500000)|90-100%=6.296µs(n=500000)",1198.09,1603.12,27021407,0,0,"",0,0,0,0,"",0,0,0,0,0,0.00,0.00,0
avlhashtree,insert_only_build_10m,0,10000000,10000000,60557896647,6055,"0-10%=3.857µs(n=1000000)|10-20%=5.101µs(n=1000000)|20-30%=5.65µs(n=1000000)|30-40%=5.909µs(n=1000000)|40-50%=6.304µs(n=1000000)|50-60%=6.399µs(n=1000000)|60-70%=6.549µs(n=1000000)|70-80%=6.927µs(n=1000000)|80-90%=6.929µs(n=1000000)|90-100%=6.928µs(n=1000000)",2515.67,3206.41,58601915,0,0,"",0,0,0,0,"",0,0,0,0,0,0.00,0.00,0
avlhashtree,insert_only_build_25m,0,25000000,25000000,175054057962,7002,"0-10%=4.597µs(n=2500000)|10-20%=5.96µs(n=2500000)|20-30%=6.502µs(n=2500000)|30-40%=6.799µs(n=2500000)|40-50%=7.228µs(n=2500000)|50-60%=7.347µs(n=2500000)|60-70%=7.516µs(n=2500000)|70-80%=7.682µs(n=2500000)|80-90%=8.212µs(n=2500000)|90-100%=8.173µs(n=2500000)",6142.69,8017.11,140856781,0,0,"",0,0,0,0,"",0,0,0,0,0,0.00,0.00,0
avlhashtree,proof_only_after_10k_build_sample_5pct,10000,10000,0,0,0,"",0.00,0.00,0,393774,787,"0-10%=462ns(n=50)|10-20%=366ns(n=50)|20-30%=367ns(n=50)|30-40%=369ns(n=50)|40-50%=363ns(n=50)|50-60%=2.679µs(n=50)|60-70%=907ns(n=50)|70-80%=1.084µs(n=50)|80-90%=596ns(n=50)|90-100%=677ns(n=50)",1573,4309,0,0,"",0,0,0,0,0,0.00,0.00,0
avlhashtree,proof_only_after_50k_build_sample_5pct,50000,50000,0,0,0,"",0.00,0.00,0,1652611,661,"0-10%=503ns(n=250)|10-20%=497ns(n=250)|20-30%=510ns(n=250)|30-40%=748ns(n=250)|40-50%=580ns(n=250)|50-60%=1.16µs(n=250)|60-70%=652ns(n=250)|70-80%=587ns(n=250)|80-90%=641ns(n=250)|90-100%=726ns(n=250)",1857,4243,0,0,"",0,0,0,0,0,0.00,0.00,0
avlhashtree,proof_only_after_100k_build_sample_5pct,100000,100000,0,0,0,"",0.00,0.00,0,3456251,691,"0-10%=652ns(n=500)|10-20%=601ns(n=500)|20-30%=635ns(n=500)|30-40%=597ns(n=500)|40-50%=634ns(n=500)|50-60%=842ns(n=500)|60-70%=986ns(n=500)|70-80%=649ns(n=500)|80-90%=652ns(n=500)|90-100%=660ns(n=500)",1980,4334,0,0,"",0,0,0,0,0,0.00,0.00,0
avlhashtree,proof_only_after_200k_build_sample_5pct,200000,200000,0,0,0,"",0.00,0.00,0,9362671,936,"0-10%=759ns(n=1000)|10-20%=852ns(n=1000)|20-30%=929ns(n=1000)|30-40%=920ns(n=1000)|40-50%=996ns(n=1000)|50-60%=1.273µs(n=1000)|60-70%=910ns(n=1000)|70-80%=892ns(n=1000)|80-90%=917ns(n=1000)|90-100%=909ns(n=1000)",2097,4853,0,0,"",0,0,0,0,0,0.00,0.00,0
avlhashtree,proof_only_after_300k_build_sample_5pct,300000,300000,0,0,0,"",0.00,0.00,0,17980907,1198,"0-10%=869ns(n=1500)|10-20%=1.014µs(n=1500)|20-30%=1.152µs(n=1500)|30-40%=1.171µs(n=1500)|40-50%=1.222µs(n=1500)|50-60%=1.582µs(n=1500)|60-70%=1.053µs(n=1500)|70-80%=1.406µs(n=1500)|80-90%=1.286µs(n=1500)|90-100%=1.228µs(n=1500)",2170,5159,0,0,"",0,0,0,0,0,0.00,0.00,0
avlhashtree,proof_only_after_500k_build_sample_5pct,500000,500000,0,0,0,"",0.00,0.00,0,34430692,1377,"0-10%=1.121µs(n=2500)|10-20%=1.225µs(n=2500)|20-30%=1.339µs(n=2500)|30-40%=1.373µs(n=2500)|40-50%=1.397µs(n=2500)|50-60%=1.871µs(n=2500)|60-70%=1.307µs(n=2500)|70-80%=1.282µs(n=2500)|80-90%=1.337µs(n=2500)|90-100%=1.514µs(n=2500)",2259,5356,0,0,"",0,0,0,0,0,0.00,0.00,0
avlhashtree,proof_only_after_700k_build_sample_5pct,700000,700000,0,0,0,"",0.00,0.00,0,52529300,1500,"0-10%=1.213µs(n=3500)|10-20%=1.382µs(n=3500)|20-30%=1.418µs(n=3500)|30-40%=1.496µs(n=3500)|40-50%=1.473µs(n=3500)|50-60%=1.843µs(n=3500)|60-70%=1.541µs(n=3500)|70-80%=1.473µs(n=3500)|80-90%=1.547µs(n=3500)|90-100%=1.618µs(n=3500)",2321,5410,0,0,"",0,0,0,0,0,0.00,0.00,0
avlhashtree,proof_only_after_900k_build_sample_5pct,900000,900000,0,0,0,"",0.00,0.00,0,74320758,1651,"0-10%=1.405µs(n=4500)|10-20%=1.484µs(n=4500)|20-30%=1.548µs(n=4500)|30-40%=1.581µs(n=4500)|40-50%=1.658µs(n=4500)|50-60%=1.977µs(n=4500)|60-70%=1.654µs(n=4500)|70-80%=1.69µs(n=4500)|80-90%=1.777µs(n=4500)|90-100%=1.736µs(n=4500)",2364,5606,0,0,"",0,0,0,0,0,0.00,0.00,0
avlhashtree,proof_only_after_1m_build_sample_5pct,1000000,1000000,0,0,0,"",0.00,0.00,0,86201238,1724,"0-10%=1.364µs(n=5000)|10-20%=1.534µs(n=5000)|20-30%=1.603µs(n=5000)|30-40%=1.637µs(n=5000)|40-50%=1.641µs(n=5000)|50-60%=2.079µs(n=5000)|60-70%=1.714µs(n=5000)|70-80%=1.758µs(n=5000)|80-90%=1.951µs(n=5000)|90-100%=1.955µs(n=5000)",2381,5674,0,0,"",0,0,0,0,0,0.00,0.00,0
avlhashtree,prehashed_ordered_proof_only_after_1m_build_sample_5pct,1000000,1000000,0,0,0,"",0.00,0.00,0,51558043,1031,"0-10%=940ns(n=5000)|10-20%=1.065µs(n=5000)|20-30%=1.091µs(n=5000)|30-40%=1.08µs(n=5000)|40-50%=1.102µs(n=5000)|50-60%=1.253µs(n=5000)|60-70%=928ns(n=5000)|70-80%=948ns(n=5000)|80-90%=953ns(n=5000)|90-100%=946ns(n=5000)",2339,5324,0,0,"",0,0,0,0,0,0.00,0.00,0
avlhashtree,proof_only_after_2m_build_sample_3pct,2000000,2000000,0,0,0,"",0.00,0.00,0,128272701,2137,"0-10%=1.759µs(n=6000)|10-20%=1.874µs(n=6000)|20-30%=1.969µs(n=6000)|30-40%=2.05µs(n=6000)|40-50%=2.104µs(n=6000)|50-60%=2.095µs(n=6000)|60-70%=2.193µs(n=6000)|70-80%=2.183µs(n=6000)|80-90%=2.954µs(n=6000)|90-100%=2.193µs(n=6000)",2493,6376,0,0,"",0,0,0,0,0,0.00,0.00,0
avlhashtree,proof_only_after_5m_build_sample_3pct,5000000,5000000,0,0,0,"",0.00,0.00,0,363976489,2426,"0-10%=2.034µs(n=15000)|10-20%=2.139µs(n=15000)|20-30%=2.2µs(n=15000)|30-40%=2.2µs(n=15000)|40-50%=2.267µs(n=15000)|50-60%=2.285µs(n=15000)|60-70%=2.492µs(n=15000)|70-80%=2.835µs(n=15000)|80-90%=3.249µs(n=15000)|90-100%=2.558µs(n=15000)",2654,6698,0,0,"",0,0,0,0,0,0.00,0.00,0
avlhashtree,prehashed_ordered_proof_only_after_5m_build_sample_3pct,5000000,5000000,0,0,0,"",0.00,0.00,0,189647181,1264,"0-10%=1.16µs(n=15000)|10-20%=1.204µs(n=15000)|20-30%=1.243µs(n=15000)|30-40%=1.272µs(n=15000)|40-50%=1.269µs(n=15000)|50-60%=1.256µs(n=15000)|60-70%=1.243µs(n=15000)|70-80%=1.256µs(n=15000)|80-90%=1.489µs(n=15000)|90-100%=1.245µs(n=15000)",2622,6100,0,0,"",0,0,0,0,0,0.00,0.00,0
avlhashtree,proof_only_after_10m_build_sample_2pct,10000000,10000000,0,0,0,"",0.00,0.00,0,512938665,2564,"0-10%=2.299µs(n=20000)|10-20%=2.402µs(n=20000)|20-30%=2.462µs(n=20000)|30-40%=2.5µs(n=20000)|40-50%=2.479µs(n=20000)|50-60%=2.609µs(n=20000)|60-70%=2.61µs(n=20000)|70-80%=2.724µs(n=20000)|80-90%=2.696µs(n=20000)|90-100%=2.86µs(n=20000)",2775,6441,0,0,"",0,0,0,0,0,0.00,0.00,0
avlhashtree,proof_only_after_20m_build_sample_2pct,20000000,20000000,0,0,0,"",0.00,0.00,0,1381359329,3453,"0-10%=2.727µs(n=40000)|10-20%=3.299µs(n=40000)|20-30%=3.37µs(n=40000)|30-40%=3.441µs(n=40000)|40-50%=3.474µs(n=40000)|50-60%=3.551µs(n=40000)|60-70%=3.477µs(n=40000)|70-80%=3.589µs(n=40000)|80-90%=3.666µs(n=40000)|90-100%=3.935µs(n=40000)",2896,8693,0,0,"",0,0,0,0,0,0.00,0.00,0
avlhashtree,build_10k_then_add_2k_new,10000,12000,2000,4368916,2184,"0-10%=2.401µs(n=200)|10-20%=2.174µs(n=200)|20-30%=2.162µs(n=200)|30-40%=2.113µs(n=200)|40-50%=2.161µs(n=200)|50-60%=2.193µs(n=200)|60-70%=2.125µs(n=200)|70-80%=2.117µs(n=200)|80-90%=2.25µs(n=200)|90-100%=2.141µs(n=200)",0.65,0.65,67836,0,0,"",0,0,0,0,"",0,0,0,0,0,0.00,0.00,0
avlhashtree,build_50k_then_add_10k_new,50000,60000,10000,26823624,2682,"0-10%=2.791µs(n=1000)|10-20%=2.732µs(n=1000)|20-30%=2.646µs(n=1000)|30-40%=2.585µs(n=1000)|40-50%=2.742µs(n=1000)|50-60%=2.62µs(n=1000)|60-70%=2.784µs(n=1000)|70-80%=2.571µs(n=1000)|80-90%=2.709µs(n=1000)|90-100%=2.637µs(n=1000)",3.22,3.22,335849,0,0,"",0,0,0,0,"",0,0,0,0,0,0.00,0.00,0
avlhashtree,build_100k_then_add_20k_new,100000,120000,20000,58786274,2939,"0-10%=3.068µs(n=2000)|10-20%=3.023µs(n=2000)|20-30%=2.92µs(n=2000)|30-40%=2.928µs(n=2000)|40-50%=2.921µs(n=2000)|50-60%=2.906µs(n=2000)|60-70%=2.945µs(n=2000)|70-80%=2.896µs(n=2000)|80-90%=2.847µs(n=2000)|90-100%=2.934µs(n=2000)",6.42,6.42,670848,0,0,"",0,0,0,0,"",0,0,0,0,0,0.00,0.00,0
avlhashtree,build_200k_then_add_40k_new,200000,240000,40000,133370422,3334,"0-10%=3.428µs(n=4000)|10-20%=3.298µs(n=4000)|20-30%=3.269µs(n=4000)|30-40%=3.188µs(n=4000)|40-50%=3.337µs(n=4000)|50-60%=3.334µs(n=4000)|60-70%=3.339µs(n=4000)|70-80%=3.358µs(n=4000)|80-90%=3.409µs(n=4000)|90-100%=3.377µs(n=4000)",12.85,12.85,1340862,0,0,"",0,0,0,0,"",0,0,0,0,0,0.00,0.00,0
avlhashtree,build_300k_then_add_60k_new,300000,360000,60000,226381909,3773,"0-10%=4.337µs(n=6000)|10-20%=3.941µs(n=6000)|20-30%=3.768µs(n=6000)|30-40%=3.735µs(n=6000)|40-50%=3.678µs(n=6000)|50-60%=3.659µs(n=6000)|60-70%=3.662µs(n=6000)|70-80%=3.655µs(n=6000)|80-90%=3.638µs(n=6000)|90-100%=3.653µs(n=6000)",19.26,19.26,2010875,0,0,"",0,0,0,0,"",0,0,0,0,0,0.00,0.00,0
avlhashtree,build_500k_then_add_100k_new,500000,600000,100000,411804458,4118,"0-10%=4.648µs(n=10000)|10-20%=4.309µs(n=10000)|20-30%=4.113µs(n=10000)|30-40%=4.072µs(n=10000)|40-50%=4.029µs(n=10000)|50-60%=4.008µs(n=10000)|60-70%=3.993µs(n=10000)|70-80%=3.991µs(n=10000)|80-90%=4.01µs(n=10000)|90-100%=4.002µs(n=10000)",32.08,32.08,3350882,0,0,"",0,0,0,0,"",0,0,0,0,0,0.00,0.00,0
avlhashtree,build_700k_then_add_140k_new,700000,840000,140000,651225377,4651,"0-10%=5.253µs(n=14000)|10-20%=4.891µs(n=14000)|20-30%=4.613µs(n=14000)|30-40%=4.501µs(n=14000)|40-50%=4.509µs(n=14000)|50-60%=4.46µs(n=14000)|60-70%=4.828µs(n=14000)|70-80%=4.512µs(n=14000)|80-90%=4.468µs(n=14000)|90-100%=4.477µs(n=14000)",44.90,44.90,4690887,0,0,"",0,0,0,0,"",0,0,0,0,0,0.00,0.00,0
avlhashtree,build_900k_then_add_180k_new,900000,1080000,180000,856558644,4758,"0-10%=5.673µs(n=18000)|10-20%=5.068µs(n=18000)|20-30%=4.692µs(n=18000)|30-40%=4.607µs(n=18000)|40-50%=4.589µs(n=18000)|50-60%=4.583µs(n=18000)|60-70%=4.577µs(n=18000)|70-80%=4.574µs(n=18000)|80-90%=4.579µs(n=18000)|90-100%=4.639µs(n=18000)",57.73,57.73,6030895,0,0,"",0,0,0,0,"",0,0,0,0,0,0.00,0.00,0
avlhashtree,build_1m_then_add_200k_new,1000000,1200000,200000,964174595,4820,"0-10%=5.474µs(n=20000)|10-20%=5.117µs(n=20000)|20-30%=4.924µs(n=20000)|30-40%=4.679µs(n=20000)|40-50%=4.621µs(n=20000)|50-60%=4.611µs(n=20000)|60-70%=4.638µs(n=20000)|70-80%=4.702µs(n=20000)|80-90%=4.728µs(n=20000)|90-100%=4.71µs(n=20000)",64.14,64.14,6700898,0,0,"",0,0,0,0,"",0,0,0,0,0,0.00,0.00,0
avlhashtree,build_2m_then_add_400k_new,2000000,2400000,400000,2281165973,5702,"0-10%=6.299µs(n=40000)|10-20%=5.847µs(n=40000)|20-30%=5.716µs(n=40000)|30-40%=5.581µs(n=40000)|40-50%=5.594µs(n=40000)|50-60%=5.597µs(n=40000)|60-70%=5.577µs(n=40000)|70-80%=5.557µs(n=40000)|80-90%=5.611µs(n=40000)|90-100%=5.646µs(n=40000)",128.27,128.27,13400919,0,0,"",0,0,0,0,"",0,0,0,0,0,0.00,0.00,0
avlhashtree,build_5m_then_add_1m_new,5000000,6000000,1000000,6533518896,6533,"0-10%=6.832µs(n=100000)|10-20%=6.656µs(n=100000)|20-30%=6.598µs(n=100000)|30-40%=6.405µs(n=100000)|40-50%=6.377µs(n=100000)|50-60%=6.396µs(n=100000)|60-70%=6.404µs(n=100000)|70-80%=6.511µs(n=100000)|80-90%=6.532µs(n=100000)|90-100%=6.619µs(n=100000)",320.68,320.68,33500948,0,0,"",0,0,0,0,"",0,0,0,0,0,0.00,0.00,0
avlhashtree,build_10m_then_add_2m_new,10000000,12000000,2000000,14473073132,7236,"0-10%=7.538µs(n=200000)|10-20%=7.382µs(n=200000)|20-30%=7.166µs(n=200000)|30-40%=7.241µs(n=200000)|40-50%=7.154µs(n=200000)|50-60%=7.113µs(n=200000)|60-70%=7.16µs(n=200000)|70-80%=7.137µs(n=200000)|80-90%=7.319µs(n=200000)|90-100%=7.15µs(n=200000)",641.38,641.38,67000983,0,0,"",0,0,0,0,"",0,0,0,0,0,0.00,0.00,0
avlhashtree,build_20m_then_add_5m_new,20000000,25000000,5000000,41373402924,8274,"0-10%=8.267µs(n=500000)|10-20%=8.118µs(n=500000)|20-30%=8.193µs(n=500000)|30-40%=8.167µs(n=500000)|40-50%=8.201µs(n=500000)|50-60%=8.343µs(n=500000)|60-70%=8.386µs(n=500000)|70-80%=8.38µs(n=500000)|80-90%=8.33µs(n=500000)|90-100%=8.357µs(n=500000)",1603.71,1603.71,142501128,0,0,"",0,0,0,0,"",0,0,0,0,0,0.00,0.00,0
avlhashtree,build_10k_then_reinsert_2k_existing,10000,10000,2000,3305472,1652,"0-10%=1.542µs(n=200)|10-20%=1.527µs(n=200)|20-30%=1.607µs(n=200)|30-40%=1.615µs(n=200)|40-50%=1.591µs(n=200)|50-60%=1.875µs(n=200)|60-70%=1.691µs(n=200)|70-80%=1.666µs(n=200)|80-90%=1.686µs(n=200)|90-100%=1.722µs(n=200)",0.35,0.35,63905,0,0,"",0,0,0,0,"",0,0,0,0,0,0.00,0.00,0
avlhashtree,build_50k_then_reinsert_10k_existing,50000,50000,10000,20453611,2045,"0-10%=1.786µs(n=1000)|10-20%=1.962µs(n=1000)|20-30%=1.952µs(n=1000)|30-40%=2.11µs(n=1000)|40-50%=2.025µs(n=1000)|50-60%=2.077µs(n=1000)|60-70%=2.207µs(n=1000)|70-80%=2.082µs(n=1000)|80-90%=2.067µs(n=1000)|90-100%=2.18µs(n=1000)",1.69,1.69,315919,0,0,"",0,0,0,0,"",0,0,0,0,0,0.00,0.00,0
avlhashtree,build_100k_then_reinsert_20k_existing,100000,100000,20000,44081678,2204,"0-10%=1.95µs(n=2000)|10-20%=2.085µs(n=2000)|20-30%=2.151µs(n=2000)|30-40%=2.192µs(n=2000)|40-50%=2.236µs(n=2000)|50-60%=2.24µs(n=2000)|60-70%=2.283µs(n=2000)|70-80%=2.275µs(n=2000)|80-90%=2.295µs(n=2000)|90-100%=2.327µs(n=2000)",3.37,3.37,630928,0,0,"",0,0,0,0,"",0,0,0,0,0,0.00,0.00,0
avlhashtree,build_200k_then_reinsert_40k_existing,200000,200000,40000,108949183,2723,"0-10%=2.468µs(n=4000)|10-20%=2.665µs(n=4000)|20-30%=2.72µs(n=4000)|30-40%=2.715µs(n=4000)|40-50%=2.7µs(n=4000)|50-60%=2.757µs(n=4000)|60-70%=2.754µs(n=4000)|70-80%=2.811µs(n=4000)|80-90%=2.818µs(n=4000)|90-100%=2.825µs(n=4000)",6.74,6.74,1260941,0,0,"",0,0,0,0,"",0,0,0,0,0,0.00,0.00,0
avlhashtree,build_300k_then_reinsert_60k_existing,300000,300000,60000,169947779,2832,"0-10%=2.499µs(n=6000)|10-20%=2.627µs(n=6000)|20-30%=2.735µs(n=6000)|30-40%=2.808µs(n=6000)|40-50%=2.851µs(n=6000)|50-60%=2.897µs(n=6000)|60-70%=2.932µs(n=6000)|70-80%=2.957µs(n=6000)|80-90%=2.979µs(n=6000)|90-100%=3.036µs(n=6000)",10.10,10.10,1890948,0,0,"",0,0,0,0,"",0,0,0,0,0,0.00,0.00,0
avlhashtree,build_500k_then_reinsert_100k_existing,500000,500000,100000,318955092,3189,"0-10%=2.828µs(n=10000)|10-20%=3.004µs(n=10000)|20-30%=3.077µs(n=10000)|30-40%=3.158µs(n=10000)|40-50%=3.215µs(n=10000)|50-60%=3.295µs(n=10000)|60-70%=3.301µs(n=10000)|70-80%=3.316µs(n=10000)|80-90%=3.336µs(n=10000)|90-100%=3.36µs(n=10000)",16.82,16.82,3150956,0,0,"",0,0,0,0,"",0,0,0,0,0,0.00,0.00,0
avlhashtree,build_700k_then_reinsert_140k_existing,700000,700000,140000,495503610,3539,"0-10%=3.249µs(n=14000)|10-20%=3.407µs(n=14000)|20-30%=3.53µs(n=14000)|30-40%=3.457µs(n=14000)|40-50%=3.517µs(n=14000)|50-60%=3.566µs(n=14000)|60-70%=3.557µs(n=14000)|70-80%=3.574µs(n=14000)|80-90%=3.869µs(n=14000)|90-100%=3.663µs(n=14000)",23.54,23.54,4410964,0,0,"",0,0,0,0,"",0,0,0,0,0,0.00,0.00,0
avlhashtree,build_900k_then_reinsert_180k_existing,900000,900000,180000,664938848,3694,"0-10%=3.453µs(n=18000)|10-20%=3.638µs(n=18000)|20-30%=3.552µs(n=18000)|30-40%=3.828µs(n=18000)|40-50%=3.671µs(n=18000)|50-60%=3.701µs(n=18000)|60-70%=3.741µs(n=18000)|70-80%=3.768µs(n=18000)|80-90%=3.779µs(n=18000)|90-100%=3.805µs(n=18000)",30.25,30.25,5670968,0,0,"",0,0,0,0,"",0,0,0,0,0,0.00,0.00,0
avlhashtree,build_1m_then_reinsert_200k_existing,1000000,1000000,200000,768766451,3843,"0-10%=3.515µs(n=20000)|10-20%=3.732µs(n=20000)|20-30%=3.873µs(n=20000)|30-40%=3.814µs(n=20000)|40-50%=3.785µs(n=20000)|50-60%=3.843µs(n=20000)|60-70%=3.926µs(n=20000)|70-80%=3.946µs(n=20000)|80-90%=3.988µs(n=20000)|90-100%=4.011µs(n=20000)",33.61,33.61,6300975,0,0,"",0,0,0,0,"",0,0,0,0,0,0.00,0.00,0
avlhashtree,prehashed_ordered_build_1m_then_reinsert_200k_existing,1000000,1000000,200000,482715434,2413,"0-10%=2.64µs(n=20000)|10-20%=2.401µs(n=20000)|20-30%=2.38µs(n=20000)|30-40%=2.378µs(n=20000)|40-50%=2.379µs(n=20000)|50-60%=2.382µs(n=20000)|60-70%=2.386µs(n=20000)|70-80%=2.414µs(n=20000)|80-90%=2.391µs(n=20000)|90-100%=2.381µs(n=20000)",21.39,21.39,5900993,0,0,"",0,0,0,0,"",0,0,0,0,0,0.00,0.00,0
avlhashtree,build_2m_then_reinsert_400k_existing,2000000,2000000,400000,1695594816,4238,"0-10%=3.864µs(n=40000)|10-20%=4.089µs(n=40000)|20-30%=4.146µs(n=40000)|30-40%=4.127µs(n=40000)|40-50%=4.299µs(n=40000)|50-60%=4.255µs(n=40000)|60-70%=4.318µs(n=40000)|70-80%=4.333µs(n=40000)|80-90%=4.477µs(n=40000)|90-100%=4.477µs(n=40000)",67.22,67.22,12600987,0,0,"",0,0,0,0,"",0,0,0,0,0,0.00,0.00,0
avlhashtree,build_5m_then_reinsert_1m_existing,5000000,5000000,1000000,5095695132,5095,"0-10%=4.401µs(n=100000)|10-20%=4.634µs(n=100000)|20-30%=4.973µs(n=100000)|30-40%=4.994µs(n=100000)|40-50%=5.144µs(n=100000)|50-60%=5.168µs(n=100000)|60-70%=5.436µs(n=100000)|70-80%=5.371µs(n=100000)|80-90%=5.391µs(n=100000)|90-100%=5.44µs(n=100000)",168.04,168.04,31501018,0,0,"",0,0,0,0,"",0,0,0,0,0,0.00,0.00,0
avlhashtree,prehashed_ordered_build_5m_then_reinsert_1m_existing,5000000,5000000,1000000,2681015342,2681,"0-10%=2.869µs(n=100000)|10-20%=2.776µs(n=100000)|20-30%=2.636µs(n=100000)|30-40%=2.642µs(n=100000)|40-50%=2.628µs(n=100000)|50-60%=2.634µs(n=100000)|60-70%=2.628µs(n=100000)|70-80%=2.674µs(n=100000)|80-90%=2.665µs(n=100000)|90-100%=2.653µs(n=100000)",106.91,106.91,29501008,0,0,"",0,0,0,0,"",0,0,0,0,0,0.00,0.00,0
avlhashtree,build_10m_then_reinsert_2m_existing,10000000,10000000,2000000,11743871553,5871,"0-10%=4.823µs(n=200000)|10-20%=5.508µs(n=200000)|20-30%=5.812µs(n=200000)|30-40%=5.751µs(n=200000)|40-50%=5.918µs(n=200000)|50-60%=5.941µs(n=200000)|60-70%=6.149µs(n=200000)|70-80%=6.241µs(n=200000)|80-90%=6.292µs(n=200000)|90-100%=6.278µs(n=200000)",336.11,336.11,63001053,0,0,"",0,0,0,0,"",0,0,0,0,0,0.00,0.00,0
avlhashtree,build_25m_then_reinsert_5m_existing,25000000,25000000,5000000,35052346570,7010,"0-10%=5.745µs(n=500000)|10-20%=6.415µs(n=500000)|20-30%=6.764µs(n=500000)|30-40%=6.893µs(n=500000)|40-50%=6.999µs(n=500000)|50-60%=7.187µs(n=500000)|60-70%=7.41µs(n=500000)|70-80%=7.427µs(n=500000)|80-90%=7.653µs(n=500000)|90-100%=7.605µs(n=500000)",840.39,840.39,157501148,0,0,"",0,0,0,0,"",0,0,0,0,0,0.00,0.00,0
avlhashtree,build_10k,0,10000,10000,23844273,2384,"0-10%=1.85µs(n=1000)|10-20%=2.149µs(n=1000)|20-30%=2.19µs(n=1000)|30-40%=2.272µs(n=1000)|40-50%=2.387µs(n=1000)|50-60%=2.408µs(n=1000)|60-70%=3.109µs(n=1000)|70-80%=2.437µs(n=1000)|80-90%=2.542µs(n=1000)|90-100%=2.494µs(n=1000)",2.57,3.23,61318,51478,514,"0-10%=575ns(n=10)|10-20%=465ns(n=10)|20-30%=389ns(n=10)|30-40%=656ns(n=10)|40-50%=463ns(n=10)|50-60%=418ns(n=10)|60-70%=403ns(n=10)|70-80%=444ns(n=10)|80-90%=865ns(n=10)|90-100%=466ns(n=10)",1553,3502,0,0,"",0,0,0,0,0,0.00,0.00,0
avlhashtree,build_50k,0,50000,50000,132397733,2647,"0-10%=2.165µs(n=5000)|10-20%=2.641µs(n=5000)|20-30%=2.588µs(n=5000)|30-40%=2.809µs(n=5000)|40-50%=2.714µs(n=5000)|50-60%=2.811µs(n=5000)|60-70%=2.899µs(n=5000)|70-80%=2.542µs(n=5000)|80-90%=2.62µs(n=5000)|90-100%=2.684µs(n=5000)",13.09,16.09,312769,494109,988,"0-10%=541ns(n=50)|10-20%=823ns(n=50)|20-30%=505ns(n=50)|30-40%=1.084µs(n=50)|40-50%=567ns(n=50)|50-60%=560ns(n=50)|60-70%=567ns(n=50)|70-80%=578ns(n=50)|80-90%=2.286µs(n=50)|90-100%=2.369µs(n=50)",1870,5847,0,0,"",0,0,0,0,0,0.00,0.00,0
avlhashtree,build_100k,0,100000,100000,271761026,2717,"0-10%=2.384µs(n=10000)|10-20%=2.625µs(n=10000)|20-30%=2.557µs(n=10000)|30-40%=2.649µs(n=10000)|40-50%=2.593µs(n=10000)|50-60%=2.759µs(n=10000)|60-70%=2.648µs(n=10000)|70-80%=2.779µs(n=10000)|80-90%=2.972µs(n=10000)|90-100%=3.206µs(n=10000)",22.99,32.09,504954,947917,947,"0-10%=508ns(n=100)|10-20%=522ns(n=100)|20-30%=683ns(n=100)|30-40%=1.407µs(n=100)|40-50%=803ns(n=100)|50-60%=764ns(n=100)|60-70%=814ns(n=100)|70-80%=1.372µs(n=100)|80-90%=1.083µs(n=100)|90-100%=1.518µs(n=100)",1968,5676,0,0,"",0,0,0,0,0,0.00,0.00,0
avlhashtree,build_200k,0,200000,200000,578047590,2890,"0-10%=2.284µs(n=20000)|10-20%=2.523µs(n=20000)|20-30%=2.7µs(n=20000)|30-40%=2.69µs(n=20000)|40-50%=2.8µs(n=20000)|50-60%=2.903µs(n=20000)|60-70%=3.084µs(n=20000)|70-80%=3.281µs(n=20000)|80-90%=3.411µs(n=20000)|90-100%=3.222µs(n=20000)",47.85,64.14,1081591,2460428,1230,"0-10%=814ns(n=200)|10-20%=1.206µs(n=200)|20-30%=1.125µs(n=200)|30-40%=1.22µs(n=200)|40-50%=1.191µs(n=200)|50-60%=984ns(n=200)|60-70%=1.559µs(n=200)|70-80%=1.304µs(n=200)|80-90%=1.471µs(n=200)|90-100%=1.423µs(n=200)",2104,6537,0,0,"",0,0,0,0,0,0.00,0.00,0
avlhashtree,build_300k,0,300000,300000,926280081,3087,"0-10%=2.399µs(n=30000)|10-20%=2.678µs(n=30000)|20-30%=2.753µs(n=30000)|30-40%=2.92µs(n=30000)|40-50%=3.01µs(n=30000)|50-60%=3.18µs(n=30000)|60-70%=3.129µs(n=30000)|70-80%=3.343µs(n=30000)|80-90%=3.688µs(n=30000)|90-100%=3.771µs(n=30000)",79.82,96.20,1928067,4327522,1442,"0-10%=1.435µs(n=300)|10-20%=1.963µs(n=300)|20-30%=799ns(n=300)|30-40%=932ns(n=300)|40-50%=1.462µs(n=300)|50-60%=1.445µs(n=300)|60-70%=1.713µs(n=300)|70-80%=1.71µs(n=300)|80-90%=1.35µs(n=300)|90-100%=1.611µs(n=300)",2174,6984,0,0,"",0,0,0,0,0,0.00,0.00,0
avlhashtree,build_500k,0,500000,500000,1711361940,3422,"0-10%=2.439µs(n=50000)|10-20%=2.827µs(n=50000)|20-30%=2.958µs(n=50000)|30-40%=3.139µs(n=50000)|40-50%=3.347µs(n=50000)|50-60%=3.556µs(n=50000)|60-70%=3.498µs(n=50000)|70-80%=3.811µs(n=50000)|80-90%=3.923µs(n=50000)|90-100%=4.727µs(n=50000)",114.63,160.31,2510417,8359300,1671,"0-10%=949ns(n=500)|10-20%=1.13µs(n=500)|20-30%=1.474µs(n=500)|30-40%=1.85µs(n=500)|40-50%=1.672µs(n=500)|50-60%=1.793µs(n=500)|60-70%=1.95µs(n=500)|70-80%=1.945µs(n=500)|80-90%=1.879µs(n=500)|90-100%=2.072µs(n=500)",2261,7155,0,0,"",0,0,0,0,0,0.00,0.00,0
avlhashtree,build_700k,0,700000,700000,2531704245,3616,"0-10%=2.578µs(n=70000)|10-20%=2.978µs(n=70000)|20-30%=3.171µs(n=70000)|30-40%=3.356µs(n=70000)|40-50%=3.544µs(n=70000)|50-60%=3.646µs(n=70000)|60-70%=3.954µs(n=70000)|70-80%=4.212µs(n=70000)|80-90%=4.331µs(n=70000)|90-100%=4.391µs(n=70000)",177.55,224.43,4165189,12209610,1744,"0-10%=1.214µs(n=700)|10-20%=1.434µs(n=700)|20-30%=1.608µs(n=700)|30-40%=1.624µs(n=700)|40-50%=1.701µs(n=700)|50-60%=1.668µs(n=700)|60-70%=1.768µs(n=700)|70-80%=1.707µs(n=700)|80-90%=2.026µs(n=700)|90-100%=2.686µs(n=700)",2313,8148,0,0,"",0,0,0,0,0,0.00,0.00,0
avlhashtree,build_900k,0,900000,900000,3406675830,3785,"0-10%=2.639µs(n=90000)|10-20%=3.088µs(n=90000)|20-30%=3.27µs(n=90000)|30-40%=3.541µs(n=90000)|40-50%=3.703µs(n=90000)|50-60%=4.203µs(n=90000)|60-70%=4.233µs(n=90000)|70-80%=4.125µs(n=90000)|80-90%=4.271µs(n=90000)|90-100%=4.774µs(n=90000)",210.84,288.54,4691684,16071038,1785,"0-10%=1.073µs(n=900)|10-20%=1.465µs(n=900)|20-30%=1.786µs(n=900)|30-40%=1.918µs(n=900)|40-50%=1.753µs(n=900)|50-60%=1.958µs(n=900)|60-70%=1.983µs(n=900)|70-80%=1.866µs(n=900)|80-90%=2.052µs(n=900)|90-100%=1.998µs(n=900)",2364,6938,0,0,"",0,0,0,0,0,0.00,0.00,0
avlhashtree,build_1m,0,1000000,1000000,3848107202,3848,"0-10%=2.655µs(n=100000)|10-20%=3.091µs(n=100000)|20-30%=3.334µs(n=100000)|30-40%=3.628µs(n=100000)|40-50%=3.857µs(n=100000)|50-60%=4.129µs(n=100000)|60-70%=4.197µs(n=100000)|70-80%=4.255µs(n=100000)|80-90%=4.661µs(n=100000)|90-100%=4.669µs(n=100000)",240.25,320.60,5440142,18203076,1820,"0-10%=996ns(n=1000)|10-20%=1.408µs(n=1000)|20-30%=1.696µs(n=1000)|30-40%=1.981µs(n=1000)|40-50%=2.217µs(n=1000)|50-60%=1.878µs(n=1000)|60-70%=1.776µs(n=1000)|70-80%=2.1µs(n=1000)|80-90%=2.124µs(n=1000)|90-100%=2.022µs(n=1000)",2382,7270,0,0,"",0,0,0,0,0,0.00,0.00,0
avlhashtree,build_2m,0,2000000,2000000,9254835471,4627,"0-10%=2.892µs(n=200000)|10-20%=3.529µs(n=200000)|20-30%=4.006µs(n=200000)|30-40%=4.257µs(n=200000)|40-50%=4.746µs(n=200000)|50-60%=5.032µs(n=200000)|60-70%=5.335µs(n=200000)|70-80%=5.479µs(n=200000)|80-90%=5.423µs(n=200000)|90-100%=5.569µs(n=200000)",508.98,641.24,11966327,49340046,2467,"0-10%=1.635µs(n=2000)|10-20%=2.199µs(n=2000)|20-30%=2.067µs(n=2000)|30-40%=2.129µs(n=2000)|40-50%=2.55µs(n=2000)|50-60%=2.552µs(n=2000)|60-70%=2.561µs(n=2000)|70-80%=2.681µs(n=2000)|80-90%=3.972µs(n=2000)|90-100%=2.32µs(n=2000)",2493,8722,0,0,"",0,0,0,0,0,0.00,0.00,0
avlhashtree,build_5m,0,5000000,5000000,28946180401,5789,"0-10%=3.418µs(n=500000)|10-20%=4.502µs(n=500000)|20-30%=5.042µs(n=500000)|30-40%=5.304µs(n=500000)|40-50%=6.436µs(n=500000)|50-60%=6.403µs(n=500000)|60-70%=6.808µs(n=500000)|70-80%=6.963µs(n=500000)|80-90%=6.574µs(n=500000)|90-100%=6.437µs(n=500000)",1330.84,1603.14,32099042,145766811,2915,"0-10%=3.781µs(n=5000)|10-20%=2.415µs(n=5000)|20-30%=2.273µs(n=5000)|30-40%=2.868µs(n=5000)|40-50%=2.814µs(n=5000)|50-60%=2.846µs(n=5000)|60-70%=3.001µs(n=5000)|70-80%=2.919µs(n=5000)|80-90%=3.084µs(n=5000)|90-100%=3.149µs(n=5000)",2653,9006,0,0,"",0,0,0,0,0,0.00,0.00,0
avlhashtree,build_10m,0,10000000,10000000,66631750257,6663,"0-10%=3.975µs(n=1000000)|10-20%=5.708µs(n=1000000)|20-30%=6.467µs(n=1000000)|30-40%=6.646µs(n=1000000)|40-50%=7.285µs(n=1000000)|50-60%=6.829µs(n=1000000)|60-70%=7.078µs(n=1000000)|70-80%=7.347µs(n=1000000)|80-90%=7.674µs(n=1000000)|90-100%=7.618µs(n=1000000)",2419.89,3206.51,54921398,339507828,3395,"0-10%=2.435µs(n=10000)|10-20%=3.045µs(n=10000)|20-30%=3.808µs(n=10000)|30-40%=3.47µs(n=10000)|40-50%=3.391µs(n=10000)|50-60%=3.476µs(n=10000)|60-70%=3.338µs(n=10000)|70-80%=3.556µs(n=10000)|80-90%=3.623µs(n=10000)|90-100%=3.802µs(n=10000)",2776,8827,0,0,"",0,0,0,0,0,0.00,0.00,0
avlhashtree,build_25m,0,25000000,25000000,203915381435,8156,"0-10%=5.02µs(n=2500000)|10-20%=6.463µs(n=2500000)|20-30%=7.069µs(n=2500000)|30-40%=8.153µs(n=2500000)|40-50%=8.601µs(n=2500000)|50-60%=8.786µs(n=2500000)|60-70%=8.807µs(n=2500000)|70-80%=9.337µs(n=2500000)|80-90%=9.366µs(n=2500000)|90-100%=9.959µs(n=2500000)",5747.93,8017.69,125712467,1032404187,4129,"0-10%=2.784µs(n=25000)|10-20%=3.52µs(n=25000)|20-30%=4.036µs(n=25000)|30-40%=4.266µs(n=25000)|40-50%=4.212µs(n=25000)|50-60%=4.299µs(n=25000)|60-70%=4.46µs(n=25000)|70-80%=4.456µs(n=25000)|80-90%=4.583µs(n=25000)|90-100%=4.674µs(n=25000)",2935,8968,0,0,"",0,0,0,0,0,0.00,0.00,0
avlhashtree,prehashed_ordered_build_10k,0,10000,10000,19554058,1955,"0-10%=1.489µs(n=1000)|10-20%=1.722µs(n=1000)|20-30%=1.822µs(n=1000)|30-40%=1.789µs(n=1000)|40-50%=1.921µs(n=1000)|50-60%=1.909µs(n=1000)|60-70%=2.835µs(n=1000)|70-80%=1.911µs(n=1000)|80-90%=2.044µs(n=1000)|90-100%=2.105µs(n=1000)",2.21,2.61,60388,60636,606,"0-10%=502ns(n=10)|10-20%=334ns(n=10)|20-30%=283ns(n=10)|30-40%=333ns(n=10)|40-50%=2.751µs(n=10)|50-60%=532ns(n=10)|60-70%=334ns(n=10)|70-80%=341ns(n=10)|80-90%=322ns(n=10)|90-100%=329ns(n=10)",1555,3175,0,0,"",0,0,0,0,0,0.00,0.00,0
avlhashtree,prehashed_ordered_build_50k,0,50000,50000,112067575,2241,"0-10%=1.881µs(n=5000)|10-20%=1.972µs(n=5000)|20-30%=2.103µs(n=5000)|30-40%=2.39µs(n=5000)|40-50%=2.212µs(n=5000)|50-60%=2.236µs(n=5000)|60-70%=2.268µs(n=5000)|70-80%=2.267µs(n=5000)|80-90%=2.797µs(n=5000)|90-100%=2.283µs(n=5000)",10.38,13.01,270073,244425,488,"0-10%=480ns(n=50)|10-20%=470ns(n=50)|20-30%=476ns(n=50)|30-40%=424ns(n=50)|40-50%=493ns(n=50)|50-60%=491ns(n=50)|60-70%=421ns(n=50)|70-80%=448ns(n=50)|80-90%=506ns(n=50)|90-100%=674ns(n=50)",1826,3917,0,0,"",0,0,0,0,0,0.00,0.00,0
avlhashtree,prehashed_ordered_build_100k,0,100000,100000,232632809,2326,"0-10%=1.962µs(n=10000)|10-20%=2.103µs(n=10000)|20-30%=2.177µs(n=10000)|30-40%=2.377µs(n=10000)|40-50%=2.301µs(n=10000)|50-60%=2.299µs(n=10000)|60-70%=2.356µs(n=10000)|70-80%=2.674µs(n=10000)|80-90%=2.518µs(n=10000)|90-100%=2.491µs(n=10000)",21.17,25.98,555976,781938,781,"0-10%=722ns(n=100)|10-20%=841ns(n=100)|20-30%=788ns(n=100)|30-40%=975ns(n=100)|40-50%=786ns(n=100)|50-60%=788ns(n=100)|60-70%=700ns(n=100)|70-80%=591ns(n=100)|80-90%=764ns(n=100)|90-100%=861ns(n=100)",1950,4200,0,0,"",0,0,0,0,0,0.00,0.00,0
avlhashtree,prehashed_ordered_build_200k,0,200000,200000,495833385,2479,"0-10%=2.043µs(n=20000)|10-20%=2.326µs(n=20000)|20-30%=2.353µs(n=20000)|30-40%=2.437µs(n=20000)|40-50%=2.565µs(n=20000)|50-60%=2.506µs(n=20000)|60-70%=2.597µs(n=20000)|70-80%=2.67µs(n=20000)|80-90%=2.664µs(n=20000)|90-100%=2.627µs(n=20000)",45.81,51.92,1254179,2318059,1159,"0-10%=1.542µs(n=200)|10-20%=1.404µs(n=200)|20-30%=1.727µs(n=200)|30-40%=2.01µs(n=200)|40-50%=777ns(n=200)|50-60%=804ns(n=200)|60-70%=891ns(n=200)|70-80%=766ns(n=200)|80-90%=880ns(n=200)|90-100%=786ns(n=200)",2075,5823,0,0,"",0,0,0,0,0,0.00,0.00,0
avlhashtree,prehashed_ordered_build_300k,0,300000,300000,775265576,2584,"0-10%=2.165µs(n=30000)|10-20%=2.415µs(n=30000)|20-30%=2.497µs(n=30000)|30-40%=2.588µs(n=30000)|40-50%=2.641µs(n=30000)|50-60%=2.638µs(n=30000)|60-70%=2.657µs(n=30000)|70-80%=2.656µs(n=30000)|80-90%=2.682µs(n=30000)|90-100%=2.899µs(n=30000)",60.88,77.87,1558521,3502577,1167,"0-10%=979ns(n=300)|10-20%=1.099µs(n=300)|20-30%=1.077µs(n=300)|30-40%=1.221µs(n=300)|40-50%=1.234µs(n=300)|50-60%=1.257µs(n=300)|60-70%=1.371µs(n=300)|70-80%=1.056µs(n=300)|80-90%=1.216µs(n=300)|90-100%=1.16µs(n=300)",2140,4845,0,0,"",0,0,0,0,0,0.00,0.00,0
avlhashtree,prehashed_ordered_build_500k,0,500000,500000,1342882809,2685,"0-10%=2.243µs(n=50000)|10-20%=2.513µs(n=50000)|20-30%=2.589µs(n=50000)|30-40%=2.749µs(n=50000)|40-50%=2.774µs(n=50000)|50-60%=2.756µs(n=50000)|60-70%=2.796µs(n=50000)|70-80%=2.765µs(n=50000)|80-90%=2.756µs(n=50000)|90-100%=2.912µs(n=50000)",99.78,129.78,2528631,6667267,1333,"0-10%=1.197µs(n=500)|10-20%=1.256µs(n=500)|20-30%=1.181µs(n=500)|30-40%=1.421µs(n=500)|40-50%=1.378µs(n=500)|50-60%=1.285µs(n=500)|60-70%=1.201µs(n=500)|70-80%=1.41µs(n=500)|80-90%=1.526µs(n=500)|90-100%=1.475µs(n=500)",2220,5334,0,0,"",0,0,0,0,0,0.00,0.00,0
avlhashtree,prehashed_ordered_build_700k,0,700000,700000,1960602181,2800,"0-10%=2.322µs(n=70000)|10-20%=2.656µs(n=70000)|20-30%=2.744µs(n=70000)|30-40%=2.806µs(n=70000)|40-50%=2.882µs(n=70000)|50-60%=2.864µs(n=70000)|60-70%=2.845µs(n=70000)|70-80%=2.891µs(n=70000)|80-90%=2.9µs(n=70000)|90-100%=3.095µs(n=70000)",140.52,181.67,3573492,10862070,1551,"0-10%=1.386µs(n=700)|10-20%=1.553µs(n=700)|20-30%=1.58µs(n=700)|30-40%=1.589µs(n=700)|40-50%=1.484µs(n=700)|50-60%=1.629µs(n=700)|60-70%=1.566µs(n=700)|70-80%=1.51µs(n=700)|80-90%=1.562µs(n=700)|90-100%=1.653µs(n=700)",2286,5328,0,0,"",0,0,0,0,0,0.00,0.00,0
avlhashtree,prehashed_ordered_build_900k,0,900000,900000,2559154449,2843,"0-10%=2.505µs(n=90000)|10-20%=2.667µs(n=90000)|20-30%=2.711µs(n=90000)|30-40%=2.856µs(n=90000)|40-50%=2.879µs(n=90000)|50-60%=2.847µs(n=90000)|60-70%=2.938µs(n=90000)|70-80%=2.95µs(n=90000)|80-90%=3.009µs(n=90000)|90-100%=3.069µs(n=90000)",180.35,233.56,4583626,13906380,1545,"0-10%=1.237µs(n=900)|10-20%=1.48µs(n=900)|20-30%=1.554µs(n=900)|30-40%=1.567µs(n=900)|40-50%=1.616µs(n=900)|50-60%=1.688µs(n=900)|60-70%=1.571µs(n=900)|70-80%=1.567µs(n=900)|80-90%=1.556µs(n=900)|90-100%=1.611µs(n=900)",2326,5289,0,0,"",0,0,0,0,0,0.00,0.00,0
avlhashtree,prehashed_ordered_build_1m,0,1000000,1000000,2878047084,2878,"0-10%=2.402µs(n=100000)|10-20%=2.685µs(n=100000)|20-30%=2.806µs(n=100000)|30-40%=3.032µs(n=100000)|40-50%=2.972µs(n=100000)|50-60%=2.978µs(n=100000)|60-70%=2.947µs(n=100000)|70-80%=2.944µs(n=100000)|80-90%=2.923µs(n=100000)|90-100%=3.085µs(n=100000)",200.85,259.52,5110300,15923224,1592,"0-10%=1.543µs(n=1000)|10-20%=1.607µs(n=1000)|20-30%=1.584µs(n=1000)|30-40%=1.603µs(n=1000)|40-50%=1.678µs(n=1000)|50-60%=1.64µs(n=1000)|60-70%=1.617µs(n=1000)|70-80%=1.525µs(n=1000)|80-90%=1.512µs(n=1000)|90-100%=1.609µs(n=1000)",2339,5406,0,0,"",0,0,0,0,0,0.00,0.00,0
avlhashtree,prehashed_ordered_build_2m,0,2000000,2000000,5956901621,2978,"0-10%=2.535µs(n=200000)|10-20%=2.812µs(n=200000)|20-30%=2.962µs(n=200000)|30-40%=2.958µs(n=200000)|40-50%=3.022µs(n=200000)|50-60%=3.064µs(n=200000)|60-70%=3.046µs(n=200000)|70-80%=3.056µs(n=200000)|80-90%=3.066µs(n=200000)|90-100%=3.259µs(n=200000)",404.51,519.01,10335530,33124415,1656,"0-10%=1.696µs(n=2000)|10-20%=1.636µs(n=2000)|20-30%=1.708µs(n=2000)|30-40%=1.623µs(n=2000)|40-50%=1.662µs(n=2000)|50-60%=1.632µs(n=2000)|60-70%=1.633µs(n=2000)|70-80%=1.7µs(n=2000)|80-90%=1.602µs(n=2000)|90-100%=1.666µs(n=2000)",2457,5617,0,0,"",0,0,0,0,0,0.00,0.00,0
avlhashtree,prehashed_ordered_build_5m,0,5000000,5000000,15673449679,3134,"0-10%=2.789µs(n=500000)|10-20%=2.99µs(n=500000)|20-30%=3.051µs(n=500000)|30-40%=3.066µs(n=500000)|40-50%=3.257µs(n=500000)|50-60%=3.172µs(n=500000)|60-70%=3.167µs(n=500000)|70-80%=3.16µs(n=500000)|80-90%=3.232µs(n=500000)|90-100%=3.457µs(n=500000)",1008.01,1297.46,25693439,90935732,1818,"0-10%=1.772µs(n=5000)|10-20%=1.77µs(n=5000)|20-30%=1.714µs(n=5000)|30-40%=1.713µs(n=5000)|40-50%=1.789µs(n=5000)|50-60%=1.937µs(n=5000)|60-70%=2.205µs(n=5000)|70-80%=1.762µs(n=5000)|80-90%=1.751µs(n=5000)|90-100%=1.771µs(n=5000)",2622,5929,0,0,"",0,0,0,0,0,0.00,0.00,0
avlhashtree,prehashed_ordered_build_10m,0,10000000,10000000,32632756078,3263,"0-10%=2.859µs(n=1000000)|10-20%=3.119µs(n=1000000)|20-30%=3.176µs(n=1000000)|30-40%=3.168µs(n=1000000)|40-50%=3.373µs(n=1000000)|50-60%=3.328µs(n=1000000)|60-70%=3.315µs(n=1000000)|70-80%=3.309µs(n=1000000)|80-90%=3.391µs(n=1000000)|90-100%=3.591µs(n=1000000)",2011.70,2594.85,51211189,172573511,1725,"0-10%=1.701µs(n=10000)|10-20%=1.734µs(n=10000)|20-30%=1.696µs(n=10000)|30-40%=1.695µs(n=10000)|40-50%=1.726µs(n=10000)|50-60%=1.765µs(n=10000)|60-70%=1.757µs(n=10000)|70-80%=1.695µs(n=10000)|80-90%=1.698µs(n=10000)|90-100%=1.785µs(n=10000)",2740,5970,0,0,"",0,0,0,0,0,0.00,0.00,0
avlhashtree,prehashed_ordered_build_15m,0,15000000,15000000,49734215942,3315,"0-10%=2.909µs(n=1500000)|10-20%=3.159µs(n=1500000)|20-30%=3.201µs(n=1500000)|30-40%=3.31µs(n=1500000)|40-50%=3.376µs(n=1500000)|50-60%=3.344µs(n=1500000)|60-70%=3.41µs(n=1500000)|70-80%=3.424µs(n=1500000)|80-90%=3.426µs(n=1500000)|90-100%=3.594µs(n=1500000)",3013.92,3892.16,76716867,280481702,1869,"0-10%=1.706µs(n=15000)|10-20%=1.691µs(n=15000)|20-30%=1.696µs(n=15000)|30-40%=1.692µs(n=15000)|40-50%=1.742µs(n=15000)|50-60%=1.683µs(n=15000)|60-70%=2.064µs(n=15000)|70-80%=2.139µs(n=15000)|80-90%=2.128µs(n=15000)|90-100%=2.154µs(n=15000)",2808,6741,0,0,"",0,0,0,0,0,0.00,0.00,0
avlhashtree,insert_only_build_10k,0,10000,10000,21386875,2138,"0-10%=1.633µs(n=1000)|10-20%=1.896µs(n=1000)|20-30%=1.88µs(n=1000)|30-40%=2.041µs(n=1000)|40-50%=2.071µs(n=1000)|50-60%=2.099µs(n=1000)|60-70%=2.962µs(n=1000)|70-80%=2.247µs(n=1000)|80-90%=2.306µs(n=1000)|90-100%=2.247µs(n=1000)",2.59,3.22,62559,0,0,"",0,0,0,0,"",0,0,0,0,0,0.00,0.00,0
avlhashtree,insert_only_build_50k,0,50000,50000,125378841,2507,"0-10%=1.888µs(n=5000)|10-20%=2.338µs(n=5000)|20-30%=2.337µs(n=5000)|30-40%=2.645µs(n=5000)|40-50%=2.525µs(n=5000)|50-60%=2.582µs(n=5000)|60-70%=2.852µs(n=5000)|70-80%=2.63µs(n=5000)|80-90%=2.639µs(n=5000)|90-100%=2.634µs(n=5000)",13.11,16.06,314187,0,0,"",0,0,0,0,"",0,0,0,0,0,0.00,0.00,0
avlhashtree,insert_only_build_100k,0,100000,100000,270478880,2704,"0-10%=2.112µs(n=10000)|10-20%=2.443µs(n=10000)|20-30%=2.483µs(n=10000)|30-40%=2.711µs(n=10000)|40-50%=2.653µs(n=10000)|50-60%=2.919µs(n=10000)|60-70%=2.825µs(n=10000)|70-80%=2.961µs(n=10000)|80-90%=2.956µs(n=10000)|90-100%=2.98µs(n=10000)",26.77,32.08,648730,0,0,"",0,0,0,0,"",0,0,0,0,0,0.00,0.00,0
avlhashtree,insert_only_build_200k,0,200000,200000,593437590,2967,"0-10%=2.316µs(n=20000)|10-20%=2.556µs(n=20000)|20-30%=2.808µs(n=20000)|30-40%=2.934µs(n=20000)|40-50%=2.843µs(n=20000)|50-60%=3.05µs(n=20000)|60-70%=3.242µs(n=20000)|70-80%=3.188µs(n=20000)|80-90%=3.313µs(n=20000)|90-100%=3.417µs(n=20000)",52.16,64.14,1243934,0,0,"",0,0,0,0,"",0,0,0,0,0,0.00,0.00,0
avlhashtree,insert_only_build_300k,0,300000,300000,972141598,3240,"0-10%=2.413µs(n=30000)|10-20%=2.742µs(n=30000)|20-30%=2.782µs(n=30000)|30-40%=3.116µs(n=30000)|40-50%=3.239µs(n=30000)|50-60%=3.424µs(n=30000)|60-70%=3.478µs(n=30000)|70-80%=3.517µs(n=30000)|80-90%=3.692µs(n=30000)|90-100%=3.996µs(n=30000)",79.74,96.19,1923184,0,0,"",0,0,0,0,"",0,0,0,0,0,0.00,0.00,0
avlhashtree,insert_only_build_500k,0,500000,500000,1844938823,3689,"0-10%=2.461µs(n=50000)|10-20%=2.817µs(n=50000)|20-30%=3.131µs(n=50000)|30-40%=3.415µs(n=50000)|40-50%=3.886µs(n=50000)|50-60%=4.017µs(n=50000)|60-70%=4.186µs(n=50000)|70-80%=4.164µs(n=50000)|80-90%=4.292µs(n=50000)|90-100%=4.525µs(n=50000)",132.18,160.31,3176688,0,0,"",0,0,0,0,"",0,0,0,0,0,0.00,0.00,0
avlhashtree,insert_only_build_700k,0,700000,700000,2863533580,4090,"0-10%=2.705µs(n=70000)|10-20%=3.152µs(n=70000)|20-30%=3.766µs(n=70000)|30-40%=3.844µs(n=70000)|40-50%=4.276µs(n=70000)|50-60%=4.253µs(n=70000)|60-70%=4.47µs(n=70000)|70-80%=4.814µs(n=70000)|80-90%=4.687µs(n=70000)|90-100%=4.936µs(n=70000)",176.98,224.44,4138138,0,0,"",0,0,0,0,"",0,0,0,0,0,0.00,0.00,0
avlhashtree,insert_only_build_900k,0,900000,900000,3921168562,4356,"0-10%=2.74µs(n=90000)|10-20%=3.343µs(n=90000)|20-30%=3.84µs(n=90000)|30-40%=4.209µs(n=90000)|40-50%=4.391µs(n=90000)|50-60%=4.782µs(n=90000)|60-70%=4.772µs(n=90000)|70-80%=4.911µs(n=90000)|80-90%=5.072µs(n=90000)|90-100%=5.503µs(n=90000)",207.72,288.56,4562322,0,0,"",0,0,0,0,"",0,0,0,0,0,0.00,0.00,0
avlhashtree,insert_only_build_1m,0,1000000,1000000,4411080629,4411,"0-10%=2.683µs(n=100000)|10-20%=3.392µs(n=100000)|20-30%=3.878µs(n=100000)|30-40%=4.198µs(n=100000)|40-50%=4.432µs(n=100000)|50-60%=4.844µs(n=100000)|60-70%=4.977µs(n=100000)|70-80%=5.065µs(n=100000)|80-90%=5.321µs(n=100000)|90-100%=5.315µs(n=100000)",240.20,320.61,5428654,0,0,"",0,0,0,0,"",0,0,0,0,0,0.00,0.00,0
avlhashtree,insert_only_build_2m,0,2000000,2000000,10094091706,5047,"0-10%=3.038µs(n=200000)|10-20%=3.998µs(n=200000)|20-30%=4.562µs(n=200000)|30-40%=4.892µs(n=200000)|40-50%=5.27µs(n=200000)|50-60%=5.35µs(n=200000)|60-70%=5.526µs(n=200000)|70-80%=6.001µs(n=200000)|80-90%=5.906µs(n=200000)|90-100%=5.922µs(n=200000)",502.51,641.25,11699081,0,0,"",0,0,0,0,"",0,0,0,0,0,0.00,0.00,0
avlhashtree,insert_only_build_5m,0,5000000,5000000,30622786697,6124,"0-10%=3.693µs(n=500000)|10-20%=4.992µs(n=500000)|20-30%=5.559µs(n=500000)|30-40%=6.092µs(n=500000)|40-50%=6.488µs(n=500000)|50-60%=6.5µs(n=500000)|60-70%=6.653µs(n=500000)|70-80%=6.707µs(n=500000)|80-90%=7.201µs(n=500000)|90-100%=7.355µs(n=500000)",1218.24,1603.21,27788350,0,0,"",0,0,0,0,"",0,0,0,0,0,0.00,0.00,0
avlhashtree,insert_only_build_10m,0,10000000,10000000,67377720214,6737,"0-10%=4.043µs(n=1000000)|10-20%=5.253µs(n=1000000)|20-30%=6.104µs(n=1000000)|30-40%=6.74µs(n=1000000)|40-50%=7.148µs(n=1000000)|50-60%=7.146µs(n=1000000)|60-70%=7.36µs(n=1000000)|70-80%=7.788µs(n=1000000)|80-90%=7.817µs(n=1000000)|90-100%=7.973µs(n=1000000)",2515.51,3206.56,58589979,0,0,"",0,0,0,0,"",0,0,0,0,0,0.00,0.00,0
avlhashtree,insert_only_build_25m,0,25000000,25000000,185896295772,7435,"0-10%=5.315µs(n=2500000)|10-20%=6.79µs(n=2500000)|20-30%=6.807µs(n=2500000)|30-40%=7.365µs(n=2500000)|40-50%=7.399µs(n=2500000)|50-60%=7.77µs(n=2500000)|60-70%=7.77µs(n=2500000)|70-80%=8.077µs(n=2500000)|80-90%=8.601µs(n=2500000)|90-100%=8.461µs(n=2500000)",6055.32,8017.31,137516841,0,0,"",0,0,0,0,"",0,0,0,0,0,0.00,0.00,0
avlhashtree,proof_only_after_10k_build_sample_5pct,10000,10000,0,0,0,"",0.00,0.00,0,280083,560,"0-10%=459ns(n=50)|10-20%=406ns(n=50)|20-30%=412ns(n=50)|30-40%=517ns(n=50)|40-50%=413ns(n=50)|50-60%=1.227µs(n=50)|60-70%=608ns(n=50)|70-80%=596ns(n=50)|80-90%=526ns(n=50)|90-100%=432ns(n=50)",1572,3715,0,0,"",0,0,0,0,0,0.00,0.00,0
avlhashtree,proof_only_after_50k_build_sample_5pct,50000,50000,0,0,0,"",0.00,0.00,0,2101617,840,"0-10%=587ns(n=250)|10-20%=579ns(n=250)|20-30%=701ns(n=250)|30-40%=639ns(n=250)|40-50%=635ns(n=250)|50-60%=629ns(n=250)|60-70%=2.514µs(n=250)|70-80%=683ns(n=250)|80-90%=755ns(n=250)|90-100%=680ns(n=250)",1854,4262,0,0,"",0,0,0,0,0,0.00,0.00,0
avlhashtree,proof_only_after_100k_build_sample_5pct,100000,100000,0,0,0,"",0.00,0.00,0,3816599,763,"0-10%=630ns(n=500)|10-20%=658ns(n=500)|20-30%=648ns(n=500)|30-40%=704ns(n=500)|40-50%=744ns(n=500)|50-60%=751ns(n=500)|60-70%=1.35µs(n=500)|70-80%=694ns(n=500)|80-90%=687ns(n=500)|90-100%=762ns(n=500)",1975,4435,0,0,"",0,0,0,0,0,0.00,0.00,0
avlhashtree,proof_only_after_200k_build_sample_5pct,200000,200000,0,0,0,"",0.00,0.00,0,9101760,910,"0-10%=684ns(n=1000)|10-20%=776ns(n=1000)|20-30%=852ns(n=1000)|30-40%=857ns(n=1000)|40-50%=942ns(n=1000)|50-60%=1.504µs(n=1000)|60-70%=864ns(n=1000)|70-80%=858ns(n=1000)|80-90%=886ns(n=1000)|90-100%=874ns(n=1000)",2102,4821,0,0,"",0,0,0,0,0,0.00,0.00,0
avlhashtree,proof_only_after_300k_build_sample_5pct,300000,300000,0,0,0,"",0.00,0.00,0,18262093,1217,"0-10%=840ns(n=1500)|10-20%=1.386µs(n=1500)|20-30%=1.375µs(n=1500)|30-40%=1.283µs(n=1500)|40-50%=1.241µs(n=1500)|50-60%=1.554µs(n=1500)|60-70%=1.081µs(n=1500)|70-80%=1.065µs(n=1500)|80-90%=1.138µs(n=1500)|90-100%=1.207µs(n=1500)",2170,5340,0,0,"",0,0,0,0,0,0.00,0.00,0
avlhashtree,proof_only_after_500k_build_sample_5pct,500000,500000,0,0,0,"",0.00,0.00,0,35182714,1407,"0-10%=1.038µs(n=2500)|10-20%=1.292µs(n=2500)|20-30%=1.336µs(n=2500)|30-40%=1.426µs(n=2500)|40-50%=1.442µs(n=2500)|50-60%=1.74µs(n=2500)|60-70%=1.36µs(n=2500)|70-80%=1.387µs(n=2500)|80-90%=1.457µs(n=2500)|90-100%=1.59µs(n=2500)",2260,5400,0,0,"",0,0,0,0,0,0.00,0.00,0
avlhashtree,proof_only_after_700k_build_sample_5pct,700000,700000,0,0,0,"",0.00,0.00,0,55555616,1587,"0-10%=1.199µs(n=3500)|10-20%=1.456µs(n=3500)|20-30%=1.545µs(n=3500)|30-40%=1.619µs(n=3500)|40-50%=1.573µs(n=3500)|50-60%=2.083µs(n=3500)|60-70%=1.625µs(n=3500)|70-80%=1.541µs(n=3500)|80-90%=1.603µs(n=3500)|90-100%=1.626µs(n=3500)",2320,5490,0,0,"",0,0,0,0,0,0.00,0.00,0
avlhashtree,proof_only_after_900k_build_sample_5pct,900000,900000,0,0,0,"",0.00,0.00,0,80392786,1786,"0-10%=1.4µs(n=4500)|10-20%=1.598µs(n=4500)|20-30%=1.705µs(n=4500)|30-40%=1.66µs(n=4500)|40-50%=1.735µs(n=4500)|50-60%=2.032µs(n=4500)|60-70%=1.792µs(n=4500)|70-80%=2.206µs(n=4500)|80-90%=1.857µs(n=4500)|90-100%=1.875µs(n=4500)",2364,5799,0,0,"",0,0,0,0,0,0.00,0.00,0
avlhashtree,proof_only_after_1m_build_sample_5pct,1000000,1000000,0,0,0,"",0.00,0.00,0,89227131,1784,"0-10%=1.493µs(n=5000)|10-20%=1.627µs(n=5000)|20-30%=1.703µs(n=5000)|30-40%=1.764µs(n=5000)|40-50%=1.848µs(n=5000)|50-60%=2.254µs(n=5000)|60-70%=1.696µs(n=5000)|70-80%=1.712µs(n=5000)|80-90%=1.9µs(n=5000)|90-100%=1.844µs(n=5000)",2383,5824,0,0,"",0,0,0,0,0,0.00,0.00,0
avlhashtree,prehashed_ordered_proof_only_after_1m_build_sample_5pct,1000000,1000000,0,0,0,"",0.00,0.00,0,51598996,1031,"0-10%=1.019µs(n=5000)|10-20%=1.072µs(n=5000)|20-30%=1.078µs(n=5000)|30-40%=1.048µs(n=5000)|40-50%=1.063µs(n=5000)|50-60%=1.239µs(n=5000)|60-70%=940ns(n=5000)|70-80%=972ns(n=5000)|80-90%=929ns(n=5000)|90-100%=953ns(n=5000)",2340,5408,0,0,"",0,0,0,0,0,0.00,0.00,0
avlhashtree,proof_only_after_2m_build_sample_3pct,2000000,2000000,0,0,0,"",0.00,0.00,0,124144929,2069,"0-10%=1.774µs(n=6000)|10-20%=1.892µs(n=6000)|20-30%=1.915µs(n=6000)|30-40%=1.976µs(n=6000)|40-50%=1.926µs(n=6000)|50-60%=1.936µs(n=6000)|60-70%=2.064µs(n=6000)|70-80%=2.061µs(n=6000)|80-90%=2.761µs(n=6000)|90-100%=2.381µs(n=6000)",2494,6265,0,0,"",0,0,0,0,0,0.00,0.00,0
avlhashtree,proof_only_after_5m_build_sample_3pct,5000000,5000000,0,0,0,"",0.00,0.00,0,367322495,2448,"0-10%=2.078µs(n=15000)|10-20%=2.296µs(n=15000)|20-30%=2.233µs(n=15000)|30-40%=2.298µs(n=15000)|40-50%=2.253µs(n=15000)|50-60%=2.369µs(n=15000)|60-70%=2.427µs(n=15000)|70-80%=2.42µs(n=15000)|80-90%=3.388µs(n=15000)|90-100%=2.721µs(n=15000)",2654,6792,0,0,"",0,0,0,0,0,0.00,0.00,0
avlhashtree,prehashed_ordered_proof_only_after_5m_build_sample_3pct,5000000,5000000,0,0,0,"",0.00,0.00,0,194929046,1299,"0-10%=1.274µs(n=15000)|10-20%=1.278µs(n=15000)|20-30%=1.275µs(n=15000)|30-40%=1.269µs(n=15000)|40-50%=1.265µs(n=15000)|50-60%=1.263µs(n=15000)|60-70%=1.278µs(n=15000)|70-80%=1.291µs(n=15000)|80-90%=1.592µs(n=15000)|90-100%=1.204µs(n=15000)",2623,6441,0,0,"",0,0,0,0,0,0.00,0.00,0
avlhashtree,proof_only_after_10m_build_sample_2pct,10000000,10000000,0,0,0,"",0.00,0.00,0,531112843,2655,"0-10%=2.379µs(n=20000)|10-20%=2.539µs(n=20000)|20-30%=2.534µs(n=20000)|30-40%=2.595µs(n=20000)|40-50%=2.609µs(n=20000)|50-60%=2.691µs(n=20000)|60-70%=2.681µs(n=20000)|70-80%=2.753µs(n=20000)|80-90%=2.786µs(n=20000)|90-100%=2.983µs(n=20000)",2776,6704,0,0,"",0,0,0,0,0,0.00,0.00,0
avlhashtree,proof_only_after_20m_build_sample_2pct,20000000,20000000,0,0,0,"",0.00,0.00,0,1454316982,3635,"0-10%=3.063µs(n=40000)|10-20%=3.448µs(n=40000)|20-30%=3.483µs(n=40000)|30-40%=3.515µs(n=40000)|40-50%=3.587µs(n=40000)|50-60%=3.739µs(n=40000)|60-70%=3.697µs(n=40000)|70-80%=3.79µs(n=40000)|80-90%=3.92µs(n=40000)|90-100%=4.111µs(n=40000)",2897,8921,0,0,"",0,0,0,0,0,0.00,0.00,0
avlhashtree,build_10k_then_add_2k_new,10000,12000,2000,4561678,2280,"0-10%=2.367µs(n=200)|10-20%=2.2µs(n=200)|20-30%=2.324µs(n=200)|30-40%=2.246µs(n=200)|40-50%=2.272µs(n=200)|50-60%=2.384µs(n=200)|60-70%=2.391µs(n=200)|70-80%=2.17µs(n=200)|80-90%=2.239µs(n=200)|90-100%=2.206µs(n=200)",0.65,0.65,67835,0,0,"",0,0,0,0,"",0,0,0,0,0,0.00,0.00,0
avlhashtree,build_50k_then_add_10k_new,50000,60000,10000,27201340,2720,"0-10%=2.743µs(n=1000)|10-20%=2.819µs(n=1000)|20-30%=2.689µs(n=1000)|30-40%=2.752µs(n=1000)|40-50%=2.617µs(n=1000)|50-60%=2.801µs(n=1000)|60-70%=2.652µs(n=1000)|70-80%=2.693µs(n=1000)|80-90%=2.816µs(n=1000)|90-100%=2.614µs(n=1000)",3.22,3.22,335839,0,0,"",0,0,0,0,"",0,0,0,0,0,0.00,0.00,0
avlhashtree,build_100k_then_add_20k_new,100000,120000,20000,61551950,3077,"0-10%=3.383µs(n=2000)|10-20%=3.061µs(n=2000)|20-30%=3.059µs(n=2000)|30-40%=3.025µs(n=2000)|40-50%=3.07µs(n=2000)|50-60%=3.038µs(n=2000)|60-70%=3.05µs(n=2000)|70-80%=3.048µs(n=2000)|80-90%=3.014µs(n=2000)|90-100%=3.023µs(n=2000)",6.42,6.42,670847,0,0,"",0,0,0,0,"",0,0,0,0,0,0.00,0.00,0
avlhashtree,build_200k_then_add_40k_new,200000,240000,40000,137177322,3429,"0-10%=3.492µs(n=4000)|10-20%=3.382µs(n=4000)|20-30%=3.374µs(n=4000)|30-40%=3.354µs(n=4000)|40-50%=3.405µs(n=4000)|50-60%=3.449µs(n=4000)|60-70%=3.455µs(n=4000)|70-80%=3.449µs(n=4000)|80-90%=3.451µs(n=4000)|90-100%=3.478µs(n=4000)",12.85,12.85,1340859,0,0,"",0,0,0,0,"",0,0,0,0,0,0.00,0.00,0
avlhashtree,build_300k_then_add_60k_new,300000,360000,60000,241961379,4032,"0-10%=5.035µs(n=6000)|10-20%=4.318µs(n=6000)|20-30%=4.025µs(n=6000)|30-40%=3.953µs(n=6000)|40-50%=3.906µs(n=6000)|50-60%=3.87µs(n=6000)|60-70%=3.83µs(n=6000)|70-80%=3.803µs(n=6000)|80-90%=3.786µs(n=6000)|90-100%=3.797µs(n=6000)",19.26,19.26,2010864,0,0,"",0,0,0,0,"",0,0,0,0,0,0.00,0.00,0
avlhashtree,build_500k_then_add_100k_new,500000,600000,100000,448513685,4485,"0-10%=5.521µs(n=10000)|10-20%=4.833µs(n=10000)|20-30%=4.583µs(n=10000)|30-40%=4.475µs(n=10000)|40-50%=4.418µs(n=10000)|50-60%=4.233µs(n=10000)|60-70%=4.221µs(n=10000)|70-80%=4.2µs(n=10000)|80-90%=4.183µs(n=10000)|90-100%=4.18µs(n=10000)",32.07,32.07,3350875,0,0,"",0,0,0,0,"",0,0,0,0,0,0.00,0.00,0
avlhashtree,build_700k_then_add_140k_new,700000,840000,140000,696284094,4973,"0-10%=5.183µs(n=14000)|10-20%=4.802µs(n=14000)|20-30%=4.547µs(n=14000)|30-40%=5.149µs(n=14000)|40-50%=4.805µs(n=14000)|50-60%=5.187µs(n=14000)|60-70%=5.163µs(n=14000)|70-80%=5.015µs(n=14000)|80-90%=4.948µs(n=14000)|90-100%=4.931µs(n=14000)",44.90,44.90,4690876,0,0,"",0,0,0,0,"",0,0,0,0,0,0.00,0.00,0
avlhashtree,build_900k_then_add_180k_new,900000,1080000,180000,868454173,4824,"0-10%=5.514µs(n=18000)|10-20%=5.132µs(n=18000)|20-30%=4.79µs(n=18000)|30-40%=4.619µs(n=18000)|40-50%=4.586µs(n=18000)|50-60%=4.583µs(n=18000)|60-70%=4.6µs(n=18000)|70-80%=4.778µs(n=18000)|80-90%=4.828µs(n=18000)|90-100%=4.813µs(n=18000)",57.73,57.73,6030884,0,0,"",0,0,0,0,"",0,0,0,0,0,0.00,0.00,0
avlhashtree,build_1m_then_add_200k_new,1000000,1200000,200000,1025395711,5126,"0-10%=5.593µs(n=20000)|10-20%=5.223µs(n=20000)|20-30%=5.056µs(n=20000)|30-40%=4.783µs(n=20000)|40-50%=4.823µs(n=20000)|50-60%=5.106µs(n=20000)|60-70%=5.499µs(n=20000)|70-80%=5.132µs(n=20000)|80-90%=5.056µs(n=20000)|90-100%=4.995µs(n=20000)",64.14,64.14,6700886,0,0,"",0,0,0,0,"",0,0,0,0,0,0.00,0.00,0
avlhashtree,build_2m_then_add_400k_new,2000000,2400000,400000,2345278171,5863,"0-10%=6.39µs(n=40000)|10-20%=5.927µs(n=40000)|20-30%=5.552µs(n=40000)|30-40%=5.472µs(n=40000)|40-50%=5.634µs(n=40000)|50-60%=6.208µs(n=40000)|60-70%=6.241µs(n=40000)|70-80%=5.834µs(n=40000)|80-90%=5.653µs(n=40000)|90-100%=5.715µs(n=40000)",128.27,128.27,13400894,0,0,"",0,0,0,0,"",0,0,0,0,0,0.00,0.00,0
avlhashtree,build_5m_then_add_1m_new,5000000,6000000,1000000,6622242275,6622,"0-10%=7.081µs(n=100000)|10-20%=6.754µs(n=100000)|20-30%=6.719µs(n=100000)|30-40%=6.558µs(n=100000)|40-50%=6.466µs(n=100000)|50-60%=6.519µs(n=100000)|60-70%=6.525µs(n=100000)|70-80%=6.48µs(n=100000)|80-90%=6.542µs(n=100000)|90-100%=6.575µs(n=100000)",320.67,320.67,33500924,0,0,"",0,0,0,0,"",0,0,0,0,0,0.00,0.00,0
avlhashtree,build_10m_then_add_2m_new,10000000,12000000,2000000,14847686896,7423,"0-10%=7.762µs(n=200000)|10-20%=7.544µs(n=200000)|20-30%=7.4µs(n=200000)|30-40%=7.304µs(n=200000)|40-50%=7.259µs(n=200000)|50-60%=7.457µs(n=200000)|60-70%=7.401µs(n=200000)|70-80%=7.306µs(n=200000)|80-90%=7.383µs(n=200000)|90-100%=7.418µs(n=200000)",641.39,641.39,67000970,0,0,"",0,0,0,0,"",0,0,0,0,0,0.00,0.00,0
avlhashtree,build_20m_then_add_5m_new,20000000,25000000,5000000,42195224342,8439,"0-10%=8.596µs(n=500000)|10-20%=8.383µs(n=500000)|20-30%=8.254µs(n=500000)|30-40%=8.337µs(n=500000)|40-50%=8.425µs(n=500000)|50-60%=8.315µs(n=500000)|60-70%=8.317µs(n=500000)|70-80%=8.547µs(n=500000)|80-90%=8.546µs(n=500000)|90-100%=8.664µs(n=500000)",1603.70,1603.70,142501108,0,0,"",0,0,0,0,"",0,0,0,0,0,0.00,0.00,0
avlhashtree,build_10k_then_reinsert_2k_existing,10000,10000,2000,3491612,1745,"0-10%=1.588µs(n=200)|10-20%=1.725µs(n=200)|20-30%=1.807µs(n=200)|30-40%=1.866µs(n=200)|40-50%=1.636µs(n=200)|50-60%=1.769µs(n=200)|60-70%=1.852µs(n=200)|70-80%=1.721µs(n=200)|80-90%=1.739µs(n=200)|90-100%=1.746µs(n=200)",0.35,0.35,63889,0,0,"",0,0,0,0,"",0,0,0,0,0,0.00,0.00,0
avlhashtree,build_50k_then_reinsert_10k_existing,50000,50000,10000,20820256,2082,"0-10%=1.902µs(n=1000)|10-20%=1.978µs(n=1000)|20-30%=1.991µs(n=1000)|30-40%=2.155µs(n=1000)|40-50%=2.034µs(n=1000)|50-60%=2.082µs(n=1000)|60-70%=2.214µs(n=1000)|70-80%=2.125µs(n=1000)|80-90%=2.072µs(n=1000)|90-100%=2.262µs(n=1000)",1.69,1.69,315896,0,0,"",0,0,0,0,"",0,0,0,0,0,0.00,0.00,0
avlhashtree,build_100k_then_reinsert_20k_existing,100000,100000,20000,45596740,2279,"0-10%=2.041µs(n=2000)|10-20%=2.157µs(n=2000)|20-30%=2.221µs(n=2000)|30-40%=2.311µs(n=2000)|40-50%=2.277µs(n=2000)|50-60%=2.327µs(n=2000)|60-70%=2.337µs(n=2000)|70-80%=2.389µs(n=2000)|80-90%=2.355µs(n=2000)|90-100%=2.378µs(n=2000)",3.37,3.37,630902,0,0,"",0,0,0,0,"",0,0,0,0,0,0.00,0.00,0
avlhashtree,build_200k_then_reinsert_40k_existing,200000,200000,40000,104080517,2602,"0-10%=2.27µs(n=4000)|10-20%=2.473µs(n=4000)|20-30%=2.562µs(n=4000)|30-40%=2.565µs(n=4000)|40-50%=2.602µs(n=4000)|50-60%=2.629µs(n=4000)|60-70%=2.704µs(n=4000)|70-80%=2.714µs(n=4000)|80-90%=2.739µs(n=4000)|90-100%=2.757µs(n=4000)",6.74,6.74,1260911,0,0,"",0,0,0,0,"",0,0,0,0,0,0.00,0.00,0
avlhashtree,build_300k_then_reinsert_60k_existing,300000,300000,60000,175546161,2925,"0-10%=2.553µs(n=6000)|10-20%=2.876µs(n=6000)|20-30%=2.84µs(n=6000)|30-40%=2.885µs(n=6000)|40-50%=2.951µs(n=6000)|50-60%=2.972µs(n=6000)|60-70%=3µs(n=6000)|70-80%=3.045µs(n=6000)|80-90%=3.071µs(n=6000)|90-100%=3.059µs(n=6000)",10.10,10.10,1890918,0,0,"",0,0,0,0,"",0,0,0,0,0,0.00,0.00,0
avlhashtree,build_500k_then_reinsert_100k_existing,500000,500000,100000,334679046,3346,"0-10%=3.293µs(n=10000)|10-20%=3.193µs(n=10000)|20-30%=3.248µs(n=10000)|30-40%=3.317µs(n=10000)|40-50%=3.364µs(n=10000)|50-60%=3.379µs(n=10000)|60-70%=3.387µs(n=10000)|70-80%=3.407µs(n=10000)|80-90%=3.432µs(n=10000)|90-100%=3.441µs(n=10000)",16.82,16.82,3150929,0,0,"",0,0,0,0,"",0,0,0,0,0,0.00,0.00,0
avlhashtree,build_700k_then_reinsert_140k_existing,700000,700000,140000,496660956,3547,"0-10%=3.213µs(n=14000)|10-20%=3.415µs(n=14000)|20-30%=3.511µs(n=14000)|30-40%=3.434µs(n=14000)|40-50%=3.881µs(n=14000)|50-60%=3.726µs(n=14000)|60-70%=3.534µs(n=14000)|70-80%=3.561µs(n=14000)|80-90%=3.576µs(n=14000)|90-100%=3.619µs(n=14000)",23.54,23.54,4410942,0,0,"",0,0,0,0,"",0,0,0,0,0,0.00,0.00,0
avlhashtree,build_900k_then_reinsert_180k_existing,900000,900000,180000,681251205,3784,"0-10%=3.593µs(n=18000)|10-20%=3.787µs(n=18000)|20-30%=3.68µs(n=18000)|30-40%=3.685µs(n=18000)|40-50%=3.869µs(n=18000)|50-60%=3.871µs(n=18000)|60-70%=3.824µs(n=18000)|70-80%=3.836µs(n=18000)|80-90%=3.84µs(n=18000)|90-100%=3.856µs(n=18000)",30.25,30.25,5670949,0,0,"",0,0,0,0,"",0,0,0,0,0,0.00,0.00,0
avlhashtree,build_1m_then_reinsert_200k_existing,1000000,1000000,200000,750135545,3750,"0-10%=3.432µs(n=20000)|10-20%=3.595µs(n=20000)|20-30%=3.729µs(n=20000)|30-40%=3.722µs(n=20000)|40-50%=3.779µs(n=20000)|50-60%=3.789µs(n=20000)|60-70%=3.844µs(n=20000)|70-80%=3.846µs(n=20000)|80-90%=3.867µs(n=20000)|90-100%=3.899µs(n=20000)",33.61,33.61,6300949,0,0,"",0,0,0,0,"",0,0,0,0,0,0.00,0.00,0
avlhashtree,prehashed_ordered_build_1m_then_reinsert_200k_existing,1000000,1000000,200000,503968588,2519,"0-10%=2.928µs(n=20000)|10-20%=2.576µs(n=20000)|20-30%=2.475µs(n=20000)|30-40%=2.473µs(n=20000)|40-50%=2.477µs(n=20000)|50-60%=2.473µs(n=20000)|60-70%=2.47µs(n=20000)|70-80%=2.435µs(n=20000)|80-90%=2.441µs(n=20000)|90-100%=2.446µs(n=20000)",21.39,21.39,5900959,0,0,"",0,0,0,0,"",0,0,0,0,0,0.00,0.00,0
avlhashtree,build_2m_then_reinsert_400k_existing,2000000,2000000,400000,1713845076,4284,"0-10%=3.953µs(n=40000)|10-20%=4.091µs(n=40000)|20-30%=4.143µs(n=40000)|30-40%=4.116µs(n=40000)|40-50%=4.199µs(n=40000)|50-60%=4.303µs(n=40000)|60-70%=4.485µs(n=40000)|70-80%=4.561µs(n=40000)|80-90%=4.48µs(n=40000)|90-100%=4.51µs(n=40000)",67.22,67.22,12600964,0,0,"",0,0,0,0,"",0,0,0,0,0,0.00,0.00,0
avlhashtree,build_5m_then_reinsert_1m_existing,5000000,5000000,1000000,5283904114,5283,"0-10%=4.596µs(n=100000)|10-20%=4.918µs(n=100000)|20-30%=5.268µs(n=100000)|30-40%=5.199µs(n=100000)|40-50%=5.346µs(n=100000)|50-60%=5.369µs(n=100000)|60-70%=5.538µs(n=100000)|70-80%=5.455µs(n=100000)|80-90%=5.567µs(n=100000)|90-100%=5.578µs(n=100000)",168.04,168.04,31500990,0,0,"",0,0,0,0,"",0,0,0,0,0,0.00,0.00,0
avlhashtree,prehashed_ordered_build_5m_then_reinsert_1m_existing,5000000,5000000,1000000,2716253085,2716,"0-10%=2.892µs(n=100000)|10-20%=2.688µs(n=100000)|20-30%=2.668µs(n=100000)|30-40%=2.685µs(n=100000)|40-50%=2.683µs(n=100000)|50-60%=2.684µs(n=100000)|60-70%=2.689µs(n=100000)|70-80%=2.73µs(n=100000)|80-90%=2.715µs(n=100000)|90-100%=2.724µs(n=100000)",106.91,106.91,29500997,0,0,"",0,0,0,0,"",0,0,0,0,0,0.00,0.00,0
avlhashtree,build_10m_then_reinsert_2m_existing,10000000,10000000,2000000,12007278253,6003,"0-10%=5.052µs(n=200000)|10-20%=5.656µs(n=200000)|20-30%=5.995µs(n=200000)|30-40%=5.877µs(n=200000)|40-50%=5.957µs(n=200000)|50-60%=6.089µs(n=200000)|60-70%=6.17µs(n=200000)|70-80%=6.226µs(n=200000)|80-90%=6.474µs(n=200000)|90-100%=6.535µs(n=200000)",336.11,336.11,63001024,0,0,"",0,0,0,0,"",0,0,0,0,0,0.00,0.00,0
avlhashtree,build_25m_then_reinsert_5m_existing,25000000,25000000,5000000,35625309350,7125,"0-10%=5.887µs(n=500000)|10-20%=6.628µs(n=500000)|20-30%=7µs(n=500000)|30-40%=7.078µs(n=500000)|40-50%=7.218µs(n=500000)|50-60%=7.272µs(n=500000)|60-70%=7.465µs(n=500000)|70-80%=7.323µs(n=500000)|80-90%=7.591µs(n=500000)|90-100%=7.782µs(n=500000)",840.39,840.39,157501122,0,0,"",0,0,0,0,"",0,0,0,0,0,0.00,0.00,0
avlhashtree,build_10k,0,10000,10000,23546033,2354,"0-10%=1.961µs(n=1000)|10-20%=2.108µs(n=1000)|20-30%=2.168µs(n=1000)|30-40%=2.213µs(n=1000)|40-50%=2.354µs(n=1000)|50-60%=2.33µs(n=1000)|60-70%=3.119µs(n=1000)|70-80%=2.511µs(n=1000)|80-90%=2.389µs(n=1000)|90-100%=2.387µs(n=1000)",2.58,3.23,61474,47346,473,"0-10%=629ns(n=10)|10-20%=526ns(n=10)|20-30%=504ns(n=10)|30-40%=356ns(n=10)|40-50%=390ns(n=10)|50-60%=385ns(n=10)|60-70%=404ns(n=10)|70-80%=430ns(n=10)|80-90%=689ns(n=10)|90-100%=416ns(n=10)",1583,3485,0,0,"",0,0,0,0,0,0.00,0.00,0
avlhashtree,build_50k,0,50000,50000,130810438,2616,"0-10%=2.214µs(n=5000)|10-20%=2.489µs(n=5000)|20-30%=2.528µs(n=5000)|30-40%=2.799µs(n=5000)|40-50%=2.77µs(n=5000)|50-60%=2.811µs(n=5000)|60-70%=3.004µs(n=5000)|70-80%=2.483µs(n=5000)|80-90%=2.507µs(n=5000)|90-100%=2.552µs(n=5000)",13.12,16.08,313871,464262,928,"0-10%=444ns(n=50)|10-20%=459ns(n=50)|20-30%=505ns(n=50)|30-40%=471ns(n=50)|40-50%=524ns(n=50)|50-60%=552ns(n=50)|60-70%=649ns(n=50)|70-80%=606ns(n=50)|80-90%=4.099µs(n=50)|90-100%=971ns(n=50)",1859,5132,0,0,"",0,0,0,0,0,0.00,0.00,0
avlhashtree,build_100k,0,100000,100000,255114695,2551,"0-10%=2.078µs(n=10000)|10-20%=2.381µs(n=10000)|20-30%=2.464µs(n=10000)|30-40%=2.499µs(n=10000)|40-50%=2.533µs(n=10000)|50-60%=2.677µs(n=10000)|60-70%=2.617µs(n=10000)|70-80%=2.67µs(n=10000)|80-90%=2.719µs(n=10000)|90-100%=2.868µs(n=10000)",23.69,32.10,531591,651128,651,"0-10%=471ns(n=100)|10-20%=544ns(n=100)|20-30%=592ns(n=100)|30-40%=556ns(n=100)|40-50%=604ns(n=100)|50-60%=605ns(n=100)|60-70%=659ns(n=100)|70-80%=646ns(n=100)|80-90%=1.152µs(n=100)|90-100%=677ns(n=100)",1981,4260,0,0,"",0,0,0,0,0,0.00,0.00,0
avlhashtree,build_200k,0,200000,200000,557731596,2788,"0-10%=2.23µs(n=20000)|10-20%=2.518µs(n=20000)|20-30%=2.731µs(n=20000)|30-40%=2.745µs(n=20000)|40-50%=2.873µs(n=20000)|50-60%=2.912µs(n=20000)|60-70%=2.882µs(n=20000)|70-80%=2.932µs(n=20000)|80-90%=3.067µs(n=20000)|90-100%=2.99µs(n=20000)",47.82,64.14,1080507,1527701,763,"0-10%=542ns(n=200)|10-20%=725ns(n=200)|20-30%=690ns(n=200)|30-40%=719ns(n=200)|40-50%=751ns(n=200)|50-60%=732ns(n=200)|60-70%=785ns(n=200)|70-80%=786ns(n=200)|80-90%=882ns(n=200)|90-100%=1.02µs(n=200)",2097,4725,0,0,"",0,0,0,0,0,0.00,0.00,0
avlhashtree,build_300k,0,300000,300000,894604972,2982,"0-10%=2.294µs(n=30000)|10-20%=2.619µs(n=30000)|20-30%=2.691µs(n=30000)|30-40%=2.861µs(n=30000)|40-50%=2.909µs(n=30000)|50-60%=3.085µs(n=30000)|60-70%=3.138µs(n=30000)|70-80%=3.435µs(n=30000)|80-90%=3.432µs(n=30000)|90-100%=3.352µs(n=30000)",79.79,96.18,1927656,3044858,1014,"0-10%=1.129µs(n=300)|10-20%=1.554µs(n=300)|20-30%=744ns(n=300)|30-40%=786ns(n=300)|40-50%=853ns(n=300)|50-60%=969ns(n=300)|60-70%=1.053µs(n=300)|70-80%=963ns(n=300)|80-90%=994ns(n=300)|90-100%=1.099µs(n=300)",2174,5746,0,0,"",0,0,0,0,0,0.00,0.00,0
avlhashtree,build_500k,0,500000,500000,1610704298,3221,"0-10%=2.395µs(n=50000)|10-20%=2.722µs(n=50000)|20-30%=2.909µs(n=50000)|30-40%=3.049µs(n=50000)|40-50%=3.168µs(n=50000)|50-60%=3.367µs(n=50000)|60-70%=3.395µs(n=50000)|70-80%=3.517µs(n=50000)|80-90%=3.646µs(n=50000)|90-100%=4.04µs(n=50000)",115.76,160.31,2553812,5844287,1168,"0-10%=773ns(n=500)|10-20%=987ns(n=500)|20-30%=1.092µs(n=500)|30-40%=1.143µs(n=500)|40-50%=1.099µs(n=500)|50-60%=1.125µs(n=500)|60-70%=1.322µs(n=500)|70-80%=1.349µs(n=500)|80-90%=1.386µs(n=500)|90-100%=1.408µs(n=500)",2261,5373,0,0,"",0,0,0,0,0,0.00,0.00,0
avlhashtree,build_700k,0,700000,700000,2620397409,3743,"0-10%=2.594µs(n=70000)|10-20%=2.978µs(n=70000)|20-30%=3.322µs(n=70000)|30-40%=3.688µs(n=70000)|40-50%=4.283µs(n=70000)|50-60%=4.128µs(n=70000)|60-70%=4.256µs(n=70000)|70-80%=4.108µs(n=70000)|80-90%=3.988µs(n=70000)|90-100%=4.083µs(n=70000)",177.35,224.44,4156672,9889909,1412,"0-10%=855ns(n=700)|10-20%=1.041µs(n=700)|20-30%=1.162µs(n=700)|30-40%=1.192µs(n=700)|40-50%=1.269µs(n=700)|50-60%=1.261µs(n=700)|60-70%=1.369µs(n=700)|70-80%=1.445µs(n=700)|80-90%=1.463µs(n=700)|90-100%=3.066µs(n=700)",2320,5782,0,0,"",0,0,0,0,0,0.00,0.00,0
avlhashtree,build_900k,0,900000,900000,3395821502,3773,"0-10%=2.573µs(n=90000)|10-20%=2.974µs(n=90000)|20-30%=3.179µs(n=90000)|30-40%=3.527µs(n=90000)|40-50%=3.568µs(n=90000)|50-60%=3.871µs(n=90000)|60-70%=4.375µs(n=90000)|70-80%=4.399µs(n=90000)|80-90%=4.462µs(n=90000)|90-100%=4.798µs(n=90000)",214.40,288.54,4827466,12346656,1371,"0-10%=958ns(n=900)|10-20%=1.156µs(n=900)|20-30%=1.2µs(n=900)|30-40%=1.369µs(n=900)|40-50%=1.36µs(n=900)|50-60%=1.46µs(n=900)|60-70%=1.488µs(n=900)|70-80%=1.518µs(n=900)|80-90%=1.556µs(n=900)|90-100%=1.649µs(n=900)",2362,5342,0,0,"",0,0,0,0,0,0.00,0.00,0
avlhashtree,build_1m,0,1000000,1000000,3741212922,3741,"0-10%=2.59µs(n=100000)|10-20%=3.015µs(n=100000)|20-30%=3.255µs(n=100000)|30-40%=3.497µs(n=100000)|40-50%=3.7µs(n=100000)|50-60%=4.057µs(n=100000)|60-70%=4.157µs(n=100000)|70-80%=4.13µs(n=100000)|80-90%=4.531µs(n=100000)|90-100%=4.476µs(n=100000)",240.89,320.60,5464561,13748481,1374,"0-10%=970ns(n=1000)|10-20%=1.155µs(n=1000)|20-30%=1.211µs(n=1000)|30-40%=1.31µs(n=1000)|40-50%=1.307µs(n=1000)|50-60%=1.478µs(n=1000)|60-70%=1.456µs(n=1000)|70-80%=1.513µs(n=1000)|80-90%=1.632µs(n=1000)|90-100%=1.711µs(n=1000)",2382,5279,0,0,"",0,0,0,0,0,0.00,0.00,0
avlhashtree,build_2m,0,2000000,2000000,8624265827,4312,"0-10%=2.822µs(n=200000)|10-20%=3.454µs(n=200000)|20-30%=3.857µs(n=200000)|30-40%=4.068µs(n=200000)|40-50%=4.485µs(n=200000)|50-60%=4.515µs(n=200000)|60-70%=4.687µs(n=200000)|70-80%=5.074µs(n=200000)|80-90%=5.06µs(n=200000)|90-100%=5.095µs(n=200000)",507.53,641.18,11912768,45527917,2276,"0-10%=1.595µs(n=2000)|10-20%=1.983µs(n=2000)|20-30%=2.003µs(n=2000)|30-40%=2.07µs(n=2000)|40-50%=2.261µs(n=2000)|50-60%=2.184µs(n=2000)|60-70%=2.297µs(n=2000)|70-80%=2.465µs(n=2000)|80-90%=3.292µs(n=2000)|90-100%=2.609µs(n=2000)",2495,8565,0,0,"",0,0,0,0,0,0.00,0.00,0
avlhashtree,build_5m,0,5000000,5000000,26723988121,5344,"0-10%=3.27µs(n=500000)|10-20%=4.19µs(n=500000)|20-30%=4.873µs(n=500000)|30-40%=5.122µs(n=500000)|40-50%=5.336µs(n=500000)|50-60%=5.83µs(n=500000)|60-70%=6.018µs(n=500000)|70-80%=6.199µs(n=500000)|80-90%=6.174µs(n=500000)|90-100%=6.431µs(n=500000)",1332.02,1603.11,32135385,145738211,2914,"0-10%=3.669µs(n=5000)|10-20%=2.299µs(n=5000)|20-30%=2.509µs(n=5000)|30-40%=2.814µs(n=5000)|40-50%=2.795µs(n=5000)|50-60%=2.772µs(n=5000)|60-70%=3.032µs(n=5000)|70-80%=3.003µs(n=5000)|80-90%=3.083µs(n=5000)|90-100%=3.167µs(n=5000)",2654,8951,0,0,"",0,0,0,0,0,0.00,0.00,0
avlhashtree,build_10m,0,10000000,10000000,60349793476,6034,"0-10%=3.781µs(n=1000000)|10-20%=5.01µs(n=1000000)|20-30%=5.506µs(n=1000000)|30-40%=5.83µs(n=1000000)|40-50%=6.094µs(n=1000000)|50-60%=6.531µs(n=1000000)|60-70%=6.664µs(n=1000000)|70-80%=6.822µs(n=1000000)|80-90%=7.121µs(n=1000000)|90-100%=6.986µs(n=1000000)",2418.24,3206.36,54864274,302844035,3028,"0-10%=2.287µs(n=10000)|10-20%=2.761µs(n=10000)|20-30%=2.931µs(n=10000)|30-40%=3.008µs(n=10000)|40-50%=3.08µs(n=10000)|50-60%=3.211µs(n=10000)|60-70%=3.122µs(n=10000)|70-80%=3.15µs(n=10000)|80-90%=3.28µs(n=10000)|90-100%=3.451µs(n=10000)",2775,8472,0,0,"",0,0,0,0,0,0.00,0.00,0
avlhashtree,build_25m,0,25000000,25000000,179801663907,7192,"0-10%=4.642µs(n=2500000)|10-20%=6.077µs(n=2500000)|20-30%=6.504µs(n=2500000)|30-40%=7.114µs(n=2500000)|40-50%=7.365µs(n=2500000)|50-60%=7.727µs(n=2500000)|60-70%=7.737µs(n=2500000)|70-80%=8.005µs(n=2500000)|80-90%=8.14µs(n=2500000)|90-100%=8.604µs(n=2500000)",5753.64,8017.11,125953154,892881827,3571,"0-10%=2.34µs(n=25000)|10-20%=3.134µs(n=25000)|20-30%=3.652µs(n=25000)|30-40%=3.662µs(n=25000)|40-50%=3.581µs(n=25000)|50-60%=3.654µs(n=25000)|60-70%=3.829µs(n=25000)|70-80%=3.805µs(n=25000)|80-90%=3.948µs(n=25000)|90-100%=4.105µs(n=25000)",2936,8740,0,0,"",0,0,0,0,0,0.00,0.00,0
avlhashtree,prehashed_ordered_build_10k,0,10000,10000,18921893,1892,"0-10%=1.453µs(n=1000)|10-20%=1.669µs(n=1000)|20-30%=1.773µs(n=1000)|30-40%=1.774µs(n=1000)|40-50%=1.881µs(n=1000)|50-60%=1.958µs(n=1000)|60-70%=2.526µs(n=1000)|70-80%=1.931µs(n=1000)|80-90%=1.949µs(n=1000)|90-100%=2.003µs(n=1000)",2.21,2.61,60394,37008,370,"0-10%=512ns(n=10)|10-20%=296ns(n=10)|20-30%=331ns(n=10)|30-40%=333ns(n=10)|40-50%=332ns(n=10)|50-60%=323ns(n=10)|60-70%=384ns(n=10)|70-80%=332ns(n=10)|80-90%=544ns(n=10)|90-100%=308ns(n=10)",1567,3386,0,0,"",0,0,0,0,0,0.00,0.00,0
avlhashtree,prehashed_ordered_build_50k,0,50000,50000,107323452,2146,"0-10%=1.824µs(n=5000)|10-20%=1.934µs(n=5000)|20-30%=2.006µs(n=5000)|30-40%=2.296µs(n=5000)|40-50%=2.109µs(n=5000)|50-60%=2.111µs(n=5000)|60-70%=2.156µs(n=5000)|70-80%=2.229µs(n=5000)|80-90%=2.501µs(n=5000)|90-100%=2.295µs(n=5000)",10.32,13.01,267355,223922,447,"0-10%=391ns(n=50)|10-20%=570ns(n=50)|20-30%=345ns(n=50)|30-40%=374ns(n=50)|40-50%=405ns(n=50)|50-60%=372ns(n=50)|60-70%=389ns(n=50)|70-80%=361ns(n=50)|80-90%=502ns(n=50)|90-100%=764ns(n=50)",1821,3794,0,0,"",0,0,0,0,0,0.00,0.00,0
avlhashtree,prehashed_ordered_build_100k,0,100000,100000,225025915,2250,"0-10%=1.929µs(n=10000)|10-20%=2.051µs(n=10000)|20-30%=2.137µs(n=10000)|30-40%=2.334µs(n=10000)|40-50%=2.218µs(n=10000)|50-60%=2.226µs(n=10000)|60-70%=2.292µs(n=10000)|70-80%=2.494µs(n=10000)|80-90%=2.405µs(n=10000)|90-100%=2.411µs(n=10000)",21.19,25.98,556552,516030,516,"0-10%=606ns(n=100)|10-20%=460ns(n=100)|20-30%=438ns(n=100)|30-40%=462ns(n=100)|40-50%=667ns(n=100)|50-60%=512ns(n=100)|60-70%=612ns(n=100)|70-80%=484ns(n=100)|80-90%=468ns(n=100)|90-100%=446ns(n=100)",1950,4267,0,0,"",0,0,0,0,0,0.00,0.00,0
avlhashtree,prehashed_ordered_build_200k,0,200000,200000,474416569,2372,"0-10%=1.969µs(n=20000)|10-20%=2.274µs(n=20000)|20-30%=2.322µs(n=20000)|30-40%=2.408µs(n=20000)|40-50%=2.504µs(n=20000)|50-60%=2.341µs(n=20000)|60-70%=2.424µs(n=20000)|70-80%=2.486µs(n=20000)|80-90%=2.489µs(n=20000)|90-100%=2.499µs(n=20000)",46.15,51.92,1267598,1244856,622,"0-10%=579ns(n=200)|10-20%=1.81µs(n=200)|20-30%=469ns(n=200)|30-40%=471ns(n=200)|40-50%=480ns(n=200)|50-60%=416ns(n=200)|60-70%=496ns(n=200)|70-80%=528ns(n=200)|80-90%=451ns(n=200)|90-100%=518ns(n=200)",2066,4877,0,0,"",0,0,0,0,0,0.00,0.00,0
avlhashtree,prehashed_ordered_build_300k,0,300000,300000,730620123,2435,"0-10%=2.062µs(n=30000)|10-20%=2.327µs(n=30000)|20-30%=2.376µs(n=30000)|30-40%=2.397µs(n=30000)|40-50%=2.502µs(n=30000)|50-60%=2.477µs(n=30000)|60-70%=2.486µs(n=30000)|70-80%=2.489µs(n=30000)|80-90%=2.52µs(n=30000)|90-100%=2.714µs(n=30000)",60.44,77.87,1540534,2111617,703,"0-10%=558ns(n=300)|10-20%=719ns(n=300)|20-30%=640ns(n=300)|30-40%=683ns(n=300)|40-50%=712ns(n=300)|50-60%=740ns(n=300)|60-70%=710ns(n=300)|70-80%=796ns(n=300)|80-90%=710ns(n=300)|90-100%=765ns(n=300)",2137,4719,0,0,"",0,0,0,0,0,0.00,0.00,0
avlhashtree,prehashed_ordered_build_500k,0,500000,500000,1281438870,2562,"0-10%=2.132µs(n=50000)|10-20%=2.375µs(n=50000)|20-30%=2.443µs(n=50000)|30-40%=2.516µs(n=50000)|40-50%=2.578µs(n=50000)|50-60%=2.795µs(n=50000)|60-70%=2.647µs(n=50000)|70-80%=2.634µs(n=50000)|80-90%=2.655µs(n=50000)|90-100%=2.851µs(n=50000)",100.06,129.76,2540693,5032400,1006,"0-10%=901ns(n=500)|10-20%=999ns(n=500)|20-30%=1.105µs(n=500)|30-40%=1.059µs(n=500)|40-50%=1.149µs(n=500)|50-60%=959ns(n=500)|60-70%=941ns(n=500)|70-80%=878ns(n=500)|80-90%=1.023µs(n=500)|90-100%=1.045µs(n=500)",2224,5185,0,0,"",0,0,0,0,0,0.00,0.00,0
avlhashtree,prehashed_ordered_build_700k,0,700000,700000,1856352081,2651,"0-10%=2.2µs(n=70000)|10-20%=2.444µs(n=70000)|20-30%=2.534µs(n=70000)|30-40%=2.641µs(n=70000)|40-50%=2.826µs(n=70000)|50-60%=2.68µs(n=70000)|60-70%=2.676µs(n=70000)|70-80%=2.724µs(n=70000)|80-90%=2.832µs(n=70000)|90-100%=2.956µs(n=70000)",139.71,181.67,3540212,8023824,1146,"0-10%=1.041µs(n=700)|10-20%=1.138µs(n=700)|20-30%=1.233µs(n=700)|30-40%=1.133µs(n=700)|40-50%=1.058µs(n=700)|50-60%=1.077µs(n=700)|60-70%=1.092µs(n=700)|70-80%=1.2µs(n=700)|80-90%=1.319µs(n=700)|90-100%=1.166µs(n=700)",2287,5404,0,0,"",0,0,0,0,0,0.00,0.00,0
avlhashtree,prehashed_ordered_build_900k,0,900000,900000,2455149866,2727,"0-10%=2.248µs(n=90000)|10-20%=2.592µs(n=90000)|20-30%=2.639µs(n=90000)|30-40%=2.749µs(n=90000)|40-50%=2.825µs(n=90000)|50-60%=2.695µs(n=90000)|60-70%=2.824µs(n=90000)|70-80%=2.851µs(n=90000)|80-90%=2.842µs(n=90000)|90-100%=3.009µs(n=90000)",180.20,233.57,4577222,11582910,1286,"0-10%=1.007µs(n=900)|10-20%=1.106µs(n=900)|20-30%=1.328µs(n=900)|30-40%=1.342µs(n=900)|40-50%=1.415µs(n=900)|50-60%=1.351µs(n=900)|60-70%=1.377µs(n=900)|70-80%=1.338µs(n=900)|80-90%=1.294µs(n=900)|90-100%=1.306µs(n=900)",2326,5128,0,0,"",0,0,0,0,0,0.00,0.00,0
avlhashtree,prehashed_ordered_build_1m,0,1000000,1000000,2696880120,2696,"0-10%=2.276µs(n=100000)|10-20%=2.546µs(n=100000)|20-30%=2.602µs(n=100000)|30-40%=2.672µs(n=100000)|40-50%=2.735µs(n=100000)|50-60%=2.826µs(n=100000)|60-70%=2.782µs(n=100000)|70-80%=2.765µs(n=100000)|80-90%=2.779µs(n=100000)|90-100%=2.98µs(n=100000)",201.95,259.52,5155178,13081823,1308,"0-10%=1.269µs(n=1000)|10-20%=1.244µs(n=1000)|20-30%=1.442µs(n=1000)|30-40%=1.426µs(n=1000)|40-50%=1.434µs(n=1000)|50-60%=1.125µs(n=1000)|60-70%=1.238µs(n=1000)|70-80%=1.301µs(n=1000)|80-90%=1.333µs(n=1000)|90-100%=1.265µs(n=1000)",2338,5241,0,0,"",0,0,0,0,0,0.00,0.00,0
avlhashtree,prehashed_ordered_build_2m,0,2000000,2000000,5731339238,2865,"0-10%=2.458µs(n=200000)|10-20%=2.728µs(n=200000)|20-30%=2.796µs(n=200000)|30-40%=2.856µs(n=200000)|40-50%=2.953µs(n=200000)|50-60%=2.893µs(n=200000)|60-70%=2.937µs(n=200000)|70-80%=2.947µs(n=200000)|80-90%=2.98µs(n=200000)|90-100%=3.104µs(n=200000)",401.24,519.01,10201114,29741610,1487,"0-10%=1.814µs(n=2000)|10-20%=1.396µs(n=2000)|20-30%=1.438µs(n=2000)|30-40%=1.459µs(n=2000)|40-50%=1.438µs(n=2000)|50-60%=1.491µs(n=2000)|60-70%=1.45µs(n=2000)|70-80%=1.444µs(n=2000)|80-90%=1.44µs(n=2000)|90-100%=1.497µs(n=2000)",2459,5525,0,0,"",0,0,0,0,0,0.00,0.00,0
avlhashtree,prehashed_ordered_build_5m,0,5000000,5000000,15216333298,3043,"0-10%=2.66µs(n=500000)|10-20%=2.909µs(n=500000)|20-30%=3.006µs(n=500000)|30-40%=3.034µs(n=500000)|40-50%=3.148µs(n=500000)|50-60%=3.065µs(n=500000)|60-70%=3.055µs(n=500000)|70-80%=3.085µs(n=500000)|80-90%=3.165µs(n=500000)|90-100%=3.301µs(n=500000)",1001.14,1297.46,25411876,74468047,1489,"0-10%=1.366µs(n=5000)|10-20%=1.469µs(n=5000)|20-30%=1.508µs(n=5000)|30-40%=1.503µs(n=5000)|40-50%=1.519µs(n=5000)|50-60%=1.463µs(n=5000)|60-70%=1.535µs(n=5000)|70-80%=1.485µs(n=5000)|80-90%=1.505µs(n=5000)|90-100%=1.535µs(n=5000)",2623,5675,0,0,"",0,0,0,0,0,0.00,0.00,0
avlhashtree,prehashed_ordered_build_10m,0,10000000,10000000,31473812442,3147,"0-10%=2.727µs(n=1000000)|10-20%=2.999µs(n=1000000)|20-30%=3.061µs(n=1000000)|30-40%=3.053µs(n=1000000)|40-50%=3.247µs(n=1000000)|50-60%=3.221µs(n=1000000)|60-70%=3.17µs(n=1000000)|70-80%=3.218µs(n=1000000)|80-90%=3.263µs(n=1000000)|90-100%=3.509µs(n=1000000)",2010.55,2594.85,51163898,160166969,1601,"0-10%=1.564µs(n=10000)|10-20%=1.586µs(n=10000)|20-30%=1.587µs(n=10000)|30-40%=1.607µs(n=10000)|40-50%=1.614µs(n=10000)|50-60%=1.593µs(n=10000)|60-70%=1.6µs(n=10000)|70-80%=1.62µs(n=10000)|80-90%=1.606µs(n=10000)|90-100%=1.634µs(n=10000)",2741,6047,0,0,"",0,0,0,0,0,0.00,0.00,0
avlhashtree,prehashed_ordered_build_25m,0,15000000,15000000,47702075223,3180,"0-10%=2.796µs(n=1500000)|10-20%=3.022µs(n=1500000)|20-30%=3.083µs(n=1500000)|30-40%=3.163µs(n=1500000)|40-50%=3.228µs(n=1500000)|50-60%=3.208µs(n=1500000)|60-70%=3.257µs(n=1500000)|70-80%=3.265µs(n=1500000)|80-90%=3.284µs(n=1500000)|90-100%=3.49µs(n=1500000)",3002.18,3892.17,76235851,259507270,1730,"0-10%=1.55µs(n=15000)|10-20%=1.573µs(n=15000)|20-30%=1.567µs(n=15000)|30-40%=1.58µs(n=15000)|40-50%=1.621µs(n=15000)|50-60%=1.61µs(n=15000)|60-70%=1.947µs(n=15000)|70-80%=1.942µs(n=15000)|80-90%=1.921µs(n=15000)|90-100%=1.985µs(n=15000)",2808,6631,0,0,"",0,0,0,0,0,0.00,0.00,0
avlhashtree,insert_only_build_10k,0,10000,10000,20923377,2092,"0-10%=1.531µs(n=1000)|10-20%=1.832µs(n=1000)|20-30%=1.847µs(n=1000)|30-40%=1.98µs(n=1000)|40-50%=2.022µs(n=1000)|50-60%=2.087µs(n=1000)|60-70%=3.032µs(n=1000)|70-80%=2.203µs(n=1000)|80-90%=2.189µs(n=1000)|90-100%=2.196µs(n=1000)",2.59,3.22,62422,0,0,"",0,0,0,0,"",0,0,0,0,0,0.00,0.00,0
avlhashtree,insert_only_build_50k,0,50000,50000,120817971,2416,"0-10%=1.849µs(n=5000)|10-20%=2.34µs(n=5000)|20-30%=2.242µs(n=5000)|30-40%=2.532µs(n=5000)|40-50%=2.372µs(n=5000)|50-60%=2.425µs(n=5000)|60-70%=2.746µs(n=5000)|70-80%=2.501µs(n=5000)|80-90%=2.551µs(n=5000)|90-100%=2.6µs(n=5000)",13.10,16.06,313499,0,0,"",0,0,0,0,"",0,0,0,0,0,0.00,0.00,0
avlhashtree,insert_only_build_100k,0,100000,100000,261407775,2614,"0-10%=2.076µs(n=10000)|10-20%=2.399µs(n=10000)|20-30%=2.433µs(n=10000)|30-40%=2.602µs(n=10000)|40-50%=2.533µs(n=10000)|50-60%=2.801µs(n=10000)|60-70%=2.767µs(n=10000)|70-80%=2.831µs(n=10000)|80-90%=2.82µs(n=10000)|90-100%=2.874µs(n=10000)",26.67,32.08,644990,0,0,"",0,0,0,0,"",0,0,0,0,0,0.00,0.00,0
avlhashtree,insert_only_build_200k,0,200000,200000,562052707,2810,"0-10%=2.236µs(n=20000)|10-20%=2.538µs(n=20000)|20-30%=2.663µs(n=20000)|30-40%=2.692µs(n=20000)|40-50%=2.803µs(n=20000)|50-60%=2.95µs(n=20000)|60-70%=2.916µs(n=20000)|70-80%=3.011µs(n=20000)|80-90%=3.088µs(n=20000)|90-100%=3.202µs(n=20000)",47.59,64.14,1069293,0,0,"",0,0,0,0,"",0,0,0,0,0,0.00,0.00,0
avlhashtree,insert_only_build_300k,0,300000,300000,891310100,2971,"0-10%=2.323µs(n=30000)|10-20%=2.655µs(n=30000)|20-30%=2.707µs(n=30000)|30-40%=2.869µs(n=30000)|40-50%=2.966µs(n=30000)|50-60%=3.128µs(n=30000)|60-70%=3.108µs(n=30000)|70-80%=3.169µs(n=30000)|80-90%=3.307µs(n=30000)|90-100%=3.473µs(n=30000)",79.72,96.19,1922221,0,0,"",0,0,0,0,"",0,0,0,0,0,0.00,0.00,0
avlhashtree,insert_only_build_500k,0,500000,500000,1648221497,3296,"0-10%=2.414µs(n=50000)|10-20%=2.744µs(n=50000)|20-30%=3.002µs(n=50000)|30-40%=3.167µs(n=50000)|40-50%=3.325µs(n=50000)|50-60%=3.369µs(n=50000)|60-70%=3.609µs(n=50000)|70-80%=3.675µs(n=50000)|80-90%=3.789µs(n=50000)|90-100%=3.865µs(n=50000)",132.31,160.31,3181580,0,0,"",0,0,0,0,"",0,0,0,0,0,0.00,0.00,0
avlhashtree,insert_only_build_700k,0,700000,700000,2463510049,3519,"0-10%=2.507µs(n=70000)|10-20%=2.873µs(n=70000)|20-30%=3.138µs(n=70000)|30-40%=3.401µs(n=70000)|40-50%=3.568µs(n=70000)|50-60%=3.664µs(n=70000)|60-70%=3.751µs(n=70000)|70-80%=4.13µs(n=70000)|80-90%=4.031µs(n=70000)|90-100%=4.123µs(n=70000)",176.76,224.43,4129709,0,0,"",0,0,0,0,"",0,0,0,0,0,0.00,0.00,0
avlhashtree,insert_only_build_900k,0,900000,900000,3314609853,3682,"0-10%=2.554µs(n=90000)|10-20%=3.08µs(n=90000)|20-30%=3.217µs(n=90000)|30-40%=3.476µs(n=90000)|40-50%=3.624µs(n=90000)|50-60%=3.968µs(n=90000)|60-70%=4.033µs(n=90000)|70-80%=4.122µs(n=90000)|80-90%=4.202µs(n=90000)|90-100%=4.548µs(n=90000)",207.43,288.54,4552017,0,0,"",0,0,0,0,"",0,0,0,0,0,0.00,0.00,0
avlhashtree,insert_only_build_1m,0,1000000,1000000,3782798665,3782,"0-10%=2.587µs(n=100000)|10-20%=3.032µs(n=100000)|20-30%=3.226µs(n=100000)|30-40%=3.562µs(n=100000)|40-50%=3.754µs(n=100000)|50-60%=4.129µs(n=100000)|60-70%=4.075µs(n=100000)|70-80%=4.21µs(n=100000)|80-90%=4.528µs(n=100000)|90-100%=4.72µs(n=100000)",239.58,320.60,5405311,0,0,"",0,0,0,0,"",0,0,0,0,0,0.00,0.00,0
avlhashtree,insert_only_build_2m,0,2000000,2000000,8811288220,4405,"0-10%=2.826µs(n=200000)|10-20%=3.429µs(n=200000)|20-30%=3.933µs(n=200000)|30-40%=4.284µs(n=200000)|40-50%=4.626µs(n=200000)|50-60%=4.617µs(n=200000)|60-70%=4.779µs(n=200000)|70-80%=5.277µs(n=200000)|80-90%=5.111µs(n=200000)|90-100%=5.17µs(n=200000)",502.17,641.23,11686869,0,0,"",0,0,0,0,"",0,0,0,0,0,0.00,0.00,0
avlhashtree,insert_only_build_5m,0,5000000,5000000,26592291733,5318,"0-10%=3.29µs(n=500000)|10-20%=4.386µs(n=500000)|20-30%=4.795µs(n=500000)|30-40%=5.257µs(n=500000)|40-50%=5.445µs(n=500000)|50-60%=5.828µs(n=500000)|60-70%=5.779µs(n=500000)|70-80%=5.896µs(n=500000)|80-90%=6.306µs(n=500000)|90-100%=6.198µs(n=500000)",1199.54,1603.11,27077233,0,0,"",0,0,0,0,"",0,0,0,0,0,0.00,0.00,0
avlhashtree,insert_only_build_10m,0,10000000,10000000,60416550542,6041,"0-10%=3.827µs(n=1000000)|10-20%=5.002µs(n=1000000)|20-30%=5.671µs(n=1000000)|30-40%=5.856µs(n=1000000)|40-50%=6.319µs(n=1000000)|50-60%=6.365µs(n=1000000)|60-70%=6.568µs(n=1000000)|70-80%=6.91µs(n=1000000)|80-90%=6.865µs(n=1000000)|90-100%=7.028µs(n=1000000)",2518.29,3206.41,58702189,0,0,"",0,0,0,0,"",0,0,0,0,0,0.00,0.00,0
avlhashtree,insert_only_build_25m,0,25000000,25000000,176588349397,7063,"0-10%=4.634µs(n=2500000)|10-20%=6.028µs(n=2500000)|20-30%=6.539µs(n=2500000)|30-40%=6.81µs(n=2500000)|40-50%=7.263µs(n=2500000)|50-60%=7.376µs(n=2500000)|60-70%=7.521µs(n=2500000)|70-80%=7.911µs(n=2500000)|80-90%=8.308µs(n=2500000)|90-100%=8.24µs(n=2500000)",6120.44,8017.14,140004928,0,0,"",0,0,0,0,"",0,0,0,0,0,0.00,0.00,0
avlhashtree,proof_only_after_10k_build_sample_5pct,10000,10000,0,0,0,"",0.00,0.00,0,300459,600,"0-10%=464ns(n=50)|10-20%=535ns(n=50)|20-30%=403ns(n=50)|30-40%=401ns(n=50)|40-50%=465ns(n=50)|50-60%=1.538µs(n=50)|60-70%=580ns(n=50)|70-80%=577ns(n=50)|80-90%=539ns(n=50)|90-100%=502ns(n=50)",1573,3395,0,0,"",0,0,0,0,0,0.00,0.00,0
avlhashtree,proof_only_after_50k_build_sample_5pct,50000,50000,0,0,0,"",0.00,0.00,0,1604723,641,"0-10%=575ns(n=250)|10-20%=542ns(n=250)|20-30%=592ns(n=250)|30-40%=540ns(n=250)|40-50%=636ns(n=250)|50-60%=544ns(n=250)|60-70%=1.063µs(n=250)|70-80%=599ns(n=250)|80-90%=613ns(n=250)|90-100%=708ns(n=250)",1855,4045,0,0,"",0,0,0,0,0,0.00,0.00,0
avlhashtree,proof_only_after_100k_build_sample_5pct,100000,100000,0,0,0,"",0.00,0.00,0,3595425,719,"0-10%=564ns(n=500)|10-20%=642ns(n=500)|20-30%=686ns(n=500)|30-40%=768ns(n=500)|40-50%=736ns(n=500)|50-60%=938ns(n=500)|60-70%=878ns(n=500)|70-80%=638ns(n=500)|80-90%=663ns(n=500)|90-100%=673ns(n=500)",1974,4388,0,0,"",0,0,0,0,0,0.00,0.00,0
avlhashtree,proof_only_after_200k_build_sample_5pct,200000,200000,0,0,0,"",0.00,0.00,0,9255003,925,"0-10%=729ns(n=1000)|10-20%=840ns(n=1000)|20-30%=912ns(n=1000)|30-40%=894ns(n=1000)|40-50%=996ns(n=1000)|50-60%=1.209µs(n=1000)|60-70%=918ns(n=1000)|70-80%=913ns(n=1000)|80-90%=922ns(n=1000)|90-100%=916ns(n=1000)",2100,4928,0,0,"",0,0,0,0,0,0.00,0.00,0
avlhashtree,proof_only_after_300k_build_sample_5pct,300000,300000,0,0,0,"",0.00,0.00,0,16746134,1116,"0-10%=862ns(n=1500)|10-20%=981ns(n=1500)|20-30%=1.035µs(n=1500)|30-40%=1.124µs(n=1500)|40-50%=1.105µs(n=1500)|50-60%=1.477µs(n=1500)|60-70%=1.026µs(n=1500)|70-80%=1.026µs(n=1500)|80-90%=1.095µs(n=1500)|90-100%=1.427µs(n=1500)",2171,5100,0,0,"",0,0,0,0,0,0.00,0.00,0
avlhashtree,proof_only_after_500k_build_sample_5pct,500000,500000,0,0,0,"",0.00,0.00,0,34826989,1393,"0-10%=1.164µs(n=2500)|10-20%=1.28µs(n=2500)|20-30%=1.295µs(n=2500)|30-40%=1.386µs(n=2500)|40-50%=1.397µs(n=2500)|50-60%=1.8µs(n=2500)|60-70%=1.369µs(n=2500)|70-80%=1.362µs(n=2500)|80-90%=1.362µs(n=2500)|90-100%=1.511µs(n=2500)",2257,5520,0,0,"",0,0,0,0,0,0.00,0.00,0
avlhashtree,proof_only_after_700k_build_sample_5pct,700000,700000,0,0,0,"",0.00,0.00,0,52143430,1489,"0-10%=1.171µs(n=3500)|10-20%=1.295µs(n=3500)|20-30%=1.412µs(n=3500)|30-40%=1.488µs(n=3500)|40-50%=1.482µs(n=3500)|50-60%=1.798µs(n=3500)|60-70%=1.551µs(n=3500)|70-80%=1.511µs(n=3500)|80-90%=1.553µs(n=3500)|90-100%=1.633µs(n=3500)",2319,5391,0,0,"",0,0,0,0,0,0.00,0.00,0
avlhashtree,proof_only_after_900k_build_sample_5pct,900000,900000,0,0,0,"",0.00,0.00,0,73421314,1631,"0-10%=1.357µs(n=4500)|10-20%=1.474µs(n=4500)|20-30%=1.557µs(n=4500)|30-40%=1.573µs(n=4500)|40-50%=1.66µs(n=4500)|50-60%=1.921µs(n=4500)|60-70%=1.642µs(n=4500)|70-80%=1.716µs(n=4500)|80-90%=1.695µs(n=4500)|90-100%=1.716µs(n=4500)",2365,5638,0,0,"",0,0,0,0,0,0.00,0.00,0
avlhashtree,proof_only_after_1m_build_sample_5pct,1000000,1000000,0,0,0,"",0.00,0.00,0,85699886,1713,"0-10%=1.384µs(n=5000)|10-20%=1.504µs(n=5000)|20-30%=1.562µs(n=5000)|30-40%=1.637µs(n=5000)|40-50%=1.669µs(n=5000)|50-60%=2.111µs(n=5000)|60-70%=1.686µs(n=5000)|70-80%=1.732µs(n=5000)|80-90%=1.967µs(n=5000)|90-100%=1.882µs(n=5000)",2382,5724,0,0,"",0,0,0,0,0,0.00,0.00,0
avlhashtree,prehashed_ordered_proof_only_after_1m_build_sample_5pct,1000000,1000000,0,0,0,"",0.00,0.00,0,48031933,960,"0-10%=864ns(n=5000)|10-20%=951ns(n=5000)|20-30%=1.001µs(n=5000)|30-40%=1.014µs(n=5000)|40-50%=984ns(n=5000)|50-60%=1.205µs(n=5000)|60-70%=895ns(n=5000)|70-80%=889ns(n=5000)|80-90%=892ns(n=5000)|90-100%=907ns(n=5000)",2341,5150,0,0,"",0,0,0,0,0,0.00,0.00,0
avlhashtree,proof_only_after_2m_build_sample_3pct,2000000,2000000,0,0,0,"",0.00,0.00,0,122488891,2041,"0-10%=1.692µs(n=6000)|10-20%=1.858µs(n=6000)|20-30%=1.896µs(n=6000)|30-40%=1.948µs(n=6000)|40-50%=1.991µs(n=6000)|50-60%=1.981µs(n=6000)|60-70%=2.055µs(n=6000)|70-80%=2.047µs(n=6000)|80-90%=2.722µs(n=6000)|90-100%=2.22µs(n=6000)",2493,6253,0,0,"",0,0,0,0,0,0.00,0.00,0
avlhashtree,proof_only_after_5m_build_sample_3pct,5000000,5000000,0,0,0,"",0.00,0.00,0,356488821,2376,"0-10%=2.026µs(n=15000)|10-20%=2.16µs(n=15000)|20-30%=2.165µs(n=15000)|30-40%=2.246µs(n=15000)|40-50%=2.218µs(n=15000)|50-60%=2.282µs(n=15000)|60-70%=2.26µs(n=15000)|70-80%=2.333µs(n=15000)|80-90%=3.452µs(n=15000)|90-100%=2.619µs(n=15000)",2655,6701,0,0,"",0,0,0,0,0,0.00,0.00,0
avlhashtree,prehashed_ordered_proof_only_after_5m_build_sample_3pct,5000000,5000000,0,0,0,"",0.00,0.00,0,189713160,1264,"0-10%=1.208µs(n=15000)|10-20%=1.216µs(n=15000)|20-30%=1.214µs(n=15000)|30-40%=1.23µs(n=15000)|40-50%=1.265µs(n=15000)|50-60%=1.249µs(n=15000)|60-70%=1.27µs(n=15000)|70-80%=1.259µs(n=15000)|80-90%=1.548µs(n=15000)|90-100%=1.183µs(n=15000)",2622,6061,0,0,"",0,0,0,0,0,0.00,0.00,0
avlhashtree,proof_only_after_10m_build_sample_2pct,10000000,10000000,0,0,0,"",0.00,0.00,0,510380299,2551,"0-10%=2.306µs(n=20000)|10-20%=2.382µs(n=20000)|20-30%=2.424µs(n=20000)|30-40%=2.586µs(n=20000)|40-50%=2.471µs(n=20000)|50-60%=2.581µs(n=20000)|60-70%=2.541µs(n=20000)|70-80%=2.61µs(n=20000)|80-90%=2.732µs(n=20000)|90-100%=2.88µs(n=20000)",2776,6651,0,0,"",0,0,0,0,0,0.00,0.00,0
avlhashtree,proof_only_after_20m_build_sample_2pct,20000000,20000000,0,0,0,"",0.00,0.00,0,1433353196,3583,"0-10%=2.996µs(n=40000)|10-20%=3.357µs(n=40000)|20-30%=3.414µs(n=40000)|30-40%=3.528µs(n=40000)|40-50%=3.54µs(n=40000)|50-60%=3.717µs(n=40000)|60-70%=3.667µs(n=40000)|70-80%=3.754µs(n=40000)|80-90%=3.833µs(n=40000)|90-100%=4.022µs(n=40000)",2897,8790,0,0,"",0,0,0,0,0,0.00,0.00,0
avlhashtree,build_10k_then_add_2k_new,10000,12000,2000,4453008,2226,"0-10%=2.307µs(n=200)|10-20%=2.16µs(n=200)|20-30%=2.297µs(n=200)|30-40%=2.348µs(n=200)|40-50%=2.224µs(n=200)|50-60%=2.277µs(n=200)|60-70%=2.165µs(n=200)|70-80%=2.141µs(n=200)|80-90%=2.211µs(n=200)|90-100%=2.128µs(n=200)",0.65,0.65,67840,0,0,"",0,0,0,0,"",0,0,0,0,0,0.00,0.00,0
avlhashtree,build_50k_then_add_10k_new,50000,60000,10000,27413719,2741,"0-10%=3.007µs(n=1000)|10-20%=2.732µs(n=1000)|20-30%=2.72µs(n=1000)|30-40%=2.731µs(n=1000)|40-50%=2.686µs(n=1000)|50-60%=2.873µs(n=1000)|60-70%=2.594µs(n=1000)|70-80%=2.744µs(n=1000)|80-90%=2.712µs(n=1000)|90-100%=2.608µs(n=1000)",3.22,3.22,335850,0,0,"",0,0,0,0,"",0,0,0,0,0,0.00,0.00,0
avlhashtree,build_100k_then_add_20k_new,100000,120000,20000,60720770,3036,"0-10%=3.196µs(n=2000)|10-20%=3.056µs(n=2000)|20-30%=2.977µs(n=2000)|30-40%=2.966µs(n=2000)|40-50%=2.99µs(n=2000)|50-60%=3.01µs(n=2000)|60-70%=2.987µs(n=2000)|70-80%=3.058µs(n=2000)|80-90%=3.045µs(n=2000)|90-100%=3.071µs(n=2000)",6.42,6.42,670853,0,0,"",0,0,0,0,"",0,0,0,0,0,0.00,0.00,0
avlhashtree,build_200k_then_add_40k_new,200000,240000,40000,130489995,3262,"0-10%=3.275µs(n=4000)|10-20%=3.281µs(n=4000)|20-30%=3.327µs(n=4000)|30-40%=3.204µs(n=4000)|40-50%=3.229µs(n=4000)|50-60%=3.247µs(n=4000)|60-70%=3.25µs(n=4000)|70-80%=3.275µs(n=4000)|80-90%=3.249µs(n=4000)|90-100%=3.279µs(n=4000)",12.85,12.85,1340861,0,0,"",0,0,0,0,"",0,0,0,0,0,0.00,0.00,0
avlhashtree,build_300k_then_add_60k_new,300000,360000,60000,222257346,3704,"0-10%=4.107µs(n=6000)|10-20%=3.772µs(n=6000)|20-30%=3.672µs(n=6000)|30-40%=3.661µs(n=6000)|40-50%=3.628µs(n=6000)|50-60%=3.633µs(n=6000)|60-70%=3.625µs(n=6000)|70-80%=3.659µs(n=6000)|80-90%=3.633µs(n=6000)|90-100%=3.649µs(n=6000)",19.26,19.26,2010869,0,0,"",0,0,0,0,"",0,0,0,0,0,0.00,0.00,0
avlhashtree,build_500k_then_add_100k_new,500000,600000,100000,416234667,4162,"0-10%=4.564µs(n=10000)|10-20%=4.104µs(n=10000)|20-30%=4.093µs(n=10000)|30-40%=4.065µs(n=10000)|40-50%=4.047µs(n=10000)|50-60%=4.123µs(n=10000)|60-70%=4.141µs(n=10000)|70-80%=4.145µs(n=10000)|80-90%=4.141µs(n=10000)|90-100%=4.194µs(n=10000)",32.08,32.08,3350879,0,0,"",0,0,0,0,"",0,0,0,0,0,0.00,0.00,0
avlhashtree,build_700k_then_add_140k_new,700000,840000,140000,638389520,4559,"0-10%=5.181µs(n=14000)|10-20%=4.806µs(n=14000)|20-30%=4.516µs(n=14000)|30-40%=4.409µs(n=14000)|40-50%=4.394µs(n=14000)|50-60%=4.385µs(n=14000)|60-70%=4.82µs(n=14000)|70-80%=4.393µs(n=14000)|80-90%=4.35µs(n=14000)|90-100%=4.339µs(n=14000)",44.90,44.90,4690889,0,0,"",0,0,0,0,"",0,0,0,0,0,0.00,0.00,0
avlhashtree,build_900k_then_add_180k_new,900000,1080000,180000,861333242,4785,"0-10%=5.717µs(n=18000)|10-20%=5.045µs(n=18000)|20-30%=4.819µs(n=18000)|30-40%=4.604µs(n=18000)|40-50%=4.548µs(n=18000)|50-60%=4.531µs(n=18000)|60-70%=4.59µs(n=18000)|70-80%=4.644µs(n=18000)|80-90%=4.657µs(n=18000)|90-100%=4.692µs(n=18000)",57.73,57.73,6030896,0,0,"",0,0,0,0,"",0,0,0,0,0,0.00,0.00,0
avlhashtree,build_1m_then_add_200k_new,1000000,1200000,200000,962541482,4812,"0-10%=5.471µs(n=20000)|10-20%=5.079µs(n=20000)|20-30%=4.896µs(n=20000)|30-40%=4.638µs(n=20000)|40-50%=4.614µs(n=20000)|50-60%=4.683µs(n=20000)|60-70%=4.679µs(n=20000)|70-80%=4.685µs(n=20000)|80-90%=4.673µs(n=20000)|90-100%=4.704µs(n=20000)",64.14,64.14,6700900,0,0,"",0,0,0,0,"",0,0,0,0,0,0.00,0.00,0
avlhashtree,build_2m_then_add_400k_new,2000000,2400000,400000,2350583389,5876,"0-10%=6.747µs(n=40000)|10-20%=6.116µs(n=40000)|20-30%=5.917µs(n=40000)|30-40%=5.957µs(n=40000)|40-50%=5.873µs(n=40000)|50-60%=5.889µs(n=40000)|60-70%=5.634µs(n=40000)|70-80%=5.437µs(n=40000)|80-90%=5.574µs(n=40000)|90-100%=5.616µs(n=40000)",128.28,128.28,13400917,0,0,"",0,0,0,0,"",0,0,0,0,0,0.00,0.00,0
avlhashtree,build_5m_then_add_1m_new,5000000,6000000,1000000,6614764996,6614,"0-10%=6.9µs(n=100000)|10-20%=6.745µs(n=100000)|20-30%=6.729µs(n=100000)|30-40%=6.535µs(n=100000)|40-50%=6.41µs(n=100000)|50-60%=6.531µs(n=100000)|60-70%=6.536µs(n=100000)|70-80%=6.56µs(n=100000)|80-90%=6.573µs(n=100000)|90-100%=6.624µs(n=100000)",320.68,320.68,33500943,0,0,"",0,0,0,0,"",0,0,0,0,0,0.00,0.00,0
avlhashtree,build_10m_then_add_2m_new,10000000,12000000,2000000,14453475786,7226,"0-10%=7.68µs(n=200000)|10-20%=7.398µs(n=200000)|20-30%=7.131µs(n=200000)|30-40%=7.102µs(n=200000)|40-50%=7.21µs(n=200000)|50-60%=7.177µs(n=200000)|60-70%=7.103µs(n=200000)|70-80%=7.131µs(n=200000)|80-90%=7.158µs(n=200000)|90-100%=7.173µs(n=200000)",641.38,641.38,67000988,0,0,"",0,0,0,0,"",0,0,0,0,0,0.00,0.00,0
avlhashtree,build_20m_then_add_5m_new,20000000,25000000,5000000,40568918008,8113,"0-10%=8.178µs(n=500000)|10-20%=7.899µs(n=500000)|20-30%=7.995µs(n=500000)|30-40%=8.041µs(n=500000)|40-50%=8.043µs(n=500000)|50-60%=8.096µs(n=500000)|60-70%=8.207µs(n=500000)|70-80%=8.193µs(n=500000)|80-90%=8.229µs(n=500000)|90-100%=8.252µs(n=500000)",1603.69,1603.69,142501137,0,0,"",0,0,0,0,"",0,0,0,0,0,0.00,0.00,0
avlhashtree,build_10k_then_reinsert_2k_existing,10000,10000,2000,3669424,1834,"0-10%=2.854µs(n=200)|10-20%=1.56µs(n=200)|20-30%=1.672µs(n=200)|30-40%=1.819µs(n=200)|40-50%=1.628µs(n=200)|50-60%=1.724µs(n=200)|60-70%=1.695µs(n=200)|70-80%=1.706µs(n=200)|80-90%=1.831µs(n=200)|90-100%=1.85µs(n=200)",0.35,0.35,63914,0,0,"",0,0,0,0,"",0,0,0,0,0,0.00,0.00,0
avlhashtree,build_50k_then_reinsert_10k_existing,50000,50000,10000,20841403,2084,"0-10%=1.881µs(n=1000)|10-20%=1.962µs(n=1000)|20-30%=2.01µs(n=1000)|30-40%=2.158µs(n=1000)|40-50%=2.031µs(n=1000)|50-60%=2.085µs(n=1000)|60-70%=2.239µs(n=1000)|70-80%=2.074µs(n=1000)|80-90%=2.104µs(n=1000)|90-100%=2.291µs(n=1000)",1.69,1.69,315926,0,0,"",0,0,0,0,"",0,0,0,0,0,0.00,0.00,0
avlhashtree,build_100k_then_reinsert_20k_existing,100000,100000,20000,44589369,2229,"0-10%=1.972µs(n=2000)|10-20%=2.103µs(n=2000)|20-30%=2.164µs(n=2000)|30-40%=2.206µs(n=2000)|40-50%=2.278µs(n=2000)|50-60%=2.271µs(n=2000)|60-70%=2.28µs(n=2000)|70-80%=2.315µs(n=2000)|80-90%=2.32µs(n=2000)|90-100%=2.38µs(n=2000)",3.37,3.37,630930,0,0,"",0,0,0,0,"",0,0,0,0,0,0.00,0.00,0
avlhashtree,build_200k_then_reinsert_40k_existing,200000,200000,40000,103114190,2577,"0-10%=2.248µs(n=4000)|10-20%=2.409µs(n=4000)|20-30%=2.549µs(n=4000)|30-40%=2.54µs(n=4000)|40-50%=2.575µs(n=4000)|50-60%=2.611µs(n=4000)|60-70%=2.677µs(n=4000)|70-80%=2.698µs(n=4000)|80-90%=2.73µs(n=4000)|90-100%=2.736µs(n=4000)",6.74,6.74,1260935,0,0,"",0,0,0,0,"",0,0,0,0,0,0.00,0.00,0
avlhashtree,build_300k_then_reinsert_60k_existing,300000,300000,60000,176098468,2934,"0-10%=2.697µs(n=6000)|10-20%=2.753µs(n=6000)|20-30%=2.84µs(n=6000)|30-40%=2.897µs(n=6000)|40-50%=2.95µs(n=6000)|50-60%=2.988µs(n=6000)|60-70%=2.997µs(n=6000)|70-80%=3.035µs(n=6000)|80-90%=3.078µs(n=6000)|90-100%=3.111µs(n=6000)",10.10,10.10,1890939,0,0,"",0,0,0,0,"",0,0,0,0,0,0.00,0.00,0
avlhashtree,build_500k_then_reinsert_100k_existing,500000,500000,100000,325747429,3257,"0-10%=3.04µs(n=10000)|10-20%=3.082µs(n=10000)|20-30%=3.165µs(n=10000)|30-40%=3.239µs(n=10000)|40-50%=3.279µs(n=10000)|50-60%=3.301µs(n=10000)|60-70%=3.336µs(n=10000)|70-80%=3.351µs(n=10000)|80-90%=3.383µs(n=10000)|90-100%=3.393µs(n=10000)",16.82,16.82,3150944,0,0,"",0,0,0,0,"",0,0,0,0,0,0.00,0.00,0
avlhashtree,build_700k_then_reinsert_140k_existing,700000,700000,140000,485684067,3469,"0-10%=3.209µs(n=14000)|10-20%=3.417µs(n=14000)|20-30%=3.498µs(n=14000)|30-40%=3.397µs(n=14000)|40-50%=3.439µs(n=14000)|50-60%=3.491µs(n=14000)|60-70%=3.516µs(n=14000)|70-80%=3.546µs(n=14000)|80-90%=3.557µs(n=14000)|90-100%=3.616µs(n=14000)",23.53,23.53,4410891,0,0,"",0,0,0,0,"",0,0,0,0,0,0.00,0.00,0
avlhashtree,build_900k_then_reinsert_180k_existing,900000,900000,180000,663552268,3686,"0-10%=3.394µs(n=18000)|10-20%=3.614µs(n=18000)|20-30%=3.523µs(n=18000)|30-40%=3.549µs(n=18000)|40-50%=3.62µs(n=18000)|50-60%=3.955µs(n=18000)|60-70%=3.761µs(n=18000)|70-80%=3.792µs(n=18000)|80-90%=3.812µs(n=18000)|90-100%=3.84µs(n=18000)",30.25,30.25,5670897,0,0,"",0,0,0,0,"",0,0,0,0,0,0.00,0.00,0
avlhashtree,build_1m_then_reinsert_200k_existing,1000000,1000000,200000,743340927,3716,"0-10%=3.495µs(n=20000)|10-20%=3.69µs(n=20000)|20-30%=3.756µs(n=20000)|30-40%=3.674µs(n=20000)|40-50%=3.669µs(n=20000)|50-60%=3.655µs(n=20000)|60-70%=3.744µs(n=20000)|70-80%=3.792µs(n=20000)|80-90%=3.838µs(n=20000)|90-100%=3.849µs(n=20000)",33.61,33.61,6300903,0,0,"",0,0,0,0,"",0,0,0,0,0,0.00,0.00,0
avlhashtree,prehashed_ordered_build_1m_then_reinsert_200k_existing,1000000,1000000,200000,494129933,2470,"0-10%=2.576µs(n=20000)|10-20%=2.543µs(n=20000)|20-30%=2.495µs(n=20000)|30-40%=2.435µs(n=20000)|40-50%=2.434µs(n=20000)|50-60%=2.431µs(n=20000)|60-70%=2.43µs(n=20000)|70-80%=2.447µs(n=20000)|80-90%=2.465µs(n=20000)|90-100%=2.445µs(n=20000)",21.40,21.40,5900918,0,0,"",0,0,0,0,"",0,0,0,0,0,0.00,0.00,0
avlhashtree,build_2m_then_reinsert_400k_existing,2000000,2000000,400000,1707377370,4268,"0-10%=3.827µs(n=40000)|10-20%=4.068µs(n=40000)|20-30%=4.169µs(n=40000)|30-40%=4.087µs(n=40000)|40-50%=4.172µs(n=40000)|50-60%=4.267µs(n=40000)|60-70%=4.584µs(n=40000)|70-80%=4.567µs(n=40000)|80-90%=4.466µs(n=40000)|90-100%=4.471µs(n=40000)",67.22,67.22,12600925,0,0,"",0,0,0,0,"",0,0,0,0,0,0.00,0.00,0
avlhashtree,build_5m_then_reinsert_1m_existing,5000000,5000000,1000000,5040859389,5040,"0-10%=4.323µs(n=100000)|10-20%=4.634µs(n=100000)|20-30%=4.912µs(n=100000)|30-40%=4.962µs(n=100000)|40-50%=5.044µs(n=100000)|50-60%=5.146µs(n=100000)|60-70%=5.24µs(n=100000)|70-80%=5.343µs(n=100000)|80-90%=5.368µs(n=100000)|90-100%=5.431µs(n=100000)",168.04,168.04,31500956,0,0,"",0,0,0,0,"",0,0,0,0,0,0.00,0.00,0
avlhashtree,prehashed_ordered_build_5m_then_reinsert_1m_existing,5000000,5000000,1000000,2676388959,2676,"0-10%=2.856µs(n=100000)|10-20%=2.669µs(n=100000)|20-30%=2.685µs(n=100000)|30-40%=2.615µs(n=100000)|40-50%=2.616µs(n=100000)|50-60%=2.636µs(n=100000)|60-70%=2.641µs(n=100000)|70-80%=2.691µs(n=100000)|80-90%=2.706µs(n=100000)|90-100%=2.644µs(n=100000)",106.91,106.91,29500954,0,0,"",0,0,0,0,"",0,0,0,0,0,0.00,0.00,0
avlhashtree,build_10m_then_reinsert_2m_existing,10000000,10000000,2000000,11595827315,5797,"0-10%=4.765µs(n=200000)|10-20%=5.37µs(n=200000)|20-30%=5.638µs(n=200000)|30-40%=5.764µs(n=200000)|40-50%=5.8µs(n=200000)|50-60%=5.912µs(n=200000)|60-70%=6.026µs(n=200000)|70-80%=6.195µs(n=200000)|80-90%=6.235µs(n=200000)|90-100%=6.27µs(n=200000)",336.10,336.10,63000988,0,0,"",0,0,0,0,"",0,0,0,0,0,0.00,0.00,0
avlhashtree,build_25m_then_reinsert_5m_existing,25000000,25000000,5000000,35028190179,7005,"0-10%=5.658µs(n=500000)|10-20%=6.422µs(n=500000)|20-30%=6.79µs(n=500000)|30-40%=6.85µs(n=500000)|40-50%=7.069µs(n=500000)|50-60%=7.132µs(n=500000)|60-70%=7.381µs(n=500000)|70-80%=7.46µs(n=500000)|80-90%=7.642µs(n=500000)|90-100%=7.646µs(n=500000)",840.38,840.38,157501107,0,0,"",0,0,0,0,"",0,0,0,0,0,0.00,0.00,0
avlhashtree,build_10k,0,10000,10000,25825294,2582,"0-10%=2.503µs(n=1000)|10-20%=2.238µs(n=1000)|20-30%=2.318µs(n=1000)|30-40%=2.433µs(n=1000)|40-50%=2.572µs(n=1000)|50-60%=2.544µs(n=1000)|60-70%=3.389µs(n=1000)|70-80%=2.586µs(n=1000)|80-90%=2.61µs(n=1000)|90-100%=2.627µs(n=1000)",2.57,3.23,61245,53091,530,"0-10%=670ns(n=10)|10-20%=425ns(n=10)|20-30%=421ns(n=10)|30-40%=577ns(n=10)|40-50%=476ns(n=10)|50-60%=577ns(n=10)|60-70%=467ns(n=10)|70-80%=464ns(n=10)|80-90%=727ns(n=10)|90-100%=501ns(n=10)",1619,3973,0,0,"",0,0,0,0,0,0.00,0.00,0
avlhashtree,build_50k,0,50000,50000,141284763,2825,"0-10%=2.43µs(n=5000)|10-20%=2.732µs(n=5000)|20-30%=2.71µs(n=5000)|30-40%=2.94µs(n=5000)|40-50%=2.885µs(n=5000)|50-60%=2.937µs(n=5000)|60-70%=3.094µs(n=5000)|70-80%=2.842µs(n=5000)|80-90%=2.829µs(n=5000)|90-100%=2.852µs(n=5000)",13.12,16.08,313966,688912,1377,"0-10%=631ns(n=50)|10-20%=1.387µs(n=50)|20-30%=753ns(n=50)|30-40%=650ns(n=50)|40-50%=2.083µs(n=50)|50-60%=637ns(n=50)|60-70%=1.429µs(n=50)|70-80%=689ns(n=50)|80-90%=3.742µs(n=50)|90-100%=1.773µs(n=50)",1848,7115,0,0,"",0,0,0,0,0,0.00,0.00,0
avlhashtree,build_100k,0,100000,100000,285425529,2854,"0-10%=2.466µs(n=10000)|10-20%=2.662µs(n=10000)|20-30%=2.594µs(n=10000)|30-40%=2.751µs(n=10000)|40-50%=2.723µs(n=10000)|50-60%=2.882µs(n=10000)|60-70%=2.947µs(n=10000)|70-80%=3.116µs(n=10000)|80-90%=3.123µs(n=10000)|90-100%=3.273µs(n=10000)",23.34,32.09,518384,902553,902,"0-10%=585ns(n=100)|10-20%=563ns(n=100)|20-30%=810ns(n=100)|30-40%=1.392µs(n=100)|40-50%=885ns(n=100)|50-60%=876ns(n=100)|60-70%=823ns(n=100)|70-80%=928ns(n=100)|80-90%=902ns(n=100)|90-100%=1.257µs(n=100)",1974,5916,0,0,"",0,0,0,0,0,0.00,0.00,0
avlhashtree,build_200k,0,200000,200000,601363831,3006,"0-10%=2.413µs(n=20000)|10-20%=2.692µs(n=20000)|20-30%=2.808µs(n=20000)|30-40%=2.852µs(n=20000)|40-50%=2.95µs(n=20000)|50-60%=3.046µs(n=20000)|60-70%=3.253µs(n=20000)|70-80%=3.334µs(n=20000)|80-90%=3.483µs(n=20000)|90-100%=3.231µs(n=20000)",47.81,64.14,1079903,2480177,1240,"0-10%=723ns(n=200)|10-20%=1.093µs(n=200)|20-30%=1.537µs(n=200)|30-40%=1.084µs(n=200)|40-50%=918ns(n=200)|50-60%=1.255µs(n=200)|60-70%=1.308µs(n=200)|70-80%=1.418µs(n=200)|80-90%=1.515µs(n=200)|90-100%=1.546µs(n=200)",2101,6830,0,0,"",0,0,0,0,0,0.00,0.00,0
avlhashtree,build_300k,0,300000,300000,932964777,3109,"0-10%=2.497µs(n=30000)|10-20%=2.839µs(n=30000)|20-30%=2.908µs(n=30000)|30-40%=3.037µs(n=30000)|40-50%=3.084µs(n=30000)|50-60%=3.211µs(n=30000)|60-70%=3.225µs(n=30000)|70-80%=3.298µs(n=30000)|80-90%=3.49µs(n=30000)|90-100%=3.504µs(n=30000)",72.63,96.19,1653605,4342696,1447,"0-10%=1.266µs(n=300)|10-20%=1.153µs(n=300)|20-30%=1.356µs(n=300)|30-40%=1.255µs(n=300)|40-50%=1.532µs(n=300)|50-60%=1.6µs(n=300)|60-70%=1.533µs(n=300)|70-80%=1.521µs(n=300)|80-90%=1.484µs(n=300)|90-100%=1.772µs(n=300)",2170,7580,0,0,"",0,0,0,0,0,0.00,0.00,0
avlhashtree,build_500k,0,500000,500000,1711402747,3422,"0-10%=2.582µs(n=50000)|10-20%=2.895µs(n=50000)|20-30%=3.115µs(n=50000)|30-40%=3.315µs(n=50000)|40-50%=3.34µs(n=50000)|50-60%=3.477µs(n=50000)|60-70%=3.627µs(n=50000)|70-80%=3.725µs(n=50000)|80-90%=4.004µs(n=50000)|90-100%=4.142µs(n=50000)",132.25,160.31,3184260,9651519,1930,"0-10%=1.165µs(n=500)|10-20%=1.967µs(n=500)|20-30%=4.257µs(n=500)|30-40%=1.21µs(n=500)|40-50%=1.268µs(n=500)|50-60%=1.276µs(n=500)|60-70%=1.729µs(n=500)|70-80%=2.075µs(n=500)|80-90%=2.086µs(n=500)|90-100%=2.264µs(n=500)",2257,7566,0,0,"",0,0,0,0,0,0.00,0.00,0
avlhashtree,build_700k,0,700000,700000,2854648317,4078,"0-10%=2.844µs(n=70000)|10-20%=3.348µs(n=70000)|20-30%=3.58µs(n=70000)|30-40%=3.745µs(n=70000)|40-50%=4.288µs(n=70000)|50-60%=4.765µs(n=70000)|60-70%=4.339µs(n=70000)|70-80%=4.471µs(n=70000)|80-90%=4.639µs(n=70000)|90-100%=4.758µs(n=70000)",179.43,224.43,4237827,13071569,1867,"0-10%=1.415µs(n=700)|10-20%=1.729µs(n=700)|20-30%=1.674µs(n=700)|30-40%=1.671µs(n=700)|40-50%=1.882µs(n=700)|50-60%=1.951µs(n=700)|60-70%=1.936µs(n=700)|70-80%=3.096µs(n=700)|80-90%=1.728µs(n=700)|90-100%=1.585µs(n=700)",2320,8399,0,0,"",0,0,0,0,0,0.00,0.00,0
avlhashtree,build_900k,0,900000,900000,3811576166,4235,"0-10%=2.89µs(n=90000)|10-20%=3.481µs(n=90000)|20-30%=3.503µs(n=90000)|30-40%=3.718µs(n=90000)|40-50%=4.122µs(n=90000)|50-60%=4.163µs(n=90000)|60-70%=4.187µs(n=90000)|70-80%=5.149µs(n=90000)|80-90%=5.524µs(n=90000)|90-100%=5.608µs(n=90000)",211.20,288.54,4705113,22570361,2507,"0-10%=1.607µs(n=900)|10-20%=2.369µs(n=900)|20-30%=2.504µs(n=900)|30-40%=2.379µs(n=900)|40-50%=2.316µs(n=900)|50-60%=2.591µs(n=900)|60-70%=2.769µs(n=900)|70-80%=2.646µs(n=900)|80-90%=2.814µs(n=900)|90-100%=3.077µs(n=900)",2363,7607,0,0,"",0,0,0,0,0,0.00,0.00,0
avlhashtree,build_1m,0,1000000,1000000,4058596490,4058,"0-10%=2.788µs(n=100000)|10-20%=3.249µs(n=100000)|20-30%=3.532µs(n=100000)|30-40%=3.806µs(n=100000)|40-50%=4.151µs(n=100000)|50-60%=4.412µs(n=100000)|60-70%=4.599µs(n=100000)|70-80%=4.478µs(n=100000)|80-90%=4.812µs(n=100000)|90-100%=4.755µs(n=100000)",240.99,320.60,5468676,19222446,1922,"0-10%=1.163µs(n=1000)|10-20%=1.808µs(n=1000)|20-30%=1.74µs(n=1000)|30-40%=2.201µs(n=1000)|40-50%=1.759µs(n=1000)|50-60%=2.16µs(n=1000)|60-70%=2.03µs(n=1000)|70-80%=2.009µs(n=1000)|80-90%=2.047µs(n=1000)|90-100%=2.3µs(n=1000)",2380,7977,0,0,"",0,0,0,0,0,0.00,0.00,0
avlhashtree,build_2m,0,2000000,2000000,8442416206,4221,"0-10%=2.968µs(n=200000)|10-20%=3.421µs(n=200000)|20-30%=3.879µs(n=200000)|30-40%=4.021µs(n=200000)|40-50%=4.674µs(n=200000)|50-60%=4.672µs(n=200000)|60-70%=4.466µs(n=200000)|70-80%=4.615µs(n=200000)|80-90%=4.701µs(n=200000)|90-100%=4.791µs(n=200000)",509.72,641.23,11995078,42158940,2107,"0-10%=1.524µs(n=2000)|10-20%=1.837µs(n=2000)|20-30%=1.827µs(n=2000)|30-40%=1.833µs(n=2000)|40-50%=2.073µs(n=2000)|50-60%=1.957µs(n=2000)|60-70%=2.112µs(n=2000)|70-80%=2.326µs(n=2000)|80-90%=3.516µs(n=2000)|90-100%=2.07µs(n=2000)",2493,7655,0,0,"",0,0,0,0,0,0.00,0.00,0
avlhashtree,build_5m,0,5000000,5000000,25208183602,5041,"0-10%=2.943µs(n=500000)|10-20%=3.758µs(n=500000)|20-30%=4.305µs(n=500000)|30-40%=4.633µs(n=500000)|40-50%=5.244µs(n=500000)|50-60%=5.671µs(n=500000)|60-70%=5.727µs(n=500000)|70-80%=5.941µs(n=500000)|80-90%=6.036µs(n=500000)|90-100%=6.153µs(n=500000)",1333.68,1603.07,32199936,142786247,2855,"0-10%=3.685µs(n=5000)|10-20%=2.126µs(n=5000)|20-30%=2.639µs(n=5000)|30-40%=2.777µs(n=5000)|40-50%=2.743µs(n=5000)|50-60%=2.79µs(n=5000)|60-70%=2.875µs(n=5000)|70-80%=2.903µs(n=5000)|80-90%=3.04µs(n=5000)|90-100%=2.975µs(n=5000)",2654,8893,0,0,"",0,0,0,0,0,0.00,0.00,0
avlhashtree,build_10m,0,10000000,10000000,58561075868,5856,"0-10%=3.728µs(n=1000000)|10-20%=4.929µs(n=1000000)|20-30%=5.376µs(n=1000000)|30-40%=5.632µs(n=1000000)|40-50%=6.057µs(n=1000000)|50-60%=6.223µs(n=1000000)|60-70%=6.406µs(n=1000000)|70-80%=6.543µs(n=1000000)|80-90%=6.87µs(n=1000000)|90-100%=6.793µs(n=1000000)",2427.54,3206.34,55231070,293256997,2932,"0-10%=2.271µs(n=10000)|10-20%=2.672µs(n=10000)|20-30%=2.796µs(n=10000)|30-40%=2.929µs(n=10000)|40-50%=2.887µs(n=10000)|50-60%=3.066µs(n=10000)|60-70%=3.063µs(n=10000)|70-80%=3.084µs(n=10000)|80-90%=3.215µs(n=10000)|90-100%=3.338µs(n=10000)",2776,8621,0,0,"",0,0,0,0,0,0.00,0.00,0
avlhashtree,build_25m,0,25000000,25000000,179538277453,7181,"0-10%=4.718µs(n=2500000)|10-20%=5.948µs(n=2500000)|20-30%=6.497µs(n=2500000)|30-40%=7.1µs(n=2500000)|40-50%=7.306µs(n=2500000)|50-60%=7.736µs(n=2500000)|60-70%=7.825µs(n=2500000)|70-80%=7.972µs(n=2500000)|80-90%=8.445µs(n=2500000)|90-100%=8.263µs(n=2500000)",6664.24,8017.10,160821556,948833610,3795,"0-10%=5.299µs(n=25000)|10-20%=2.777µs(n=25000)|20-30%=3.326µs(n=25000)|30-40%=3.682µs(n=25000)|40-50%=3.628µs(n=25000)|50-60%=3.597µs(n=25000)|60-70%=3.785µs(n=25000)|70-80%=3.779µs(n=25000)|80-90%=3.979µs(n=25000)|90-100%=4.096µs(n=25000)",2936,10505,0,0,"",0,0,0,0,0,0.00,0.00,0
avlhashtree,prehashed_ordered_build_10k,0,10000,10000,19320610,1932,"0-10%=1.474µs(n=1000)|10-20%=1.657µs(n=1000)|20-30%=1.755µs(n=1000)|30-40%=1.829µs(n=1000)|40-50%=1.881µs(n=1000)|50-60%=1.922µs(n=1000)|60-70%=2.924µs(n=1000)|70-80%=1.899µs(n=1000)|80-90%=1.938µs(n=1000)|90-100%=2.036µs(n=1000)",2.21,2.61,60219,31229,312,"0-10%=462ns(n=10)|10-20%=292ns(n=10)|20-30%=263ns(n=10)|30-40%=307ns(n=10)|40-50%=319ns(n=10)|50-60%=270ns(n=10)|60-70%=320ns(n=10)|70-80%=264ns(n=10)|80-90%=350ns(n=10)|90-100%=270ns(n=10)",1555,2961,0,0,"",0,0,0,0,0,0.00,0.00,0
avlhashtree,prehashed_ordered_build_50k,0,50000,50000,108440752,2168,"0-10%=1.951µs(n=5000)|10-20%=1.937µs(n=5000)|20-30%=2.019µs(n=5000)|30-40%=2.299µs(n=5000)|40-50%=2.14µs(n=5000)|50-60%=2.123µs(n=5000)|60-70%=2.18µs(n=5000)|70-80%=2.241µs(n=5000)|80-90%=2.543µs(n=5000)|90-100%=2.251µs(n=5000)",10.30,13.00,266737,217240,434,"0-10%=354ns(n=50)|10-20%=429ns(n=50)|20-30%=378ns(n=50)|30-40%=384ns(n=50)|40-50%=441ns(n=50)|50-60%=440ns(n=50)|60-70%=372ns(n=50)|70-80%=369ns(n=50)|80-90%=382ns(n=50)|90-100%=790ns(n=50)",1827,3776,0,0,"",0,0,0,0,0,0.00,0.00,0
avlhashtree,prehashed_ordered_build_100k,0,100000,100000,225973285,2259,"0-10%=1.918µs(n=10000)|10-20%=2.036µs(n=10000)|20-30%=2.162µs(n=10000)|30-40%=2.321µs(n=10000)|40-50%=2.273µs(n=10000)|50-60%=2.271µs(n=10000)|60-70%=2.34µs(n=10000)|70-80%=2.583µs(n=10000)|80-90%=2.348µs(n=10000)|90-100%=2.339µs(n=10000)",21.21,25.98,557378,465494,465,"0-10%=473ns(n=100)|10-20%=417ns(n=100)|20-30%=418ns(n=100)|30-40%=454ns(n=100)|40-50%=504ns(n=100)|50-60%=534ns(n=100)|60-70%=528ns(n=100)|70-80%=422ns(n=100)|80-90%=467ns(n=100)|90-100%=432ns(n=100)",1957,4083,0,0,"",0,0,0,0,0,0.00,0.00,0
avlhashtree,prehashed_ordered_build_200k,0,200000,200000,469290392,2346,"0-10%=1.968µs(n=20000)|10-20%=2.244µs(n=20000)|20-30%=2.254µs(n=20000)|30-40%=2.338µs(n=20000)|40-50%=2.453µs(n=20000)|50-60%=2.343µs(n=20000)|60-70%=2.419µs(n=20000)|70-80%=2.477µs(n=20000)|80-90%=2.482µs(n=20000)|90-100%=2.481µs(n=20000)",46.06,51.92,1264123,1241268,620,"0-10%=521ns(n=200)|10-20%=1.619µs(n=200)|20-30%=788ns(n=200)|30-40%=430ns(n=200)|40-50%=437ns(n=200)|50-60%=449ns(n=200)|60-70%=692ns(n=200)|70-80%=436ns(n=200)|80-90%=429ns(n=200)|90-100%=401ns(n=200)",2074,5105,0,0,"",0,0,0,0,0,0.00,0.00,0
avlhashtree,prehashed_ordered_build_300k,0,300000,300000,731437636,2438,"0-10%=2.06µs(n=30000)|10-20%=2.302µs(n=30000)|20-30%=2.355µs(n=30000)|30-40%=2.372µs(n=30000)|40-50%=2.513µs(n=30000)|50-60%=2.495µs(n=30000)|60-70%=2.506µs(n=30000)|70-80%=2.503µs(n=30000)|80-90%=2.539µs(n=30000)|90-100%=2.73µs(n=30000)",60.51,77.87,1543157,2111679,703,"0-10%=518ns(n=300)|10-20%=705ns(n=300)|20-30%=717ns(n=300)|30-40%=728ns(n=300)|40-50%=699ns(n=300)|50-60%=723ns(n=300)|60-70%=648ns(n=300)|70-80%=719ns(n=300)|80-90%=757ns(n=300)|90-100%=819ns(n=300)",2142,4647,0,0,"",0,0,0,0,0,0.00,0.00,0
avlhashtree,prehashed_ordered_build_500k,0,500000,500000,1278844396,2557,"0-10%=2.133µs(n=50000)|10-20%=2.384µs(n=50000)|20-30%=2.443µs(n=50000)|30-40%=2.511µs(n=50000)|40-50%=2.62µs(n=50000)|50-60%=2.75µs(n=50000)|60-70%=2.67µs(n=50000)|70-80%=2.638µs(n=50000)|80-90%=2.649µs(n=50000)|90-100%=2.773µs(n=50000)",99.88,129.77,2533102,4869454,973,"0-10%=818ns(n=500)|10-20%=988ns(n=500)|20-30%=948ns(n=500)|30-40%=1.034µs(n=500)|40-50%=1.051µs(n=500)|50-60%=968ns(n=500)|60-70%=991ns(n=500)|70-80%=904ns(n=500)|80-90%=936ns(n=500)|90-100%=1.097µs(n=500)",2223,5167,0,0,"",0,0,0,0,0,0.00,0.00,0
avlhashtree,prehashed_ordered_build_700k,0,700000,700000,1849587605,2642,"0-10%=2.185µs(n=70000)|10-20%=2.448µs(n=70000)|20-30%=2.557µs(n=70000)|30-40%=2.59µs(n=70000)|40-50%=2.803µs(n=70000)|50-60%=2.694µs(n=70000)|60-70%=2.692µs(n=70000)|70-80%=2.753µs(n=70000)|80-90%=2.785µs(n=70000)|90-100%=2.909µs(n=70000)",139.73,181.67,3540886,8018392,1145,"0-10%=1.018µs(n=700)|10-20%=1.096µs(n=700)|20-30%=1.195µs(n=700)|30-40%=1.256µs(n=700)|40-50%=993ns(n=700)|50-60%=1.002µs(n=700)|60-70%=1.11µs(n=700)|70-80%=1.215µs(n=700)|80-90%=1.334µs(n=700)|90-100%=1.232µs(n=700)",2285,5126,0,0,"",0,0,0,0,0,0.00,0.00,0
avlhashtree,prehashed_ordered_build_900k,0,900000,900000,2426549377,2696,"0-10%=2.246µs(n=90000)|10-20%=2.596µs(n=90000)|20-30%=2.633µs(n=90000)|30-40%=2.744µs(n=90000)|40-50%=2.74µs(n=90000)|50-60%=2.688µs(n=90000)|60-70%=2.771µs(n=90000)|70-80%=2.777µs(n=90000)|80-90%=2.789µs(n=90000)|90-100%=2.973µs(n=90000)",181.63,233.56,4636137,12126886,1347,"0-10%=1.505µs(n=900)|10-20%=1.428µs(n=900)|20-30%=1.316µs(n=900)|30-40%=1.399µs(n=900)|40-50%=1.421µs(n=900)|50-60%=1.379µs(n=900)|60-70%=1.28µs(n=900)|70-80%=1.324µs(n=900)|80-90%=1.205µs(n=900)|90-100%=1.212µs(n=900)",2326,5103,0,0,"",0,0,0,0,0,0.00,0.00,0
avlhashtree,prehashed_ordered_build_1m,0,1000000,1000000,2699680246,2699,"0-10%=2.299µs(n=100000)|10-20%=2.55µs(n=100000)|20-30%=2.614µs(n=100000)|30-40%=2.68µs(n=100000)|40-50%=2.77µs(n=100000)|50-60%=2.821µs(n=100000)|60-70%=2.776µs(n=100000)|70-80%=2.767µs(n=100000)|80-90%=2.772µs(n=100000)|90-100%=2.943µs(n=100000)",200.69,259.52,5103532,13023192,1302,"0-10%=960ns(n=1000)|10-20%=1.142µs(n=1000)|20-30%=1.316µs(n=1000)|30-40%=1.428µs(n=1000)|40-50%=1.424µs(n=1000)|50-60%=1.36µs(n=1000)|60-70%=1.423µs(n=1000)|70-80%=1.357µs(n=1000)|80-90%=1.267µs(n=1000)|90-100%=1.34µs(n=1000)",2340,5073,0,0,"",0,0,0,0,0,0.00,0.00,0
avlhashtree,prehashed_ordered_build_2m,0,2000000,2000000,5732871744,2866,"0-10%=2.577µs(n=200000)|10-20%=2.807µs(n=200000)|20-30%=2.78µs(n=200000)|30-40%=2.831µs(n=200000)|40-50%=2.875µs(n=200000)|50-60%=2.893µs(n=200000)|60-70%=2.962µs(n=200000)|70-80%=2.925µs(n=200000)|80-90%=2.935µs(n=200000)|90-100%=3.075µs(n=200000)",405.06,519.01,10357896,29397049,1469,"0-10%=1.409µs(n=2000)|10-20%=1.504µs(n=2000)|20-30%=1.47µs(n=2000)|30-40%=1.485µs(n=2000)|40-50%=1.482µs(n=2000)|50-60%=1.479µs(n=2000)|60-70%=1.451µs(n=2000)|70-80%=1.485µs(n=2000)|80-90%=1.457µs(n=2000)|90-100%=1.472µs(n=2000)",2459,5273,0,0,"",0,0,0,0,0,0.00,0.00,0
avlhashtree,prehashed_ordered_build_5m,0,5000000,5000000,15150373473,3030,"0-10%=2.645µs(n=500000)|10-20%=2.921µs(n=500000)|20-30%=2.95µs(n=500000)|30-40%=2.953µs(n=500000)|40-50%=3.088µs(n=500000)|50-60%=3.056µs(n=500000)|60-70%=3.1µs(n=500000)|70-80%=3.076µs(n=500000)|80-90%=3.154µs(n=500000)|90-100%=3.353µs(n=500000)",1004.92,1297.46,25566780,76187901,1523,"0-10%=1.524µs(n=5000)|10-20%=1.536µs(n=5000)|20-30%=1.525µs(n=5000)|30-40%=1.549µs(n=5000)|40-50%=1.529µs(n=5000)|50-60%=1.523µs(n=5000)|60-70%=1.528µs(n=5000)|70-80%=1.504µs(n=5000)|80-90%=1.488µs(n=5000)|90-100%=1.527µs(n=5000)",2622,5572,0,0,"",0,0,0,0,0,0.00,0.00,0
avlhashtree,prehashed_ordered_build_10m,0,10000000,10000000,31440343470,3144,"0-10%=2.772µs(n=1000000)|10-20%=2.982µs(n=1000000)|20-30%=3.049µs(n=1000000)|30-40%=3.12µs(n=1000000)|40-50%=3.232µs(n=1000000)|50-60%=3.248µs(n=1000000)|60-70%=3.174µs(n=1000000)|70-80%=3.17µs(n=1000000)|80-90%=3.245µs(n=1000000)|90-100%=3.443µs(n=1000000)",2030.34,2594.85,51974603,156990542,1569,"0-10%=1.528µs(n=10000)|10-20%=1.573µs(n=10000)|20-30%=1.543µs(n=10000)|30-40%=1.552µs(n=10000)|40-50%=1.571µs(n=10000)|50-60%=1.583µs(n=10000)|60-70%=1.578µs(n=10000)|70-80%=1.562µs(n=10000)|80-90%=1.585µs(n=10000)|90-100%=1.62µs(n=10000)",2740,5801,0,0,"",0,0,0,0,0,0.00,0.00,0
avlhashtree,prehashed_ordered_build_25m,0,15000000,15000000,47783906504,3185,"0-10%=2.818µs(n=1500000)|10-20%=3.056µs(n=1500000)|20-30%=3.087µs(n=1500000)|30-40%=3.164µs(n=1500000)|40-50%=3.246µs(n=1500000)|50-60%=3.204µs(n=1500000)|60-70%=3.283µs(n=1500000)|70-80%=3.269µs(n=1500000)|80-90%=3.288µs(n=1500000)|90-100%=3.436µs(n=1500000)",3002.86,3892.12,76265244,269223545,1794,"0-10%=1.529µs(n=15000)|10-20%=1.581µs(n=15000)|20-30%=1.592µs(n=15000)|30-40%=1.572µs(n=15000)|40-50%=1.916µs(n=15000)|50-60%=1.906µs(n=15000)|60-70%=1.958µs(n=15000)|70-80%=1.962µs(n=15000)|80-90%=1.951µs(n=15000)|90-100%=1.976µs(n=15000)",2808,6869,0,0,"",0,0,0,0,0,0.00,0.00,0
avlhashtree,insert_only_build_10k,0,10000,10000,20794503,2079,"0-10%=1.55µs(n=1000)|10-20%=1.844µs(n=1000)|20-30%=1.874µs(n=1000)|30-40%=1.964µs(n=1000)|40-50%=1.994µs(n=1000)|50-60%=2.13µs(n=1000)|60-70%=2.753µs(n=1000)|70-80%=2.185µs(n=1000)|80-90%=2.252µs(n=1000)|90-100%=2.243µs(n=1000)",2.59,3.22,62399,0,0,"",0,0,0,0,"",0,0,0,0,0,0.00,0.00,0
avlhashtree,insert_only_build_50k,0,50000,50000,120868198,2417,"0-10%=1.838µs(n=5000)|10-20%=2.333µs(n=5000)|20-30%=2.266µs(n=5000)|30-40%=2.56µs(n=5000)|40-50%=2.404µs(n=5000)|50-60%=2.451µs(n=5000)|60-70%=2.691µs(n=5000)|70-80%=2.495µs(n=5000)|80-90%=2.542µs(n=5000)|90-100%=2.587µs(n=5000)",13.07,16.06,312639,0,0,"",0,0,0,0,"",0,0,0,0,0,0.00,0.00,0
avlhashtree,insert_only_build_100k,0,100000,100000,263901890,2639,"0-10%=2.103µs(n=10000)|10-20%=2.425µs(n=10000)|20-30%=2.492µs(n=10000)|30-40%=2.608µs(n=10000)|40-50%=2.536µs(n=10000)|50-60%=2.79µs(n=10000)|60-70%=2.793µs(n=10000)|70-80%=2.825µs(n=10000)|80-90%=2.916µs(n=10000)|90-100%=2.898µs(n=10000)",26.66,32.08,644654,0,0,"",0,0,0,0,"",0,0,0,0,0,0.00,0.00,0
avlhashtree,insert_only_build_200k,0,200000,200000,564968354,2824,"0-10%=2.221µs(n=20000)|10-20%=2.5µs(n=20000)|20-30%=2.667µs(n=20000)|30-40%=2.756µs(n=20000)|40-50%=2.883µs(n=20000)|50-60%=2.949µs(n=20000)|60-70%=2.941µs(n=20000)|70-80%=3.024µs(n=20000)|80-90%=3.205µs(n=20000)|90-100%=3.097µs(n=20000)",47.70,64.14,1073600,0,0,"",0,0,0,0,"",0,0,0,0,0,0.00,0.00,0
avlhashtree,insert_only_build_300k,0,300000,300000,894332990,2981,"0-10%=2.276µs(n=30000)|10-20%=2.643µs(n=30000)|20-30%=2.698µs(n=30000)|30-40%=2.895µs(n=30000)|40-50%=2.933µs(n=30000)|50-60%=3.118µs(n=30000)|60-70%=3.159µs(n=30000)|70-80%=3.269µs(n=30000)|80-90%=3.364µs(n=30000)|90-100%=3.452µs(n=30000)",79.78,96.19,1924611,0,0,"",0,0,0,0,"",0,0,0,0,0,0.00,0.00,0
avlhashtree,insert_only_build_500k,0,500000,500000,1632392976,3264,"0-10%=2.385µs(n=50000)|10-20%=2.734µs(n=50000)|20-30%=2.947µs(n=50000)|30-40%=3.104µs(n=50000)|40-50%=3.334µs(n=50000)|50-60%=3.455µs(n=50000)|60-70%=3.53µs(n=50000)|70-80%=3.632µs(n=50000)|80-90%=3.733µs(n=50000)|90-100%=3.789µs(n=50000)",132.78,160.31,3199598,0,0,"",0,0,0,0,"",0,0,0,0,0,0.00,0.00,0
avlhashtree,insert_only_build_700k,0,700000,700000,2462442545,3517,"0-10%=2.474µs(n=70000)|10-20%=2.868µs(n=70000)|20-30%=3.085µs(n=70000)|30-40%=3.271µs(n=70000)|40-50%=3.506µs(n=70000)|50-60%=3.606µs(n=70000)|60-70%=3.773µs(n=70000)|70-80%=4.148µs(n=70000)|80-90%=4.178µs(n=70000)|90-100%=4.264µs(n=70000)",176.58,224.43,4123128,0,0,"",0,0,0,0,"",0,0,0,0,0,0.00,0.00,0
avlhashtree,insert_only_build_900k,0,900000,900000,3359288821,3732,"0-10%=2.615µs(n=90000)|10-20%=3.074µs(n=90000)|20-30%=3.182µs(n=90000)|30-40%=3.56µs(n=90000)|40-50%=3.777µs(n=90000)|50-60%=4.072µs(n=90000)|60-70%=4.076µs(n=90000)|70-80%=4.147µs(n=90000)|80-90%=4.248µs(n=90000)|90-100%=4.57µs(n=90000)",207.60,288.54,4558305,0,0,"",0,0,0,0,"",0,0,0,0,0,0.00,0.00,0
avlhashtree,insert_only_build_1m,0,1000000,1000000,3791202919,3791,"0-10%=2.577µs(n=100000)|10-20%=3.114µs(n=100000)|20-30%=3.249µs(n=100000)|30-40%=3.643µs(n=100000)|40-50%=3.852µs(n=100000)|50-60%=4.093µs(n=100000)|60-70%=4.086µs(n=100000)|70-80%=4.18µs(n=100000)|80-90%=4.541µs(n=100000)|90-100%=4.572µs(n=100000)",239.80,320.60,5413416,0,0,"",0,0,0,0,"",0,0,0,0,0,0.00,0.00,0
avlhashtree,insert_only_build_2m,0,2000000,2000000,8831063990,4415,"0-10%=2.793µs(n=200000)|10-20%=3.435µs(n=200000)|20-30%=3.91µs(n=200000)|30-40%=4.14µs(n=200000)|40-50%=4.562µs(n=200000)|50-60%=4.72µs(n=200000)|60-70%=4.94µs(n=200000)|70-80%=5.401µs(n=200000)|80-90%=5.083µs(n=200000)|90-100%=5.166µs(n=200000)",502.84,641.23,11712332,0,0,"",0,0,0,0,"",0,0,0,0,0,0.00,0.00,0
avlhashtree,insert_only_build_5m,0,5000000,5000000,26402215371,5280,"0-10%=3.254µs(n=500000)|10-20%=4.322µs(n=500000)|20-30%=4.824µs(n=500000)|30-40%=5.201µs(n=500000)|40-50%=5.332µs(n=500000)|50-60%=5.745µs(n=500000)|60-70%=5.747µs(n=500000)|70-80%=5.917µs(n=500000)|80-90%=6.311µs(n=500000)|90-100%=6.147µs(n=500000)",1206.53,1603.12,27343785,0,0,"",0,0,0,0,"",0,0,0,0,0,0.00,0.00,0
avlhashtree,insert_only_build_10m,0,10000000,10000000,60319229623,6031,"0-10%=3.805µs(n=1000000)|10-20%=5.025µs(n=1000000)|20-30%=5.744µs(n=1000000)|30-40%=5.849µs(n=1000000)|40-50%=6.263µs(n=1000000)|50-60%=6.345µs(n=1000000)|60-70%=6.499µs(n=1000000)|70-80%=6.873µs(n=1000000)|80-90%=6.917µs(n=1000000)|90-100%=6.993µs(n=1000000)",2521.54,3206.41,58826321,0,0,"",0,0,0,0,"",0,0,0,0,0,0.00,0.00,0
avlhashtree,insert_only_build_25m,0,25000000,25000000,177192739243,7087,"0-10%=4.654µs(n=2500000)|10-20%=6.047µs(n=2500000)|20-30%=6.532µs(n=2500000)|30-40%=6.907µs(n=2500000)|40-50%=7.134µs(n=2500000)|50-60%=7.552µs(n=2500000)|60-70%=7.501µs(n=2500000)|70-80%=7.952µs(n=2500000)|80-90%=8.41µs(n=2500000)|90-100%=8.182µs(n=2500000)",6043.90,8017.15,137083221,0,0,"",0,0,0,0,"",0,0,0,0,0,0.00,0.00,0
avlhashtree,proof_only_after_10k_build_sample_5pct,10000,10000,0,0,0,"",0.00,0.00,0,507401,1014,"0-10%=479ns(n=50)|10-20%=412ns(n=50)|20-30%=382ns(n=50)|30-40%=384ns(n=50)|40-50%=468ns(n=50)|50-60%=6.014µs(n=50)|60-70%=572ns(n=50)|70-80%=498ns(n=50)|80-90%=475ns(n=50)|90-100%=459ns(n=50)",1565,3484,0,0,"",0,0,0,0,0,0.00,0.00,0
avlhashtree,proof_only_after_50k_build_sample_5pct,50000,50000,0,0,0,"",0.00,0.00,0,1628797,651,"0-10%=491ns(n=250)|10-20%=514ns(n=250)|20-30%=598ns(n=250)|30-40%=530ns(n=250)|40-50%=601ns(n=250)|50-60%=600ns(n=250)|60-70%=1.226µs(n=250)|70-80%=582ns(n=250)|80-90%=685ns(n=250)|90-100%=683ns(n=250)",1859,4079,0,0,"",0,0,0,0,0,0.00,0.00,0
avlhashtree,proof_only_after_100k_build_sample_5pct,100000,100000,0,0,0,"",0.00,0.00,0,3760505,752,"0-10%=643ns(n=500)|10-20%=624ns(n=500)|20-30%=685ns(n=500)|30-40%=666ns(n=500)|40-50%=703ns(n=500)|50-60%=1.025µs(n=500)|60-70%=1.107µs(n=500)|70-80%=707ns(n=500)|80-90%=656ns(n=500)|90-100%=699ns(n=500)",1977,4470,0,0,"",0,0,0,0,0,0.00,0.00,0
avlhashtree,proof_only_after_200k_build_sample_5pct,200000,200000,0,0,0,"",0.00,0.00,0,9157720,915,"0-10%=758ns(n=1000)|10-20%=788ns(n=1000)|20-30%=871ns(n=1000)|30-40%=873ns(n=1000)|40-50%=928ns(n=1000)|50-60%=1.156µs(n=1000)|60-70%=903ns(n=1000)|70-80%=1.032µs(n=1000)|80-90%=935ns(n=1000)|90-100%=910ns(n=1000)",2098,4762,0,0,"",0,0,0,0,0,0.00,0.00,0
avlhashtree,proof_only_after_300k_build_sample_5pct,300000,300000,0,0,0,"",0.00,0.00,0,18380621,1225,"0-10%=859ns(n=1500)|10-20%=1.007µs(n=1500)|20-30%=1.148µs(n=1500)|30-40%=1.208µs(n=1500)|40-50%=1.232µs(n=1500)|50-60%=1.624µs(n=1500)|60-70%=1.06µs(n=1500)|70-80%=1.063µs(n=1500)|80-90%=1.358µs(n=1500)|90-100%=1.689µs(n=1500)",2171,5174,0,0,"",0,0,0,0,0,0.00,0.00,0
avlhashtree,proof_only_after_500k_build_sample_5pct,500000,500000,0,0,0,"",0.00,0.00,0,33857904,1354,"0-10%=1.117µs(n=2500)|10-20%=1.211µs(n=2500)|20-30%=1.263µs(n=2500)|30-40%=1.323µs(n=2500)|40-50%=1.347µs(n=2500)|50-60%=1.679µs(n=2500)|60-70%=1.335µs(n=2500)|70-80%=1.335µs(n=2500)|80-90%=1.404µs(n=2500)|90-100%=1.524µs(n=2500)",2258,5388,0,0,"",0,0,0,0,0,0.00,0.00,0
avlhashtree,proof_only_after_700k_build_sample_5pct,700000,700000,0,0,0,"",0.00,0.00,0,54187121,1548,"0-10%=1.246µs(n=3500)|10-20%=1.427µs(n=3500)|20-30%=1.477µs(n=3500)|30-40%=1.533µs(n=3500)|40-50%=1.53µs(n=3500)|50-60%=1.867µs(n=3500)|60-70%=1.63µs(n=3500)|70-80%=1.547µs(n=3500)|80-90%=1.581µs(n=3500)|90-100%=1.639µs(n=3500)",2321,5422,0,0,"",0,0,0,0,0,0.00,0.00,0
avlhashtree,proof_only_after_900k_build_sample_5pct,900000,900000,0,0,0,"",0.00,0.00,0,75182298,1670,"0-10%=1.421µs(n=4500)|10-20%=1.552µs(n=4500)|20-30%=1.626µs(n=4500)|30-40%=1.588µs(n=4500)|40-50%=1.659µs(n=4500)|50-60%=1.969µs(n=4500)|60-70%=1.631µs(n=4500)|70-80%=1.734µs(n=4500)|80-90%=1.761µs(n=4500)|90-100%=1.761µs(n=4500)",2364,5660,0,0,"",0,0,0,0,0,0.00,0.00,0
avlhashtree,proof_only_after_1m_build_sample_5pct,1000000,1000000,0,0,0,"",0.00,0.00,0,86500697,1730,"0-10%=1.506µs(n=5000)|10-20%=1.586µs(n=5000)|20-30%=1.692µs(n=5000)|30-40%=1.705µs(n=5000)|40-50%=1.744µs(n=5000)|50-60%=2.02µs(n=5000)|60-70%=1.666µs(n=5000)|70-80%=1.717µs(n=5000)|80-90%=1.845µs(n=5000)|90-100%=1.814µs(n=5000)",2383,5739,0,0,"",0,0,0,0,0,0.00,0.00,0
avlhashtree,prehashed_ordered_proof_only_after_1m_build_sample_5pct,1000000,1000000,0,0,0,"",0.00,0.00,0,49916534,998,"0-10%=901ns(n=5000)|10-20%=1.031µs(n=5000)|20-30%=1.021µs(n=5000)|30-40%=1.059µs(n=5000)|40-50%=1.078µs(n=5000)|50-60%=1.267µs(n=5000)|60-70%=894ns(n=5000)|70-80%=889ns(n=5000)|80-90%=894ns(n=5000)|90-100%=943ns(n=5000)",2339,5309,0,0,"",0,0,0,0,0,0.00,0.00,0
avlhashtree,proof_only_after_2m_build_sample_3pct,2000000,2000000,0,0,0,"",0.00,0.00,0,123746394,2062,"0-10%=1.771µs(n=6000)|10-20%=1.933µs(n=6000)|20-30%=1.978µs(n=6000)|30-40%=2.006µs(n=6000)|40-50%=1.996µs(n=6000)|50-60%=1.947µs(n=6000)|60-70%=1.973µs(n=6000)|70-80%=2.097µs(n=6000)|80-90%=2.716µs(n=6000)|90-100%=2.201µs(n=6000)",2494,6353,0,0,"",0,0,0,0,0,0.00,0.00,0
avlhashtree,proof_only_after_5m_build_sample_3pct,5000000,5000000,0,0,0,"",0.00,0.00,0,357843735,2385,"0-10%=2.012µs(n=15000)|10-20%=2.133µs(n=15000)|20-30%=2.139µs(n=15000)|30-40%=2.221µs(n=15000)|40-50%=2.172µs(n=15000)|50-60%=2.305µs(n=15000)|60-70%=2.314µs(n=15000)|70-80%=2.326µs(n=15000)|80-90%=3.598µs(n=15000)|90-100%=2.632µs(n=15000)",2655,6650,0,0,"",0,0,0,0,0,0.00,0.00,0
avlhashtree,prehashed_ordered_proof_only_after_5m_build_sample_3pct,5000000,5000000,0,0,0,"",0.00,0.00,0,187984981,1253,"0-10%=1.263µs(n=15000)|10-20%=1.264µs(n=15000)|20-30%=1.243µs(n=15000)|30-40%=1.197µs(n=15000)|40-50%=1.203µs(n=15000)|50-60%=1.2µs(n=15000)|60-70%=1.235µs(n=15000)|70-80%=1.228µs(n=15000)|80-90%=1.527µs(n=15000)|90-100%=1.168µs(n=15000)",2622,6090,0,0,"",0,0,0,0,0,0.00,0.00,0
avlhashtree,proof_only_after_10m_build_sample_2pct,10000000,10000000,0,0,0,"",0.00,0.00,0,515705867,2578,"0-10%=2.294µs(n=20000)|10-20%=2.432µs(n=20000)|20-30%=2.456µs(n=20000)|30-40%=2.53µs(n=20000)|40-50%=2.589µs(n=20000)|50-60%=2.658µs(n=20000)|60-70%=2.539µs(n=20000)|70-80%=2.583µs(n=20000)|80-90%=2.757µs(n=20000)|90-100%=2.942µs(n=20000)",2776,6583,0,0,"",0,0,0,0,0,0.00,0.00,0
avlhashtree,proof_only_after_20m_build_sample_2pct,20000000,20000000,0,0,0,"",0.00,0.00,0,1395935822,3489,"0-10%=2.899µs(n=40000)|10-20%=3.277µs(n=40000)|20-30%=3.324µs(n=40000)|30-40%=3.396µs(n=40000)|40-50%=3.353µs(n=40000)|50-60%=3.6µs(n=40000)|60-70%=3.603µs(n=40000)|70-80%=3.641µs(n=40000)|80-90%=3.736µs(n=40000)|90-100%=4.063µs(n=40000)",2897,8684,0,0,"",0,0,0,0,0,0.00,0.00,0
avlhashtree,build_10k_then_add_2k_new,10000,12000,2000,4411139,2205,"0-10%=2.35µs(n=200)|10-20%=2.358µs(n=200)|20-30%=2.124µs(n=200)|30-40%=2.208µs(n=200)|40-50%=2.122µs(n=200)|50-60%=2.125µs(n=200)|60-70%=2.123µs(n=200)|70-80%=2.13µs(n=200)|80-90%=2.187µs(n=200)|90-100%=2.322µs(n=200)",0.65,0.65,67813,0,0,"",0,0,0,0,"",0,0,0,0,0,0.00,0.00,0
avlhashtree,build_50k_then_add_10k_new,50000,60000,10000,27907035,2790,"0-10%=2.94µs(n=1000)|10-20%=2.748µs(n=1000)|20-30%=2.716µs(n=1000)|30-40%=2.764µs(n=1000)|40-50%=2.639µs(n=1000)|50-60%=2.733µs(n=1000)|60-70%=2.762µs(n=1000)|70-80%=2.639µs(n=1000)|80-90%=2.886µs(n=1000)|90-100%=3.073µs(n=1000)",3.22,3.22,335825,0,0,"",0,0,0,0,"",0,0,0,0,0,0.00,0.00,0
avlhashtree,build_100k_then_add_20k_new,100000,120000,20000,60549947,3027,"0-10%=3.175µs(n=2000)|10-20%=3.004µs(n=2000)|20-30%=3.028µs(n=2000)|30-40%=2.976µs(n=2000)|40-50%=2.97µs(n=2000)|50-60%=3.019µs(n=2000)|60-70%=2.986µs(n=2000)|70-80%=2.992µs(n=2000)|80-90%=3.067µs(n=2000)|90-100%=3.052µs(n=2000)",6.42,6.42,670827,0,0,"",0,0,0,0,"",0,0,0,0,0,0.00,0.00,0
avlhashtree,build_200k_then_add_40k_new,200000,240000,40000,132589319,3314,"0-10%=3.41µs(n=4000)|10-20%=3.424µs(n=4000)|20-30%=3.377µs(n=4000)|30-40%=3.265µs(n=4000)|40-50%=3.276µs(n=4000)|50-60%=3.255µs(n=4000)|60-70%=3.273µs(n=4000)|70-80%=3.29µs(n=4000)|80-90%=3.26µs(n=4000)|90-100%=3.31µs(n=4000)",12.85,12.85,1340840,0,0,"",0,0,0,0,"",0,0,0,0,0,0.00,0.00,0
avlhashtree,build_300k_then_add_60k_new,300000,360000,60000,226076905,3767,"0-10%=4.22µs(n=6000)|10-20%=3.762µs(n=6000)|20-30%=3.74µs(n=6000)|30-40%=3.725µs(n=6000)|40-50%=3.704µs(n=6000)|50-60%=3.689µs(n=6000)|60-70%=3.681µs(n=6000)|70-80%=3.712µs(n=6000)|80-90%=3.727µs(n=6000)|90-100%=3.715µs(n=6000)",19.26,19.26,2010848,0,0,"",0,0,0,0,"",0,0,0,0,0,0.00,0.00,0
avlhashtree,build_500k_then_add_100k_new,500000,600000,100000,412343194,4123,"0-10%=4.537µs(n=10000)|10-20%=4.197µs(n=10000)|20-30%=4.089µs(n=10000)|30-40%=4.049µs(n=10000)|40-50%=4.062µs(n=10000)|50-60%=4.054µs(n=10000)|60-70%=4.064µs(n=10000)|70-80%=4.038µs(n=10000)|80-90%=4.049µs(n=10000)|90-100%=4.092µs(n=10000)",32.08,32.08,3350859,0,0,"",0,0,0,0,"",0,0,0,0,0,0.00,0.00,0
avlhashtree,build_700k_then_add_140k_new,700000,840000,140000,633064155,4521,"0-10%=5.051µs(n=14000)|10-20%=4.718µs(n=14000)|20-30%=4.451µs(n=14000)|30-40%=4.326µs(n=14000)|40-50%=4.31µs(n=14000)|50-60%=4.296µs(n=14000)|60-70%=4.846µs(n=14000)|70-80%=4.449µs(n=14000)|80-90%=4.393µs(n=14000)|90-100%=4.374µs(n=14000)",44.90,44.90,4690861,0,0,"",0,0,0,0,"",0,0,0,0,0,0.00,0.00,0
avlhashtree,build_900k_then_add_180k_new,900000,1080000,180000,854204386,4745,"0-10%=5.585µs(n=18000)|10-20%=4.922µs(n=18000)|20-30%=4.584µs(n=18000)|30-40%=4.53µs(n=18000)|40-50%=4.543µs(n=18000)|50-60%=4.699µs(n=18000)|60-70%=4.682µs(n=18000)|70-80%=4.691µs(n=18000)|80-90%=4.683µs(n=18000)|90-100%=4.531µs(n=18000)",57.73,57.73,6030872,0,0,"",0,0,0,0,"",0,0,0,0,0,0.00,0.00,0
avlhashtree,build_1m_then_add_200k_new,1000000,1200000,200000,976163185,4880,"0-10%=5.642µs(n=20000)|10-20%=5.153µs(n=20000)|20-30%=5.088µs(n=20000)|30-40%=4.835µs(n=20000)|40-50%=4.781µs(n=20000)|50-60%=4.631µs(n=20000)|60-70%=4.638µs(n=20000)|70-80%=4.681µs(n=20000)|80-90%=4.682µs(n=20000)|90-100%=4.67µs(n=20000)",64.14,64.14,6700877,0,0,"",0,0,0,0,"",0,0,0,0,0,0.00,0.00,0
avlhashtree,build_2m_then_add_400k_new,2000000,2400000,400000,2267320429,5668,"0-10%=6.118µs(n=40000)|10-20%=5.766µs(n=40000)|20-30%=5.543µs(n=40000)|30-40%=5.504µs(n=40000)|40-50%=5.693µs(n=40000)|50-60%=5.595µs(n=40000)|60-70%=5.507µs(n=40000)|70-80%=5.528µs(n=40000)|80-90%=5.57µs(n=40000)|90-100%=5.853µs(n=40000)",128.27,128.27,13400899,0,0,"",0,0,0,0,"",0,0,0,0,0,0.00,0.00,0
avlhashtree,build_5m_then_add_1m_new,5000000,6000000,1000000,6473824827,6473,"0-10%=6.908µs(n=100000)|10-20%=6.56µs(n=100000)|20-30%=6.48µs(n=100000)|30-40%=6.315µs(n=100000)|40-50%=6.329µs(n=100000)|50-60%=6.326µs(n=100000)|60-70%=6.526µs(n=100000)|70-80%=6.337µs(n=100000)|80-90%=6.409µs(n=100000)|90-100%=6.543µs(n=100000)",320.67,320.67,33500919,0,0,"",0,0,0,0,"",0,0,0,0,0,0.00,0.00,0
avlhashtree,build_10m_then_add_2m_new,10000000,12000000,2000000,14427984187,7213,"0-10%=7.592µs(n=200000)|10-20%=7.436µs(n=200000)|20-30%=7.046µs(n=200000)|30-40%=7.086µs(n=200000)|40-50%=7.121µs(n=200000)|50-60%=7.135µs(n=200000)|60-70%=7.092µs(n=200000)|70-80%=7.282µs(n=200000)|80-90%=7.152µs(n=200000)|90-100%=7.193µs(n=200000)",641.38,641.38,67000957,0,0,"",0,0,0,0,"",0,0,0,0,0,0.00,0.00,0
avlhashtree,build_20m_then_add_5m_new,20000000,25000000,5000000,41010549150,8202,"0-10%=8.225µs(n=500000)|10-20%=7.975µs(n=500000)|20-30%=8.147µs(n=500000)|30-40%=8.177µs(n=500000)|40-50%=8.146µs(n=500000)|50-60%=8.061µs(n=500000)|60-70%=8.224µs(n=500000)|70-80%=8.396µs(n=500000)|80-90%=8.39µs(n=500000)|90-100%=8.275µs(n=500000)",1603.69,1603.69,142501106,0,0,"",0,0,0,0,"",0,0,0,0,0,0.00,0.00,0
avlhashtree,build_10k_then_reinsert_2k_existing,10000,10000,2000,3468042,1734,"0-10%=1.548µs(n=200)|10-20%=1.607µs(n=200)|20-30%=1.589µs(n=200)|30-40%=1.81µs(n=200)|40-50%=1.707µs(n=200)|50-60%=1.627µs(n=200)|60-70%=1.939µs(n=200)|70-80%=1.868µs(n=200)|80-90%=1.9µs(n=200)|90-100%=1.735µs(n=200)",0.35,0.35,63884,0,0,"",0,0,0,0,"",0,0,0,0,0,0.00,0.00,0
avlhashtree,build_50k_then_reinsert_10k_existing,50000,50000,10000,21153577,2115,"0-10%=1.967µs(n=1000)|10-20%=1.967µs(n=1000)|20-30%=2.054µs(n=1000)|30-40%=2.09µs(n=1000)|40-50%=2.105µs(n=1000)|50-60%=2.126µs(n=1000)|60-70%=2.24µs(n=1000)|70-80%=2.13µs(n=1000)|80-90%=2.186µs(n=1000)|90-100%=2.282µs(n=1000)",1.69,1.69,315900,0,0,"",0,0,0,0,"",0,0,0,0,0,0.00,0.00,0
avlhashtree,build_100k_then_reinsert_20k_existing,100000,100000,20000,44424797,2221,"0-10%=1.946µs(n=2000)|10-20%=2.093µs(n=2000)|20-30%=2.163µs(n=2000)|30-40%=2.219µs(n=2000)|40-50%=2.258µs(n=2000)|50-60%=2.241µs(n=2000)|60-70%=2.259µs(n=2000)|70-80%=2.331µs(n=2000)|80-90%=2.33µs(n=2000)|90-100%=2.366µs(n=2000)",3.37,3.37,630900,0,0,"",0,0,0,0,"",0,0,0,0,0,0.00,0.00,0
avlhashtree,build_200k_then_reinsert_40k_existing,200000,200000,40000,102179425,2554,"0-10%=2.257µs(n=4000)|10-20%=2.43µs(n=4000)|20-30%=2.512µs(n=4000)|30-40%=2.537µs(n=4000)|40-50%=2.544µs(n=4000)|50-60%=2.592µs(n=4000)|60-70%=2.638µs(n=4000)|70-80%=2.675µs(n=4000)|80-90%=2.66µs(n=4000)|90-100%=2.696µs(n=4000)",6.74,6.74,1260913,0,0,"",0,0,0,0,"",0,0,0,0,0,0.00,0.00,0
avlhashtree,build_300k_then_reinsert_60k_existing,300000,300000,60000,171167896,2852,"0-10%=2.457µs(n=6000)|10-20%=2.588µs(n=6000)|20-30%=2.684µs(n=6000)|30-40%=2.746µs(n=6000)|40-50%=3.004µs(n=6000)|50-60%=2.959µs(n=6000)|60-70%=2.976µs(n=6000)|70-80%=2.994µs(n=6000)|80-90%=3.031µs(n=6000)|90-100%=3.084µs(n=6000)",10.10,10.10,1890924,0,0,"",0,0,0,0,"",0,0,0,0,0,0.00,0.00,0
avlhashtree,build_500k_then_reinsert_100k_existing,500000,500000,100000,314426244,3144,"0-10%=2.892µs(n=10000)|10-20%=2.927µs(n=10000)|20-30%=3.038µs(n=10000)|30-40%=3.137µs(n=10000)|40-50%=3.157µs(n=10000)|50-60%=3.184µs(n=10000)|60-70%=3.213µs(n=10000)|70-80%=3.272µs(n=10000)|80-90%=3.3µs(n=10000)|90-100%=3.318µs(n=10000)",16.82,16.82,3150930,0,0,"",0,0,0,0,"",0,0,0,0,0,0.00,0.00,0
avlhashtree,build_700k_then_reinsert_140k_existing,700000,700000,140000,485069238,3464,"0-10%=3.146µs(n=14000)|10-20%=3.336µs(n=14000)|20-30%=3.44µs(n=14000)|30-40%=3.393µs(n=14000)|40-50%=3.448µs(n=14000)|50-60%=3.513µs(n=14000)|60-70%=3.57µs(n=14000)|70-80%=3.583µs(n=14000)|80-90%=3.593µs(n=14000)|90-100%=3.621µs(n=14000)",23.54,23.54,4410938,0,0,"",0,0,0,0,"",0,0,0,0,0,0.00,0.00,0
avlhashtree,build_900k_then_reinsert_180k_existing,900000,900000,180000,678435080,3769,"0-10%=3.493µs(n=18000)|10-20%=3.627µs(n=18000)|20-30%=3.681µs(n=18000)|30-40%=3.649µs(n=18000)|40-50%=3.746µs(n=18000)|50-60%=4.057µs(n=18000)|60-70%=3.837µs(n=18000)|70-80%=3.865µs(n=18000)|80-90%=3.902µs(n=18000)|90-100%=3.828µs(n=18000)",30.25,30.25,5670950,0,0,"",0,0,0,0,"",0,0,0,0,0,0.00,0.00,0
avlhashtree,build_1m_then_reinsert_200k_existing,1000000,1000000,200000,742191729,3710,"0-10%=3.442µs(n=20000)|10-20%=3.563µs(n=20000)|20-30%=3.665µs(n=20000)|30-40%=3.685µs(n=20000)|40-50%=3.676µs(n=20000)|50-60%=3.718µs(n=20000)|60-70%=3.788µs(n=20000)|70-80%=3.814µs(n=20000)|80-90%=3.855µs(n=20000)|90-100%=3.897µs(n=20000)",33.61,33.61,6300952,0,0,"",0,0,0,0,"",0,0,0,0,0,0.00,0.00,0
avlhashtree,prehashed_ordered_build_1m_then_reinsert_200k_existing,1000000,1000000,200000,489814092,2449,"0-10%=2.569µs(n=20000)|10-20%=2.584µs(n=20000)|20-30%=2.566µs(n=20000)|30-40%=2.387µs(n=20000)|40-50%=2.383µs(n=20000)|50-60%=2.378µs(n=20000)|60-70%=2.382µs(n=20000)|70-80%=2.399µs(n=20000)|80-90%=2.405µs(n=20000)|90-100%=2.432µs(n=20000)",21.40,21.40,5900963,0,0,"",0,0,0,0,"",0,0,0,0,0,0.00,0.00,0
avlhashtree,build_2m_then_reinsert_400k_existing,2000000,2000000,400000,1664109017,4160,"0-10%=3.792µs(n=40000)|10-20%=3.96µs(n=40000)|20-30%=4.055µs(n=40000)|30-40%=4.032µs(n=40000)|40-50%=4.119µs(n=40000)|50-60%=4.207µs(n=40000)|60-70%=4.291µs(n=40000)|70-80%=4.333µs(n=40000)|80-90%=4.375µs(n=40000)|90-100%=4.433µs(n=40000)",67.22,67.22,12600974,0,0,"",0,0,0,0,"",0,0,0,0,0,0.00,0.00,0
avlhashtree,build_5m_then_reinsert_1m_existing,5000000,5000000,1000000,5011733515,5011,"0-10%=4.264µs(n=100000)|10-20%=4.567µs(n=100000)|20-30%=4.971µs(n=100000)|30-40%=4.919µs(n=100000)|40-50%=5.016µs(n=100000)|50-60%=5.15µs(n=100000)|60-70%=5.211µs(n=100000)|70-80%=5.3µs(n=100000)|80-90%=5.335µs(n=100000)|90-100%=5.379µs(n=100000)",168.04,168.04,31500994,0,0,"",0,0,0,0,"",0,0,0,0,0,0.00,0.00,0
avlhashtree,prehashed_ordered_build_5m_then_reinsert_1m_existing,5000000,5000000,1000000,2681732270,2681,"0-10%=2.796µs(n=100000)|10-20%=2.682µs(n=100000)|20-30%=2.629µs(n=100000)|30-40%=2.679µs(n=100000)|40-50%=2.678µs(n=100000)|50-60%=2.677µs(n=100000)|60-70%=2.678µs(n=100000)|70-80%=2.69µs(n=100000)|80-90%=2.673µs(n=100000)|90-100%=2.63µs(n=100000)",106.91,106.91,29501000,0,0,"",0,0,0,0,"",0,0,0,0,0,0.00,0.00,0
avlhashtree,build_10m_then_reinsert_2m_existing,10000000,10000000,2000000,11542429598,5771,"0-10%=4.824µs(n=200000)|10-20%=5.331µs(n=200000)|20-30%=5.567µs(n=200000)|30-40%=5.648µs(n=200000)|40-50%=5.902µs(n=200000)|50-60%=5.995µs(n=200000)|60-70%=5.964µs(n=200000)|70-80%=6.103µs(n=200000)|80-90%=6.163µs(n=200000)|90-100%=6.211µs(n=200000)",336.11,336.11,63000979,0,0,"",0,0,0,0,"",0,0,0,0,0,0.00,0.00,0
avlhashtree,build_25m_then_reinsert_5m_existing,25000000,25000000,5000000,34805729902,6961,"0-10%=5.724µs(n=500000)|10-20%=6.363µs(n=500000)|20-30%=6.76µs(n=500000)|30-40%=6.821µs(n=500000)|40-50%=6.992µs(n=500000)|50-60%=7.127µs(n=500000)|60-70%=7.3µs(n=500000)|70-80%=7.479µs(n=500000)|80-90%=7.486µs(n=500000)|90-100%=7.553µs(n=500000)",840.38,840.38,157501075,0,0,"",0,0,0,0,"",0,0,0,0,0,0.00,0.00,0
avlhashtree,build_10k,0,10000,10000,23258534,2325,"0-10%=1.887µs(n=1000)|10-20%=2.03µs(n=1000)|20-30%=2.207µs(n=1000)|30-40%=2.241µs(n=1000)|40-50%=2.281µs(n=1000)|50-60%=2.3µs(n=1000)|60-70%=2.997µs(n=1000)|70-80%=2.44µs(n=1000)|80-90%=2.418µs(n=1000)|90-100%=2.451µs(n=1000)",2.58,3.23,61468,55896,558,"0-10%=758ns(n=10)|10-20%=359ns(n=10)|20-30%=642ns(n=10)|30-40%=606ns(n=10)|40-50%=413ns(n=10)|50-60%=422ns(n=10)|60-70%=366ns(n=10)|70-80%=559ns(n=10)|80-90%=908ns(n=10)|90-100%=552ns(n=10)",1564,3825,0,0,"",0,0,0,0,0,0.00,0.00,0
avlhashtree,build_50k,0,50000,50000,131510083,2630,"0-10%=2.179µs(n=5000)|10-20%=2.56µs(n=5000)|20-30%=2.502µs(n=5000)|30-40%=2.816µs(n=5000)|40-50%=2.78µs(n=5000)|50-60%=2.836µs(n=5000)|60-70%=2.954µs(n=5000)|70-80%=2.5µs(n=5000)|80-90%=2.561µs(n=5000)|90-100%=2.608µs(n=5000)",13.13,16.08,314156,397922,795,"0-10%=500ns(n=50)|10-20%=588ns(n=50)|20-30%=515ns(n=50)|30-40%=569ns(n=50)|40-50%=558ns(n=50)|50-60%=605ns(n=50)|60-70%=664ns(n=50)|70-80%=858ns(n=50)|80-90%=1.853µs(n=50)|90-100%=1.242µs(n=50)",1866,5694,0,0,"",0,0,0,0,0,0.00,0.00,0
avlhashtree,build_100k,0,100000,100000,259008809,2590,"0-10%=2.318µs(n=10000)|10-20%=2.349µs(n=10000)|20-30%=2.414µs(n=10000)|30-40%=2.549µs(n=10000)|40-50%=2.545µs(n=10000)|50-60%=2.703µs(n=10000)|60-70%=2.627µs(n=10000)|70-80%=2.685µs(n=10000)|80-90%=2.737µs(n=10000)|90-100%=2.969µs(n=10000)",23.35,32.10,518658,700788,700,"0-10%=508ns(n=100)|10-20%=553ns(n=100)|20-30%=581ns(n=100)|30-40%=666ns(n=100)|40-50%=733ns(n=100)|50-60%=672ns(n=100)|60-70%=678ns(n=100)|70-80%=700ns(n=100)|80-90%=1.153µs(n=100)|90-100%=759ns(n=100)",1982,4696,0,0,"",0,0,0,0,0,0.00,0.00,0
avlhashtree,build_200k,0,200000,200000,554084864,2770,"0-10%=2.232µs(n=20000)|10-20%=2.509µs(n=20000)|20-30%=2.693µs(n=20000)|30-40%=2.637µs(n=20000)|40-50%=2.751µs(n=20000)|50-60%=2.868µs(n=20000)|60-70%=2.879µs(n=20000)|70-80%=2.957µs(n=20000)|80-90%=3.101µs(n=20000)|90-100%=3.071µs(n=20000)",47.71,64.14,1076387,1614687,807,"0-10%=577ns(n=200)|10-20%=701ns(n=200)|20-30%=731ns(n=200)|30-40%=755ns(n=200)|40-50%=820ns(n=200)|50-60%=902ns(n=200)|60-70%=887ns(n=200)|70-80%=936ns(n=200)|80-90%=823ns(n=200)|90-100%=936ns(n=200)",2100,4846,0,0,"",0,0,0,0,0,0.00,0.00,0
avlhashtree,build_300k,0,300000,300000,909184350,3030,"0-10%=2.339µs(n=30000)|10-20%=2.71µs(n=30000)|20-30%=2.677µs(n=30000)|30-40%=2.879µs(n=30000)|40-50%=2.974µs(n=30000)|50-60%=3.138µs(n=30000)|60-70%=3.511µs(n=30000)|70-80%=3.285µs(n=30000)|80-90%=3.318µs(n=30000)|90-100%=3.471µs(n=30000)",69.33,96.20,1526923,2747369,915,"0-10%=636ns(n=300)|10-20%=750ns(n=300)|20-30%=869ns(n=300)|30-40%=912ns(n=300)|40-50%=900ns(n=300)|50-60%=874ns(n=300)|60-70%=992ns(n=300)|70-80%=1.031µs(n=300)|80-90%=1.104µs(n=300)|90-100%=1.086µs(n=300)",2170,5032,0,0,"",0,0,0,0,0,0.00,0.00,0
avlhashtree,build_500k,0,500000,500000,1614384902,3228,"0-10%=2.396µs(n=50000)|10-20%=2.701µs(n=50000)|20-30%=2.912µs(n=50000)|30-40%=3.059µs(n=50000)|40-50%=3.171µs(n=50000)|50-60%=3.312µs(n=50000)|60-70%=3.458µs(n=50000)|70-80%=3.585µs(n=50000)|80-90%=3.887µs(n=50000)|90-100%=3.802µs(n=50000)",132.55,160.31,3195754,7269224,1453,"0-10%=834ns(n=500)|10-20%=3.333µs(n=500)|20-30%=1.036µs(n=500)|30-40%=1.1µs(n=500)|40-50%=1.179µs(n=500)|50-60%=1.283µs(n=500)|60-70%=1.355µs(n=500)|70-80%=1.282µs(n=500)|80-90%=1.491µs(n=500)|90-100%=1.64µs(n=500)",2256,6189,0,0,"",0,0,0,0,0,0.00,0.00,0
avlhashtree,build_700k,0,700000,700000,2448320828,3497,"0-10%=2.491µs(n=70000)|10-20%=2.934µs(n=70000)|20-30%=3.177µs(n=70000)|30-40%=3.389µs(n=70000)|40-50%=3.462µs(n=70000)|50-60%=3.553µs(n=70000)|60-70%=3.954µs(n=70000)|70-80%=3.943µs(n=70000)|80-90%=4.003µs(n=70000)|90-100%=4.064µs(n=70000)",180.21,224.43,4267448,10014796,1430,"0-10%=917ns(n=700)|10-20%=1.101µs(n=700)|20-30%=1.178µs(n=700)|30-40%=1.207µs(n=700)|40-50%=1.289µs(n=700)|50-60%=1.282µs(n=700)|60-70%=2.33µs(n=700)|70-80%=2.016µs(n=700)|80-90%=1.481µs(n=700)|90-100%=1.503µs(n=700)",2322,6162,0,0,"",0,0,0,0,0,0.00,0.00,0
avlhashtree,build_900k,0,900000,900000,3385784369,3761,"0-10%=2.567µs(n=90000)|10-20%=3.041µs(n=90000)|20-30%=3.403µs(n=90000)|30-40%=3.56µs(n=90000)|40-50%=3.733µs(n=90000)|50-60%=3.932µs(n=90000)|60-70%=4.078µs(n=90000)|70-80%=4.137µs(n=90000)|80-90%=4.522µs(n=90000)|90-100%=4.642µs(n=90000)",215.92,288.54,4885825,12830585,1425,"0-10%=984ns(n=900)|10-20%=1.255µs(n=900)|20-30%=1.281µs(n=900)|30-40%=1.426µs(n=900)|40-50%=1.375µs(n=900)|50-60%=1.509µs(n=900)|60-70%=1.527µs(n=900)|70-80%=1.562µs(n=900)|80-90%=1.629µs(n=900)|90-100%=1.702µs(n=900)",2361,5695,0,0,"",0,0,0,0,0,0.00,0.00,0
avlhashtree,build_1m,0,1000000,1000000,3783258279,3783,"0-10%=2.589µs(n=100000)|10-20%=3.039µs(n=100000)|20-30%=3.393µs(n=100000)|30-40%=3.603µs(n=100000)|40-50%=3.786µs(n=100000)|50-60%=4.038µs(n=100000)|60-70%=4.05µs(n=100000)|70-80%=4.189µs(n=100000)|80-90%=4.619µs(n=100000)|90-100%=4.523µs(n=100000)",241.11,320.60,5472953,13954836,1395,"0-10%=975ns(n=1000)|10-20%=1.207µs(n=1000)|20-30%=1.276µs(n=1000)|30-40%=1.318µs(n=1000)|40-50%=1.354µs(n=1000)|50-60%=1.45µs(n=1000)|60-70%=1.534µs(n=1000)|70-80%=1.531µs(n=1000)|80-90%=1.596µs(n=1000)|90-100%=1.709µs(n=1000)",2376,5283,0,0,"",0,0,0,0,0,0.00,0.00,0
avlhashtree,build_2m,0,2000000,2000000,9108397694,4554,"0-10%=2.893µs(n=200000)|10-20%=3.595µs(n=200000)|20-30%=4.061µs(n=200000)|30-40%=4.174µs(n=200000)|40-50%=4.926µs(n=200000)|50-60%=5.244µs(n=200000)|60-70%=5.015µs(n=200000)|70-80%=5.32µs(n=200000)|80-90%=5.158µs(n=200000)|90-100%=5.152µs(n=200000)",512.55,641.24,12102952,38856320,1942,"0-10%=1.21µs(n=2000)|10-20%=1.446µs(n=2000)|20-30%=1.588µs(n=2000)|30-40%=1.641µs(n=2000)|40-50%=1.778µs(n=2000)|50-60%=1.884µs(n=2000)|60-70%=1.905µs(n=2000)|70-80%=3.595µs(n=2000)|80-90%=2.214µs(n=2000)|90-100%=2.162µs(n=2000)",2496,6849,0,0,"",0,0,0,0,0,0.00,0.00,0
avlhashtree,build_5m,0,5000000,5000000,26416527367,5283,"0-10%=3.252µs(n=500000)|10-20%=4.254µs(n=500000)|20-30%=4.857µs(n=500000)|30-40%=5.294µs(n=500000)|40-50%=5.598µs(n=500000)|50-60%=5.658µs(n=500000)|60-70%=5.889µs(n=500000)|70-80%=5.874µs(n=500000)|80-90%=6.024µs(n=500000)|90-100%=6.128µs(n=500000)",1332.10,1603.11,32140389,123365169,2467,"0-10%=3.18µs(n=5000)|10-20%=2.327µs(n=5000)|20-30%=2.299µs(n=5000)|30-40%=2.395µs(n=5000)|40-50%=2.343µs(n=5000)|50-60%=2.34µs(n=5000)|60-70%=2.453µs(n=5000)|70-80%=2.392µs(n=5000)|80-90%=2.437µs(n=5000)|90-100%=2.503µs(n=5000)",2655,7576,0,0,"",0,0,0,0,0,0.00,0.00,0
avlhashtree,build_10m,0,10000000,10000000,60806849648,6080,"0-10%=3.806µs(n=1000000)|10-20%=5.101µs(n=1000000)|20-30%=5.574µs(n=1000000)|30-40%=6.102µs(n=1000000)|40-50%=6.141µs(n=1000000)|50-60%=6.55µs(n=1000000)|60-70%=6.613µs(n=1000000)|70-80%=6.696µs(n=1000000)|80-90%=7.112µs(n=1000000)|90-100%=7.107µs(n=1000000)",2418.96,3206.38,54890958,310971566,3109,"0-10%=2.386µs(n=10000)|10-20%=2.918µs(n=10000)|20-30%=3.051µs(n=10000)|30-40%=3.124µs(n=10000)|40-50%=3.056µs(n=10000)|50-60%=3.207µs(n=10000)|60-70%=3.215µs(n=10000)|70-80%=3.242µs(n=10000)|80-90%=3.395µs(n=10000)|90-100%=3.497µs(n=10000)",2776,8580,0,0,"",0,0,0,0,0,0.00,0.00,0
avlhashtree,build_25m,0,25000000,25000000,180944334740,7237,"0-10%=4.716µs(n=2500000)|10-20%=6.107µs(n=2500000)|20-30%=6.63µs(n=2500000)|30-40%=7.047µs(n=2500000)|40-50%=7.315µs(n=2500000)|50-60%=7.821µs(n=2500000)|60-70%=7.814µs(n=2500000)|70-80%=8.073µs(n=2500000)|80-90%=8.221µs(n=2500000)|90-100%=8.629µs(n=2500000)",5758.22,8017.15,126126974,905857932,3623,"0-10%=2.37µs(n=25000)|10-20%=3.228µs(n=25000)|20-30%=3.528µs(n=25000)|30-40%=3.632µs(n=25000)|40-50%=3.691µs(n=25000)|50-60%=3.76µs(n=25000)|60-70%=3.89µs(n=25000)|70-80%=3.896µs(n=25000)|80-90%=4.066µs(n=25000)|90-100%=4.169µs(n=25000)",2936,8494,0,0,"",0,0,0,0,0,0.00,0.00,0
avlhashtree,prehashed_ordered_build_10k,0,10000,10000,19232165,1923,"0-10%=1.509µs(n=1000)|10-20%=1.652µs(n=1000)|20-30%=1.812µs(n=1000)|30-40%=1.752µs(n=1000)|40-50%=1.936µs(n=1000)|50-60%=1.885µs(n=1000)|60-70%=2.738µs(n=1000)|70-80%=1.959µs(n=1000)|80-90%=1.998µs(n=1000)|90-100%=1.986µs(n=1000)",2.21,2.61,60392,31480,314,"0-10%=537ns(n=10)|10-20%=297ns(n=10)|20-30%=297ns(n=10)|30-40%=315ns(n=10)|40-50%=251ns(n=10)|50-60%=251ns(n=10)|60-70%=303ns(n=10)|70-80%=309ns(n=10)|80-90%=327ns(n=10)|90-100%=256ns(n=10)",1579,2936,0,0,"",0,0,0,0,0,0.00,0.00,0
avlhashtree,prehashed_ordered_build_50k,0,50000,50000,108593649,2171,"0-10%=1.82µs(n=5000)|10-20%=1.981µs(n=5000)|20-30%=2.009µs(n=5000)|30-40%=2.367µs(n=5000)|40-50%=2.173µs(n=5000)|50-60%=2.155µs(n=5000)|60-70%=2.224µs(n=5000)|70-80%=2.277µs(n=5000)|80-90%=2.484µs(n=5000)|90-100%=2.225µs(n=5000)",10.35,13.01,268789,191177,382,"0-10%=365ns(n=50)|10-20%=380ns(n=50)|20-30%=377ns(n=50)|30-40%=395ns(n=50)|40-50%=376ns(n=50)|50-60%=400ns(n=50)|60-70%=359ns(n=50)|70-80%=362ns(n=50)|80-90%=381ns(n=50)|90-100%=423ns(n=50)",1823,3800,0,0,"",0,0,0,0,0,0.00,0.00,0
avlhashtree,prehashed_ordered_build_100k,0,100000,100000,224474027,2244,"0-10%=1.98µs(n=10000)|10-20%=2.042µs(n=10000)|20-30%=2.102µs(n=10000)|30-40%=2.338µs(n=10000)|40-50%=2.23µs(n=10000)|50-60%=2.248µs(n=10000)|60-70%=2.301µs(n=10000)|70-80%=2.524µs(n=10000)|80-90%=2.336µs(n=10000)|90-100%=2.341µs(n=10000)",21.07,25.98,551930,461243,461,"0-10%=482ns(n=100)|10-20%=461ns(n=100)|20-30%=451ns(n=100)|30-40%=400ns(n=100)|40-50%=465ns(n=100)|50-60%=498ns(n=100)|60-70%=406ns(n=100)|70-80%=417ns(n=100)|80-90%=501ns(n=100)|90-100%=525ns(n=100)",1940,4024,0,0,"",0,0,0,0,0,0.00,0.00,0
avlhashtree,prehashed_ordered_build_200k,0,200000,200000,474241845,2371,"0-10%=2.011µs(n=20000)|10-20%=2.256µs(n=20000)|20-30%=2.298µs(n=20000)|30-40%=2.402µs(n=20000)|40-50%=2.525µs(n=20000)|50-60%=2.338µs(n=20000)|60-70%=2.411µs(n=20000)|70-80%=2.497µs(n=20000)|80-90%=2.485µs(n=20000)|90-100%=2.484µs(n=20000)",45.93,51.92,1258935,1362164,681,"0-10%=539ns(n=200)|10-20%=581ns(n=200)|20-30%=2.396µs(n=200)|30-40%=512ns(n=200)|40-50%=450ns(n=200)|50-60%=453ns(n=200)|60-70%=445ns(n=200)|70-80%=442ns(n=200)|80-90%=521ns(n=200)|90-100%=467ns(n=200)",2071,5033,0,0,"",0,0,0,0,0,0.00,0.00,0
avlhashtree,prehashed_ordered_build_300k,0,300000,300000,743338562,2477,"0-10%=2.053µs(n=30000)|10-20%=2.295µs(n=30000)|20-30%=2.358µs(n=30000)|30-40%=2.408µs(n=30000)|40-50%=2.563µs(n=30000)|50-60%=2.563µs(n=30000)|60-70%=2.567µs(n=30000)|70-80%=2.58µs(n=30000)|80-90%=2.595µs(n=30000)|90-100%=2.79µs(n=30000)",59.97,77.87,1521176,2171837,723,"0-10%=620ns(n=300)|10-20%=645ns(n=300)|20-30%=683ns(n=300)|30-40%=786ns(n=300)|40-50%=673ns(n=300)|50-60%=667ns(n=300)|60-70%=798ns(n=300)|70-80%=810ns(n=300)|80-90%=801ns(n=300)|90-100%=751ns(n=300)",2143,4797,0,0,"",0,0,0,0,0,0.00,0.00,0
avlhashtree,prehashed_ordered_build_500k,0,500000,500000,1289953233,2579,"0-10%=2.127µs(n=50000)|10-20%=2.392µs(n=50000)|20-30%=2.458µs(n=50000)|30-40%=2.525µs(n=50000)|40-50%=2.637µs(n=50000)|50-60%=2.748µs(n=50000)|60-70%=2.73µs(n=50000)|70-80%=2.719µs(n=50000)|80-90%=2.681µs(n=50000)|90-100%=2.776µs(n=50000)",100.23,129.76,2547806,5061567,1012,"0-10%=839ns(n=500)|10-20%=1.095µs(n=500)|20-30%=944ns(n=500)|30-40%=958ns(n=500)|40-50%=914ns(n=500)|50-60%=1.04µs(n=500)|60-70%=1.07µs(n=500)|70-80%=1.155µs(n=500)|80-90%=1.043µs(n=500)|90-100%=1.06µs(n=500)",2221,4835,0,0,"",0,0,0,0,0,0.00,0.00,0
avlhashtree,prehashed_ordered_build_700k,0,700000,700000,1846012363,2637,"0-10%=2.192µs(n=70000)|10-20%=2.441µs(n=70000)|20-30%=2.543µs(n=70000)|30-40%=2.585µs(n=70000)|40-50%=2.79µs(n=70000)|50-60%=2.69µs(n=70000)|60-70%=2.687µs(n=70000)|70-80%=2.734µs(n=70000)|80-90%=2.774µs(n=70000)|90-100%=2.932µs(n=70000)",140.22,181.66,3561164,8682500,1240,"0-10%=1.14µs(n=700)|10-20%=1.16µs(n=700)|20-30%=1.255µs(n=700)|30-40%=1.238µs(n=700)|40-50%=1.191µs(n=700)|50-60%=1.25µs(n=700)|60-70%=1.392µs(n=700)|70-80%=1.221µs(n=700)|80-90%=1.237µs(n=700)|90-100%=1.314µs(n=700)",2287,5235,0,0,"",0,0,0,0,0,0.00,0.00,0
avlhashtree,prehashed_ordered_build_900k,0,900000,900000,2445505443,2717,"0-10%=2.304µs(n=90000)|10-20%=2.6µs(n=90000)|20-30%=2.584µs(n=90000)|30-40%=2.694µs(n=90000)|40-50%=2.765µs(n=90000)|50-60%=2.742µs(n=90000)|60-70%=2.844µs(n=90000)|70-80%=2.823µs(n=90000)|80-90%=2.803µs(n=90000)|90-100%=3.008µs(n=90000)",181.41,233.57,4626779,11876195,1319,"0-10%=1.145µs(n=900)|10-20%=1.404µs(n=900)|20-30%=1.433µs(n=900)|30-40%=1.342µs(n=900)|40-50%=1.38µs(n=900)|50-60%=1.338µs(n=900)|60-70%=1.302µs(n=900)|70-80%=1.278µs(n=900)|80-90%=1.237µs(n=900)|90-100%=1.332µs(n=900)",2325,5046,0,0,"",0,0,0,0,0,0.00,0.00,0
avlhashtree,prehashed_ordered_build_1m,0,1000000,1000000,2700642809,2700,"0-10%=2.267µs(n=100000)|10-20%=2.525µs(n=100000)|20-30%=2.598µs(n=100000)|30-40%=2.661µs(n=100000)|40-50%=2.775µs(n=100000)|50-60%=2.858µs(n=100000)|60-70%=2.81µs(n=100000)|70-80%=2.793µs(n=100000)|80-90%=2.783µs(n=100000)|90-100%=2.932µs(n=100000)",201.85,259.52,5151113,13192463,1319,"0-10%=1.365µs(n=1000)|10-20%=1.187µs(n=1000)|20-30%=1.28µs(n=1000)|30-40%=1.256µs(n=1000)|40-50%=1.401µs(n=1000)|50-60%=1.257µs(n=1000)|60-70%=1.321µs(n=1000)|70-80%=1.366µs(n=1000)|80-90%=1.41µs(n=1000)|90-100%=1.344µs(n=1000)",2340,5019,0,0,"",0,0,0,0,0,0.00,0.00,0
avlhashtree,prehashed_ordered_build_2m,0,2000000,2000000,5703740566,2851,"0-10%=2.4µs(n=200000)|10-20%=2.677µs(n=200000)|20-30%=2.749µs(n=200000)|30-40%=2.833µs(n=200000)|40-50%=2.92µs(n=200000)|50-60%=2.972µs(n=200000)|60-70%=3.004µs(n=200000)|70-80%=2.921µs(n=200000)|80-90%=2.939µs(n=200000)|90-100%=3.099µs(n=200000)",402.56,519.00,10255871,29534897,1476,"0-10%=1.423µs(n=2000)|10-20%=1.524µs(n=2000)|20-30%=1.549µs(n=2000)|30-40%=1.454µs(n=2000)|40-50%=1.491µs(n=2000)|50-60%=1.489µs(n=2000)|60-70%=1.489µs(n=2000)|70-80%=1.45µs(n=2000)|80-90%=1.443µs(n=2000)|90-100%=1.45µs(n=2000)",2459,5440,0,0,"",0,0,0,0,0,0.00,0.00,0
avlhashtree,prehashed_ordered_build_5m,0,5000000,5000000,15086690362,3017,"0-10%=2.615µs(n=500000)|10-20%=2.855µs(n=500000)|20-30%=2.943µs(n=500000)|30-40%=3.01µs(n=500000)|40-50%=3.113µs(n=500000)|50-60%=3.086µs(n=500000)|60-70%=3.065µs(n=500000)|70-80%=3.037µs(n=500000)|80-90%=3.105µs(n=500000)|90-100%=3.341µs(n=500000)",1007.40,1297.46,25668369,75343582,1506,"0-10%=1.514µs(n=5000)|10-20%=1.506µs(n=5000)|20-30%=1.519µs(n=5000)|30-40%=1.523µs(n=5000)|40-50%=1.502µs(n=5000)|50-60%=1.488µs(n=5000)|60-70%=1.498µs(n=5000)|70-80%=1.51µs(n=5000)|80-90%=1.49µs(n=5000)|90-100%=1.513µs(n=5000)",2621,5576,0,0,"",0,0,0,0,0,0.00,0.00,0
avlhashtree,prehashed_ordered_build_10m,0,10000000,10000000,31194306338,3119,"0-10%=2.723µs(n=1000000)|10-20%=2.964µs(n=1000000)|20-30%=3.056µs(n=1000000)|30-40%=3.048µs(n=1000000)|40-50%=3.213µs(n=1000000)|50-60%=3.168µs(n=1000000)|60-70%=3.157µs(n=1000000)|70-80%=3.175µs(n=1000000)|80-90%=3.236µs(n=1000000)|90-100%=3.448µs(n=1000000)",2007.54,2594.85,51040726,153379027,1533,"0-10%=1.506µs(n=10000)|10-20%=1.531µs(n=10000)|20-30%=1.542µs(n=10000)|30-40%=1.521µs(n=10000)|40-50%=1.554µs(n=10000)|50-60%=1.51µs(n=10000)|60-70%=1.538µs(n=10000)|70-80%=1.515µs(n=10000)|80-90%=1.532µs(n=10000)|90-100%=1.584µs(n=10000)",2740,5818,0,0,"",0,0,0,0,0,0.00,0.00,0
avlhashtree,prehashed_ordered_build_25m,0,15000000,15000000,47740394539,3182,"0-10%=2.813µs(n=1500000)|10-20%=3.059µs(n=1500000)|20-30%=3.097µs(n=1500000)|30-40%=3.204µs(n=1500000)|40-50%=3.247µs(n=1500000)|50-60%=3.21µs(n=1500000)|60-70%=3.271µs(n=1500000)|70-80%=3.26µs(n=1500000)|80-90%=3.266µs(n=1500000)|90-100%=3.395µs(n=1500000)",2990.57,3892.10,75762751,235465995,1569,"0-10%=1.512µs(n=15000)|10-20%=1.544µs(n=15000)|20-30%=1.567µs(n=15000)|30-40%=1.608µs(n=15000)|40-50%=1.643µs(n=15000)|50-60%=1.57µs(n=15000)|60-70%=1.564µs(n=15000)|70-80%=1.567µs(n=15000)|80-90%=1.536µs(n=15000)|90-100%=1.582µs(n=15000)",2808,6184,0,0,"",0,0,0,0,0,0.00,0.00,0
avlhashtree,insert_only_build_10k,0,10000,10000,20975835,2097,"0-10%=1.619µs(n=1000)|10-20%=1.82µs(n=1000)|20-30%=1.874µs(n=1000)|30-40%=2.044µs(n=1000)|40-50%=2.015µs(n=1000)|50-60%=2.042µs(n=1000)|60-70%=2.955µs(n=1000)|70-80%=2.162µs(n=1000)|80-90%=2.177µs(n=1000)|90-100%=2.263µs(n=1000)",2.59,3.22,62557,0,0,"",0,0,0,0,"",0,0,0,0,0,0.00,0.00,0
avlhashtree,insert_only_build_50k,0,50000,50000,122304657,2446,"0-10%=1.847µs(n=5000)|10-20%=2.317µs(n=5000)|20-30%=2.232µs(n=5000)|30-40%=2.53µs(n=5000)|40-50%=2.511µs(n=5000)|50-60%=2.422µs(n=5000)|60-70%=2.754µs(n=5000)|70-80%=2.566µs(n=5000)|80-90%=2.607µs(n=5000)|90-100%=2.671µs(n=5000)",13.09,16.06,313295,0,0,"",0,0,0,0,"",0,0,0,0,0,0.00,0.00,0
avlhashtree,insert_only_build_100k,0,100000,100000,260559216,2605,"0-10%=2.066µs(n=10000)|10-20%=2.414µs(n=10000)|20-30%=2.463µs(n=10000)|30-40%=2.689µs(n=10000)|40-50%=2.554µs(n=10000)|50-60%=2.823µs(n=10000)|60-70%=2.69µs(n=10000)|70-80%=2.73µs(n=10000)|80-90%=2.794µs(n=10000)|90-100%=2.828µs(n=10000)",26.66,32.08,644686,0,0,"",0,0,0,0,"",0,0,0,0,0,0.00,0.00,0
avlhashtree,insert_only_build_200k,0,200000,200000,568304299,2841,"0-10%=2.229µs(n=20000)|10-20%=2.519µs(n=20000)|20-30%=2.733µs(n=20000)|30-40%=2.744µs(n=20000)|40-50%=2.867µs(n=20000)|50-60%=2.988µs(n=20000)|60-70%=2.962µs(n=20000)|70-80%=3.019µs(n=20000)|80-90%=3.167µs(n=20000)|90-100%=3.183µs(n=20000)",47.66,64.14,1072210,0,0,"",0,0,0,0,"",0,0,0,0,0,0.00,0.00,0
avlhashtree,insert_only_build_300k,0,300000,300000,874097004,2913,"0-10%=2.272µs(n=30000)|10-20%=2.598µs(n=30000)|20-30%=2.661µs(n=30000)|30-40%=2.829µs(n=30000)|40-50%=2.899µs(n=30000)|50-60%=3.004µs(n=30000)|60-70%=3.139µs(n=30000)|70-80%=3.163µs(n=30000)|80-90%=3.247µs(n=30000)|90-100%=3.32µs(n=30000)",79.63,96.19,1919104,0,0,"",0,0,0,0,"",0,0,0,0,0,0.00,0.00,0
avlhashtree,insert_only_build_500k,0,500000,500000,1609285437,3218,"0-10%=2.386µs(n=50000)|10-20%=2.691µs(n=50000)|20-30%=2.93µs(n=50000)|30-40%=3.113µs(n=50000)|40-50%=3.159µs(n=50000)|50-60%=3.288µs(n=50000)|60-70%=3.548µs(n=50000)|70-80%=3.594µs(n=50000)|80-90%=3.664µs(n=50000)|90-100%=3.809µs(n=50000)",132.32,160.31,3182174,0,0,"",0,0,0,0,"",0,0,0,0,0,0.00,0.00,0
avlhashtree,insert_only_build_700k,0,700000,700000,2477939857,3539,"0-10%=2.485µs(n=70000)|10-20%=2.855µs(n=70000)|20-30%=3.112µs(n=70000)|30-40%=3.256µs(n=70000)|40-50%=3.519µs(n=70000)|50-60%=3.705µs(n=70000)|60-70%=3.859µs(n=70000)|70-80%=4.208µs(n=70000)|80-90%=4.145µs(n=70000)|90-100%=4.249µs(n=70000)",177.58,224.43,4161135,0,0,"",0,0,0,0,"",0,0,0,0,0,0.00,0.00,0
avlhashtree,insert_only_build_900k,0,900000,900000,3331894724,3702,"0-10%=2.575µs(n=90000)|10-20%=3.028µs(n=90000)|20-30%=3.174µs(n=90000)|30-40%=3.462µs(n=90000)|40-50%=3.63µs(n=90000)|50-60%=3.987µs(n=90000)|60-70%=4.063µs(n=90000)|70-80%=4.192µs(n=90000)|80-90%=4.306µs(n=90000)|90-100%=4.599µs(n=90000)",207.71,288.54,4562871,0,0,"",0,0,0,0,"",0,0,0,0,0,0.00,0.00,0
avlhashtree,insert_only_build_1m,0,1000000,1000000,3841937475,3841,"0-10%=2.594µs(n=100000)|10-20%=3.123µs(n=100000)|20-30%=3.345µs(n=100000)|30-40%=3.554µs(n=100000)|40-50%=3.742µs(n=100000)|50-60%=4.186µs(n=100000)|60-70%=4.204µs(n=100000)|70-80%=4.351µs(n=100000)|80-90%=4.648µs(n=100000)|90-100%=4.667µs(n=100000)",239.61,320.60,5406214,0,0,"",0,0,0,0,"",0,0,0,0,0,0.00,0.00,0
avlhashtree,insert_only_build_2m,0,2000000,2000000,8907260358,4453,"0-10%=2.861µs(n=200000)|10-20%=3.452µs(n=200000)|20-30%=3.955µs(n=200000)|30-40%=4.279µs(n=200000)|40-50%=4.717µs(n=200000)|50-60%=4.629µs(n=200000)|60-70%=4.826µs(n=200000)|70-80%=5.306µs(n=200000)|80-90%=5.256µs(n=200000)|90-100%=5.249µs(n=200000)",502.83,641.24,11712054,0,0,"",0,0,0,0,"",0,0,0,0,0,0.00,0.00,0
avlhashtree,insert_only_build_5m,0,5000000,5000000,26588914036,5317,"0-10%=3.295µs(n=500000)|10-20%=4.358µs(n=500000)|20-30%=4.882µs(n=500000)|30-40%=5.243µs(n=500000)|40-50%=5.4µs(n=500000)|50-60%=5.788µs(n=500000)|60-70%=5.763µs(n=500000)|70-80%=5.882µs(n=500000)|80-90%=6.271µs(n=500000)|90-100%=6.291µs(n=500000)",1197.94,1603.11,27015825,0,0,"",0,0,0,0,"",0,0,0,0,0,0.00,0.00,0
avlhashtree,insert_only_build_10m,0,10000000,10000000,60353260511,6035,"0-10%=3.876µs(n=1000000)|10-20%=5.041µs(n=1000000)|20-30%=5.635µs(n=1000000)|30-40%=5.939µs(n=1000000)|40-50%=6.244µs(n=1000000)|50-60%=6.34µs(n=1000000)|60-70%=6.574µs(n=1000000)|70-80%=6.984µs(n=1000000)|80-90%=6.832µs(n=1000000)|90-100%=6.881µs(n=1000000)",2516.17,3206.40,58621415,0,0,"",0,0,0,0,"",0,0,0,0,0,0.00,0.00,0
avlhashtree,insert_only_build_25m,0,25000000,25000000,176546573760,7061,"0-10%=4.631µs(n=2500000)|10-20%=5.991µs(n=2500000)|20-30%=6.558µs(n=2500000)|30-40%=6.874µs(n=2500000)|40-50%=7.293µs(n=2500000)|50-60%=7.432µs(n=2500000)|60-70%=7.573µs(n=2500000)|70-80%=7.738µs(n=2500000)|80-90%=8.292µs(n=2500000)|90-100%=8.231µs(n=2500000)",6099.99,8017.16,139222890,0,0,"",0,0,0,0,"",0,0,0,0,0,0.00,0.00,0
avlhashtree,proof_only_after_10k_build_sample_5pct,10000,10000,0,0,0,"",0.00,0.00,0,281730,563,"0-10%=493ns(n=50)|10-20%=349ns(n=50)|20-30%=395ns(n=50)|30-40%=392ns(n=50)|40-50%=377ns(n=50)|50-60%=1.777µs(n=50)|60-70%=574ns(n=50)|70-80%=403ns(n=50)|80-90%=457ns(n=50)|90-100%=414ns(n=50)",1581,3528,0,0,"",0,0,0,0,0,0.00,0.00,0
avlhashtree,proof_only_after_50k_build_sample_5pct,50000,50000,0,0,0,"",0.00,0.00,0,1638308,655,"0-10%=522ns(n=250)|10-20%=616ns(n=250)|20-30%=525ns(n=250)|30-40%=546ns(n=250)|40-50%=610ns(n=250)|50-60%=601ns(n=250)|60-70%=1.158µs(n=250)|70-80%=819ns(n=250)|80-90%=587ns(n=250)|90-100%=563ns(n=250)",1854,4209,0,0,"",0,0,0,0,0,0.00,0.00,0
avlhashtree,proof_only_after_100k_build_sample_5pct,100000,100000,0,0,0,"",0.00,0.00,0,3742953,748,"0-10%=652ns(n=500)|10-20%=630ns(n=500)|20-30%=719ns(n=500)|30-40%=694ns(n=500)|40-50%=748ns(n=500)|50-60%=761ns(n=500)|60-70%=1.29µs(n=500)|70-80%=644ns(n=500)|80-90%=668ns(n=500)|90-100%=675ns(n=500)",1975,4474,0,0,"",0,0,0,0,0,0.00,0.00,0
avlhashtree,proof_only_after_200k_build_sample_5pct,200000,200000,0,0,0,"",0.00,0.00,0,9378324,937,"0-10%=709ns(n=1000)|10-20%=785ns(n=1000)|20-30%=861ns(n=1000)|30-40%=838ns(n=1000)|40-50%=994ns(n=1000)|50-60%=1.496µs(n=1000)|60-70%=909ns(n=1000)|70-80%=926ns(n=1000)|80-90%=924ns(n=1000)|90-100%=932ns(n=1000)",2101,4817,0,0,"",0,0,0,0,0,0.00,0.00,0
avlhashtree,proof_only_after_300k_build_sample_5pct,300000,300000,0,0,0,"",0.00,0.00,0,17800562,1186,"0-10%=902ns(n=1500)|10-20%=1.055µs(n=1500)|20-30%=1.133µs(n=1500)|30-40%=1.167µs(n=1500)|40-50%=1.178µs(n=1500)|50-60%=1.521µs(n=1500)|60-70%=1.105µs(n=1500)|70-80%=1.077µs(n=1500)|80-90%=1.144µs(n=1500)|90-100%=1.581µs(n=1500)",2172,5250,0,0,"",0,0,0,0,0,0.00,0.00,0
avlhashtree,proof_only_after_500k_build_sample_5pct,500000,500000,0,0,0,"",0.00,0.00,0,33627856,1345,"0-10%=1.065µs(n=2500)|10-20%=1.2µs(n=2500)|20-30%=1.227µs(n=2500)|30-40%=1.328µs(n=2500)|40-50%=1.345µs(n=2500)|50-60%=1.648µs(n=2500)|60-70%=1.325µs(n=2500)|70-80%=1.302µs(n=2500)|80-90%=1.434µs(n=2500)|90-100%=1.573µs(n=2500)",2257,5373,0,0,"",0,0,0,0,0,0.00,0.00,0
avlhashtree,proof_only_after_700k_build_sample_5pct,700000,700000,0,0,0,"",0.00,0.00,0,52061805,1487,"0-10%=1.172µs(n=3500)|10-20%=1.387µs(n=3500)|20-30%=1.448µs(n=3500)|30-40%=1.506µs(n=3500)|40-50%=1.461µs(n=3500)|50-60%=1.77µs(n=3500)|60-70%=1.5µs(n=3500)|70-80%=1.51µs(n=3500)|80-90%=1.526µs(n=3500)|90-100%=1.589µs(n=3500)",2320,5346,0,0,"",0,0,0,0,0,0.00,0.00,0
avlhashtree,proof_only_after_900k_build_sample_5pct,900000,900000,0,0,0,"",0.00,0.00,0,74969023,1665,"0-10%=1.375µs(n=4500)|10-20%=1.494µs(n=4500)|20-30%=1.538µs(n=4500)|30-40%=1.58µs(n=4500)|40-50%=1.591µs(n=4500)|50-60%=1.981µs(n=4500)|60-70%=1.667µs(n=4500)|70-80%=1.714µs(n=4500)|80-90%=1.884µs(n=4500)|90-100%=1.831µs(n=4500)",2365,5628,0,0,"",0,0,0,0,0,0.00,0.00,0
avlhashtree,proof_only_after_1m_build_sample_5pct,1000000,1000000,0,0,0,"",0.00,0.00,0,86431795,1728,"0-10%=1.374µs(n=5000)|10-20%=1.521µs(n=5000)|20-30%=1.608µs(n=5000)|30-40%=1.639µs(n=5000)|40-50%=1.668µs(n=5000)|50-60%=2.11µs(n=5000)|60-70%=1.723µs(n=5000)|70-80%=1.772µs(n=5000)|80-90%=1.938µs(n=5000)|90-100%=1.928µs(n=5000)",2383,5772,0,0,"",0,0,0,0,0,0.00,0.00,0
avlhashtree,prehashed_ordered_proof_only_after_1m_build_sample_5pct,1000000,1000000,0,0,0,"",0.00,0.00,0,48298336,965,"0-10%=825ns(n=5000)|10-20%=920ns(n=5000)|20-30%=1µs(n=5000)|30-40%=1.017µs(n=5000)|40-50%=1.01µs(n=5000)|50-60%=1.19µs(n=5000)|60-70%=931ns(n=5000)|70-80%=911ns(n=5000)|80-90%=925ns(n=5000)|90-100%=926ns(n=5000)",2340,5201,0,0,"",0,0,0,0,0,0.00,0.00,0
avlhashtree,proof_only_after_2m_build_sample_3pct,2000000,2000000,0,0,0,"",0.00,0.00,0,121022388,2017,"0-10%=1.646µs(n=6000)|10-20%=1.806µs(n=6000)|20-30%=1.873µs(n=6000)|30-40%=1.925µs(n=6000)|40-50%=1.931µs(n=6000)|50-60%=1.933µs(n=6000)|60-70%=1.991µs(n=6000)|70-80%=2.037µs(n=6000)|80-90%=2.745µs(n=6000)|90-100%=2.278µs(n=6000)",2492,6221,0,0,"",0,0,0,0,0,0.00,0.00,0
avlhashtree,proof_only_after_5m_build_sample_3pct,5000000,5000000,0,0,0,"",0.00,0.00,0,358157384,2387,"0-10%=2.124µs(n=15000)|10-20%=2.216µs(n=15000)|20-30%=2.218µs(n=15000)|30-40%=2.279µs(n=15000)|40-50%=2.194µs(n=15000)|50-60%=2.298µs(n=15000)|60-70%=2.266µs(n=15000)|70-80%=2.31µs(n=15000)|80-90%=3.326µs(n=15000)|90-100%=2.641µs(n=15000)",2654,6691,0,0,"",0,0,0,0,0,0.00,0.00,0
avlhashtree,prehashed_ordered_proof_only_after_5m_build_sample_3pct,5000000,5000000,0,0,0,"",0.00,0.00,0,184334464,1228,"0-10%=1.21µs(n=15000)|10-20%=1.196µs(n=15000)|20-30%=1.196µs(n=15000)|30-40%=1.176µs(n=15000)|40-50%=1.188µs(n=15000)|50-60%=1.177µs(n=15000)|60-70%=1.207µs(n=15000)|70-80%=1.208µs(n=15000)|80-90%=1.498µs(n=15000)|90-100%=1.229µs(n=15000)",2623,5949,0,0,"",0,0,0,0,0,0.00,0.00,0
avlhashtree,proof_only_after_10m_build_sample_2pct,10000000,10000000,0,0,0,"",0.00,0.00,0,516965936,2584,"0-10%=2.286µs(n=20000)|10-20%=2.387µs(n=20000)|20-30%=2.396µs(n=20000)|30-40%=2.5µs(n=20000)|40-50%=2.608µs(n=20000)|50-60%=2.726µs(n=20000)|60-70%=2.658µs(n=20000)|70-80%=2.661µs(n=20000)|80-90%=2.725µs(n=20000)|90-100%=2.897µs(n=20000)",2776,6442,0,0,"",0,0,0,0,0,0.00,0.00,0
avlhashtree,proof_only_after_20m_build_sample_2pct,20000000,20000000,0,0,0,"",0.00,0.00,0,1353926088,3384,"0-10%=2.633µs(n=40000)|10-20%=2.832µs(n=40000)|20-30%=3.299µs(n=40000)|30-40%=3.414µs(n=40000)|40-50%=3.403µs(n=40000)|50-60%=3.542µs(n=40000)|60-70%=3.581µs(n=40000)|70-80%=3.565µs(n=40000)|80-90%=3.646µs(n=40000)|90-100%=3.928µs(n=40000)",2896,8306,0,0,"",0,0,0,0,0,0.00,0.00,0
avlhashtree,build_10k_then_add_2k_new,10000,12000,2000,4454364,2227,"0-10%=2.328µs(n=200)|10-20%=2.307µs(n=200)|20-30%=2.11µs(n=200)|30-40%=2.2µs(n=200)|40-50%=2.113µs(n=200)|50-60%=2.103µs(n=200)|60-70%=2.19µs(n=200)|70-80%=2.305µs(n=200)|80-90%=2.329µs(n=200)|90-100%=2.278µs(n=200)",0.65,0.65,67836,0,0,"",0,0,0,0,"",0,0,0,0,0,0.00,0.00,0
avlhashtree,build_50k_then_add_10k_new,50000,60000,10000,27119656,2711,"0-10%=3.371µs(n=1000)|10-20%=2.638µs(n=1000)|20-30%=2.649µs(n=1000)|30-40%=2.622µs(n=1000)|40-50%=2.599µs(n=1000)|50-60%=2.749µs(n=1000)|60-70%=2.571µs(n=1000)|70-80%=2.752µs(n=1000)|80-90%=2.571µs(n=1000)|90-100%=2.591µs(n=1000)",3.22,3.22,335846,0,0,"",0,0,0,0,"",0,0,0,0,0,0.00,0.00,0
avlhashtree,build_100k_then_add_20k_new,100000,120000,20000,58950740,2947,"0-10%=3.128µs(n=2000)|10-20%=2.934µs(n=2000)|20-30%=2.946µs(n=2000)|30-40%=2.949µs(n=2000)|40-50%=2.897µs(n=2000)|50-60%=2.898µs(n=2000)|60-70%=2.895µs(n=2000)|70-80%=2.922µs(n=2000)|80-90%=2.944µs(n=2000)|90-100%=2.956µs(n=2000)",6.42,6.42,670849,0,0,"",0,0,0,0,"",0,0,0,0,0,0.00,0.00,0
avlhashtree,build_200k_then_add_40k_new,200000,240000,40000,133876556,3346,"0-10%=3.463µs(n=4000)|10-20%=3.424µs(n=4000)|20-30%=3.415µs(n=4000)|30-40%=3.403µs(n=4000)|40-50%=3.304µs(n=4000)|50-60%=3.275µs(n=4000)|60-70%=3.271µs(n=4000)|70-80%=3.312µs(n=4000)|80-90%=3.303µs(n=4000)|90-100%=3.294µs(n=4000)",12.85,12.85,1340859,0,0,"",0,0,0,0,"",0,0,0,0,0,0.00,0.00,0
avlhashtree,build_300k_then_add_60k_new,300000,360000,60000,220014916,3666,"0-10%=4.151µs(n=6000)|10-20%=3.717µs(n=6000)|20-30%=3.676µs(n=6000)|30-40%=3.634µs(n=6000)|40-50%=3.612µs(n=6000)|50-60%=3.583µs(n=6000)|60-70%=3.569µs(n=6000)|70-80%=3.585µs(n=6000)|80-90%=3.569µs(n=6000)|90-100%=3.569µs(n=6000)",19.26,19.26,2010867,0,0,"",0,0,0,0,"",0,0,0,0,0,0.00,0.00,0
avlhashtree,build_500k_then_add_100k_new,500000,600000,100000,409986654,4099,"0-10%=4.556µs(n=10000)|10-20%=4.178µs(n=10000)|20-30%=4.053µs(n=10000)|30-40%=4.034µs(n=10000)|40-50%=4.023µs(n=10000)|50-60%=4.03µs(n=10000)|60-70%=4.026µs(n=10000)|70-80%=4.01µs(n=10000)|80-90%=4.038µs(n=10000)|90-100%=4.046µs(n=10000)",32.08,32.08,3350874,0,0,"",0,0,0,0,"",0,0,0,0,0,0.00,0.00,0
avlhashtree,build_700k_then_add_140k_new,700000,840000,140000,632897200,4520,"0-10%=5.08µs(n=14000)|10-20%=4.733µs(n=14000)|20-30%=4.479µs(n=14000)|30-40%=4.362µs(n=14000)|40-50%=4.356µs(n=14000)|50-60%=4.308µs(n=14000)|60-70%=4.796µs(n=14000)|70-80%=4.391µs(n=14000)|80-90%=4.356µs(n=14000)|90-100%=4.34µs(n=14000)",44.90,44.90,4690882,0,0,"",0,0,0,0,"",0,0,0,0,0,0.00,0.00,0
avlhashtree,build_900k_then_add_180k_new,900000,1080000,180000,841409971,4674,"0-10%=5.42µs(n=18000)|10-20%=4.937µs(n=18000)|20-30%=4.594µs(n=18000)|30-40%=4.535µs(n=18000)|40-50%=4.536µs(n=18000)|50-60%=4.528µs(n=18000)|60-70%=4.522µs(n=18000)|70-80%=4.556µs(n=18000)|80-90%=4.562µs(n=18000)|90-100%=4.55µs(n=18000)",57.73,57.73,6030891,0,0,"",0,0,0,0,"",0,0,0,0,0,0.00,0.00,0
avlhashtree,build_1m_then_add_200k_new,1000000,1200000,200000,959612253,4798,"0-10%=5.46µs(n=20000)|10-20%=5.082µs(n=20000)|20-30%=4.905µs(n=20000)|30-40%=4.67µs(n=20000)|40-50%=4.616µs(n=20000)|50-60%=4.636µs(n=20000)|60-70%=4.646µs(n=20000)|70-80%=4.647µs(n=20000)|80-90%=4.656µs(n=20000)|90-100%=4.658µs(n=20000)",64.14,64.14,6700896,0,0,"",0,0,0,0,"",0,0,0,0,0,0.00,0.00,0
avlhashtree,build_2m_then_add_400k_new,2000000,2400000,400000,2323215697,5808,"0-10%=6.051µs(n=40000)|10-20%=5.648µs(n=40000)|20-30%=5.41µs(n=40000)|30-40%=5.647µs(n=40000)|40-50%=5.523µs(n=40000)|50-60%=5.515µs(n=40000)|60-70%=5.917µs(n=40000)|70-80%=6.956µs(n=40000)|80-90%=5.743µs(n=40000)|90-100%=5.666µs(n=40000)",128.28,128.28,13400910,0,0,"",0,0,0,0,"",0,0,0,0,0,0.00,0.00,0
avlhashtree,build_5m_then_add_1m_new,5000000,6000000,1000000,6617796125,6617,"0-10%=7.057µs(n=100000)|10-20%=6.748µs(n=100000)|20-30%=6.555µs(n=100000)|30-40%=6.399µs(n=100000)|40-50%=6.418µs(n=100000)|50-60%=6.858µs(n=100000)|60-70%=6.73µs(n=100000)|70-80%=6.543µs(n=100000)|80-90%=6.411µs(n=100000)|90-100%=6.454µs(n=100000)",320.69,320.69,33500936,0,0,"",0,0,0,0,"",0,0,0,0,0,0.00,0.00,0
avlhashtree,build_10m_then_add_2m_new,10000000,12000000,2000000,14479735203,7239,"0-10%=7.517µs(n=200000)|10-20%=7.329µs(n=200000)|20-30%=7.131µs(n=200000)|30-40%=7.317µs(n=200000)|40-50%=7.176µs(n=200000)|50-60%=7.247µs(n=200000)|60-70%=7.228µs(n=200000)|70-80%=7.147µs(n=200000)|80-90%=7.148µs(n=200000)|90-100%=7.154µs(n=200000)",641.38,641.38,67000986,0,0,"",0,0,0,0,"",0,0,0,0,0,0.00,0.00,0
avlhashtree,build_20m_then_add_5m_new,20000000,25000000,5000000,41025652380,8205,"0-10%=8.152µs(n=500000)|10-20%=7.893µs(n=500000)|20-30%=9.064µs(n=500000)|30-40%=8.001µs(n=500000)|40-50%=8.016µs(n=500000)|50-60%=7.993µs(n=500000)|60-70%=8.193µs(n=500000)|70-80%=8.208µs(n=500000)|80-90%=8.24µs(n=500000)|90-100%=8.286µs(n=500000)",1603.70,1603.70,142501124,0,0,"",0,0,0,0,"",0,0,0,0,0,0.00,0.00,0
avlhashtree,build_10k_then_reinsert_2k_existing,10000,10000,2000,3640875,1820,"0-10%=2.573µs(n=200)|10-20%=1.637µs(n=200)|20-30%=1.644µs(n=200)|30-40%=1.812µs(n=200)|40-50%=1.927µs(n=200)|50-60%=1.696µs(n=200)|60-70%=1.711µs(n=200)|70-80%=1.694µs(n=200)|80-90%=1.695µs(n=200)|90-100%=1.808µs(n=200)",0.35,0.35,63901,0,0,"",0,0,0,0,"",0,0,0,0,0,0.00,0.00,0
avlhashtree,build_50k_then_reinsert_10k_existing,50000,50000,10000,20777040,2077,"0-10%=1.874µs(n=1000)|10-20%=1.988µs(n=1000)|20-30%=1.962µs(n=1000)|30-40%=2.143µs(n=1000)|40-50%=2.003µs(n=1000)|50-60%=2.109µs(n=1000)|60-70%=2.247µs(n=1000)|70-80%=2.084µs(n=1000)|80-90%=2.137µs(n=1000)|90-100%=2.224µs(n=1000)",1.69,1.69,315912,0,0,"",0,0,0,0,"",0,0,0,0,0,0.00,0.00,0
avlhashtree,build_100k_then_reinsert_20k_existing,100000,100000,20000,43733442,2186,"0-10%=2.031µs(n=2000)|10-20%=2.064µs(n=2000)|20-30%=2.119µs(n=2000)|30-40%=2.166µs(n=2000)|40-50%=2.198µs(n=2000)|50-60%=2.2µs(n=2000)|60-70%=2.243µs(n=2000)|70-80%=2.265µs(n=2000)|80-90%=2.263µs(n=2000)|90-100%=2.313µs(n=2000)",3.37,3.37,630915,0,0,"",0,0,0,0,"",0,0,0,0,0,0.00,0.00,0
avlhashtree,build_200k_then_reinsert_40k_existing,200000,200000,40000,101271532,2531,"0-10%=2.227µs(n=4000)|10-20%=2.388µs(n=4000)|20-30%=2.484µs(n=4000)|30-40%=2.504µs(n=4000)|40-50%=2.512µs(n=4000)|50-60%=2.556µs(n=4000)|60-70%=2.629µs(n=4000)|70-80%=2.652µs(n=4000)|80-90%=2.67µs(n=4000)|90-100%=2.69µs(n=4000)",6.74,6.74,1260932,0,0,"",0,0,0,0,"",0,0,0,0,0,0.00,0.00,0
avlhashtree,build_300k_then_reinsert_60k_existing,300000,300000,60000,172565172,2876,"0-10%=2.711µs(n=6000)|10-20%=2.745µs(n=6000)|20-30%=2.778µs(n=6000)|30-40%=2.828µs(n=6000)|40-50%=2.884µs(n=6000)|50-60%=2.919µs(n=6000)|60-70%=2.926µs(n=6000)|70-80%=2.96µs(n=6000)|80-90%=2.984µs(n=6000)|90-100%=3.021µs(n=6000)",10.10,10.10,1890940,0,0,"",0,0,0,0,"",0,0,0,0,0,0.00,0.00,0
avlhashtree,build_500k_then_reinsert_100k_existing,500000,500000,100000,321452427,3214,"0-10%=2.972µs(n=10000)|10-20%=3.017µs(n=10000)|20-30%=3.077µs(n=10000)|30-40%=3.152µs(n=10000)|40-50%=3.197µs(n=10000)|50-60%=3.225µs(n=10000)|60-70%=3.237µs(n=10000)|70-80%=3.376µs(n=10000)|80-90%=3.439µs(n=10000)|90-100%=3.449µs(n=10000)",16.82,16.82,3150943,0,0,"",0,0,0,0,"",0,0,0,0,0,0.00,0.00,0
avlhashtree,build_700k_then_reinsert_140k_existing,700000,700000,140000,495904192,3542,"0-10%=3.244µs(n=14000)|10-20%=3.435µs(n=14000)|20-30%=3.533µs(n=14000)|30-40%=3.471µs(n=14000)|40-50%=3.533µs(n=14000)|50-60%=3.586µs(n=14000)|60-70%=3.616µs(n=14000)|70-80%=3.641µs(n=14000)|80-90%=3.644µs(n=14000)|90-100%=3.714µs(n=14000)",23.53,23.53,4410949,0,0,"",0,0,0,0,"",0,0,0,0,0,0.00,0.00,0
avlhashtree,build_900k_then_reinsert_180k_existing,900000,900000,180000,653423806,3630,"0-10%=3.421µs(n=18000)|10-20%=3.583µs(n=18000)|20-30%=3.53µs(n=18000)|30-40%=3.512µs(n=18000)|40-50%=3.585µs(n=18000)|50-60%=3.622µs(n=18000)|60-70%=3.67µs(n=18000)|70-80%=3.732µs(n=18000)|80-90%=3.79µs(n=18000)|90-100%=3.851µs(n=18000)",30.25,30.25,5670959,0,0,"",0,0,0,0,"",0,0,0,0,0,0.00,0.00,0
avlhashtree,build_1m_then_reinsert_200k_existing,1000000,1000000,200000,759037721,3795,"0-10%=3.556µs(n=20000)|10-20%=3.754µs(n=20000)|20-30%=3.872µs(n=20000)|30-40%=3.8µs(n=20000)|40-50%=3.759µs(n=20000)|50-60%=3.801µs(n=20000)|60-70%=3.847µs(n=20000)|70-80%=3.807µs(n=20000)|80-90%=3.855µs(n=20000)|90-100%=3.895µs(n=20000)",33.61,33.61,6300965,0,0,"",0,0,0,0,"",0,0,0,0,0,0.00,0.00,0
avlhashtree,prehashed_ordered_build_1m_then_reinsert_200k_existing,1000000,1000000,200000,482274723,2411,"0-10%=2.605µs(n=20000)|10-20%=2.426µs(n=20000)|20-30%=2.372µs(n=20000)|30-40%=2.377µs(n=20000)|40-50%=2.377µs(n=20000)|50-60%=2.372µs(n=20000)|60-70%=2.377µs(n=20000)|70-80%=2.423µs(n=20000)|80-90%=2.396µs(n=20000)|90-100%=2.384µs(n=20000)",21.40,21.40,5900976,0,0,"",0,0,0,0,"",0,0,0,0,0,0.00,0.00,0
avlhashtree,build_2m_then_reinsert_400k_existing,2000000,2000000,400000,1686121384,4215,"0-10%=3.799µs(n=40000)|10-20%=3.965µs(n=40000)|20-30%=4.14µs(n=40000)|30-40%=4.115µs(n=40000)|40-50%=4.201µs(n=40000)|50-60%=4.275µs(n=40000)|60-70%=4.336µs(n=40000)|70-80%=4.363µs(n=40000)|80-90%=4.45µs(n=40000)|90-100%=4.506µs(n=40000)",67.22,67.22,12600985,0,0,"",0,0,0,0,"",0,0,0,0,0,0.00,0.00,0
avlhashtree,build_5m_then_reinsert_1m_existing,5000000,5000000,1000000,5072182470,5072,"0-10%=4.331µs(n=100000)|10-20%=4.67µs(n=100000)|20-30%=4.907µs(n=100000)|30-40%=5.025µs(n=100000)|40-50%=5.17µs(n=100000)|50-60%=5.139µs(n=100000)|60-70%=5.217µs(n=100000)|70-80%=5.325µs(n=100000)|80-90%=5.375µs(n=100000)|90-100%=5.558µs(n=100000)",168.04,168.04,31501005,0,0,"",0,0,0,0,"",0,0,0,0,0,0.00,0.00,0
avlhashtree,prehashed_ordered_build_5m_then_reinsert_1m_existing,5000000,5000000,1000000,2657576532,2657,"0-10%=2.805µs(n=100000)|10-20%=2.724µs(n=100000)|20-30%=2.607µs(n=100000)|30-40%=2.606µs(n=100000)|40-50%=2.606µs(n=100000)|50-60%=2.607µs(n=100000)|60-70%=2.616µs(n=100000)|70-80%=2.703µs(n=100000)|80-90%=2.661µs(n=100000)|90-100%=2.636µs(n=100000)",106.92,106.92,29501016,0,0,"",0,0,0,0,"",0,0,0,0,0,0.00,0.00,0
avlhashtree,build_10m_then_reinsert_2m_existing,10000000,10000000,2000000,11553543244,5776,"0-10%=4.884µs(n=200000)|10-20%=5.317µs(n=200000)|20-30%=5.652µs(n=200000)|30-40%=5.69µs(n=200000)|40-50%=5.843µs(n=200000)|50-60%=5.93µs(n=200000)|60-70%=6.012µs(n=200000)|70-80%=6.12µs(n=200000)|80-90%=6.108µs(n=200000)|90-100%=6.206µs(n=200000)",336.11,336.11,63001038,0,0,"",0,0,0,0,"",0,0,0,0,0,0.00,0.00,0
avlhashtree,build_25m_then_reinsert_5m_existing,25000000,25000000,5000000,35015980562,7003,"0-10%=5.706µs(n=500000)|10-20%=6.44µs(n=500000)|20-30%=6.825µs(n=500000)|30-40%=6.976µs(n=500000)|40-50%=7.017µs(n=500000)|50-60%=7.156µs(n=500000)|60-70%=7.295µs(n=500000)|70-80%=7.408µs(n=500000)|80-90%=7.586µs(n=500000)|90-100%=7.617µs(n=500000)",840.38,840.38,157501142,0,0,"",0,0,0,0,"",0,0,0,0,0,0.00,0.00,0
avlhashtree,build_10k,0,10000,10000,23378425,2337,"0-10%=1.801µs(n=1000)|10-20%=2.133µs(n=1000)|20-30%=2.158µs(n=1000)|30-40%=2.269µs(n=1000)|40-50%=2.3µs(n=1000)|50-60%=2.349µs(n=1000)|60-70%=2.975µs(n=1000)|70-80%=2.435µs(n=1000)|80-90%=2.442µs(n=1000)|90-100%=2.509µs(n=1000)",2.57,3.23,61320,57596,575,"0-10%=575ns(n=10)|10-20%=1.2µs(n=10)|20-30%=445ns(n=10)|30-40%=391ns(n=10)|40-50%=397ns(n=10)|50-60%=423ns(n=10)|60-70%=484ns(n=10)|70-80%=466ns(n=10)|80-90%=811ns(n=10)|90-100%=564ns(n=10)",1565,3679,0,0,"",0,0,0,0,0,0.00,0.00,0
avlhashtree,build_50k,0,50000,50000,132024043,2640,"0-10%=2.117µs(n=5000)|10-20%=2.63µs(n=5000)|20-30%=2.662µs(n=5000)|30-40%=2.883µs(n=5000)|40-50%=2.83µs(n=5000)|50-60%=2.864µs(n=5000)|60-70%=2.834µs(n=5000)|70-80%=2.469µs(n=5000)|80-90%=2.537µs(n=5000)|90-100%=2.574µs(n=5000)",13.12,16.08,314311,438094,876,"0-10%=505ns(n=50)|10-20%=534ns(n=50)|20-30%=746ns(n=50)|30-40%=855ns(n=50)|40-50%=526ns(n=50)|50-60%=569ns(n=50)|60-70%=604ns(n=50)|70-80%=1.396µs(n=50)|80-90%=2.263µs(n=50)|90-100%=760ns(n=50)",1855,5296,0,0,"",0,0,0,0,0,0.00,0.00,0
avlhashtree,build_100k,0,100000,100000,266037068,2660,"0-10%=2.077µs(n=10000)|10-20%=2.43µs(n=10000)|20-30%=2.52µs(n=10000)|30-40%=2.662µs(n=10000)|40-50%=2.654µs(n=10000)|50-60%=2.809µs(n=10000)|60-70%=2.723µs(n=10000)|70-80%=2.809µs(n=10000)|80-90%=2.872µs(n=10000)|90-100%=3.043µs(n=10000)",23.29,32.10,516138,693809,693,"0-10%=484ns(n=100)|10-20%=617ns(n=100)|20-30%=793ns(n=100)|30-40%=666ns(n=100)|40-50%=722ns(n=100)|50-60%=836ns(n=100)|60-70%=663ns(n=100)|70-80%=696ns(n=100)|80-90%=746ns(n=100)|90-100%=710ns(n=100)",1987,4321,0,0,"",0,0,0,0,0,0.00,0.00,0
avlhashtree,build_200k,0,200000,200000,561080252,2805,"0-10%=2.267µs(n=20000)|10-20%=2.561µs(n=20000)|20-30%=2.739µs(n=20000)|30-40%=2.692µs(n=20000)|40-50%=2.796µs(n=20000)|50-60%=2.907µs(n=20000)|60-70%=2.913µs(n=20000)|70-80%=2.986µs(n=20000)|80-90%=3.146µs(n=20000)|90-100%=3.041µs(n=20000)",47.81,64.14,1080000,1669892,834,"0-10%=617ns(n=200)|10-20%=698ns(n=200)|20-30%=837ns(n=200)|30-40%=750ns(n=200)|40-50%=787ns(n=200)|50-60%=997ns(n=200)|60-70%=837ns(n=200)|70-80%=1.004µs(n=200)|80-90%=852ns(n=200)|90-100%=965ns(n=200)",2104,4837,0,0,"",0,0,0,0,0,0.00,0.00,0
avlhashtree,build_300k,0,300000,300000,895665736,2985,"0-10%=2.367µs(n=30000)|10-20%=2.703µs(n=30000)|20-30%=2.674µs(n=30000)|30-40%=2.86µs(n=30000)|40-50%=2.938µs(n=30000)|50-60%=3.112µs(n=30000)|60-70%=3.442µs(n=30000)|70-80%=3.211µs(n=30000)|80-90%=3.242µs(n=30000)|90-100%=3.302µs(n=30000)",79.90,96.19,1931459,3520793,1173,"0-10%=1.919µs(n=300)|10-20%=1.292µs(n=300)|20-30%=831ns(n=300)|30-40%=1.015µs(n=300)|40-50%=992ns(n=300)|50-60%=1.134µs(n=300)|60-70%=1.093µs(n=300)|70-80%=1.104µs(n=300)|80-90%=1.236µs(n=300)|90-100%=1.115µs(n=300)",2165,5683,0,0,"",0,0,0,0,0,0.00,0.00,0
avlhashtree,build_500k,0,500000,500000,1645330939,3290,"0-10%=2.403µs(n=50000)|10-20%=2.745µs(n=50000)|20-30%=2.877µs(n=50000)|30-40%=3.092µs(n=50000)|40-50%=3.23µs(n=50000)|50-60%=3.449µs(n=50000)|60-70%=3.538µs(n=50000)|70-80%=3.677µs(n=50000)|80-90%=3.881µs(n=50000)|90-100%=4.01µs(n=50000)",116.89,160.31,2596956,5750227,1150,"0-10%=778ns(n=500)|10-20%=936ns(n=500)|20-30%=1.053µs(n=500)|30-40%=1.143µs(n=500)|40-50%=1.101µs(n=500)|50-60%=1.229µs(n=500)|60-70%=1.291µs(n=500)|70-80%=1.268µs(n=500)|80-90%=1.289µs(n=500)|90-100%=1.408µs(n=500)",2260,5204,0,0,"",0,0,0,0,0,0.00,0.00,0
avlhashtree,build_700k,0,700000,700000,2478128327,3540,"0-10%=2.536µs(n=70000)|10-20%=3.007µs(n=70000)|20-30%=3.317µs(n=70000)|30-40%=3.516µs(n=70000)|40-50%=3.52µs(n=70000)|50-60%=3.542µs(n=70000)|60-70%=3.849µs(n=70000)|70-80%=4.065µs(n=70000)|80-90%=3.988µs(n=70000)|90-100%=4.057µs(n=70000)",177.21,224.42,4153256,9698532,1385,"0-10%=886ns(n=700)|10-20%=1.014µs(n=700)|20-30%=1.08µs(n=700)|30-40%=1.218µs(n=700)|40-50%=1.304µs(n=700)|50-60%=1.338µs(n=700)|60-70%=1.335µs(n=700)|70-80%=1.376µs(n=700)|80-90%=1.515µs(n=700)|90-100%=2.786µs(n=700)",2320,5760,0,0,"",0,0,0,0,0,0.00,0.00,0
avlhashtree,build_900k,0,900000,900000,3398802965,3776,"0-10%=2.578µs(n=90000)|10-20%=3.016µs(n=90000)|20-30%=3.223µs(n=90000)|30-40%=3.847µs(n=90000)|40-50%=4.078µs(n=90000)|50-60%=3.956µs(n=90000)|60-70%=3.952µs(n=90000)|70-80%=4.121µs(n=90000)|80-90%=4.454µs(n=90000)|90-100%=4.533µs(n=90000)",214.90,288.54,4847103,12716557,1412,"0-10%=1.008µs(n=900)|10-20%=1.17µs(n=900)|20-30%=1.269µs(n=900)|30-40%=1.388µs(n=900)|40-50%=1.448µs(n=900)|50-60%=1.458µs(n=900)|60-70%=1.524µs(n=900)|70-80%=1.561µs(n=900)|80-90%=1.586µs(n=900)|90-100%=1.713µs(n=900)",2362,5424,0,0,"",0,0,0,0,0,0.00,0.00,0
avlhashtree,build_1m,0,1000000,1000000,3837743249,3837,"0-10%=2.653µs(n=100000)|10-20%=3.01µs(n=100000)|20-30%=3.26µs(n=100000)|30-40%=3.652µs(n=100000)|40-50%=3.79µs(n=100000)|50-60%=4.163µs(n=100000)|60-70%=4.214µs(n=100000)|70-80%=4.332µs(n=100000)|80-90%=4.75µs(n=100000)|90-100%=4.548µs(n=100000)",241.36,320.60,5482455,14221637,1422,"0-10%=995ns(n=1000)|10-20%=1.24µs(n=1000)|20-30%=1.262µs(n=1000)|30-40%=1.363µs(n=1000)|40-50%=1.326µs(n=1000)|50-60%=1.461µs(n=1000)|60-70%=1.563µs(n=1000)|70-80%=1.633µs(n=1000)|80-90%=1.664µs(n=1000)|90-100%=1.71µs(n=1000)",2383,5275,0,0,"",0,0,0,0,0,0.00,0.00,0
avlhashtree,build_2m,0,2000000,2000000,9030525056,4515,"0-10%=2.863µs(n=200000)|10-20%=3.506µs(n=200000)|20-30%=4.334µs(n=200000)|30-40%=4.212µs(n=200000)|40-50%=4.614µs(n=200000)|50-60%=4.584µs(n=200000)|60-70%=4.785µs(n=200000)|70-80%=5.264µs(n=200000)|80-90%=5.768µs(n=200000)|90-100%=5.218µs(n=200000)",508.10,641.24,11932476,37710176,1885,"0-10%=1.21µs(n=2000)|10-20%=1.48µs(n=2000)|20-30%=1.618µs(n=2000)|30-40%=1.646µs(n=2000)|40-50%=1.742µs(n=2000)|50-60%=1.723µs(n=2000)|60-70%=1.789µs(n=2000)|70-80%=1.936µs(n=2000)|80-90%=3.328µs(n=2000)|90-100%=2.377µs(n=2000)",2494,6670,0,0,"",0,0,0,0,0,0.00,0.00,0
avlhashtree,build_5m,0,5000000,5000000,26546028829,5309,"0-10%=3.328µs(n=500000)|10-20%=4.278µs(n=500000)|20-30%=4.901µs(n=500000)|30-40%=5.314µs(n=500000)|40-50%=5.356µs(n=500000)|50-60%=5.685µs(n=500000)|60-70%=5.986µs(n=500000)|70-80%=5.921µs(n=500000)|80-90%=6.189µs(n=500000)|90-100%=6.129µs(n=500000)",1327.13,1603.10,31950553,125724897,2514,"0-10%=1.582µs(n=5000)|10-20%=3.898µs(n=5000)|20-30%=2.361µs(n=5000)|30-40%=2.366µs(n=5000)|40-50%=2.48µs(n=5000)|50-60%=2.459µs(n=5000)|60-70%=2.504µs(n=5000)|70-80%=2.452µs(n=5000)|80-90%=2.492µs(n=5000)|90-100%=2.548µs(n=5000)",2653,7654,0,0,"",0,0,0,0,0,0.00,0.00,0
avlhashtree,build_10m,0,10000000,10000000,60323921365,6032,"0-10%=3.759µs(n=1000000)|10-20%=5.009µs(n=1000000)|20-30%=5.53µs(n=1000000)|30-40%=5.87µs(n=1000000)|40-50%=6.073µs(n=1000000)|50-60%=6.489µs(n=1000000)|60-70%=6.487µs(n=1000000)|70-80%=6.765µs(n=1000000)|80-90%=7.255µs(n=1000000)|90-100%=7.083µs(n=1000000)",2422.31,3206.37,55019774,306637673,3066,"0-10%=2.375µs(n=10000)|10-20%=2.71µs(n=10000)|20-30%=2.921µs(n=10000)|30-40%=3.034µs(n=10000)|40-50%=2.959µs(n=10000)|50-60%=3.228µs(n=10000)|60-70%=3.187µs(n=10000)|70-80%=3.27µs(n=10000)|80-90%=3.449µs(n=10000)|90-100%=3.526µs(n=10000)",2776,8579,0,0,"",0,0,0,0,0,0.00,0.00,0
avlhashtree,build_25m,0,25000000,25000000,181516622616,7260,"0-10%=4.738µs(n=2500000)|10-20%=6.118µs(n=2500000)|20-30%=6.621µs(n=2500000)|30-40%=7.075µs(n=2500000)|40-50%=7.365µs(n=2500000)|50-60%=7.824µs(n=2500000)|60-70%=7.854µs(n=2500000)|70-80%=8.065µs(n=2500000)|80-90%=8.23µs(n=2500000)|90-100%=8.711µs(n=2500000)",5756.79,8017.16,126071804,918760016,3675,"0-10%=2.53µs(n=25000)|10-20%=3.357µs(n=25000)|20-30%=3.669µs(n=25000)|30-40%=3.694µs(n=25000)|40-50%=3.67µs(n=25000)|50-60%=3.81µs(n=25000)|60-70%=3.958µs(n=25000)|70-80%=3.902µs(n=25000)|80-90%=3.991µs(n=25000)|90-100%=4.164µs(n=25000)",2936,8547,0,0,"",0,0,0,0,0,0.00,0.00,0
avlhashtree,prehashed_ordered_build_10k,0,10000,10000,19001132,1900,"0-10%=1.465µs(n=1000)|10-20%=1.654µs(n=1000)|20-30%=1.803µs(n=1000)|30-40%=1.773µs(n=1000)|40-50%=1.859µs(n=1000)|50-60%=1.909µs(n=1000)|60-70%=2.666µs(n=1000)|70-80%=1.867µs(n=1000)|80-90%=2.032µs(n=1000)|90-100%=1.966µs(n=1000)",2.21,2.61,60400,32990,329,"0-10%=450ns(n=10)|10-20%=333ns(n=10)|20-30%=302ns(n=10)|30-40%=301ns(n=10)|40-50%=306ns(n=10)|50-60%=302ns(n=10)|60-70%=361ns(n=10)|70-80%=334ns(n=10)|80-90%=342ns(n=10)|90-100%=262ns(n=10)",1594,2898,0,0,"",0,0,0,0,0,0.00,0.00,0
avlhashtree,prehashed_ordered_build_50k,0,50000,50000,108122313,2162,"0-10%=1.893µs(n=5000)|10-20%=1.951µs(n=5000)|20-30%=2.019µs(n=5000)|30-40%=2.305µs(n=5000)|40-50%=2.114µs(n=5000)|50-60%=2.13µs(n=5000)|60-70%=2.165µs(n=5000)|70-80%=2.232µs(n=5000)|80-90%=2.511µs(n=5000)|90-100%=2.298µs(n=5000)",10.37,13.01,269686,235109,470,"0-10%=361ns(n=50)|10-20%=342ns(n=50)|20-30%=385ns(n=50)|30-40%=413ns(n=50)|40-50%=481ns(n=50)|50-60%=474ns(n=50)|60-70%=467ns(n=50)|70-80%=723ns(n=50)|80-90%=396ns(n=50)|90-100%=655ns(n=50)",1837,3950,0,0,"",0,0,0,0,0,0.00,0.00,0
avlhashtree,prehashed_ordered_build_100k,0,100000,100000,226282605,2262,"0-10%=1.957µs(n=10000)|10-20%=2.107µs(n=10000)|20-30%=2.288µs(n=10000)|30-40%=2.203µs(n=10000)|40-50%=2.238µs(n=10000)|50-60%=2.243µs(n=10000)|60-70%=2.296µs(n=10000)|70-80%=2.522µs(n=10000)|80-90%=2.366µs(n=10000)|90-100%=2.403µs(n=10000)",21.43,25.98,566494,646718,646,"0-10%=585ns(n=100)|10-20%=738ns(n=100)|20-30%=814ns(n=100)|30-40%=640ns(n=100)|40-50%=635ns(n=100)|50-60%=656ns(n=100)|60-70%=549ns(n=100)|70-80%=512ns(n=100)|80-90%=621ns(n=100)|90-100%=712ns(n=100)",1955,4156,0,0,"",0,0,0,0,0,0.00,0.00,0
avlhashtree,prehashed_ordered_build_200k,0,200000,200000,473801389,2369,"0-10%=1.959µs(n=20000)|10-20%=2.236µs(n=20000)|20-30%=2.304µs(n=20000)|30-40%=2.413µs(n=20000)|40-50%=2.491µs(n=20000)|50-60%=2.397µs(n=20000)|60-70%=2.422µs(n=20000)|70-80%=2.487µs(n=20000)|80-90%=2.492µs(n=20000)|90-100%=2.484µs(n=20000)",45.74,51.92,1251240,1351756,675,"0-10%=531ns(n=200)|10-20%=661ns(n=200)|20-30%=739ns(n=200)|30-40%=1.784µs(n=200)|40-50%=588ns(n=200)|50-60%=556ns(n=200)|60-70%=543ns(n=200)|70-80%=409ns(n=200)|80-90%=456ns(n=200)|90-100%=486ns(n=200)",2070,5502,0,0,"",0,0,0,0,0,0.00,0.00,0
avlhashtree,prehashed_ordered_build_300k,0,300000,300000,740167600,2467,"0-10%=2.103µs(n=30000)|10-20%=2.369µs(n=30000)|20-30%=2.437µs(n=30000)|30-40%=2.452µs(n=30000)|40-50%=2.531µs(n=30000)|50-60%=2.501µs(n=30000)|60-70%=2.508µs(n=30000)|70-80%=2.504µs(n=30000)|80-90%=2.527µs(n=30000)|90-100%=2.734µs(n=30000)",60.39,77.87,1538314,2197121,732,"0-10%=559ns(n=300)|10-20%=665ns(n=300)|20-30%=749ns(n=300)|30-40%=672ns(n=300)|40-50%=679ns(n=300)|50-60%=754ns(n=300)|60-70%=725ns(n=300)|70-80%=766ns(n=300)|80-90%=910ns(n=300)|90-100%=839ns(n=300)",2135,4638,0,0,"",0,0,0,0,0,0.00,0.00,0
avlhashtree,prehashed_ordered_build_500k,0,500000,500000,1293821489,2587,"0-10%=2.146µs(n=50000)|10-20%=2.399µs(n=50000)|20-30%=2.455µs(n=50000)|30-40%=2.523µs(n=50000)|40-50%=2.652µs(n=50000)|50-60%=2.721µs(n=50000)|60-70%=2.716µs(n=50000)|70-80%=2.718µs(n=50000)|80-90%=2.715µs(n=50000)|90-100%=2.827µs(n=50000)",99.91,129.78,2533924,5447462,1089,"0-10%=1µs(n=500)|10-20%=1.006µs(n=500)|20-30%=1.104µs(n=500)|30-40%=1.227µs(n=500)|40-50%=1.125µs(n=500)|50-60%=966ns(n=500)|60-70%=991ns(n=500)|70-80%=1.164µs(n=500)|80-90%=1.189µs(n=500)|90-100%=1.118µs(n=500)",2221,4956,0,0,"",0,0,0,0,0,0.00,0.00,0
avlhashtree,prehashed_ordered_build_700k,0,700000,700000,1856683841,2652,"0-10%=2.265µs(n=70000)|10-20%=2.495µs(n=70000)|20-30%=2.545µs(n=70000)|30-40%=2.581µs(n=70000)|40-50%=2.808µs(n=70000)|50-60%=2.696µs(n=70000)|60-70%=2.698µs(n=70000)|70-80%=2.735µs(n=70000)|80-90%=2.781µs(n=70000)|90-100%=2.914µs(n=70000)",140.03,181.67,3552075,8093041,1156,"0-10%=857ns(n=700)|10-20%=1.072µs(n=700)|20-30%=1.244µs(n=700)|30-40%=1.239µs(n=700)|40-50%=1.002µs(n=700)|50-60%=1.073µs(n=700)|60-70%=1.294µs(n=700)|70-80%=1.299µs(n=700)|80-90%=1.314µs(n=700)|90-100%=1.162µs(n=700)",2285,5072,0,0,"",0,0,0,0,0,0.00,0.00,0
avlhashtree,prehashed_ordered_build_900k,0,900000,900000,2430267896,2700,"0-10%=2.264µs(n=90000)|10-20%=2.57µs(n=90000)|20-30%=2.595µs(n=90000)|30-40%=2.695µs(n=90000)|40-50%=2.743µs(n=90000)|50-60%=2.699µs(n=90000)|60-70%=2.835µs(n=90000)|70-80%=2.867µs(n=90000)|80-90%=2.787µs(n=90000)|90-100%=2.942µs(n=90000)",179.09,233.56,4532289,11689194,1298,"0-10%=957ns(n=900)|10-20%=1.139µs(n=900)|20-30%=1.208µs(n=900)|30-40%=1.331µs(n=900)|40-50%=1.354µs(n=900)|50-60%=1.442µs(n=900)|60-70%=1.384µs(n=900)|70-80%=1.346µs(n=900)|80-90%=1.401µs(n=900)|90-100%=1.422µs(n=900)",2325,5335,0,0,"",0,0,0,0,0,0.00,0.00,0
avlhashtree,prehashed_ordered_build_1m,0,1000000,1000000,2710594706,2710,"0-10%=2.309µs(n=100000)|10-20%=2.549µs(n=100000)|20-30%=2.613µs(n=100000)|30-40%=2.697µs(n=100000)|40-50%=2.747µs(n=100000)|50-60%=2.821µs(n=100000)|60-70%=2.805µs(n=100000)|70-80%=2.801µs(n=100000)|80-90%=2.808µs(n=100000)|90-100%=2.953µs(n=100000)",200.56,259.52,5098217,13397960,1339,"0-10%=1.224µs(n=1000)|10-20%=1.378µs(n=1000)|20-30%=1.421µs(n=1000)|30-40%=1.4µs(n=1000)|40-50%=1.422µs(n=1000)|50-60%=1.299µs(n=1000)|60-70%=1.318µs(n=1000)|70-80%=1.357µs(n=1000)|80-90%=1.341µs(n=1000)|90-100%=1.233µs(n=1000)",2342,5052,0,0,"",0,0,0,0,0,0.00,0.00,0
avlhashtree,prehashed_ordered_build_2m,0,2000000,2000000,5705015868,2852,"0-10%=2.414µs(n=200000)|10-20%=2.689µs(n=200000)|20-30%=2.745µs(n=200000)|30-40%=2.843µs(n=200000)|40-50%=2.893µs(n=200000)|50-60%=2.909µs(n=200000)|60-70%=2.973µs(n=200000)|70-80%=2.976µs(n=200000)|80-90%=2.972µs(n=200000)|90-100%=3.106µs(n=200000)",403.70,519.01,10302547,28963354,1448,"0-10%=1.23µs(n=2000)|10-20%=1.394µs(n=2000)|20-30%=1.41µs(n=2000)|30-40%=1.443µs(n=2000)|40-50%=1.538µs(n=2000)|50-60%=1.487µs(n=2000)|60-70%=1.519µs(n=2000)|70-80%=1.512µs(n=2000)|80-90%=1.488µs(n=2000)|90-100%=1.455µs(n=2000)",2460,5319,0,0,"",0,0,0,0,0,0.00,0.00,0
avlhashtree,prehashed_ordered_build_5m,0,5000000,5000000,15142572438,3028,"0-10%=2.609µs(n=500000)|10-20%=2.902µs(n=500000)|20-30%=2.96µs(n=500000)|30-40%=2.992µs(n=500000)|40-50%=3.122µs(n=500000)|50-60%=3.092µs(n=500000)|60-70%=3.068µs(n=500000)|70-80%=3.055µs(n=500000)|80-90%=3.153µs(n=500000)|90-100%=3.328µs(n=500000)",1014.94,1297.45,25977598,77532801,1550,"0-10%=1.524µs(n=5000)|10-20%=1.528µs(n=5000)|20-30%=1.583µs(n=5000)|30-40%=1.544µs(n=5000)|40-50%=1.588µs(n=5000)|50-60%=1.553µs(n=5000)|60-70%=1.558µs(n=5000)|70-80%=1.559µs(n=5000)|80-90%=1.517µs(n=5000)|90-100%=1.547µs(n=5000)",2622,5606,0,0,"",0,0,0,0,0,0.00,0.00,0
avlhashtree,prehashed_ordered_build_10m,0,10000000,10000000,31421071155,3142,"0-10%=2.762µs(n=1000000)|10-20%=3.008µs(n=1000000)|20-30%=3.051µs(n=1000000)|30-40%=3.07µs(n=1000000)|40-50%=3.259µs(n=1000000)|50-60%=3.179µs(n=1000000)|60-70%=3.176µs(n=1000000)|70-80%=3.208µs(n=1000000)|80-90%=3.244µs(n=1000000)|90-100%=3.459µs(n=1000000)",1992.93,2594.87,50441695,152309907,1523,"0-10%=1.459µs(n=10000)|10-20%=1.521µs(n=10000)|20-30%=1.537µs(n=10000)|30-40%=1.531µs(n=10000)|40-50%=1.57µs(n=10000)|50-60%=1.517µs(n=10000)|60-70%=1.533µs(n=10000)|70-80%=1.496µs(n=10000)|80-90%=1.518µs(n=10000)|90-100%=1.545µs(n=10000)",2742,6042,0,0,"",0,0,0,0,0,0.00,0.00,0
avlhashtree,prehashed_ordered_build_25m,0,15000000,15000000,48247967533,3216,"0-10%=2.841µs(n=1500000)|10-20%=3.079µs(n=1500000)|20-30%=3.104µs(n=1500000)|30-40%=3.22µs(n=1500000)|40-50%=3.301µs(n=1500000)|50-60%=3.237µs(n=1500000)|60-70%=3.332µs(n=1500000)|70-80%=3.31µs(n=1500000)|80-90%=3.289µs(n=1500000)|90-100%=3.448µs(n=1500000)",2985.53,3892.20,75552143,241474679,1609,"0-10%=1.543µs(n=15000)|10-20%=1.574µs(n=15000)|20-30%=1.572µs(n=15000)|30-40%=1.588µs(n=15000)|40-50%=1.634µs(n=15000)|50-60%=1.617µs(n=15000)|60-70%=1.62µs(n=15000)|70-80%=1.665µs(n=15000)|80-90%=1.621µs(n=15000)|90-100%=1.659µs(n=15000)",2808,6366,0,0,"",0,0,0,0,0,0.00,0.00,0
avlhashtree,insert_only_build_10k,0,10000,10000,20882004,2088,"0-10%=1.576µs(n=1000)|10-20%=1.825µs(n=1000)|20-30%=1.857µs(n=1000)|30-40%=1.979µs(n=1000)|40-50%=2.117µs(n=1000)|50-60%=2.087µs(n=1000)|60-70%=2.881µs(n=1000)|70-80%=2.178µs(n=1000)|80-90%=2.124µs(n=1000)|90-100%=2.252µs(n=1000)",2.59,3.22,62555,0,0,"",0,0,0,0,"",0,0,0,0,0,0.00,0.00,0
avlhashtree,insert_only_build_50k,0,50000,50000,125196851,2503,"0-10%=1.911µs(n=5000)|10-20%=2.302µs(n=5000)|20-30%=2.231µs(n=5000)|30-40%=2.557µs(n=5000)|40-50%=2.475µs(n=5000)|50-60%=2.523µs(n=5000)|60-70%=2.841µs(n=5000)|70-80%=2.582µs(n=5000)|80-90%=2.924µs(n=5000)|90-100%=2.687µs(n=5000)",13.08,16.06,312968,0,0,"",0,0,0,0,"",0,0,0,0,0,0.00,0.00,0
avlhashtree,insert_only_build_100k,0,100000,100000,260480277,2604,"0-10%=2.087µs(n=10000)|10-20%=2.417µs(n=10000)|20-30%=2.413µs(n=10000)|30-40%=2.642µs(n=10000)|40-50%=2.562µs(n=10000)|50-60%=2.79µs(n=10000)|60-70%=2.696µs(n=10000)|70-80%=2.745µs(n=10000)|80-90%=2.805µs(n=10000)|90-100%=2.885µs(n=10000)",26.63,32.08,643489,0,0,"",0,0,0,0,"",0,0,0,0,0,0.00,0.00,0
avlhashtree,insert_only_build_200k,0,200000,200000,571283437,2856,"0-10%=2.249µs(n=20000)|10-20%=2.577µs(n=20000)|20-30%=2.728µs(n=20000)|30-40%=2.75µs(n=20000)|40-50%=2.892µs(n=20000)|50-60%=2.984µs(n=20000)|60-70%=2.96µs(n=20000)|70-80%=3.037µs(n=20000)|80-90%=3.189µs(n=20000)|90-100%=3.193µs(n=20000)",47.68,64.14,1072969,0,0,"",0,0,0,0,"",0,0,0,0,0,0.00,0.00,0
avlhashtree,insert_only_build_300k,0,300000,300000,883315019,2944,"0-10%=2.292µs(n=30000)|10-20%=2.737µs(n=30000)|20-30%=2.684µs(n=30000)|30-40%=2.862µs(n=30000)|40-50%=2.921µs(n=30000)|50-60%=3.029µs(n=30000)|60-70%=3.153µs(n=30000)|70-80%=3.178µs(n=30000)|80-90%=3.257µs(n=30000)|90-100%=3.327µs(n=30000)",79.66,96.19,1919810,0,0,"",0,0,0,0,"",0,0,0,0,0,0.00,0.00,0
avlhashtree,insert_only_build_500k,0,500000,500000,1623976785,3247,"0-10%=2.43µs(n=50000)|10-20%=2.742µs(n=50000)|20-30%=2.959µs(n=50000)|30-40%=3.145µs(n=50000)|40-50%=3.197µs(n=50000)|50-60%=3.338µs(n=50000)|60-70%=3.575µs(n=50000)|70-80%=3.587µs(n=50000)|80-90%=3.689µs(n=50000)|90-100%=3.813µs(n=50000)",132.20,160.31,3177492,0,0,"",0,0,0,0,"",0,0,0,0,0,0.00,0.00,0
avlhashtree,insert_only_build_700k,0,700000,700000,2460402503,3514,"0-10%=2.536µs(n=70000)|10-20%=2.921µs(n=70000)|20-30%=3.148µs(n=70000)|30-40%=3.253µs(n=70000)|40-50%=3.503µs(n=70000)|50-60%=3.658µs(n=70000)|60-70%=3.818µs(n=70000)|70-80%=4.111µs(n=70000)|80-90%=4.053µs(n=70000)|90-100%=4.143µs(n=70000)",176.40,224.43,4116260,0,0,"",0,0,0,0,"",0,0,0,0,0,0.00,0.00,0
avlhashtree,insert_only_build_900k,0,900000,900000,3352866659,3725,"0-10%=2.566µs(n=90000)|10-20%=3.041µs(n=90000)|20-30%=3.282µs(n=90000)|30-40%=3.499µs(n=90000)|40-50%=3.735µs(n=90000)|50-60%=3.984µs(n=90000)|60-70%=4.056µs(n=90000)|70-80%=4.175µs(n=90000)|80-90%=4.228µs(n=90000)|90-100%=4.683µs(n=90000)",207.68,288.55,4561313,0,0,"",0,0,0,0,"",0,0,0,0,0,0.00,0.00,0
avlhashtree,insert_only_build_1m,0,1000000,1000000,3865647605,3865,"0-10%=2.638µs(n=100000)|10-20%=3.102µs(n=100000)|20-30%=3.375µs(n=100000)|30-40%=3.651µs(n=100000)|40-50%=3.859µs(n=100000)|50-60%=4.154µs(n=100000)|60-70%=4.22µs(n=100000)|70-80%=4.264µs(n=100000)|80-90%=4.684µs(n=100000)|90-100%=4.703µs(n=100000)",239.97,320.60,5420369,0,0,"",0,0,0,0,"",0,0,0,0,0,0.00,0.00,0
avlhashtree,insert_only_build_2m,0,2000000,2000000,8897295224,4448,"0-10%=2.817µs(n=200000)|10-20%=3.424µs(n=200000)|20-30%=3.971µs(n=200000)|30-40%=4.304µs(n=200000)|40-50%=4.634µs(n=200000)|50-60%=4.733µs(n=200000)|60-70%=4.898µs(n=200000)|70-80%=5.312µs(n=200000)|80-90%=5.162µs(n=200000)|90-100%=5.226µs(n=200000)",503.25,641.23,11728123,0,0,"",0,0,0,0,"",0,0,0,0,0,0.00,0.00,0
avlhashtree,insert_only_build_5m,0,5000000,5000000,26829660923,5365,"0-10%=3.329µs(n=500000)|10-20%=4.352µs(n=500000)|20-30%=4.833µs(n=500000)|30-40%=5.379µs(n=500000)|40-50%=5.539µs(n=500000)|50-60%=5.811µs(n=500000)|60-70%=5.78µs(n=500000)|70-80%=6.037µs(n=500000)|80-90%=6.343µs(n=500000)|90-100%=6.253µs(n=500000)",1205.97,1603.13,27322343,0,0,"",0,0,0,0,"",0,0,0,0,0,0.00,0.00,0
avlhashtree,insert_only_build_10m,0,10000000,10000000,60753432104,6075,"0-10%=3.81µs(n=1000000)|10-20%=5.019µs(n=1000000)|20-30%=5.633µs(n=1000000)|30-40%=5.943µs(n=1000000)|40-50%=6.472µs(n=1000000)|50-60%=6.396µs(n=1000000)|60-70%=6.592µs(n=1000000)|70-80%=6.937µs(n=1000000)|80-90%=6.932µs(n=1000000)|90-100%=7.016µs(n=1000000)",2525.61,3206.41,58981955,0,0,"",0,0,0,0,"",0,0,0,0,0,0.00,0.00,0
avlhashtree,insert_only_build_25m,0,25000000,25000000,177878037912,7115,"0-10%=4.65µs(n=2500000)|10-20%=6.038µs(n=2500000)|20-30%=6.615µs(n=2500000)|30-40%=6.94µs(n=2500000)|40-50%=7.344µs(n=2500000)|50-60%=7.481µs(n=2500000)|60-70%=7.642µs(n=2500000)|70-80%=7.799µs(n=2500000)|80-90%=8.366µs(n=2500000)|90-100%=8.272µs(n=2500000)",6177.58,8017.17,142188397,0,0,"",0,0,0,0,"",0,0,0,0,0,0.00,0.00,0
avlhashtree,proof_only_after_10k_build_sample_5pct,10000,10000,0,0,0,"",0.00,0.00,0,242647,485,"0-10%=499ns(n=50)|10-20%=379ns(n=50)|20-30%=424ns(n=50)|30-40%=391ns(n=50)|40-50%=433ns(n=50)|50-60%=782ns(n=50)|60-70%=516ns(n=50)|70-80%=573ns(n=50)|80-90%=411ns(n=50)|90-100%=440ns(n=50)",1576,4247,0,0,"",0,0,0,0,0,0.00,0.00,0
avlhashtree,proof_only_after_50k_build_sample_5pct,50000,50000,0,0,0,"",0.00,0.00,0,1643979,657,"0-10%=524ns(n=250)|10-20%=529ns(n=250)|20-30%=553ns(n=250)|30-40%=618ns(n=250)|40-50%=625ns(n=250)|50-60%=553ns(n=250)|60-70%=1.068µs(n=250)|70-80%=668ns(n=250)|80-90%=713ns(n=250)|90-100%=719ns(n=250)",1859,4232,0,0,"",0,0,0,0,0,0.00,0.00,0
avlhashtree,proof_only_after_100k_build_sample_5pct,100000,100000,0,0,0,"",0.00,0.00,0,3675521,735,"0-10%=602ns(n=500)|10-20%=645ns(n=500)|20-30%=719ns(n=500)|30-40%=683ns(n=500)|40-50%=729ns(n=500)|50-60%=809ns(n=500)|60-70%=1.054µs(n=500)|70-80%=674ns(n=500)|80-90%=694ns(n=500)|90-100%=737ns(n=500)",1978,4417,0,0,"",0,0,0,0,0,0.00,0.00,0
avlhashtree,proof_only_after_200k_build_sample_5pct,200000,200000,0,0,0,"",0.00,0.00,0,9385299,938,"0-10%=696ns(n=1000)|10-20%=824ns(n=1000)|20-30%=903ns(n=1000)|30-40%=907ns(n=1000)|40-50%=1.025µs(n=1000)|50-60%=1.242µs(n=1000)|60-70%=907ns(n=1000)|70-80%=915ns(n=1000)|80-90%=965ns(n=1000)|90-100%=996ns(n=1000)",2102,4807,0,0,"",0,0,0,0,0,0.00,0.00,0
avlhashtree,proof_only_after_300k_build_sample_5pct,300000,300000,0,0,0,"",0.00,0.00,0,16781918,1118,"0-10%=837ns(n=1500)|10-20%=955ns(n=1500)|20-30%=1.007µs(n=1500)|30-40%=1.013µs(n=1500)|40-50%=1.09µs(n=1500)|50-60%=1.439µs(n=1500)|60-70%=1.038µs(n=1500)|70-80%=1.032µs(n=1500)|80-90%=1.351µs(n=1500)|90-100%=1.421µs(n=1500)",2171,5166,0,0,"",0,0,0,0,0,0.00,0.00,0
avlhashtree,proof_only_after_500k_build_sample_5pct,500000,500000,0,0,0,"",0.00,0.00,0,34955227,1398,"0-10%=1.178µs(n=2500)|10-20%=1.289µs(n=2500)|20-30%=1.311µs(n=2500)|30-40%=1.386µs(n=2500)|40-50%=1.381µs(n=2500)|50-60%=1.804µs(n=2500)|60-70%=1.35µs(n=2500)|70-80%=1.334µs(n=2500)|80-90%=1.388µs(n=2500)|90-100%=1.555µs(n=2500)",2260,5289,0,0,"",0,0,0,0,0,0.00,0.00,0
avlhashtree,proof_only_after_700k_build_sample_5pct,700000,700000,0,0,0,"",0.00,0.00,0,54314278,1551,"0-10%=1.29µs(n=3500)|10-20%=1.379µs(n=3500)|20-30%=1.488µs(n=3500)|30-40%=1.547µs(n=3500)|40-50%=1.584µs(n=3500)|50-60%=1.887µs(n=3500)|60-70%=1.578µs(n=3500)|70-80%=1.532µs(n=3500)|80-90%=1.568µs(n=3500)|90-100%=1.659µs(n=3500)",2318,5478,0,0,"",0,0,0,0,0,0.00,0.00,0
avlhashtree,proof_only_after_900k_build_sample_5pct,900000,900000,0,0,0,"",0.00,0.00,0,74634147,1658,"0-10%=1.402µs(n=4500)|10-20%=1.511µs(n=4500)|20-30%=1.574µs(n=4500)|30-40%=1.576µs(n=4500)|40-50%=1.633µs(n=4500)|50-60%=2.013µs(n=4500)|60-70%=1.647µs(n=4500)|70-80%=1.656µs(n=4500)|80-90%=1.793µs(n=4500)|90-100%=1.775µs(n=4500)",2364,5623,0,0,"",0,0,0,0,0,0.00,0.00,0
avlhashtree,proof_only_after_1m_build_sample_5pct,1000000,1000000,0,0,0,"",0.00,0.00,0,86851938,1737,"0-10%=1.411µs(n=5000)|10-20%=1.604µs(n=5000)|20-30%=1.688µs(n=5000)|30-40%=1.728µs(n=5000)|40-50%=1.747µs(n=5000)|50-60%=2.099µs(n=5000)|60-70%=1.696µs(n=5000)|70-80%=1.718µs(n=5000)|80-90%=1.846µs(n=5000)|90-100%=1.828µs(n=5000)",2382,5706,0,0,"",0,0,0,0,0,0.00,0.00,0
avlhashtree,prehashed_ordered_proof_only_after_1m_build_sample_5pct,1000000,1000000,0,0,0,"",0.00,0.00,0,48761391,975,"0-10%=895ns(n=5000)|10-20%=999ns(n=5000)|20-30%=1.008µs(n=5000)|30-40%=1.031µs(n=5000)|40-50%=1.037µs(n=5000)|50-60%=1.153µs(n=5000)|60-70%=870ns(n=5000)|70-80%=923ns(n=5000)|80-90%=909ns(n=5000)|90-100%=923ns(n=5000)",2340,5146,0,0,"",0,0,0,0,0,0.00,0.00,0
avlhashtree,proof_only_after_2m_build_sample_3pct,2000000,2000000,0,0,0,"",0.00,0.00,0,127454726,2124,"0-10%=1.807µs(n=6000)|10-20%=1.964µs(n=6000)|20-30%=1.97µs(n=6000)|30-40%=1.989µs(n=6000)|40-50%=2.051µs(n=6000)|50-60%=2.016µs(n=6000)|60-70%=2.061µs(n=6000)|70-80%=2.218µs(n=6000)|80-90%=2.871µs(n=6000)|90-100%=2.291µs(n=6000)",2494,6403,0,0,"",0,0,0,0,0,0.00,0.00,0
avlhashtree,proof_only_after_5m_build_sample_3pct,5000000,5000000,0,0,0,"",0.00,0.00,0,360748956,2404,"0-10%=2.07µs(n=15000)|10-20%=2.201µs(n=15000)|20-30%=2.211µs(n=15000)|30-40%=2.273µs(n=15000)|40-50%=2.237µs(n=15000)|50-60%=2.359µs(n=15000)|60-70%=2.33µs(n=15000)|70-80%=2.385µs(n=15000)|80-90%=3.257µs(n=15000)|90-100%=2.722µs(n=15000)",2655,6697,0,0,"",0,0,0,0,0,0.00,0.00,0
avlhashtree,prehashed_ordered_proof_only_after_5m_build_sample_3pct,5000000,5000000,0,0,0,"",0.00,0.00,0,185447095,1236,"0-10%=1.206µs(n=15000)|10-20%=1.225µs(n=15000)|20-30%=1.213µs(n=15000)|30-40%=1.192µs(n=15000)|40-50%=1.195µs(n=15000)|50-60%=1.186µs(n=15000)|60-70%=1.217µs(n=15000)|70-80%=1.22µs(n=15000)|80-90%=1.497µs(n=15000)|90-100%=1.207µs(n=15000)",2622,6087,0,0,"",0,0,0,0,0,0.00,0.00,0
avlhashtree,proof_only_after_10m_build_sample_2pct,10000000,10000000,0,0,0,"",0.00,0.00,0,516061229,2580,"0-10%=2.415µs(n=20000)|10-20%=2.546µs(n=20000)|20-30%=2.507µs(n=20000)|30-40%=2.506µs(n=20000)|40-50%=2.49µs(n=20000)|50-60%=2.602µs(n=20000)|60-70%=2.576µs(n=20000)|70-80%=2.612µs(n=20000)|80-90%=2.686µs(n=20000)|90-100%=2.859µs(n=20000)",2776,6516,0,0,"",0,0,0,0,0,0.00,0.00,0
avlhashtree,proof_only_after_20m_build_sample_2pct,20000000,20000000,0,0,0,"",0.00,0.00,0,1379977904,3449,"0-10%=2.577µs(n=40000)|10-20%=3.093µs(n=40000)|20-30%=3.318µs(n=40000)|30-40%=3.495µs(n=40000)|40-50%=3.552µs(n=40000)|50-60%=3.601µs(n=40000)|60-70%=3.579µs(n=40000)|70-80%=3.597µs(n=40000)|80-90%=3.697µs(n=40000)|90-100%=3.985µs(n=40000)",2896,8301,0,0,"",0,0,0,0,0,0.00,0.00,0
avlhashtree,build_10k_then_add_2k_new,10000,12000,2000,4493837,2246,"0-10%=2.391µs(n=200)|10-20%=2.176µs(n=200)|20-30%=2.129µs(n=200)|30-40%=2.218µs(n=200)|40-50%=2.245µs(n=200)|50-60%=2.272µs(n=200)|60-70%=2.249µs(n=200)|70-80%=2.155µs(n=200)|80-90%=2.409µs(n=200)|90-100%=2.217µs(n=200)",0.65,0.65,67828,0,0,"",0,0,0,0,"",0,0,0,0,0,0.00,0.00,0
avlhashtree,build_50k_then_add_10k_new,50000,60000,10000,27154417,2715,"0-10%=2.846µs(n=1000)|10-20%=2.712µs(n=1000)|20-30%=2.881µs(n=1000)|30-40%=2.599µs(n=1000)|40-50%=2.647µs(n=1000)|50-60%=2.72µs(n=1000)|60-70%=2.652µs(n=1000)|70-80%=2.787µs(n=1000)|80-90%=2.607µs(n=1000)|90-100%=2.696µs(n=1000)",3.22,3.22,335837,0,0,"",0,0,0,0,"",0,0,0,0,0,0.00,0.00,0
avlhashtree,build_100k_then_add_20k_new,100000,120000,20000,60738363,3036,"0-10%=3.238µs(n=2000)|10-20%=3.155µs(n=2000)|20-30%=3.041µs(n=2000)|30-40%=3.026µs(n=2000)|40-50%=2.977µs(n=2000)|50-60%=3.027µs(n=2000)|60-70%=2.987µs(n=2000)|70-80%=2.95µs(n=2000)|80-90%=2.987µs(n=2000)|90-100%=2.976µs(n=2000)",6.42,6.42,670838,0,0,"",0,0,0,0,"",0,0,0,0,0,0.00,0.00,0
avlhashtree,build_200k_then_add_40k_new,200000,240000,40000,133384313,3334,"0-10%=3.418µs(n=4000)|10-20%=3.421µs(n=4000)|20-30%=3.389µs(n=4000)|30-40%=3.29µs(n=4000)|40-50%=3.279µs(n=4000)|50-60%=3.304µs(n=4000)|60-70%=3.289µs(n=4000)|70-80%=3.317µs(n=4000)|80-90%=3.31µs(n=4000)|90-100%=3.324µs(n=4000)",12.85,12.85,1340849,0,0,"",0,0,0,0,"",0,0,0,0,0,0.00,0.00,0
avlhashtree,build_300k_then_add_60k_new,300000,360000,60000,222537502,3708,"0-10%=4.182µs(n=6000)|10-20%=3.847µs(n=6000)|20-30%=3.694µs(n=6000)|30-40%=3.636µs(n=6000)|40-50%=3.634µs(n=6000)|50-60%=3.608µs(n=6000)|60-70%=3.613µs(n=6000)|70-80%=3.632µs(n=6000)|80-90%=3.615µs(n=6000)|90-100%=3.623µs(n=6000)",19.26,19.26,2010858,0,0,"",0,0,0,0,"",0,0,0,0,0,0.00,0.00,0
avlhashtree,build_500k_then_add_100k_new,500000,600000,100000,421296202,4212,"0-10%=4.675µs(n=10000)|10-20%=4.185µs(n=10000)|20-30%=4.197µs(n=10000)|30-40%=4.207µs(n=10000)|40-50%=4.216µs(n=10000)|50-60%=4.181µs(n=10000)|60-70%=4.166µs(n=10000)|70-80%=4.161µs(n=10000)|80-90%=4.095µs(n=10000)|90-100%=4.042µs(n=10000)",32.08,32.08,3350870,0,0,"",0,0,0,0,"",0,0,0,0,0,0.00,0.00,0
avlhashtree,build_700k_then_add_140k_new,700000,840000,140000,628855933,4491,"0-10%=5.041µs(n=14000)|10-20%=4.72µs(n=14000)|20-30%=4.408µs(n=14000)|30-40%=4.337µs(n=14000)|40-50%=4.305µs(n=14000)|50-60%=4.572µs(n=14000)|60-70%=4.484µs(n=14000)|70-80%=4.349µs(n=14000)|80-90%=4.348µs(n=14000)|90-100%=4.349µs(n=14000)",44.90,44.90,4690873,0,0,"",0,0,0,0,"",0,0,0,0,0,0.00,0.00,0
avlhashtree,build_900k_then_add_180k_new,900000,1080000,180000,907879109,5043,"0-10%=5.864µs(n=18000)|10-20%=5.246µs(n=18000)|20-30%=5.006µs(n=18000)|30-40%=4.777µs(n=18000)|40-50%=4.733µs(n=18000)|50-60%=4.729µs(n=18000)|60-70%=4.717µs(n=18000)|70-80%=4.724µs(n=18000)|80-90%=5.286µs(n=18000)|90-100%=5.351µs(n=18000)",57.73,57.73,6030882,0,0,"",0,0,0,0,"",0,0,0,0,0,0.00,0.00,0
avlhashtree,build_1m_then_add_200k_new,1000000,1200000,200000,973966830,4869,"0-10%=5.457µs(n=20000)|10-20%=5.186µs(n=20000)|20-30%=5.008µs(n=20000)|30-40%=4.724µs(n=20000)|40-50%=4.657µs(n=20000)|50-60%=4.629µs(n=20000)|60-70%=4.652µs(n=20000)|70-80%=4.676µs(n=20000)|80-90%=4.693µs(n=20000)|90-100%=5.011µs(n=20000)",64.14,64.14,6700885,0,0,"",0,0,0,0,"",0,0,0,0,0,0.00,0.00,0
avlhashtree,build_2m_then_add_400k_new,2000000,2400000,400000,2372448651,5931,"0-10%=6.064µs(n=40000)|10-20%=5.84µs(n=40000)|20-30%=5.551µs(n=40000)|30-40%=5.65µs(n=40000)|40-50%=6.15µs(n=40000)|50-60%=7.166µs(n=40000)|60-70%=5.716µs(n=40000)|70-80%=5.464µs(n=40000)|80-90%=5.578µs(n=40000)|90-100%=6.127µs(n=40000)",128.28,128.28,13400896,0,0,"",0,0,0,0,"",0,0,0,0,0,0.00,0.00,0
avlhashtree,build_5m_then_add_1m_new,5000000,6000000,1000000,6450420350,6450,"0-10%=6.855µs(n=100000)|10-20%=6.569µs(n=100000)|20-30%=6.511µs(n=100000)|30-40%=6.363µs(n=100000)|40-50%=6.364µs(n=100000)|50-60%=6.338µs(n=100000)|60-70%=6.341µs(n=100000)|70-80%=6.364µs(n=100000)|80-90%=6.405µs(n=100000)|90-100%=6.389µs(n=100000)",320.68,320.68,33500924,0,0,"",0,0,0,0,"",0,0,0,0,0,0.00,0.00,0
avlhashtree,build_10m_then_add_2m_new,10000000,12000000,2000000,14589222810,7294,"0-10%=7.611µs(n=200000)|10-20%=7.346µs(n=200000)|20-30%=7.163µs(n=200000)|30-40%=7.145µs(n=200000)|40-50%=7.317µs(n=200000)|50-60%=7.396µs(n=200000)|60-70%=7.384µs(n=200000)|70-80%=7.191µs(n=200000)|80-90%=7.112µs(n=200000)|90-100%=7.276µs(n=200000)",641.39,641.39,67000968,0,0,"",0,0,0,0,"",0,0,0,0,0,0.00,0.00,0
avlhashtree,build_20m_then_add_5m_new,20000000,25000000,5000000,41163353131,8232,"0-10%=8.376µs(n=500000)|10-20%=8.114µs(n=500000)|20-30%=7.937µs(n=500000)|30-40%=8.072µs(n=500000)|40-50%=8.151µs(n=500000)|50-60%=8.185µs(n=500000)|60-70%=8.261µs(n=500000)|70-80%=8.229µs(n=500000)|80-90%=8.405µs(n=500000)|90-100%=8.591µs(n=500000)",1603.69,1603.69,142501105,0,0,"",0,0,0,0,"",0,0,0,0,0,0.00,0.00,0
avlhashtree,build_10k_then_reinsert_2k_existing,10000,10000,2000,3619485,1809,"0-10%=2.315µs(n=200)|10-20%=1.593µs(n=200)|20-30%=1.645µs(n=200)|30-40%=1.678µs(n=200)|40-50%=1.631µs(n=200)|50-60%=1.92µs(n=200)|60-70%=1.751µs(n=200)|70-80%=1.892µs(n=200)|80-90%=1.837µs(n=200)|90-100%=1.828µs(n=200)",0.35,0.35,63893,0,0,"",0,0,0,0,"",0,0,0,0,0,0.00,0.00,0
avlhashtree,build_50k_then_reinsert_10k_existing,50000,50000,10000,20693200,2069,"0-10%=2.072µs(n=1000)|10-20%=1.93µs(n=1000)|20-30%=1.978µs(n=1000)|30-40%=2.116µs(n=1000)|40-50%=1.99µs(n=1000)|50-60%=2.052µs(n=1000)|60-70%=2.211µs(n=1000)|70-80%=2.16µs(n=1000)|80-90%=2.062µs(n=1000)|90-100%=2.117µs(n=1000)",1.69,1.69,315901,0,0,"",0,0,0,0,"",0,0,0,0,0,0.00,0.00,0
avlhashtree,build_100k_then_reinsert_20k_existing,100000,100000,20000,44119199,2205,"0-10%=1.949µs(n=2000)|10-20%=2.115µs(n=2000)|20-30%=2.126µs(n=2000)|30-40%=2.209µs(n=2000)|40-50%=2.223µs(n=2000)|50-60%=2.231µs(n=2000)|60-70%=2.275µs(n=2000)|70-80%=2.293µs(n=2000)|80-90%=2.319µs(n=2000)|90-100%=2.314µs(n=2000)",3.37,3.37,630905,0,0,"",0,0,0,0,"",0,0,0,0,0,0.00,0.00,0
avlhashtree,build_200k_then_reinsert_40k_existing,200000,200000,40000,103367838,2584,"0-10%=2.287µs(n=4000)|10-20%=2.496µs(n=4000)|20-30%=2.594µs(n=4000)|30-40%=2.563µs(n=4000)|40-50%=2.552µs(n=4000)|50-60%=2.628µs(n=4000)|60-70%=2.638µs(n=4000)|70-80%=2.675µs(n=4000)|80-90%=2.701µs(n=4000)|90-100%=2.703µs(n=4000)",6.74,6.74,1260915,0,0,"",0,0,0,0,"",0,0,0,0,0,0.00,0.00,0
avlhashtree,build_300k_then_reinsert_60k_existing,300000,300000,60000,174834406,2913,"0-10%=2.615µs(n=6000)|10-20%=2.721µs(n=6000)|20-30%=2.796µs(n=6000)|30-40%=2.858µs(n=6000)|40-50%=2.919µs(n=6000)|50-60%=3.003µs(n=6000)|60-70%=3.006µs(n=6000)|70-80%=3.021µs(n=6000)|80-90%=3.09µs(n=6000)|90-100%=3.103µs(n=6000)",10.10,10.10,1890924,0,0,"",0,0,0,0,"",0,0,0,0,0,0.00,0.00,0
avlhashtree,build_500k_then_reinsert_100k_existing,500000,500000,100000,327394516,3273,"0-10%=2.955µs(n=10000)|10-20%=3.179µs(n=10000)|20-30%=3.159µs(n=10000)|30-40%=3.243µs(n=10000)|40-50%=3.294µs(n=10000)|50-60%=3.325µs(n=10000)|60-70%=3.357µs(n=10000)|70-80%=3.379µs(n=10000)|80-90%=3.41µs(n=10000)|90-100%=3.433µs(n=10000)",16.82,16.82,3150935,0,0,"",0,0,0,0,"",0,0,0,0,0,0.00,0.00,0
avlhashtree,build_700k_then_reinsert_140k_existing,700000,700000,140000,497291031,3552,"0-10%=3.213µs(n=14000)|10-20%=3.476µs(n=14000)|20-30%=3.577µs(n=14000)|30-40%=3.488µs(n=14000)|40-50%=3.542µs(n=14000)|50-60%=3.582µs(n=14000)|60-70%=3.608µs(n=14000)|70-80%=3.62µs(n=14000)|80-90%=3.675µs(n=14000)|90-100%=3.734µs(n=14000)",23.53,23.53,4410939,0,0,"",0,0,0,0,"",0,0,0,0,0,0.00,0.00,0
avlhashtree,build_900k_then_reinsert_180k_existing,900000,900000,180000,651524857,3619,"0-10%=3.394µs(n=18000)|10-20%=3.512µs(n=18000)|20-30%=3.509µs(n=18000)|30-40%=3.526µs(n=18000)|40-50%=3.633µs(n=18000)|50-60%=3.666µs(n=18000)|60-70%=3.7µs(n=18000)|70-80%=3.729µs(n=18000)|80-90%=3.746µs(n=18000)|90-100%=3.775µs(n=18000)",30.25,30.25,5670943,0,0,"",0,0,0,0,"",0,0,0,0,0,0.00,0.00,0
avlhashtree,build_1m_then_reinsert_200k_existing,1000000,1000000,200000,750745393,3753,"0-10%=3.514µs(n=20000)|10-20%=3.702µs(n=20000)|20-30%=3.789µs(n=20000)|30-40%=3.729µs(n=20000)|40-50%=3.704µs(n=20000)|50-60%=3.742µs(n=20000)|60-70%=3.788µs(n=20000)|70-80%=3.825µs(n=20000)|80-90%=3.858µs(n=20000)|90-100%=3.883µs(n=20000)",33.61,33.61,6300951,0,0,"",0,0,0,0,"",0,0,0,0,0,0.00,0.00,0
avlhashtree,prehashed_ordered_build_1m_then_reinsert_200k_existing,1000000,1000000,200000,485061130,2425,"0-10%=2.529µs(n=20000)|10-20%=2.488µs(n=20000)|20-30%=2.414µs(n=20000)|30-40%=2.379µs(n=20000)|40-50%=2.386µs(n=20000)|50-60%=2.389µs(n=20000)|60-70%=2.384µs(n=20000)|70-80%=2.413µs(n=20000)|80-90%=2.438µs(n=20000)|90-100%=2.427µs(n=20000)",21.40,21.40,5900966,0,0,"",0,0,0,0,"",0,0,0,0,0,0.00,0.00,0
avlhashtree,build_2m_then_reinsert_400k_existing,2000000,2000000,400000,1710924143,4277,"0-10%=3.883µs(n=40000)|10-20%=4.104µs(n=40000)|20-30%=4.175µs(n=40000)|30-40%=4.112µs(n=40000)|40-50%=4.161µs(n=40000)|50-60%=4.242µs(n=40000)|60-70%=4.449µs(n=40000)|70-80%=4.481µs(n=40000)|80-90%=4.545µs(n=40000)|90-100%=4.616µs(n=40000)",67.22,67.22,12600968,0,0,"",0,0,0,0,"",0,0,0,0,0,0.00,0.00,0
avlhashtree,build_5m_then_reinsert_1m_existing,5000000,5000000,1000000,5128396123,5128,"0-10%=4.301µs(n=100000)|10-20%=4.614µs(n=100000)|20-30%=4.927µs(n=100000)|30-40%=5.148µs(n=100000)|40-50%=5.205µs(n=100000)|50-60%=5.291µs(n=100000)|60-70%=5.283µs(n=100000)|70-80%=5.388µs(n=100000)|80-90%=5.574µs(n=100000)|90-100%=5.549µs(n=100000)",168.04,168.04,31500997,0,0,"",0,0,0,0,"",0,0,0,0,0,0.00,0.00,0
avlhashtree,prehashed_ordered_build_5m_then_reinsert_1m_existing,5000000,5000000,1000000,2670254507,2670,"0-10%=2.877µs(n=100000)|10-20%=2.649µs(n=100000)|20-30%=2.624µs(n=100000)|30-40%=2.624µs(n=100000)|40-50%=2.627µs(n=100000)|50-60%=2.621µs(n=100000)|60-70%=2.635µs(n=100000)|70-80%=2.7µs(n=100000)|80-90%=2.7µs(n=100000)|90-100%=2.64µs(n=100000)",106.92,106.92,29501004,0,0,"",0,0,0,0,"",0,0,0,0,0,0.00,0.00,0
avlhashtree,build_10m_then_reinsert_2m_existing,10000000,10000000,2000000,11658501454,5829,"0-10%=4.858µs(n=200000)|10-20%=5.429µs(n=200000)|20-30%=5.746µs(n=200000)|30-40%=5.856µs(n=200000)|40-50%=5.888µs(n=200000)|50-60%=5.99µs(n=200000)|60-70%=6.04µs(n=200000)|70-80%=6.147µs(n=200000)|80-90%=6.128µs(n=200000)|90-100%=6.205µs(n=200000)",336.11,336.11,63000964,0,0,"",0,0,0,0,"",0,0,0,0,0,0.00,0.00,0
avlhashtree,build_25m_then_reinsert_5m_existing,25000000,25000000,5000000,35253005342,7050,"0-10%=5.69µs(n=500000)|10-20%=6.534µs(n=500000)|20-30%=6.809µs(n=500000)|30-40%=6.921µs(n=500000)|40-50%=7.136µs(n=500000)|50-60%=7.219µs(n=500000)|60-70%=7.497µs(n=500000)|70-80%=7.463µs(n=500000)|80-90%=7.563µs(n=500000)|90-100%=7.669µs(n=500000)",840.39,840.39,157501075,0,0,"",0,0,0,0,"",0,0,0,0,0,0.00,0.00,0
avlhashtree,build_10k,0,10000,10000,23494202,2349,"0-10%=1.838µs(n=1000)|10-20%=2.084µs(n=1000)|20-30%=2.186µs(n=1000)|30-40%=2.264µs(n=1000)|40-50%=2.356µs(n=1000)|50-60%=2.419µs(n=1000)|60-70%=3.156µs(n=1000)|70-80%=2.383µs(n=1000)|80-90%=2.44µs(n=1000)|90-100%=2.361µs(n=1000)",2.58,3.23,61327,54470,544,"0-10%=588ns(n=10)|10-20%=515ns(n=10)|20-30%=521ns(n=10)|30-40%=443ns(n=10)|40-50%=377ns(n=10)|50-60%=527ns(n=10)|60-70%=419ns(n=10)|70-80%=548ns(n=10)|80-90%=1.07µs(n=10)|90-100%=436ns(n=10)",1592,3904,0,0,"",0,0,0,0,0,0.00,0.00,0
avlhashtree,build_50k,0,50000,50000,129330507,2586,"0-10%=2.173µs(n=5000)|10-20%=2.544µs(n=5000)|20-30%=2.627µs(n=5000)|30-40%=2.856µs(n=5000)|40-50%=2.682µs(n=5000)|50-60%=2.697µs(n=5000)|60-70%=2.723µs(n=5000)|70-80%=2.462µs(n=5000)|80-90%=2.53µs(n=5000)|90-100%=2.566µs(n=5000)",13.12,16.08,313974,398910,797,"0-10%=461ns(n=50)|10-20%=593ns(n=50)|20-30%=513ns(n=50)|30-40%=441ns(n=50)|40-50%=522ns(n=50)|50-60%=542ns(n=50)|60-70%=591ns(n=50)|70-80%=592ns(n=50)|80-90%=2.967µs(n=50)|90-100%=753ns(n=50)",1837,5313,0,0,"",0,0,0,0,0,0.00,0.00,0
avlhashtree,build_100k,0,100000,100000,262103852,2621,"0-10%=2.168µs(n=10000)|10-20%=2.367µs(n=10000)|20-30%=2.423µs(n=10000)|30-40%=2.559µs(n=10000)|40-50%=2.552µs(n=10000)|50-60%=2.759µs(n=10000)|60-70%=2.714µs(n=10000)|70-80%=2.808µs(n=10000)|80-90%=2.841µs(n=10000)|90-100%=3.014µs(n=10000)",23.21,32.09,513322,673809,673,"0-10%=517ns(n=100)|10-20%=484ns(n=100)|20-30%=613ns(n=100)|30-40%=591ns(n=100)|40-50%=717ns(n=100)|50-60%=667ns(n=100)|60-70%=750ns(n=100)|70-80%=840ns(n=100)|80-90%=792ns(n=100)|90-100%=762ns(n=100)",1975,4262,0,0,"",0,0,0,0,0,0.00,0.00,0
avlhashtree,build_200k,0,200000,200000,561642384,2808,"0-10%=2.289µs(n=20000)|10-20%=2.544µs(n=20000)|20-30%=2.612µs(n=20000)|30-40%=2.751µs(n=20000)|40-50%=2.86µs(n=20000)|50-60%=3.006µs(n=20000)|60-70%=2.923µs(n=20000)|70-80%=2.95µs(n=20000)|80-90%=3.119µs(n=20000)|90-100%=3.024µs(n=20000)",47.89,64.14,1083126,1551279,775,"0-10%=581ns(n=200)|10-20%=688ns(n=200)|20-30%=745ns(n=200)|30-40%=712ns(n=200)|40-50%=757ns(n=200)|50-60%=842ns(n=200)|60-70%=841ns(n=200)|70-80%=847ns(n=200)|80-90%=829ns(n=200)|90-100%=909ns(n=200)",2096,4807,0,0,"",0,0,0,0,0,0.00,0.00,0
avlhashtree,build_300k,0,300000,300000,913618979,3045,"0-10%=2.301µs(n=30000)|10-20%=2.639µs(n=30000)|20-30%=2.713µs(n=30000)|30-40%=2.926µs(n=30000)|40-50%=3.063µs(n=30000)|50-60%=3.223µs(n=30000)|60-70%=3.513µs(n=30000)|70-80%=3.298µs(n=30000)|80-90%=3.327µs(n=30000)|90-100%=3.445µs(n=30000)",68.85,96.20,1508738,2946612,982,"0-10%=752ns(n=300)|10-20%=791ns(n=300)|20-30%=899ns(n=300)|30-40%=1.103µs(n=300)|40-50%=1.009µs(n=300)|50-60%=987ns(n=300)|60-70%=1.021µs(n=300)|70-80%=1.017µs(n=300)|80-90%=1.028µs(n=300)|90-100%=1.21µs(n=300)",2174,5423,0,0,"",0,0,0,0,0,0.00,0.00,0
avlhashtree,build_500k,0,500000,500000,1656100955,3312,"0-10%=2.402µs(n=50000)|10-20%=2.724µs(n=50000)|20-30%=2.9µs(n=50000)|30-40%=3.098µs(n=50000)|40-50%=3.136µs(n=50000)|50-60%=3.262µs(n=50000)|60-70%=3.539µs(n=50000)|70-80%=3.66µs(n=50000)|80-90%=3.945µs(n=50000)|90-100%=4.451µs(n=50000)",132.39,160.31,3189477,7487064,1497,"0-10%=987ns(n=500)|10-20%=2.099µs(n=500)|20-30%=1.583µs(n=500)|30-40%=1.243µs(n=500)|40-50%=1.321µs(n=500)|50-60%=1.447µs(n=500)|60-70%=1.562µs(n=500)|70-80%=1.503µs(n=500)|80-90%=1.589µs(n=500)|90-100%=1.636µs(n=500)",2259,6411,0,0,"",0,0,0,0,0,0.00,0.00,0
avlhashtree,build_700k,0,700000,700000,2439793218,3485,"0-10%=2.621µs(n=70000)|10-20%=2.876µs(n=70000)|20-30%=3.086µs(n=70000)|30-40%=3.221µs(n=70000)|40-50%=3.427µs(n=70000)|50-60%=3.558µs(n=70000)|60-70%=3.975µs(n=70000)|70-80%=3.98µs(n=70000)|80-90%=4.008µs(n=70000)|90-100%=4.098µs(n=70000)",180.45,224.43,4276221,9949889,1421,"0-10%=920ns(n=700)|10-20%=1.111µs(n=700)|20-30%=1.188µs(n=700)|30-40%=1.14µs(n=700)|40-50%=1.263µs(n=700)|50-60%=1.282µs(n=700)|60-70%=2.622µs(n=700)|70-80%=1.61µs(n=700)|80-90%=1.495µs(n=700)|90-100%=1.578µs(n=700)",2321,6238,0,0,"",0,0,0,0,0,0.00,0.00,0
avlhashtree,build_900k,0,900000,900000,3462860759,3847,"0-10%=2.531µs(n=90000)|10-20%=3.017µs(n=90000)|20-30%=3.49µs(n=90000)|30-40%=3.514µs(n=90000)|40-50%=3.64µs(n=90000)|50-60%=4.3µs(n=90000)|60-70%=4.692µs(n=90000)|70-80%=4.323µs(n=90000)|80-90%=4.334µs(n=90000)|90-100%=4.63µs(n=90000)",212.92,288.55,4770957,12531268,1392,"0-10%=967ns(n=900)|10-20%=1.236µs(n=900)|20-30%=1.285µs(n=900)|30-40%=1.379µs(n=900)|40-50%=1.406µs(n=900)|50-60%=1.424µs(n=900)|60-70%=1.5µs(n=900)|70-80%=1.487µs(n=900)|80-90%=1.591µs(n=900)|90-100%=1.644µs(n=900)",2362,5534,0,0,"",0,0,0,0,0,0.00,0.00,0
avlhashtree,build_1m,0,1000000,1000000,3853549419,3853,"0-10%=2.561µs(n=100000)|10-20%=2.969µs(n=100000)|20-30%=3.198µs(n=100000)|30-40%=3.605µs(n=100000)|40-50%=3.681µs(n=100000)|50-60%=4.474µs(n=100000)|60-70%=4.678µs(n=100000)|70-80%=4.264µs(n=100000)|80-90%=4.603µs(n=100000)|90-100%=4.498µs(n=100000)",240.51,320.60,5449996,14077872,1407,"0-10%=973ns(n=1000)|10-20%=1.235µs(n=1000)|20-30%=1.239µs(n=1000)|30-40%=1.374µs(n=1000)|40-50%=1.333µs(n=1000)|50-60%=1.466µs(n=1000)|60-70%=1.463µs(n=1000)|70-80%=1.517µs(n=1000)|80-90%=1.668µs(n=1000)|90-100%=1.803µs(n=1000)",2382,5294,0,0,"",0,0,0,0,0,0.00,0.00,0
avlhashtree,build_2m,0,2000000,2000000,9016725249,4508,"0-10%=2.806µs(n=200000)|10-20%=3.403µs(n=200000)|20-30%=4.344µs(n=200000)|30-40%=4.29µs(n=200000)|40-50%=4.614µs(n=200000)|50-60%=4.644µs(n=200000)|60-70%=5.305µs(n=200000)|70-80%=5.413µs(n=200000)|80-90%=5.105µs(n=200000)|90-100%=5.154µs(n=200000)",508.26,641.24,11938718,39521818,1976,"0-10%=1.213µs(n=2000)|10-20%=1.463µs(n=2000)|20-30%=1.658µs(n=2000)|30-40%=1.991µs(n=2000)|40-50%=1.804µs(n=2000)|50-60%=1.799µs(n=2000)|60-70%=1.904µs(n=2000)|70-80%=2.008µs(n=2000)|80-90%=3.537µs(n=2000)|90-100%=2.379µs(n=2000)",2495,6795,0,0,"",0,0,0,0,0,0.00,0.00,0
avlhashtree,build_5m,0,5000000,5000000,26534740819,5306,"0-10%=3.363µs(n=500000)|10-20%=4.315µs(n=500000)|20-30%=4.909µs(n=500000)|30-40%=5.262µs(n=500000)|40-50%=5.334µs(n=500000)|50-60%=5.674µs(n=500000)|60-70%=6.008µs(n=500000)|70-80%=5.891µs(n=500000)|80-90%=6.05µs(n=500000)|90-100%=6.259µs(n=500000)",1332.93,1603.11,32172025,135144885,2702,"0-10%=3.362µs(n=5000)|10-20%=2.345µs(n=5000)|20-30%=2.384µs(n=5000)|30-40%=2.505µs(n=5000)|40-50%=2.497µs(n=5000)|50-60%=2.64µs(n=5000)|60-70%=2.452µs(n=5000)|70-80%=2.743µs(n=5000)|80-90%=2.99µs(n=5000)|90-100%=3.107µs(n=5000)",2655,8079,0,0,"",0,0,0,0,0,0.00,0.00,0
avlhashtree,build_10m,0,10000000,10000000,60883216430,6088,"0-10%=3.769µs(n=1000000)|10-20%=5.076µs(n=1000000)|20-30%=5.511µs(n=1000000)|30-40%=6.005µs(n=1000000)|40-50%=6.142µs(n=1000000)|50-60%=6.518µs(n=1000000)|60-70%=6.655µs(n=1000000)|70-80%=6.889µs(n=1000000)|80-90%=7.009µs(n=1000000)|90-100%=7.305µs(n=1000000)",2352.68,3206.40,52355166,312229420,3122,"0-10%=2.389µs(n=10000)|10-20%=2.806µs(n=10000)|20-30%=2.952µs(n=10000)|30-40%=3.129µs(n=10000)|40-50%=3.157µs(n=10000)|50-60%=3.257µs(n=10000)|60-70%=3.235µs(n=10000)|70-80%=3.299µs(n=10000)|80-90%=3.415µs(n=10000)|90-100%=3.579µs(n=10000)",2776,7846,0,0,"",0,0,0,0,0,0.00,0.00,0
avlhashtree,build_25m,0,25000000,25000000,183372941663,7334,"0-10%=4.718µs(n=2500000)|10-20%=6.117µs(n=2500000)|20-30%=6.609µs(n=2500000)|30-40%=7.119µs(n=2500000)|40-50%=7.406µs(n=2500000)|50-60%=7.853µs(n=2500000)|60-70%=7.872µs(n=2500000)|70-80%=8.05µs(n=2500000)|80-90%=8.369µs(n=2500000)|90-100%=9.23µs(n=2500000)",5750.49,8017.23,125828020,956580640,3826,"0-10%=2.566µs(n=25000)|10-20%=3.363µs(n=25000)|20-30%=3.69µs(n=25000)|30-40%=3.777µs(n=25000)|40-50%=3.797µs(n=25000)|50-60%=3.987µs(n=25000)|60-70%=4.186µs(n=25000)|70-80%=4.171µs(n=25000)|80-90%=4.26µs(n=25000)|90-100%=4.461µs(n=25000)",2936,8648,0,0,"",0,0,0,0,0,0.00,0.00,0
avlhashtree,prehashed_ordered_build_10k,0,10000,10000,19114489,1911,"0-10%=1.486µs(n=1000)|10-20%=1.68µs(n=1000)|20-30%=1.795µs(n=1000)|30-40%=1.764µs(n=1000)|40-50%=1.862µs(n=1000)|50-60%=1.945µs(n=1000)|60-70%=2.576µs(n=1000)|70-80%=1.898µs(n=1000)|80-90%=2.083µs(n=1000)|90-100%=2.019µs(n=1000)",2.21,2.61,60409,35954,359,"0-10%=505ns(n=10)|10-20%=287ns(n=10)|20-30%=295ns(n=10)|30-40%=342ns(n=10)|40-50%=328ns(n=10)|50-60%=370ns(n=10)|60-70%=330ns(n=10)|70-80%=352ns(n=10)|80-90%=425ns(n=10)|90-100%=355ns(n=10)",1548,2889,0,0,"",0,0,0,0,0,0.00,0.00,0
avlhashtree,prehashed_ordered_build_50k,0,50000,50000,106900979,2138,"0-10%=1.855µs(n=5000)|10-20%=1.948µs(n=5000)|20-30%=2.004µs(n=5000)|30-40%=2.273µs(n=5000)|40-50%=2.105µs(n=5000)|50-60%=2.114µs(n=5000)|60-70%=2.162µs(n=5000)|70-80%=2.22µs(n=5000)|80-90%=2.481µs(n=5000)|90-100%=2.215µs(n=5000)",10.40,13.01,270781,215274,430,"0-10%=427ns(n=50)|10-20%=447ns(n=50)|20-30%=418ns(n=50)|30-40%=407ns(n=50)|40-50%=448ns(n=50)|50-60%=389ns(n=50)|60-70%=460ns(n=50)|70-80%=407ns(n=50)|80-90%=420ns(n=50)|90-100%=477ns(n=50)",1843,3870,0,0,"",0,0,0,0,0,0.00,0.00,0
avlhashtree,prehashed_ordered_build_100k,0,100000,100000,225286790,2252,"0-10%=1.927µs(n=10000)|10-20%=2.043µs(n=10000)|20-30%=2.225µs(n=10000)|30-40%=2.205µs(n=10000)|40-50%=2.23µs(n=10000)|50-60%=2.24µs(n=10000)|60-70%=2.295µs(n=10000)|70-80%=2.635µs(n=10000)|80-90%=2.359µs(n=10000)|90-100%=2.364µs(n=10000)",21.36,25.98,563828,597555,597,"0-10%=710ns(n=100)|10-20%=542ns(n=100)|20-30%=595ns(n=100)|30-40%=536ns(n=100)|40-50%=524ns(n=100)|50-60%=516ns(n=100)|60-70%=586ns(n=100)|70-80%=616ns(n=100)|80-90%=703ns(n=100)|90-100%=643ns(n=100)",1939,3971,0,0,"",0,0,0,0,0,0.00,0.00,0
avlhashtree,prehashed_ordered_build_200k,0,200000,200000,471629263,2358,"0-10%=1.956µs(n=20000)|10-20%=2.233µs(n=20000)|20-30%=2.235µs(n=20000)|30-40%=2.339µs(n=20000)|40-50%=2.492µs(n=20000)|50-60%=2.36µs(n=20000)|60-70%=2.434µs(n=20000)|70-80%=2.525µs(n=20000)|80-90%=2.506µs(n=20000)|90-100%=2.497µs(n=20000)",45.95,51.92,1259908,1406568,703,"0-10%=717ns(n=200)|10-20%=747ns(n=200)|20-30%=1.505µs(n=200)|30-40%=803ns(n=200)|40-50%=514ns(n=200)|50-60%=561ns(n=200)|60-70%=516ns(n=200)|70-80%=481ns(n=200)|80-90%=605ns(n=200)|90-100%=579ns(n=200)",2067,5188,0,0,"",0,0,0,0,0,0.00,0.00,0
avlhashtree,prehashed_ordered_build_300k,0,300000,300000,743182311,2477,"0-10%=2.041µs(n=30000)|10-20%=2.326µs(n=30000)|20-30%=2.409µs(n=30000)|30-40%=2.431µs(n=30000)|40-50%=2.585µs(n=30000)|50-60%=2.534µs(n=30000)|60-70%=2.539µs(n=30000)|70-80%=2.539µs(n=30000)|80-90%=2.567µs(n=30000)|90-100%=2.796µs(n=30000)",59.88,77.87,1517389,2998232,999,"0-10%=936ns(n=300)|10-20%=998ns(n=300)|20-30%=929ns(n=300)|30-40%=1.02µs(n=300)|40-50%=1.112µs(n=300)|50-60%=1.061µs(n=300)|60-70%=985ns(n=300)|70-80%=881ns(n=300)|80-90%=975ns(n=300)|90-100%=1.092µs(n=300)",2139,4877,0,0,"",0,0,0,0,0,0.00,0.00,0
avlhashtree,prehashed_ordered_build_500k,0,500000,500000,1293015344,2586,"0-10%=2.203µs(n=50000)|10-20%=2.389µs(n=50000)|20-30%=2.451µs(n=50000)|30-40%=2.517µs(n=50000)|40-50%=2.624µs(n=50000)|50-60%=2.67µs(n=50000)|60-70%=2.741µs(n=50000)|70-80%=2.731µs(n=50000)|80-90%=2.713µs(n=50000)|90-100%=2.817µs(n=50000)",100.44,129.77,2556023,5513736,1102,"0-10%=1.008µs(n=500)|10-20%=1.087µs(n=500)|20-30%=1.18µs(n=500)|30-40%=1.152µs(n=500)|40-50%=1.222µs(n=500)|50-60%=1.135µs(n=500)|60-70%=1.146µs(n=500)|70-80%=1.05µs(n=500)|80-90%=1.039µs(n=500)|90-100%=1.003µs(n=500)",2223,5026,0,0,"",0,0,0,0,0,0.00,0.00,0
avlhashtree,prehashed_ordered_build_700k,0,700000,700000,1874479744,2677,"0-10%=2.195µs(n=70000)|10-20%=2.451µs(n=70000)|20-30%=2.558µs(n=70000)|30-40%=2.589µs(n=70000)|40-50%=2.837µs(n=70000)|50-60%=2.756µs(n=70000)|60-70%=2.755µs(n=70000)|70-80%=2.817µs(n=70000)|80-90%=2.854µs(n=70000)|90-100%=2.96µs(n=70000)",140.01,181.67,3551665,8162376,1166,"0-10%=852ns(n=700)|10-20%=960ns(n=700)|20-30%=1.118µs(n=700)|30-40%=1.296µs(n=700)|40-50%=1.206µs(n=700)|50-60%=1.306µs(n=700)|60-70%=1.276µs(n=700)|70-80%=1.353µs(n=700)|80-90%=1.215µs(n=700)|90-100%=1.073µs(n=700)",2284,5012,0,0,"",0,0,0,0,0,0.00,0.00,0
avlhashtree,prehashed_ordered_build_900k,0,900000,900000,2413026904,2681,"0-10%=2.269µs(n=90000)|10-20%=2.578µs(n=90000)|20-30%=2.555µs(n=90000)|30-40%=2.659µs(n=90000)|40-50%=2.744µs(n=90000)|50-60%=2.701µs(n=90000)|60-70%=2.784µs(n=90000)|70-80%=2.784µs(n=90000)|80-90%=2.765µs(n=90000)|90-100%=2.967µs(n=90000)",180.95,233.57,4607696,14590743,1621,"0-10%=1.507µs(n=900)|10-20%=2.848µs(n=900)|20-30%=1.414µs(n=900)|30-40%=1.402µs(n=900)|40-50%=1.463µs(n=900)|50-60%=1.589µs(n=900)|60-70%=1.428µs(n=900)|70-80%=1.415µs(n=900)|80-90%=1.507µs(n=900)|90-100%=1.633µs(n=900)",2327,5172,0,0,"",0,0,0,0,0,0.00,0.00,0
avlhashtree,prehashed_ordered_build_1m,0,1000000,1000000,2690690568,2690,"0-10%=2.326µs(n=100000)|10-20%=2.56µs(n=100000)|20-30%=2.663µs(n=100000)|30-40%=2.665µs(n=100000)|40-50%=2.725µs(n=100000)|50-60%=2.807µs(n=100000)|60-70%=2.773µs(n=100000)|70-80%=2.754µs(n=100000)|80-90%=2.75µs(n=100000)|90-100%=2.878µs(n=100000)",199.22,259.52,5043506,13033682,1303,"0-10%=1.104µs(n=1000)|10-20%=1.26µs(n=1000)|20-30%=1.327µs(n=1000)|30-40%=1.434µs(n=1000)|40-50%=1.44µs(n=1000)|50-60%=1.203µs(n=1000)|60-70%=1.224µs(n=1000)|70-80%=1.306µs(n=1000)|80-90%=1.36µs(n=1000)|90-100%=1.37µs(n=1000)",2337,5324,0,0,"",0,0,0,0,0,0.00,0.00,0
avlhashtree,prehashed_ordered_build_2m,0,2000000,2000000,5676209351,2838,"0-10%=2.453µs(n=200000)|10-20%=2.698µs(n=200000)|20-30%=2.748µs(n=200000)|30-40%=2.842µs(n=200000)|40-50%=2.879µs(n=200000)|50-60%=2.899µs(n=200000)|60-70%=2.938µs(n=200000)|70-80%=2.943µs(n=200000)|80-90%=2.915µs(n=200000)|90-100%=3.061µs(n=200000)",404.40,519.01,10330890,29660587,1483,"0-10%=1.403µs(n=2000)|10-20%=1.447µs(n=2000)|20-30%=1.511µs(n=2000)|30-40%=1.507µs(n=2000)|40-50%=1.457µs(n=2000)|50-60%=1.661µs(n=2000)|60-70%=1.463µs(n=2000)|70-80%=1.468µs(n=2000)|80-90%=1.457µs(n=2000)|90-100%=1.451µs(n=2000)",2458,5382,0,0,"",0,0,0,0,0,0.00,0.00,0
avlhashtree,prehashed_ordered_build_5m,0,5000000,5000000,15220571056,3044,"0-10%=2.611µs(n=500000)|10-20%=2.88µs(n=500000)|20-30%=2.991µs(n=500000)|30-40%=3.026µs(n=500000)|40-50%=3.139µs(n=500000)|50-60%=3.096µs(n=500000)|60-70%=3.068µs(n=500000)|70-80%=3.108µs(n=500000)|80-90%=3.19µs(n=500000)|90-100%=3.327µs(n=500000)",1004.79,1297.46,25561204,75522637,1510,"0-10%=1.475µs(n=5000)|10-20%=1.531µs(n=5000)|20-30%=1.507µs(n=5000)|30-40%=1.536µs(n=5000)|40-50%=1.518µs(n=5000)|50-60%=1.503µs(n=5000)|60-70%=1.491µs(n=5000)|70-80%=1.491µs(n=5000)|80-90%=1.504µs(n=5000)|90-100%=1.543µs(n=5000)",2622,5531,0,0,"",0,0,0,0,0,0.00,0.00,0
avlhashtree,prehashed_ordered_build_10m,0,10000000,10000000,31296830237,3129,"0-10%=2.726µs(n=1000000)|10-20%=2.991µs(n=1000000)|20-30%=3.043µs(n=1000000)|30-40%=3.054µs(n=1000000)|40-50%=3.202µs(n=1000000)|50-60%=3.207µs(n=1000000)|60-70%=3.171µs(n=1000000)|70-80%=3.218µs(n=1000000)|80-90%=3.23µs(n=1000000)|90-100%=3.451µs(n=1000000)",2008.44,2594.85,51078001,158432727,1584,"0-10%=1.52µs(n=10000)|10-20%=1.6µs(n=10000)|20-30%=1.583µs(n=10000)|30-40%=1.607µs(n=10000)|40-50%=1.616µs(n=10000)|50-60%=1.548µs(n=10000)|60-70%=1.57µs(n=10000)|70-80%=1.602µs(n=10000)|80-90%=1.587µs(n=10000)|90-100%=1.606µs(n=10000)",2741,5769,0,0,"",0,0,0,0,0,0.00,0.00,0
avlhashtree,prehashed_ordered_build_25m,0,15000000,15000000,47836122858,3189,"0-10%=2.797µs(n=1500000)|10-20%=3.049µs(n=1500000)|20-30%=3.115µs(n=1500000)|30-40%=3.178µs(n=1500000)|40-50%=3.249µs(n=1500000)|50-60%=3.225µs(n=1500000)|60-70%=3.314µs(n=1500000)|70-80%=3.275µs(n=1500000)|80-90%=3.284µs(n=1500000)|90-100%=3.4µs(n=1500000)",2993.79,3892.16,75892415,241246413,1608,"0-10%=1.525µs(n=15000)|10-20%=1.561µs(n=15000)|20-30%=1.586µs(n=15000)|30-40%=1.585µs(n=15000)|40-50%=1.629µs(n=15000)|50-60%=1.58µs(n=15000)|60-70%=1.617µs(n=15000)|70-80%=1.599µs(n=15000)|80-90%=1.593µs(n=15000)|90-100%=1.804µs(n=15000)",2808,6245,0,0,"",0,0,0,0,0,0.00,0.00,0
avlhashtree,insert_only_build_10k,0,10000,10000,20944652,2094,"0-10%=1.561µs(n=1000)|10-20%=1.787µs(n=1000)|20-30%=1.931µs(n=1000)|30-40%=1.967µs(n=1000)|40-50%=2.031µs(n=1000)|50-60%=2.011µs(n=1000)|60-70%=2.902µs(n=1000)|70-80%=2.238µs(n=1000)|80-90%=2.179µs(n=1000)|90-100%=2.331µs(n=1000)",2.59,3.22,62430,0,0,"",0,0,0,0,"",0,0,0,0,0,0.00,0.00,0
avlhashtree,insert_only_build_50k,0,50000,50000,121994508,2439,"0-10%=1.867µs(n=5000)|10-20%=2.305µs(n=5000)|20-30%=2.261µs(n=5000)|30-40%=2.606µs(n=5000)|40-50%=2.416µs(n=5000)|50-60%=2.464µs(n=5000)|60-70%=2.761µs(n=5000)|70-80%=2.506µs(n=5000)|80-90%=2.58µs(n=5000)|90-100%=2.628µs(n=5000)",13.13,16.06,314707,0,0,"",0,0,0,0,"",0,0,0,0,0,0.00,0.00,0
avlhashtree,insert_only_build_100k,0,100000,100000,261857592,2618,"0-10%=2.059µs(n=10000)|10-20%=2.422µs(n=10000)|20-30%=2.466µs(n=10000)|30-40%=2.705µs(n=10000)|40-50%=2.643µs(n=10000)|50-60%=2.812µs(n=10000)|60-70%=2.747µs(n=10000)|70-80%=2.714µs(n=10000)|80-90%=2.778µs(n=10000)|90-100%=2.835µs(n=10000)",26.57,32.08,641219,0,0,"",0,0,0,0,"",0,0,0,0,0,0.00,0.00,0
avlhashtree,insert_only_build_200k,0,200000,200000,576033004,2880,"0-10%=2.23µs(n=20000)|10-20%=2.605µs(n=20000)|20-30%=2.794µs(n=20000)|30-40%=2.779µs(n=20000)|40-50%=2.832µs(n=20000)|50-60%=2.961µs(n=20000)|60-70%=3.043µs(n=20000)|70-80%=3.149µs(n=20000)|80-90%=3.292µs(n=20000)|90-100%=3.11µs(n=20000)",47.66,64.14,1072073,0,0,"",0,0,0,0,"",0,0,0,0,0,0.00,0.00,0
avlhashtree,insert_only_build_300k,0,300000,300000,919429729,3064,"0-10%=2.277µs(n=30000)|10-20%=2.728µs(n=30000)|20-30%=2.793µs(n=30000)|30-40%=2.982µs(n=30000)|40-50%=3.063µs(n=30000)|50-60%=3.176µs(n=30000)|60-70%=3.319µs(n=30000)|70-80%=3.377µs(n=30000)|80-90%=3.434µs(n=30000)|90-100%=3.493µs(n=30000)",79.62,96.19,1918618,0,0,"",0,0,0,0,"",0,0,0,0,0,0.00,0.00,0
avlhashtree,insert_only_build_500k,0,500000,500000,1637276407,3274,"0-10%=2.407µs(n=50000)|10-20%=2.738µs(n=50000)|20-30%=2.948µs(n=50000)|30-40%=3.135µs(n=50000)|40-50%=3.236µs(n=50000)|50-60%=3.35µs(n=50000)|60-70%=3.647µs(n=50000)|70-80%=3.669µs(n=50000)|80-90%=3.747µs(n=50000)|90-100%=3.865µs(n=50000)",132.19,160.31,3177065,0,0,"",0,0,0,0,"",0,0,0,0,0,0.00,0.00,0
avlhashtree,insert_only_build_700k,0,700000,700000,2473131234,3533,"0-10%=2.544µs(n=70000)|10-20%=2.905µs(n=70000)|20-30%=3.17µs(n=70000)|30-40%=3.399µs(n=70000)|40-50%=3.585µs(n=70000)|50-60%=3.625µs(n=70000)|60-70%=3.84µs(n=70000)|70-80%=4.095µs(n=70000)|80-90%=4.02µs(n=70000)|90-100%=4.144µs(n=70000)",176.81,224.43,4131832,0,0,"",0,0,0,0,"",0,0,0,0,0,0.00,0.00,0
avlhashtree,insert_only_build_900k,0,900000,900000,3354187366,3726,"0-10%=2.565µs(n=90000)|10-20%=3.004µs(n=90000)|20-30%=3.301µs(n=90000)|30-40%=3.556µs(n=90000)|40-50%=3.66µs(n=90000)|50-60%=4.002µs(n=90000)|60-70%=4.053µs(n=90000)|70-80%=4.31µs(n=90000)|80-90%=4.273µs(n=90000)|90-100%=4.54µs(n=90000)",207.37,288.54,4549616,0,0,"",0,0,0,0,"",0,0,0,0,0,0.00,0.00,0
avlhashtree,insert_only_build_1m,0,1000000,1000000,3820281689,3820,"0-10%=2.611µs(n=100000)|10-20%=3.085µs(n=100000)|20-30%=3.306µs(n=100000)|30-40%=3.617µs(n=100000)|40-50%=3.765µs(n=100000)|50-60%=4.082µs(n=100000)|60-70%=4.111µs(n=100000)|70-80%=4.301µs(n=100000)|80-90%=4.657µs(n=100000)|90-100%=4.663µs(n=100000)",239.44,320.60,5399825,0,0,"",0,0,0,0,"",0,0,0,0,0,0.00,0.00,0
avlhashtree,insert_only_build_2m,0,2000000,2000000,8879909539,4439,"0-10%=2.848µs(n=200000)|10-20%=3.456µs(n=200000)|20-30%=4.044µs(n=200000)|30-40%=4.284µs(n=200000)|40-50%=4.597µs(n=200000)|50-60%=4.702µs(n=200000)|60-70%=4.822µs(n=200000)|70-80%=5.24µs(n=200000)|80-90%=5.158µs(n=200000)|90-100%=5.242µs(n=200000)",502.28,641.24,11690974,0,0,"",0,0,0,0,"",0,0,0,0,0,0.00,0.00,0
avlhashtree,insert_only_build_5m,0,5000000,5000000,26788920914,5357,"0-10%=3.284µs(n=500000)|10-20%=4.313µs(n=500000)|20-30%=4.81µs(n=500000)|30-40%=5.374µs(n=500000)|40-50%=5.473µs(n=500000)|50-60%=5.828µs(n=500000)|60-70%=5.938µs(n=500000)|70-80%=5.908µs(n=500000)|80-90%=6.285µs(n=500000)|90-100%=6.359µs(n=500000)",1198.92,1603.12,27053067,0,0,"",0,0,0,0,"",0,0,0,0,0,0.00,0.00,0
avlhashtree,insert_only_build_10m,0,10000000,10000000,59636768770,5963,"0-10%=3.773µs(n=1000000)|10-20%=4.973µs(n=1000000)|20-30%=5.559µs(n=1000000)|30-40%=5.822µs(n=1000000)|40-50%=6.228µs(n=1000000)|50-60%=6.299µs(n=1000000)|60-70%=6.457µs(n=1000000)|70-80%=6.837µs(n=1000000)|80-90%=6.8µs(n=1000000)|90-100%=6.884µs(n=1000000)",2523.39,3206.39,58897644,0,0,"",0,0,0,0,"",0,0,0,0,0,0.00,0.00,0
avlhashtree,insert_only_build_25m,0,25000000,25000000,178052691970,7122,"0-10%=4.665µs(n=2500000)|10-20%=6.058µs(n=2500000)|20-30%=6.601µs(n=2500000)|30-40%=6.898µs(n=2500000)|40-50%=7.403µs(n=2500000)|50-60%=7.413µs(n=2500000)|60-70%=7.644µs(n=2500000)|70-80%=8.057µs(n=2500000)|80-90%=8.126µs(n=2500000)|90-100%=8.352µs(n=2500000)",6204.18,8017.16,143205508,0,0,"",0,0,0,0,"",0,0,0,0,0,0.00,0.00,0
avlhashtree,proof_only_after_10k_build_sample_5pct,10000,10000,0,0,0,"",0.00,0.00,0,632316,1264,"0-10%=483ns(n=50)|10-20%=393ns(n=50)|20-30%=411ns(n=50)|30-40%=395ns(n=50)|40-50%=476ns(n=50)|50-60%=1.102µs(n=50)|60-70%=5.83µs(n=50)|70-80%=2.454µs(n=50)|80-90%=554ns(n=50)|90-100%=543ns(n=50)",1586,3791,0,0,"",0,0,0,0,0,0.00,0.00,0
avlhashtree,proof_only_after_50k_build_sample_5pct,50000,50000,0,0,0,"",0.00,0.00,0,1648610,659,"0-10%=504ns(n=250)|10-20%=489ns(n=250)|20-30%=512ns(n=250)|30-40%=577ns(n=250)|40-50%=676ns(n=250)|50-60%=532ns(n=250)|60-70%=1.238µs(n=250)|70-80%=624ns(n=250)|80-90%=661ns(n=250)|90-100%=777ns(n=250)",1857,4090,0,0,"",0,0,0,0,0,0.00,0.00,0
avlhashtree,proof_only_after_100k_build_sample_5pct,100000,100000,0,0,0,"",0.00,0.00,0,3670660,734,"0-10%=590ns(n=500)|10-20%=665ns(n=500)|20-30%=663ns(n=500)|30-40%=741ns(n=500)|40-50%=721ns(n=500)|50-60%=755ns(n=500)|60-70%=1.097µs(n=500)|70-80%=685ns(n=500)|80-90%=675ns(n=500)|90-100%=743ns(n=500)",1974,4461,0,0,"",0,0,0,0,0,0.00,0.00,0
avlhashtree,proof_only_after_200k_build_sample_5pct,200000,200000,0,0,0,"",0.00,0.00,0,9351923,935,"0-10%=681ns(n=1000)|10-20%=779ns(n=1000)|20-30%=858ns(n=1000)|30-40%=916ns(n=1000)|40-50%=987ns(n=1000)|50-60%=1.419µs(n=1000)|60-70%=897ns(n=1000)|70-80%=875ns(n=1000)|80-90%=969ns(n=1000)|90-100%=966ns(n=1000)",2099,4695,0,0,"",0,0,0,0,0,0.00,0.00,0
avlhashtree,proof_only_after_300k_build_sample_5pct,300000,300000,0,0,0,"",0.00,0.00,0,17724154,1181,"0-10%=904ns(n=1500)|10-20%=954ns(n=1500)|20-30%=1.016µs(n=1500)|30-40%=1.099µs(n=1500)|40-50%=1.179µs(n=1500)|50-60%=1.589µs(n=1500)|60-70%=1.084µs(n=1500)|70-80%=1.087µs(n=1500)|80-90%=1.57µs(n=1500)|90-100%=1.329µs(n=1500)",2168,5291,0,0,"",0,0,0,0,0,0.00,0.00,0
avlhashtree,proof_only_after_500k_build_sample_5pct,500000,500000,0,0,0,"",0.00,0.00,0,34576708,1383,"0-10%=1.135µs(n=2500)|10-20%=1.219µs(n=2500)|20-30%=1.293µs(n=2500)|30-40%=1.346µs(n=2500)|40-50%=1.381µs(n=2500)|50-60%=1.758µs(n=2500)|60-70%=1.365µs(n=2500)|70-80%=1.349µs(n=2500)|80-90%=1.425µs(n=2500)|90-100%=1.554µs(n=2500)",2256,5427,0,0,"",0,0,0,0,0,0.00,0.00,0
avlhashtree,proof_only_after_700k_build_sample_5pct,700000,700000,0,0,0,"",0.00,0.00,0,53468963,1527,"0-10%=1.234µs(n=3500)|10-20%=1.449µs(n=3500)|20-30%=1.496µs(n=3500)|30-40%=1.567µs(n=3500)|40-50%=1.525µs(n=3500)|50-60%=1.886µs(n=3500)|60-70%=1.51µs(n=3500)|70-80%=1.499µs(n=3500)|80-90%=1.539µs(n=3500)|90-100%=1.567µs(n=3500)",2321,5318,0,0,"",0,0,0,0,0,0.00,0.00,0
avlhashtree,proof_only_after_900k_build_sample_5pct,900000,900000,0,0,0,"",0.00,0.00,0,84899349,1886,"0-10%=1.364µs(n=4500)|10-20%=1.463µs(n=4500)|20-30%=1.648µs(n=4500)|30-40%=1.631µs(n=4500)|40-50%=1.733µs(n=4500)|50-60%=3.603µs(n=4500)|60-70%=1.794µs(n=4500)|70-80%=1.936µs(n=4500)|80-90%=1.844µs(n=4500)|90-100%=1.847µs(n=4500)",2363,5540,0,0,"",0,0,0,0,0,0.00,0.00,0
avlhashtree,proof_only_after_1m_build_sample_5pct,1000000,1000000,0,0,0,"",0.00,0.00,0,84301524,1686,"0-10%=1.407µs(n=5000)|10-20%=1.54µs(n=5000)|20-30%=1.573µs(n=5000)|30-40%=1.618µs(n=5000)|40-50%=1.667µs(n=5000)|50-60%=1.997µs(n=5000)|60-70%=1.683µs(n=5000)|70-80%=1.707µs(n=5000)|80-90%=1.844µs(n=5000)|90-100%=1.819µs(n=5000)",2382,5686,0,0,"",0,0,0,0,0,0.00,0.00,0
avlhashtree,prehashed_ordered_proof_only_after_1m_build_sample_5pct,1000000,1000000,0,0,0,"",0.00,0.00,0,47606517,952,"0-10%=826ns(n=5000)|10-20%=945ns(n=5000)|20-30%=1.01µs(n=5000)|30-40%=1.023µs(n=5000)|40-50%=1.013µs(n=5000)|50-60%=1.211µs(n=5000)|60-70%=851ns(n=5000)|70-80%=835ns(n=5000)|80-90%=863ns(n=5000)|90-100%=940ns(n=5000)",2340,5150,0,0,"",0,0,0,0,0,0.00,0.00,0
avlhashtree,proof_only_after_2m_build_sample_3pct,2000000,2000000,0,0,0,"",0.00,0.00,0,124390318,2073,"0-10%=1.68µs(n=6000)|10-20%=1.823µs(n=6000)|20-30%=1.914µs(n=6000)|30-40%=2.017µs(n=6000)|40-50%=1.992µs(n=6000)|50-60%=2.002µs(n=6000)|60-70%=2.129µs(n=6000)|70-80%=2.126µs(n=6000)|80-90%=2.862µs(n=6000)|90-100%=2.182µs(n=6000)",2494,6238,0,0,"",0,0,0,0,0,0.00,0.00,0
avlhashtree,proof_only_after_5m_build_sample_3pct,5000000,5000000,0,0,0,"",0.00,0.00,0,361193783,2407,"0-10%=2.045µs(n=15000)|10-20%=2.138µs(n=15000)|20-30%=2.123µs(n=15000)|30-40%=2.208µs(n=15000)|40-50%=2.269µs(n=15000)|50-60%=2.431µs(n=15000)|60-70%=2.387µs(n=15000)|70-80%=2.458µs(n=15000)|80-90%=3.33µs(n=15000)|90-100%=2.687µs(n=15000)",2654,6798,0,0,"",0,0,0,0,0,0.00,0.00,0
avlhashtree,prehashed_ordered_proof_only_after_5m_build_sample_3pct,5000000,5000000,0,0,0,"",0.00,0.00,0,188380589,1255,"0-10%=1.254µs(n=15000)|10-20%=1.24µs(n=15000)|20-30%=1.23µs(n=15000)|30-40%=1.243µs(n=15000)|40-50%=1.254µs(n=15000)|50-60%=1.207µs(n=15000)|60-70%=1.218µs(n=15000)|70-80%=1.223µs(n=15000)|80-90%=1.478µs(n=15000)|90-100%=1.206µs(n=15000)",2622,6006,0,0,"",0,0,0,0,0,0.00,0.00,0
avlhashtree,proof_only_after_10m_build_sample_2pct,10000000,10000000,0,0,0,"",0.00,0.00,0,525725275,2628,"0-10%=2.272µs(n=20000)|10-20%=2.483µs(n=20000)|20-30%=2.566µs(n=20000)|30-40%=2.599µs(n=20000)|40-50%=2.577µs(n=20000)|50-60%=2.745µs(n=20000)|60-70%=2.692µs(n=20000)|70-80%=2.721µs(n=20000)|80-90%=2.738µs(n=20000)|90-100%=2.888µs(n=20000)",2776,6651,0,0,"",0,0,0,0,0,0.00,0.00,0
avlhashtree,proof_only_after_20m_build_sample_2pct,20000000,20000000,0,0,0,"",0.00,0.00,0,1375505555,3438,"0-10%=2.551µs(n=40000)|10-20%=3.233µs(n=40000)|20-30%=3.358µs(n=40000)|30-40%=3.395µs(n=40000)|40-50%=3.411µs(n=40000)|50-60%=3.553µs(n=40000)|60-70%=3.553µs(n=40000)|70-80%=3.604µs(n=40000)|80-90%=3.739µs(n=40000)|90-100%=3.985µs(n=40000)",2897,8196,0,0,"",0,0,0,0,0,0.00,0.00,0
avlhashtree,build_10k_then_add_2k_new,10000,12000,2000,4674751,2337,"0-10%=2.615µs(n=200)|10-20%=2.397µs(n=200)|20-30%=2.22µs(n=200)|30-40%=2.227µs(n=200)|40-50%=2.562µs(n=200)|50-60%=2.234µs(n=200)|60-70%=2.272µs(n=200)|70-80%=2.3µs(n=200)|80-90%=2.216µs(n=200)|90-100%=2.322µs(n=200)",0.65,0.65,67853,0,0,"",0,0,0,0,"",0,0,0,0,0,0.00,0.00,0
avlhashtree,build_50k_then_add_10k_new,50000,60000,10000,27433387,2743,"0-10%=2.952µs(n=1000)|10-20%=2.757µs(n=1000)|20-30%=2.818µs(n=1000)|30-40%=2.666µs(n=1000)|40-50%=2.683µs(n=1000)|50-60%=2.787µs(n=1000)|60-70%=2.649µs(n=1000)|70-80%=2.702µs(n=1000)|80-90%=2.791µs(n=1000)|90-100%=2.623µs(n=1000)",3.22,3.22,335864,0,0,"",0,0,0,0,"",0,0,0,0,0,0.00,0.00,0
avlhashtree,build_100k_then_add_20k_new,100000,120000,20000,58928573,2946,"0-10%=3.114µs(n=2000)|10-20%=2.962µs(n=2000)|20-30%=2.887µs(n=2000)|30-40%=2.954µs(n=2000)|40-50%=2.899µs(n=2000)|50-60%=2.927µs(n=2000)|60-70%=2.937µs(n=2000)|70-80%=2.888µs(n=2000)|80-90%=2.951µs(n=2000)|90-100%=2.939µs(n=2000)",6.42,6.42,670870,0,0,"",0,0,0,0,"",0,0,0,0,0,0.00,0.00,0
avlhashtree,build_200k_then_add_40k_new,200000,240000,40000,130578401,3264,"0-10%=3.36µs(n=4000)|10-20%=3.327µs(n=4000)|20-30%=3.306µs(n=4000)|30-40%=3.2µs(n=4000)|40-50%=3.231µs(n=4000)|50-60%=3.208µs(n=4000)|60-70%=3.252µs(n=4000)|70-80%=3.248µs(n=4000)|80-90%=3.245µs(n=4000)|90-100%=3.263µs(n=4000)",12.85,12.85,1340881,0,0,"",0,0,0,0,"",0,0,0,0,0,0.00,0.00,0
avlhashtree,build_300k_then_add_60k_new,300000,360000,60000,218455999,3640,"0-10%=3.975µs(n=6000)|10-20%=3.798µs(n=6000)|20-30%=3.603µs(n=6000)|30-40%=3.576µs(n=6000)|40-50%=3.586µs(n=6000)|50-60%=3.573µs(n=6000)|60-70%=3.549µs(n=6000)|70-80%=3.576µs(n=6000)|80-90%=3.566µs(n=6000)|90-100%=3.602µs(n=6000)",19.26,19.26,2010887,0,0,"",0,0,0,0,"",0,0,0,0,0,0.00,0.00,0
avlhashtree,build_500k_then_add_100k_new,500000,600000,100000,408451638,4084,"0-10%=4.473µs(n=10000)|10-20%=4.079µs(n=10000)|20-30%=4.072µs(n=10000)|30-40%=4.061µs(n=10000)|40-50%=4.043µs(n=10000)|50-60%=4.03µs(n=10000)|60-70%=4.011µs(n=10000)|70-80%=4.008µs(n=10000)|80-90%=4.006µs(n=10000)|90-100%=4.058µs(n=10000)",32.08,32.08,3350899,0,0,"",0,0,0,0,"",0,0,0,0,0,0.00,0.00,0
avlhashtree,build_700k_then_add_140k_new,700000,840000,140000,649227078,4637,"0-10%=5.199µs(n=14000)|10-20%=4.86µs(n=14000)|20-30%=4.57µs(n=14000)|30-40%=4.489µs(n=14000)|40-50%=4.468µs(n=14000)|50-60%=4.444µs(n=14000)|60-70%=4.437µs(n=14000)|70-80%=4.877µs(n=14000)|80-90%=4.523µs(n=14000)|90-100%=4.5µs(n=14000)",44.90,44.90,4690906,0,0,"",0,0,0,0,"",0,0,0,0,0,0.00,0.00,0
avlhashtree,build_900k_then_add_180k_new,900000,1080000,180000,858132064,4767,"0-10%=5.699µs(n=18000)|10-20%=5.135µs(n=18000)|20-30%=4.779µs(n=18000)|30-40%=4.622µs(n=18000)|40-50%=4.573µs(n=18000)|50-60%=4.547µs(n=18000)|60-70%=4.551µs(n=18000)|70-80%=4.577µs(n=18000)|80-90%=4.599µs(n=18000)|90-100%=4.587µs(n=18000)",57.73,57.73,6030912,0,0,"",0,0,0,0,"",0,0,0,0,0,0.00,0.00,0
avlhashtree,build_1m_then_add_200k_new,1000000,1200000,200000,963358258,4816,"0-10%=5.479µs(n=20000)|10-20%=5.1µs(n=20000)|20-30%=4.92µs(n=20000)|30-40%=4.67µs(n=20000)|40-50%=4.626µs(n=20000)|50-60%=4.648µs(n=20000)|60-70%=4.654µs(n=20000)|70-80%=4.662µs(n=20000)|80-90%=4.693µs(n=20000)|90-100%=4.71µs(n=20000)",64.14,64.14,6700918,0,0,"",0,0,0,0,"",0,0,0,0,0,0.00,0.00,0
avlhashtree,build_2m_then_add_400k_new,2000000,2400000,400000,2188325377,5470,"0-10%=6.034µs(n=40000)|10-20%=5.605µs(n=40000)|20-30%=5.357µs(n=40000)|30-40%=5.425µs(n=40000)|40-50%=5.361µs(n=40000)|50-60%=5.362µs(n=40000)|60-70%=5.347µs(n=40000)|70-80%=5.364µs(n=40000)|80-90%=5.388µs(n=40000)|90-100%=5.459µs(n=40000)",128.26,128.26,13400932,0,0,"",0,0,0,0,"",0,0,0,0,0,0.00,0.00,0
avlhashtree,build_5m_then_add_1m_new,5000000,6000000,1000000,6524758205,6524,"0-10%=7.027µs(n=100000)|10-20%=6.767µs(n=100000)|20-30%=6.732µs(n=100000)|30-40%=6.553µs(n=100000)|40-50%=6.376µs(n=100000)|50-60%=6.311µs(n=100000)|60-70%=6.32µs(n=100000)|70-80%=6.335µs(n=100000)|80-90%=6.386µs(n=100000)|90-100%=6.435µs(n=100000)",320.69,320.69,33500961,0,0,"",0,0,0,0,"",0,0,0,0,0,0.00,0.00,0
avlhashtree,build_10m_then_add_2m_new,10000000,12000000,2000000,14518672469,7259,"0-10%=7.604µs(n=200000)|10-20%=7.305µs(n=200000)|20-30%=7.098µs(n=200000)|30-40%=7.105µs(n=200000)|40-50%=7.332µs(n=200000)|50-60%=7.135µs(n=200000)|60-70%=7.123µs(n=200000)|70-80%=7.161µs(n=200000)|80-90%=7.343µs(n=200000)|90-100%=7.383µs(n=200000)",641.38,641.38,67001004,0,0,"",0,0,0,0,"",0,0,0,0,0,0.00,0.00,0
avlhashtree,build_20m_then_add_5m_new,20000000,25000000,5000000,40954773721,8190,"0-10%=8.274µs(n=500000)|10-20%=7.99µs(n=500000)|20-30%=8.016µs(n=500000)|30-40%=8.14µs(n=500000)|40-50%=8.151µs(n=500000)|50-60%=8.155µs(n=500000)|60-70%=8.228µs(n=500000)|70-80%=8.267µs(n=500000)|80-90%=8.339µs(n=500000)|90-100%=8.345µs(n=500000)",1603.70,1603.70,142501138,0,0,"",0,0,0,0,"",0,0,0,0,0,0.00,0.00,0
avlhashtree,build_10k_then_reinsert_2k_existing,10000,10000,2000,3463980,1731,"0-10%=1.539µs(n=200)|10-20%=1.736µs(n=200)|20-30%=1.668µs(n=200)|30-40%=1.774µs(n=200)|40-50%=1.728µs(n=200)|50-60%=1.738µs(n=200)|60-70%=1.731µs(n=200)|70-80%=1.916µs(n=200)|80-90%=1.759µs(n=200)|90-100%=1.724µs(n=200)",0.35,0.35,63920,0,0,"",0,0,0,0,"",0,0,0,0,0,0.00,0.00,0
avlhashtree,build_50k_then_reinsert_10k_existing,50000,50000,10000,21083242,2108,"0-10%=1.87µs(n=1000)|10-20%=2.019µs(n=1000)|20-30%=2.072µs(n=1000)|30-40%=2.005µs(n=1000)|40-50%=2.14µs(n=1000)|50-60%=2.142µs(n=1000)|60-70%=2.168µs(n=1000)|70-80%=2.141µs(n=1000)|80-90%=2.313µs(n=1000)|90-100%=2.208µs(n=1000)",1.69,1.69,315933,0,0,"",0,0,0,0,"",0,0,0,0,0,0.00,0.00,0
avlhashtree,build_100k_then_reinsert_20k_existing,100000,100000,20000,44153962,2207,"0-10%=1.964µs(n=2000)|10-20%=2.112µs(n=2000)|20-30%=2.13µs(n=2000)|30-40%=2.199µs(n=2000)|40-50%=2.221µs(n=2000)|50-60%=2.246µs(n=2000)|60-70%=2.26µs(n=2000)|70-80%=2.31µs(n=2000)|80-90%=2.301µs(n=2000)|90-100%=2.33µs(n=2000)",3.37,3.37,630935,0,0,"",0,0,0,0,"",0,0,0,0,0,0.00,0.00,0
avlhashtree,build_200k_then_reinsert_40k_existing,200000,200000,40000,102714426,2567,"0-10%=2.237µs(n=4000)|10-20%=2.393µs(n=4000)|20-30%=2.49µs(n=4000)|30-40%=2.509µs(n=4000)|40-50%=2.539µs(n=4000)|50-60%=2.568µs(n=4000)|60-70%=2.744µs(n=4000)|70-80%=2.715µs(n=4000)|80-90%=2.717µs(n=4000)|90-100%=2.761µs(n=4000)",6.74,6.74,1260945,0,0,"",0,0,0,0,"",0,0,0,0,0,0.00,0.00,0
avlhashtree,build_300k_then_reinsert_60k_existing,300000,300000,60000,173731100,2895,"0-10%=2.658µs(n=6000)|10-20%=2.745µs(n=6000)|20-30%=2.801µs(n=6000)|30-40%=2.859µs(n=6000)|40-50%=2.91µs(n=6000)|50-60%=2.949µs(n=6000)|60-70%=2.945µs(n=6000)|70-80%=2.981µs(n=6000)|80-90%=3.039µs(n=6000)|90-100%=3.063µs(n=6000)",10.10,10.10,1890889,0,0,"",0,0,0,0,"",0,0,0,0,0,0.00,0.00,0
avlhashtree,build_500k_then_reinsert_100k_existing,500000,500000,100000,317961333,3179,"0-10%=2.898µs(n=10000)|10-20%=2.937µs(n=10000)|20-30%=3.048µs(n=10000)|30-40%=3.17µs(n=10000)|40-50%=3.213µs(n=10000)|50-60%=3.239µs(n=10000)|60-70%=3.268µs(n=10000)|70-80%=3.292µs(n=10000)|80-90%=3.322µs(n=10000)|90-100%=3.403µs(n=10000)",16.82,16.82,3150897,0,0,"",0,0,0,0,"",0,0,0,0,0,0.00,0.00,0
avlhashtree,build_700k_then_reinsert_140k_existing,700000,700000,140000,494750858,3533,"0-10%=3.204µs(n=14000)|10-20%=3.498µs(n=14000)|20-30%=3.61µs(n=14000)|30-40%=3.438µs(n=14000)|40-50%=3.505µs(n=14000)|50-60%=3.549µs(n=14000)|60-70%=3.574µs(n=14000)|70-80%=3.609µs(n=14000)|80-90%=3.626µs(n=14000)|90-100%=3.721µs(n=14000)",23.54,23.54,4410908,0,0,"",0,0,0,0,"",0,0,0,0,0,0.00,0.00,0
avlhashtree,build_900k_then_reinsert_180k_existing,900000,900000,180000,662714607,3681,"0-10%=3.487µs(n=18000)|10-20%=3.713µs(n=18000)|20-30%=3.636µs(n=18000)|30-40%=3.571µs(n=18000)|40-50%=3.643µs(n=18000)|50-60%=3.668µs(n=18000)|60-70%=3.735µs(n=18000)|70-80%=3.764µs(n=18000)|80-90%=3.783µs(n=18000)|90-100%=3.813µs(n=18000)",30.25,30.25,5670914,0,0,"",0,0,0,0,"",0,0,0,0,0,0.00,0.00,0
avlhashtree,build_1m_then_reinsert_200k_existing,1000000,1000000,200000,747743277,3738,"0-10%=3.472µs(n=20000)|10-20%=3.605µs(n=20000)|20-30%=3.703µs(n=20000)|30-40%=3.7µs(n=20000)|40-50%=3.7µs(n=20000)|50-60%=3.747µs(n=20000)|60-70%=3.801µs(n=20000)|70-80%=3.864µs(n=20000)|80-90%=3.882µs(n=20000)|90-100%=3.908µs(n=20000)",33.61,33.61,6300921,0,0,"",0,0,0,0,"",0,0,0,0,0,0.00,0.00,0
avlhashtree,prehashed_ordered_build_1m_then_reinsert_200k_existing,1000000,1000000,200000,480395386,2401,"0-10%=2.542µs(n=20000)|10-20%=2.478µs(n=20000)|20-30%=2.37µs(n=20000)|30-40%=2.36µs(n=20000)|40-50%=2.364µs(n=20000)|50-60%=2.361µs(n=20000)|60-70%=2.357µs(n=20000)|70-80%=2.385µs(n=20000)|80-90%=2.403µs(n=20000)|90-100%=2.395µs(n=20000)",21.39,21.39,5900926,0,0,"",0,0,0,0,"",0,0,0,0,0,0.00,0.00,0
avlhashtree,build_2m_then_reinsert_400k_existing,2000000,2000000,400000,1680727842,4201,"0-10%=3.816µs(n=40000)|10-20%=4.073µs(n=40000)|20-30%=4.178µs(n=40000)|30-40%=4.099µs(n=40000)|40-50%=4.172µs(n=40000)|50-60%=4.249µs(n=40000)|60-70%=4.279µs(n=40000)|70-80%=4.328µs(n=40000)|80-90%=4.363µs(n=40000)|90-100%=4.457µs(n=40000)",67.22,67.22,12600932,0,0,"",0,0,0,0,"",0,0,0,0,0,0.00,0.00,0
avlhashtree,build_5m_then_reinsert_1m_existing,5000000,5000000,1000000,5069666021,5069,"0-10%=4.368µs(n=100000)|10-20%=4.714µs(n=100000)|20-30%=5.027µs(n=100000)|30-40%=5.001µs(n=100000)|40-50%=5.055µs(n=100000)|50-60%=5.144µs(n=100000)|60-70%=5.251µs(n=100000)|70-80%=5.316µs(n=100000)|80-90%=5.384µs(n=100000)|90-100%=5.433µs(n=100000)",168.04,168.04,31500953,0,0,"",0,0,0,0,"",0,0,0,0,0,0.00,0.00,0
avlhashtree,prehashed_ordered_build_5m_then_reinsert_1m_existing,5000000,5000000,1000000,2653813169,2653,"0-10%=2.8µs(n=100000)|10-20%=2.734µs(n=100000)|20-30%=2.611µs(n=100000)|30-40%=2.609µs(n=100000)|40-50%=2.613µs(n=100000)|50-60%=2.611µs(n=100000)|60-70%=2.611µs(n=100000)|70-80%=2.662µs(n=100000)|80-90%=2.657µs(n=100000)|90-100%=2.626µs(n=100000)",106.91,106.91,29500950,0,0,"",0,0,0,0,"",0,0,0,0,0,0.00,0.00,0
avlhashtree,build_10m_then_reinsert_2m_existing,10000000,10000000,2000000,11576624017,5788,"0-10%=4.824µs(n=200000)|10-20%=5.37µs(n=200000)|20-30%=5.623µs(n=200000)|30-40%=5.72µs(n=200000)|40-50%=5.88µs(n=200000)|50-60%=5.953µs(n=200000)|60-70%=6.006µs(n=200000)|70-80%=6.106µs(n=200000)|80-90%=6.163µs(n=200000)|90-100%=6.232µs(n=200000)",336.11,336.11,63000987,0,0,"",0,0,0,0,"",0,0,0,0,0,0.00,0.00,0
avlhashtree,build_25m_then_reinsert_5m_existing,25000000,25000000,5000000,35127288228,7025,"0-10%=5.702µs(n=500000)|10-20%=6.48µs(n=500000)|20-30%=6.822µs(n=500000)|30-40%=6.981µs(n=500000)|40-50%=7.024µs(n=500000)|50-60%=7.186µs(n=500000)|60-70%=7.378µs(n=500000)|70-80%=7.58µs(n=500000)|80-90%=7.516µs(n=500000)|90-100%=7.58µs(n=500000)",840.40,840.40,157501095,0,0,"",0,0,0,0,"",0,0,0,0,0,0.00,0.00,0
avlhashtree,build_10k,0,10000,10000,23847917,2384,"0-10%=1.801µs(n=1000)|10-20%=2.077µs(n=1000)|20-30%=2.147µs(n=1000)|30-40%=2.274µs(n=1000)|40-50%=2.312µs(n=1000)|50-60%=2.39µs(n=1000)|60-70%=3.217µs(n=1000)|70-80%=2.514µs(n=1000)|80-90%=2.525µs(n=1000)|90-100%=2.585µs(n=1000)",2.58,3.23,61332,72687,726,"0-10%=572ns(n=10)|10-20%=417ns(n=10)|20-30%=2.436µs(n=10)|30-40%=438ns(n=10)|40-50%=396ns(n=10)|50-60%=457ns(n=10)|60-70%=647ns(n=10)|70-80%=435ns(n=10)|80-90%=1.017µs(n=10)|90-100%=448ns(n=10)",1571,3759,0,0,"",0,0,0,0,0,0.00,0.00,0
avlhashtree,build_50k,0,50000,50000,128842148,2576,"0-10%=2.135µs(n=5000)|10-20%=2.568µs(n=5000)|20-30%=2.58µs(n=5000)|30-40%=2.812µs(n=5000)|40-50%=2.697µs(n=5000)|50-60%=2.506µs(n=5000)|60-70%=2.679µs(n=5000)|70-80%=2.548µs(n=5000)|80-90%=2.601µs(n=5000)|90-100%=2.638µs(n=5000)",13.12,16.08,313880,465439,930,"0-10%=489ns(n=50)|10-20%=526ns(n=50)|20-30%=533ns(n=50)|30-40%=459ns(n=50)|40-50%=542ns(n=50)|50-60%=587ns(n=50)|60-70%=560ns(n=50)|70-80%=1.46µs(n=50)|80-90%=3.407µs(n=50)|90-100%=741ns(n=50)",1856,5557,0,0,"",0,0,0,0,0,0.00,0.00,0
avlhashtree,build_100k,0,100000,100000,261554866,2615,"0-10%=2.114µs(n=10000)|10-20%=2.468µs(n=10000)|20-30%=2.51µs(n=10000)|30-40%=2.595µs(n=10000)|40-50%=2.577µs(n=10000)|50-60%=2.725µs(n=10000)|60-70%=2.663µs(n=10000)|70-80%=2.736µs(n=10000)|80-90%=2.782µs(n=10000)|90-100%=2.979µs(n=10000)",23.31,32.10,516846,653680,653,"0-10%=539ns(n=100)|10-20%=549ns(n=100)|20-30%=594ns(n=100)|30-40%=639ns(n=100)|40-50%=642ns(n=100)|50-60%=678ns(n=100)|60-70%=615ns(n=100)|70-80%=757ns(n=100)|80-90%=729ns(n=100)|90-100%=789ns(n=100)",1987,4297,0,0,"",0,0,0,0,0,0.00,0.00,0
avlhashtree,build_200k,0,200000,200000,560996512,2804,"0-10%=2.259µs(n=20000)|10-20%=2.473µs(n=20000)|20-30%=2.777µs(n=20000)|30-40%=2.747µs(n=20000)|40-50%=2.855µs(n=20000)|50-60%=2.893µs(n=20000)|60-70%=2.89µs(n=20000)|70-80%=2.95µs(n=20000)|80-90%=3.119µs(n=20000)|90-100%=3.082µs(n=20000)",47.85,64.14,1081438,1630220,815,"0-10%=590ns(n=200)|10-20%=748ns(n=200)|20-30%=748ns(n=200)|30-40%=783ns(n=200)|40-50%=820ns(n=200)|50-60%=878ns(n=200)|60-70%=915ns(n=200)|70-80%=854ns(n=200)|80-90%=860ns(n=200)|90-100%=949ns(n=200)",2096,4904,0,0,"",0,0,0,0,0,0.00,0.00,0
avlhashtree,build_300k,0,300000,300000,903539578,3011,"0-10%=2.311µs(n=30000)|10-20%=2.619µs(n=30000)|20-30%=2.69µs(n=30000)|30-40%=2.87µs(n=30000)|40-50%=2.921µs(n=30000)|50-60%=3.147µs(n=30000)|60-70%=3.488µs(n=30000)|70-80%=3.299µs(n=30000)|80-90%=3.343µs(n=30000)|90-100%=3.423µs(n=30000)",79.87,96.19,1930387,3239305,1079,"0-10%=1.18µs(n=300)|10-20%=1.552µs(n=300)|20-30%=827ns(n=300)|30-40%=891ns(n=300)|40-50%=958ns(n=300)|50-60%=1.009µs(n=300)|60-70%=1.058µs(n=300)|70-80%=1.064µs(n=300)|80-90%=1.067µs(n=300)|90-100%=1.186µs(n=300)",2169,5752,0,0,"",0,0,0,0,0,0.00,0.00,0
avlhashtree,build_500k,0,500000,500000,1638734645,3277,"0-10%=2.408µs(n=50000)|10-20%=2.75µs(n=50000)|20-30%=2.929µs(n=50000)|30-40%=3.11µs(n=50000)|40-50%=3.339µs(n=50000)|50-60%=3.471µs(n=50000)|60-70%=3.361µs(n=50000)|70-80%=3.483µs(n=50000)|80-90%=3.902µs(n=50000)|90-100%=4.018µs(n=50000)",115.46,160.31,2542040,5604842,1120,"0-10%=791ns(n=500)|10-20%=902ns(n=500)|20-30%=1.064µs(n=500)|30-40%=1.041µs(n=500)|40-50%=1.1µs(n=500)|50-60%=1.153µs(n=500)|60-70%=1.261µs(n=500)|70-80%=1.254µs(n=500)|80-90%=1.344µs(n=500)|90-100%=1.294µs(n=500)",2256,5377,0,0,"",0,0,0,0,0,0.00,0.00,0
avlhashtree,build_700k,0,700000,700000,2449660740,3499,"0-10%=2.513µs(n=70000)|10-20%=2.86µs(n=70000)|20-30%=3.116µs(n=70000)|30-40%=3.301µs(n=70000)|40-50%=3.433µs(n=70000)|50-60%=3.527µs(n=70000)|60-70%=3.717µs(n=70000)|70-80%=4.184µs(n=70000)|80-90%=4.121µs(n=70000)|90-100%=4.217µs(n=70000)",179.17,224.42,4228185,9920782,1417,"0-10%=898ns(n=700)|10-20%=1.087µs(n=700)|20-30%=1.216µs(n=700)|30-40%=1.194µs(n=700)|40-50%=1.315µs(n=700)|50-60%=1.389µs(n=700)|60-70%=1.343µs(n=700)|70-80%=2.427µs(n=700)|80-90%=1.777µs(n=700)|90-100%=1.521µs(n=700)",2319,6300,0,0,"",0,0,0,0,0,0.00,0.00,0
avlhashtree,build_900k,0,900000,900000,3450590258,3833,"0-10%=2.56µs(n=90000)|10-20%=3.004µs(n=90000)|20-30%=3.151µs(n=90000)|30-40%=3.738µs(n=90000)|40-50%=3.738µs(n=90000)|50-60%=4.373µs(n=90000)|60-70%=4.512µs(n=90000)|70-80%=4.324µs(n=90000)|80-90%=4.3µs(n=90000)|90-100%=4.634µs(n=90000)",212.24,288.54,4744838,12285457,1365,"0-10%=941ns(n=900)|10-20%=1.186µs(n=900)|20-30%=1.274µs(n=900)|30-40%=1.324µs(n=900)|40-50%=1.351µs(n=900)|50-60%=1.424µs(n=900)|60-70%=1.497µs(n=900)|70-80%=1.48µs(n=900)|80-90%=1.566µs(n=900)|90-100%=1.603µs(n=900)",2361,5408,0,0,"",0,0,0,0,0,0.00,0.00,0
avlhashtree,build_1m,0,1000000,1000000,3898959877,3898,"0-10%=2.573µs(n=100000)|10-20%=3.028µs(n=100000)|20-30%=3.404µs(n=100000)|30-40%=3.611µs(n=100000)|40-50%=3.758µs(n=100000)|50-60%=4.501µs(n=100000)|60-70%=4.575µs(n=100000)|70-80%=4.289µs(n=100000)|80-90%=4.678µs(n=100000)|90-100%=4.568µs(n=100000)",241.60,320.60,5491784,14105310,1410,"0-10%=987ns(n=1000)|10-20%=1.225µs(n=1000)|20-30%=1.218µs(n=1000)|30-40%=1.38µs(n=1000)|40-50%=1.372µs(n=1000)|50-60%=1.482µs(n=1000)|60-70%=1.46µs(n=1000)|70-80%=1.546µs(n=1000)|80-90%=1.692µs(n=1000)|90-100%=1.737µs(n=1000)",2381,5278,0,0,"",0,0,0,0,0,0.00,0.00,0
avlhashtree,build_2m,0,2000000,2000000,8998233190,4499,"0-10%=2.863µs(n=200000)|10-20%=3.561µs(n=200000)|20-30%=4.376µs(n=200000)|30-40%=4.363µs(n=200000)|40-50%=4.628µs(n=200000)|50-60%=4.598µs(n=200000)|60-70%=5.103µs(n=200000)|70-80%=5.266µs(n=200000)|80-90%=5.099µs(n=200000)|90-100%=5.13µs(n=200000)",508.66,641.24,11953987,37516250,1875,"0-10%=1.183µs(n=2000)|10-20%=1.491µs(n=2000)|20-30%=1.599µs(n=2000)|30-40%=1.629µs(n=2000)|40-50%=1.742µs(n=2000)|50-60%=1.795µs(n=2000)|60-70%=1.861µs(n=2000)|70-80%=1.951µs(n=2000)|80-90%=3.221µs(n=2000)|90-100%=2.282µs(n=2000)",2494,6700,0,0,"",0,0,0,0,0,0.00,0.00,0
avlhashtree,build_5m,0,5000000,5000000,26586360692,5317,"0-10%=3.233µs(n=500000)|10-20%=4.256µs(n=500000)|20-30%=4.916µs(n=500000)|30-40%=5.298µs(n=500000)|40-50%=5.64µs(n=500000)|50-60%=5.738µs(n=500000)|60-70%=5.83µs(n=500000)|70-80%=6.037µs(n=500000)|80-90%=6.009µs(n=500000)|90-100%=6.211µs(n=500000)",1334.63,1603.11,32234975,148453160,2969,"0-10%=3.751µs(n=5000)|10-20%=2.221µs(n=5000)|20-30%=2.882µs(n=5000)|30-40%=2.968µs(n=5000)|40-50%=2.866µs(n=5000)|50-60%=2.946µs(n=5000)|60-70%=2.983µs(n=5000)|70-80%=2.925µs(n=5000)|80-90%=3.017µs(n=5000)|90-100%=3.126µs(n=5000)",2654,8845,0,0,"",0,0,0,0,0,0.00,0.00,0
avlhashtree,build_10m,0,10000000,10000000,61006244411,6100,"0-10%=3.757µs(n=1000000)|10-20%=5.142µs(n=1000000)|20-30%=5.535µs(n=1000000)|30-40%=5.966µs(n=1000000)|40-50%=6.133µs(n=1000000)|50-60%=6.564µs(n=1000000)|60-70%=6.707µs(n=1000000)|70-80%=6.934µs(n=1000000)|80-90%=7.203µs(n=1000000)|90-100%=7.061µs(n=1000000)",2416.56,3206.39,54799107,313587200,3135,"0-10%=2.345µs(n=10000)|10-20%=2.883µs(n=10000)|20-30%=2.911µs(n=10000)|30-40%=3.143µs(n=10000)|40-50%=3.208µs(n=10000)|50-60%=3.316µs(n=10000)|60-70%=3.166µs(n=10000)|70-80%=3.322µs(n=10000)|80-90%=3.416µs(n=10000)|90-100%=3.644µs(n=10000)",2777,8367,0,0,"",0,0,0,0,0,0.00,0.00,0
avlhashtree,build_25m,0,25000000,25000000,181658499577,7266,"0-10%=4.703µs(n=2500000)|10-20%=6.051µs(n=2500000)|20-30%=6.668µs(n=2500000)|30-40%=7.122µs(n=2500000)|40-50%=7.49µs(n=2500000)|50-60%=7.905µs(n=2500000)|60-70%=7.907µs(n=2500000)|70-80%=8.101µs(n=2500000)|80-90%=8.264µs(n=2500000)|90-100%=8.448µs(n=2500000)",6674.09,8017.19,161190554,1010497296,4041,"0-10%=6.48µs(n=25000)|10-20%=2.944µs(n=25000)|20-30%=3.577µs(n=25000)|30-40%=3.721µs(n=25000)|40-50%=3.729µs(n=25000)|50-60%=3.786µs(n=25000)|60-70%=3.961µs(n=25000)|70-80%=3.952µs(n=25000)|80-90%=4.052µs(n=25000)|90-100%=4.212µs(n=25000)",2935,10457,0,0,"",0,0,0,0,0,0.00,0.00,0
avlhashtree,prehashed_ordered_build_10k,0,10000,10000,19420240,1942,"0-10%=1.468µs(n=1000)|10-20%=1.687µs(n=1000)|20-30%=1.789µs(n=1000)|30-40%=1.76µs(n=1000)|40-50%=1.91µs(n=1000)|50-60%=1.934µs(n=1000)|60-70%=2.945µs(n=1000)|70-80%=1.894µs(n=1000)|80-90%=2.016µs(n=1000)|90-100%=2.011µs(n=1000)",2.21,2.61,60396,36221,362,"0-10%=595ns(n=10)|10-20%=293ns(n=10)|20-30%=396ns(n=10)|30-40%=336ns(n=10)|40-50%=338ns(n=10)|50-60%=314ns(n=10)|60-70%=343ns(n=10)|70-80%=297ns(n=10)|80-90%=339ns(n=10)|90-100%=365ns(n=10)",1566,2955,0,0,"",0,0,0,0,0,0.00,0.00,0
avlhashtree,prehashed_ordered_build_50k,0,50000,50000,107343847,2146,"0-10%=1.811µs(n=5000)|10-20%=1.93µs(n=5000)|20-30%=2.01µs(n=5000)|30-40%=2.287µs(n=5000)|40-50%=2.124µs(n=5000)|50-60%=2.139µs(n=5000)|60-70%=2.175µs(n=5000)|70-80%=2.244µs(n=5000)|80-90%=2.493µs(n=5000)|90-100%=2.251µs(n=5000)",10.28,13.01,265784,218567,437,"0-10%=432ns(n=50)|10-20%=414ns(n=50)|20-30%=418ns(n=50)|30-40%=380ns(n=50)|40-50%=403ns(n=50)|50-60%=368ns(n=50)|60-70%=656ns(n=50)|70-80%=423ns(n=50)|80-90%=360ns(n=50)|90-100%=513ns(n=50)",1834,3828,0,0,"",0,0,0,0,0,0.00,0.00,0
avlhashtree,prehashed_ordered_build_100k,0,100000,100000,222946421,2229,"0-10%=1.905µs(n=10000)|10-20%=2.041µs(n=10000)|20-30%=2.146µs(n=10000)|30-40%=2.274µs(n=10000)|40-50%=2.214µs(n=10000)|50-60%=2.228µs(n=10000)|60-70%=2.281µs(n=10000)|70-80%=2.498µs(n=10000)|80-90%=2.359µs(n=10000)|90-100%=2.342µs(n=10000)",21.19,25.98,556724,551120,551,"0-10%=434ns(n=100)|10-20%=445ns(n=100)|20-30%=522ns(n=100)|30-40%=569ns(n=100)|40-50%=701ns(n=100)|50-60%=495ns(n=100)|60-70%=467ns(n=100)|70-80%=443ns(n=100)|80-90%=644ns(n=100)|90-100%=786ns(n=100)",1947,4188,0,0,"",0,0,0,0,0,0.00,0.00,0
avlhashtree,prehashed_ordered_build_200k,0,200000,200000,470006508,2350,"0-10%=1.923µs(n=20000)|10-20%=2.199µs(n=20000)|20-30%=2.233µs(n=20000)|30-40%=2.352µs(n=20000)|40-50%=2.448µs(n=20000)|50-60%=2.39µs(n=20000)|60-70%=2.435µs(n=20000)|70-80%=2.505µs(n=20000)|80-90%=2.505µs(n=20000)|90-100%=2.506µs(n=20000)",45.76,51.92,1251960,1339922,669,"0-10%=549ns(n=200)|10-20%=681ns(n=200)|20-30%=702ns(n=200)|30-40%=1.746µs(n=200)|40-50%=472ns(n=200)|50-60%=526ns(n=200)|60-70%=552ns(n=200)|70-80%=498ns(n=200)|80-90%=456ns(n=200)|90-100%=514ns(n=200)",2071,5058,0,0,"",0,0,0,0,0,0.00,0.00,0
avlhashtree,prehashed_ordered_build_300k,0,300000,300000,733264585,2444,"0-10%=2.04µs(n=30000)|10-20%=2.311µs(n=30000)|20-30%=2.375µs(n=30000)|30-40%=2.393µs(n=30000)|40-50%=2.535µs(n=30000)|50-60%=2.506µs(n=30000)|60-70%=2.504µs(n=30000)|70-80%=2.493µs(n=30000)|80-90%=2.518µs(n=30000)|90-100%=2.761µs(n=30000)",60.70,77.87,1551005,2293413,764,"0-10%=560ns(n=300)|10-20%=646ns(n=300)|20-30%=752ns(n=300)|30-40%=788ns(n=300)|40-50%=773ns(n=300)|50-60%=938ns(n=300)|60-70%=784ns(n=300)|70-80%=827ns(n=300)|80-90%=743ns(n=300)|90-100%=829ns(n=300)",2135,4685,0,0,"",0,0,0,0,0,0.00,0.00,0
avlhashtree,prehashed_ordered_build_500k,0,500000,500000,1284215889,2568,"0-10%=2.131µs(n=50000)|10-20%=2.378µs(n=50000)|20-30%=2.432µs(n=50000)|30-40%=2.502µs(n=50000)|40-50%=2.577µs(n=50000)|50-60%=2.746µs(n=50000)|60-70%=2.673µs(n=50000)|70-80%=2.716µs(n=50000)|80-90%=2.711µs(n=50000)|90-100%=2.814µs(n=50000)",99.81,129.76,2530341,5104068,1020,"0-10%=777ns(n=500)|10-20%=871ns(n=500)|20-30%=1.165µs(n=500)|30-40%=944ns(n=500)|40-50%=1.021µs(n=500)|50-60%=954ns(n=500)|60-70%=1.096µs(n=500)|70-80%=1.162µs(n=500)|80-90%=1.164µs(n=500)|90-100%=1.049µs(n=500)",2219,4957,0,0,"",0,0,0,0,0,0.00,0.00,0
avlhashtree,prehashed_ordered_build_700k,0,700000,700000,1846333385,2637,"0-10%=2.219µs(n=70000)|10-20%=2.487µs(n=70000)|20-30%=2.562µs(n=70000)|30-40%=2.596µs(n=70000)|40-50%=2.798µs(n=70000)|50-60%=2.68µs(n=70000)|60-70%=2.668µs(n=70000)|70-80%=2.716µs(n=70000)|80-90%=2.758µs(n=70000)|90-100%=2.887µs(n=70000)",139.98,181.67,3551317,8135022,1162,"0-10%=1.103µs(n=700)|10-20%=1.154µs(n=700)|20-30%=1.249µs(n=700)|30-40%=1.176µs(n=700)|40-50%=1.17µs(n=700)|50-60%=1.15µs(n=700)|60-70%=1.269µs(n=700)|70-80%=1.147µs(n=700)|80-90%=1.052µs(n=700)|90-100%=1.148µs(n=700)",2285,4977,0,0,"",0,0,0,0,0,0.00,0.00,0
avlhashtree,prehashed_ordered_build_900k,0,900000,900000,2431244876,2701,"0-10%=2.234µs(n=90000)|10-20%=2.55µs(n=90000)|20-30%=2.571µs(n=90000)|30-40%=2.683µs(n=90000)|40-50%=2.783µs(n=90000)|50-60%=2.788µs(n=90000)|60-70%=2.871µs(n=90000)|70-80%=2.783µs(n=90000)|80-90%=2.774µs(n=90000)|90-100%=2.972µs(n=90000)",180.39,233.58,4584821,12501673,1389,"0-10%=1.604µs(n=900)|10-20%=1.493µs(n=900)|20-30%=1.293µs(n=900)|30-40%=1.327µs(n=900)|40-50%=1.417µs(n=900)|50-60%=1.392µs(n=900)|60-70%=1.356µs(n=900)|70-80%=1.369µs(n=900)|80-90%=1.371µs(n=900)|90-100%=1.264µs(n=900)",2327,5316,0,0,"",0,0,0,0,0,0.00,0.00,0
avlhashtree,prehashed_ordered_build_1m,0,1000000,1000000,2744306579,2744,"0-10%=2.299µs(n=100000)|10-20%=2.596µs(n=100000)|20-30%=2.693µs(n=100000)|30-40%=2.778µs(n=100000)|40-50%=2.778µs(n=100000)|50-60%=2.942µs(n=100000)|60-70%=2.802µs(n=100000)|70-80%=2.785µs(n=100000)|80-90%=2.8µs(n=100000)|90-100%=2.966µs(n=100000)",200.50,259.52,5095893,13605846,1360,"0-10%=1.284µs(n=1000)|10-20%=1.403µs(n=1000)|20-30%=1.415µs(n=1000)|30-40%=1.466µs(n=1000)|40-50%=1.483µs(n=1000)|50-60%=1.296µs(n=1000)|60-70%=1.357µs(n=1000)|70-80%=1.399µs(n=1000)|80-90%=1.25µs(n=1000)|90-100%=1.248µs(n=1000)",2340,5179,0,0,"",0,0,0,0,0,0.00,0.00,0
avlhashtree,prehashed_ordered_build_2m,0,2000000,2000000,5704166079,2852,"0-10%=2.447µs(n=200000)|10-20%=2.695µs(n=200000)|20-30%=2.743µs(n=200000)|30-40%=2.839µs(n=200000)|40-50%=2.889µs(n=200000)|50-60%=2.935µs(n=200000)|60-70%=2.975µs(n=200000)|70-80%=2.948µs(n=200000)|80-90%=2.948µs(n=200000)|90-100%=3.097µs(n=200000)",405.30,519.01,10367895,29989347,1499,"0-10%=1.568µs(n=2000)|10-20%=1.488µs(n=2000)|20-30%=1.412µs(n=2000)|30-40%=1.44µs(n=2000)|40-50%=1.466µs(n=2000)|50-60%=1.505µs(n=2000)|60-70%=1.473µs(n=2000)|70-80%=1.498µs(n=2000)|80-90%=1.567µs(n=2000)|90-100%=1.575µs(n=2000)",2457,5371,0,0,"",0,0,0,0,0,0.00,0.00,0
avlhashtree,prehashed_ordered_build_5m,0,5000000,5000000,15182236933,3036,"0-10%=2.655µs(n=500000)|10-20%=2.922µs(n=500000)|20-30%=2.983µs(n=500000)|30-40%=3.032µs(n=500000)|40-50%=3.192µs(n=500000)|50-60%=3.052µs(n=500000)|60-70%=3.051µs(n=500000)|70-80%=3.051µs(n=500000)|80-90%=3.111µs(n=500000)|90-100%=3.311µs(n=500000)",1004.87,1297.46,25564727,75297307,1505,"0-10%=1.482µs(n=5000)|10-20%=1.529µs(n=5000)|20-30%=1.534µs(n=5000)|30-40%=1.506µs(n=5000)|40-50%=1.502µs(n=5000)|50-60%=1.503µs(n=5000)|60-70%=1.482µs(n=5000)|70-80%=1.488µs(n=5000)|80-90%=1.511µs(n=5000)|90-100%=1.519µs(n=5000)",2622,5547,0,0,"",0,0,0,0,0,0.00,0.00,0
avlhashtree,prehashed_ordered_build_10m,0,10000000,10000000,31278369778,3127,"0-10%=2.726µs(n=1000000)|10-20%=2.976µs(n=1000000)|20-30%=3.059µs(n=1000000)|30-40%=3.077µs(n=1000000)|40-50%=3.241µs(n=1000000)|50-60%=3.21µs(n=1000000)|60-70%=3.164µs(n=1000000)|70-80%=3.184µs(n=1000000)|80-90%=3.228µs(n=1000000)|90-100%=3.408µs(n=1000000)",1996.14,2594.85,50573943,154566010,1545,"0-10%=1.506µs(n=10000)|10-20%=1.538µs(n=10000)|20-30%=1.553µs(n=10000)|30-40%=1.516µs(n=10000)|40-50%=1.566µs(n=10000)|50-60%=1.56µs(n=10000)|60-70%=1.549µs(n=10000)|70-80%=1.538µs(n=10000)|80-90%=1.543µs(n=10000)|90-100%=1.583µs(n=10000)",2742,5974,0,0,"",0,0,0,0,0,0.00,0.00,0
avlhashtree,prehashed_ordered_build_25m,0,15000000,15000000,47915755953,3194,"0-10%=2.817µs(n=1500000)|10-20%=3.052µs(n=1500000)|20-30%=3.099µs(n=1500000)|30-40%=3.215µs(n=1500000)|40-50%=3.243µs(n=1500000)|50-60%=3.206µs(n=1500000)|60-70%=3.278µs(n=1500000)|70-80%=3.294µs(n=1500000)|80-90%=3.315µs(n=1500000)|90-100%=3.419µs(n=1500000)",2987.68,3892.12,75643723,243881438,1625,"0-10%=1.528µs(n=15000)|10-20%=1.513µs(n=15000)|20-30%=1.551µs(n=15000)|30-40%=1.56µs(n=15000)|40-50%=1.59µs(n=15000)|50-60%=1.537µs(n=15000)|60-70%=1.575µs(n=15000)|70-80%=1.573µs(n=15000)|80-90%=1.902µs(n=15000)|90-100%=1.925µs(n=15000)",2807,6476,0,0,"",0,0,0,0,0,0.00,0.00,0
avlhashtree,insert_only_build_10k,0,10000,10000,21192108,2119,"0-10%=1.594µs(n=1000)|10-20%=1.873µs(n=1000)|20-30%=1.971µs(n=1000)|30-40%=2.003µs(n=1000)|40-50%=2.027µs(n=1000)|50-60%=2.164µs(n=1000)|60-70%=3.044µs(n=1000)|70-80%=2.155µs(n=1000)|80-90%=2.219µs(n=1000)|90-100%=2.136µs(n=1000)",2.59,3.22,62566,0,0,"",0,0,0,0,"",0,0,0,0,0,0.00,0.00,0
avlhashtree,insert_only_build_50k,0,50000,50000,122057149,2441,"0-10%=1.846µs(n=5000)|10-20%=2.301µs(n=5000)|20-30%=2.217µs(n=5000)|30-40%=2.605µs(n=5000)|40-50%=2.472µs(n=5000)|50-60%=2.545µs(n=5000)|60-70%=2.798µs(n=5000)|70-80%=2.518µs(n=5000)|80-90%=2.523µs(n=5000)|90-100%=2.581µs(n=5000)",13.07,16.06,312409,0,0,"",0,0,0,0,"",0,0,0,0,0,0.00,0.00,0
avlhashtree,insert_only_build_100k,0,100000,100000,264119001,2641,"0-10%=2.156µs(n=10000)|10-20%=2.397µs(n=10000)|20-30%=2.464µs(n=10000)|30-40%=2.658µs(n=10000)|40-50%=2.57µs(n=10000)|50-60%=2.795µs(n=10000)|60-70%=2.775µs(n=10000)|70-80%=2.801µs(n=10000)|80-90%=2.865µs(n=10000)|90-100%=2.926µs(n=10000)",26.66,32.08,644699,0,0,"",0,0,0,0,"",0,0,0,0,0,0.00,0.00,0
avlhashtree,insert_only_build_200k,0,200000,200000,568960183,2844,"0-10%=2.251µs(n=20000)|10-20%=2.566µs(n=20000)|20-30%=2.67µs(n=20000)|30-40%=2.682µs(n=20000)|40-50%=2.801µs(n=20000)|50-60%=2.992µs(n=20000)|60-70%=2.985µs(n=20000)|70-80%=3.058µs(n=20000)|80-90%=3.135µs(n=20000)|90-100%=3.302µs(n=20000)",47.62,64.14,1070705,0,0,"",0,0,0,0,"",0,0,0,0,0,0.00,0.00,0
avlhashtree,insert_only_build_300k,0,300000,300000,878211018,2927,"0-10%=2.27µs(n=30000)|10-20%=2.611µs(n=30000)|20-30%=2.657µs(n=30000)|30-40%=2.868µs(n=30000)|40-50%=2.918µs(n=30000)|50-60%=3.081µs(n=30000)|60-70%=3.064µs(n=30000)|70-80%=3.16µs(n=30000)|80-90%=3.287µs(n=30000)|90-100%=3.352µs(n=30000)",79.72,96.19,1922260,0,0,"",0,0,0,0,"",0,0,0,0,0,0.00,0.00,0
avlhashtree,insert_only_build_500k,0,500000,500000,1634978327,3269,"0-10%=2.468µs(n=50000)|10-20%=2.775µs(n=50000)|20-30%=3.003µs(n=50000)|30-40%=3.145µs(n=50000)|40-50%=3.304µs(n=50000)|50-60%=3.462µs(n=50000)|60-70%=3.462µs(n=50000)|70-80%=3.559µs(n=50000)|80-90%=3.704µs(n=50000)|90-100%=3.813µs(n=50000)",133.12,160.31,3212758,0,0,"",0,0,0,0,"",0,0,0,0,0,0.00,0.00,0
avlhashtree,insert_only_build_700k,0,700000,700000,2443306850,3490,"0-10%=2.493µs(n=70000)|10-20%=2.837µs(n=70000)|20-30%=3.098µs(n=70000)|30-40%=3.309µs(n=70000)|40-50%=3.554µs(n=70000)|50-60%=3.616µs(n=70000)|60-70%=3.768µs(n=70000)|70-80%=4.094µs(n=70000)|80-90%=4.01µs(n=70000)|90-100%=4.121µs(n=70000)",177.53,224.43,4159459,0,0,"",0,0,0,0,"",0,0,0,0,0,0.00,0.00,0
avlhashtree,insert_only_build_900k,0,900000,900000,3397610630,3775,"0-10%=2.565µs(n=90000)|10-20%=3.021µs(n=90000)|20-30%=3.298µs(n=90000)|30-40%=3.596µs(n=90000)|40-50%=3.733µs(n=90000)|50-60%=4.108µs(n=90000)|60-70%=4.159µs(n=90000)|70-80%=4.233µs(n=90000)|80-90%=4.363µs(n=90000)|90-100%=4.67µs(n=90000)",207.49,288.54,4554206,0,0,"",0,0,0,0,"",0,0,0,0,0,0.00,0.00,0
avlhashtree,insert_only_build_1m,0,1000000,1000000,3800567681,3800,"0-10%=2.643µs(n=100000)|10-20%=3.036µs(n=100000)|20-30%=3.246µs(n=100000)|30-40%=3.623µs(n=100000)|40-50%=3.796µs(n=100000)|50-60%=4.11µs(n=100000)|60-70%=4.141µs(n=100000)|70-80%=4.202µs(n=100000)|80-90%=4.507µs(n=100000)|90-100%=4.696µs(n=100000)",239.15,320.60,5388933,0,0,"",0,0,0,0,"",0,0,0,0,0,0.00,0.00,0
avlhashtree,insert_only_build_2m,0,2000000,2000000,8842869754,4421,"0-10%=2.875µs(n=200000)|10-20%=3.448µs(n=200000)|20-30%=3.997µs(n=200000)|30-40%=4.196µs(n=200000)|40-50%=4.664µs(n=200000)|50-60%=4.687µs(n=200000)|60-70%=4.792µs(n=200000)|70-80%=5.198µs(n=200000)|80-90%=5.139µs(n=200000)|90-100%=5.214µs(n=200000)",503.61,641.23,11741900,0,0,"",0,0,0,0,"",0,0,0,0,0,0.00,0.00,0
avlhashtree,insert_only_build_5m,0,5000000,5000000,26826609152,5365,"0-10%=3.283µs(n=500000)|10-20%=4.345µs(n=500000)|20-30%=4.735µs(n=500000)|30-40%=5.301µs(n=500000)|40-50%=5.4µs(n=500000)|50-60%=5.91µs(n=500000)|60-70%=5.95µs(n=500000)|70-80%=6.11µs(n=500000)|80-90%=6.323µs(n=500000)|90-100%=6.292µs(n=500000)",1200.05,1603.12,27096342,0,0,"",0,0,0,0,"",0,0,0,0,0,0.00,0.00,0
avlhashtree,insert_only_build_10m,0,10000000,10000000,60347260951,6034,"0-10%=3.826µs(n=1000000)|10-20%=5.048µs(n=1000000)|20-30%=5.651µs(n=1000000)|30-40%=5.895µs(n=1000000)|40-50%=6.281µs(n=1000000)|50-60%=6.322µs(n=1000000)|60-70%=6.613µs(n=1000000)|70-80%=6.945µs(n=1000000)|80-90%=6.818µs(n=1000000)|90-100%=6.944µs(n=1000000)",2516.50,3206.40,58634091,0,0,"",0,0,0,0,"",0,0,0,0,0,0.00,0.00,0
avlhashtree,insert_only_build_25m,0,25000000,25000000,177332117686,7093,"0-10%=4.599µs(n=2500000)|10-20%=6.02µs(n=2500000)|20-30%=6.581µs(n=2500000)|30-40%=6.918µs(n=2500000)|40-50%=7.124µs(n=2500000)|50-60%=7.581µs(n=2500000)|60-70%=7.611µs(n=2500000)|70-80%=7.859µs(n=2500000)|80-90%=8.399µs(n=2500000)|90-100%=8.235µs(n=2500000)",6049.70,8017.16,137304601,0,0,"",0,0,0,0,"",0,0,0,0,0,0.00,0.00,0
avlhashtree,proof_only_after_10k_build_sample_5pct,10000,10000,0,0,0,"",0.00,0.00,0,309822,619,"0-10%=466ns(n=50)|10-20%=508ns(n=50)|20-30%=425ns(n=50)|30-40%=620ns(n=50)|40-50%=569ns(n=50)|50-60%=1.505µs(n=50)|60-70%=525ns(n=50)|70-80%=537ns(n=50)|80-90%=512ns(n=50)|90-100%=525ns(n=50)",1568,3887,0,0,"",0,0,0,0,0,0.00,0.00,0
avlhashtree,proof_only_after_50k_build_sample_5pct,50000,50000,0,0,0,"",0.00,0.00,0,1817883,727,"0-10%=564ns(n=250)|10-20%=523ns(n=250)|20-30%=546ns(n=250)|30-40%=787ns(n=250)|40-50%=555ns(n=250)|50-60%=543ns(n=250)|60-70%=1.662µs(n=250)|70-80%=693ns(n=250)|80-90%=692ns(n=250)|90-100%=702ns(n=250)",1859,4222,0,0,"",0,0,0,0,0,0.00,0.00,0
avlhashtree,proof_only_after_100k_build_sample_5pct,100000,100000,0,0,0,"",0.00,0.00,0,3581428,716,"0-10%=587ns(n=500)|10-20%=598ns(n=500)|20-30%=668ns(n=500)|30-40%=663ns(n=500)|40-50%=695ns(n=500)|50-60%=735ns(n=500)|60-70%=1.171µs(n=500)|70-80%=694ns(n=500)|80-90%=659ns(n=500)|90-100%=688ns(n=500)",1978,4457,0,0,"",0,0,0,0,0,0.00,0.00,0
avlhashtree,proof_only_after_200k_build_sample_5pct,200000,200000,0,0,0,"",0.00,0.00,0,9221234,922,"0-10%=710ns(n=1000)|10-20%=832ns(n=1000)|20-30%=897ns(n=1000)|30-40%=896ns(n=1000)|40-50%=1.05µs(n=1000)|50-60%=1.299µs(n=1000)|60-70%=872ns(n=1000)|70-80%=859ns(n=1000)|80-90%=907ns(n=1000)|90-100%=893ns(n=1000)",2103,4906,0,0,"",0,0,0,0,0,0.00,0.00,0
avlhashtree,proof_only_after_300k_build_sample_5pct,300000,300000,0,0,0,"",0.00,0.00,0,17929603,1195,"0-10%=825ns(n=1500)|10-20%=1.029µs(n=1500)|20-30%=1.084µs(n=1500)|30-40%=1.21µs(n=1500)|40-50%=1.297µs(n=1500)|50-60%=1.594µs(n=1500)|60-70%=1.078µs(n=1500)|70-80%=1.054µs(n=1500)|80-90%=1.136µs(n=1500)|90-100%=1.641µs(n=1500)",2170,5084,0,0,"",0,0,0,0,0,0.00,0.00,0
avlhashtree,proof_only_after_500k_build_sample_5pct,500000,500000,0,0,0,"",0.00,0.00,0,34423613,1376,"0-10%=1.083µs(n=2500)|10-20%=1.19µs(n=2500)|20-30%=1.268µs(n=2500)|30-40%=1.348µs(n=2500)|40-50%=1.356µs(n=2500)|50-60%=1.756µs(n=2500)|60-70%=1.403µs(n=2500)|70-80%=1.366µs(n=2500)|80-90%=1.418µs(n=2500)|90-100%=1.577µs(n=2500)",2257,5343,0,0,"",0,0,0,0,0,0.00,0.00,0
avlhashtree,proof_only_after_700k_build_sample_5pct,700000,700000,0,0,0,"",0.00,0.00,0,54326156,1552,"0-10%=1.294µs(n=3500)|10-20%=1.431µs(n=3500)|20-30%=1.462µs(n=3500)|30-40%=1.547µs(n=3500)|40-50%=1.575µs(n=3500)|50-60%=1.976µs(n=3500)|60-70%=1.538µs(n=3500)|70-80%=1.479µs(n=3500)|80-90%=1.596µs(n=3500)|90-100%=1.617µs(n=3500)",2318,5400,0,0,"",0,0,0,0,0,0.00,0.00,0
avlhashtree,proof_only_after_900k_build_sample_5pct,900000,900000,0,0,0,"",0.00,0.00,0,74994812,1666,"0-10%=1.291µs(n=4500)|10-20%=1.444µs(n=4500)|20-30%=1.552µs(n=4500)|30-40%=1.565µs(n=4500)|40-50%=1.64µs(n=4500)|50-60%=1.946µs(n=4500)|60-70%=1.669µs(n=4500)|70-80%=1.803µs(n=4500)|80-90%=1.889µs(n=4500)|90-100%=1.861µs(n=4500)",2364,5651,0,0,"",0,0,0,0,0,0.00,0.00,0
avlhashtree,proof_only_after_1m_build_sample_5pct,1000000,1000000,0,0,0,"",0.00,0.00,0,85077256,1701,"0-10%=1.373µs(n=5000)|10-20%=1.531µs(n=5000)|20-30%=1.623µs(n=5000)|30-40%=1.606µs(n=5000)|40-50%=1.729µs(n=5000)|50-60%=1.992µs(n=5000)|60-70%=1.661µs(n=5000)|70-80%=1.733µs(n=5000)|80-90%=1.875µs(n=5000)|90-100%=1.887µs(n=5000)",2382,5669,0,0,"",0,0,0,0,0,0.00,0.00,0
avlhashtree,prehashed_ordered_proof_only_after_1m_build_sample_5pct,1000000,1000000,0,0,0,"",0.00,0.00,0,48887240,977,"0-10%=929ns(n=5000)|10-20%=1.025µs(n=5000)|20-30%=1.008µs(n=5000)|30-40%=1.029µs(n=5000)|40-50%=1.006µs(n=5000)|50-60%=1.205µs(n=5000)|60-70%=924ns(n=5000)|70-80%=899ns(n=5000)|80-90%=833ns(n=5000)|90-100%=913ns(n=5000)",2340,5162,0,0,"",0,0,0,0,0,0.00,0.00,0
avlhashtree,proof_only_after_2m_build_sample_3pct,2000000,2000000,0,0,0,"",0.00,0.00,0,123419839,2056,"0-10%=1.758µs(n=6000)|10-20%=1.894µs(n=6000)|20-30%=1.963µs(n=6000)|30-40%=1.952µs(n=6000)|40-50%=2.004µs(n=6000)|50-60%=1.95µs(n=6000)|60-70%=2.013µs(n=6000)|70-80%=2.076µs(n=6000)|80-90%=2.757µs(n=6000)|90-100%=2.2µs(n=6000)",2493,6284,0,0,"",0,0,0,0,0,0.00,0.00,0
avlhashtree,proof_only_after_5m_build_sample_3pct,5000000,5000000,0,0,0,"",0.00,0.00,0,359075681,2393,"0-10%=2.077µs(n=15000)|10-20%=2.179µs(n=15000)|20-30%=2.228µs(n=15000)|30-40%=2.307µs(n=15000)|40-50%=2.276µs(n=15000)|50-60%=2.395µs(n=15000)|60-70%=2.325µs(n=15000)|70-80%=2.368µs(n=15000)|80-90%=3.182µs(n=15000)|90-100%=2.597µs(n=15000)",2654,6658,0,0,"",0,0,0,0,0,0.00,0.00,0
avlhashtree,prehashed_ordered_proof_only_after_5m_build_sample_3pct,5000000,5000000,0,0,0,"",0.00,0.00,0,189464894,1263,"0-10%=1.17µs(n=15000)|10-20%=1.256µs(n=15000)|20-30%=1.275µs(n=15000)|30-40%=1.253µs(n=15000)|40-50%=1.234µs(n=15000)|50-60%=1.222µs(n=15000)|60-70%=1.233µs(n=15000)|70-80%=1.237µs(n=15000)|80-90%=1.546µs(n=15000)|90-100%=1.2µs(n=15000)",2622,6180,0,0,"",0,0,0,0,0,0.00,0.00,0
avlhashtree,proof_only_after_10m_build_sample_2pct,10000000,10000000,0,0,0,"",0.00,0.00,0,511141557,2555,"0-10%=2.294µs(n=20000)|10-20%=2.412µs(n=20000)|20-30%=2.411µs(n=20000)|30-40%=2.511µs(n=20000)|40-50%=2.503µs(n=20000)|50-60%=2.595µs(n=20000)|60-70%=2.558µs(n=20000)|70-80%=2.628µs(n=20000)|80-90%=2.722µs(n=20000)|90-100%=2.918µs(n=20000)",2775,6462,0,0,"",0,0,0,0,0,0.00,0.00,0
avlhashtree,proof_only_after_20m_build_sample_2pct,20000000,20000000,0,0,0,"",0.00,0.00,0,1415520474,3538,"0-10%=2.772µs(n=40000)|10-20%=3.373µs(n=40000)|20-30%=3.452µs(n=40000)|30-40%=3.452µs(n=40000)|40-50%=3.466µs(n=40000)|50-60%=3.634µs(n=40000)|60-70%=3.647µs(n=40000)|70-80%=3.688µs(n=40000)|80-90%=3.873µs(n=40000)|90-100%=4.025µs(n=40000)",2897,8587,0,0,"",0,0,0,0,0,0.00,0.00,0
avlhashtree,build_10k_then_add_2k_new,10000,12000,2000,4431100,2215,"0-10%=2.426µs(n=200)|10-20%=2.347µs(n=200)|20-30%=2.126µs(n=200)|30-40%=2.23µs(n=200)|40-50%=2.144µs(n=200)|50-60%=2.128µs(n=200)|60-70%=2.205µs(n=200)|70-80%=2.229µs(n=200)|80-90%=2.186µs(n=200)|90-100%=2.126µs(n=200)",0.65,0.65,67840,0,0,"",0,0,0,0,"",0,0,0,0,0,0.00,0.00,0
avlhashtree,build_50k_then_add_10k_new,50000,60000,10000,27207480,2720,"0-10%=2.906µs(n=1000)|10-20%=2.913µs(n=1000)|20-30%=2.643µs(n=1000)|30-40%=2.61µs(n=1000)|40-50%=2.776µs(n=1000)|50-60%=2.562µs(n=1000)|60-70%=2.798µs(n=1000)|70-80%=2.643µs(n=1000)|80-90%=2.717µs(n=1000)|90-100%=2.634µs(n=1000)",3.22,3.22,335845,0,0,"",0,0,0,0,"",0,0,0,0,0,0.00,0.00,0
avlhashtree,build_100k_then_add_20k_new,100000,120000,20000,59499874,2974,"0-10%=3.181µs(n=2000)|10-20%=3.057µs(n=2000)|20-30%=2.964µs(n=2000)|30-40%=2.985µs(n=2000)|40-50%=2.919µs(n=2000)|50-60%=2.943µs(n=2000)|60-70%=2.922µs(n=2000)|70-80%=2.878µs(n=2000)|80-90%=2.96µs(n=2000)|90-100%=2.937µs(n=2000)",6.42,6.42,670841,0,0,"",0,0,0,0,"",0,0,0,0,0,0.00,0.00,0
avlhashtree,build_200k_then_add_40k_new,200000,240000,40000,129858300,3246,"0-10%=3.381µs(n=4000)|10-20%=3.271µs(n=4000)|20-30%=3.252µs(n=4000)|30-40%=3.199µs(n=4000)|40-50%=3.231µs(n=4000)|50-60%=3.211µs(n=4000)|60-70%=3.22µs(n=4000)|70-80%=3.246µs(n=4000)|80-90%=3.224µs(n=4000)|90-100%=3.224µs(n=4000)",12.85,12.85,1340857,0,0,"",0,0,0,0,"",0,0,0,0,0,0.00,0.00,0
avlhashtree,build_300k_then_add_60k_new,300000,360000,60000,223249217,3720,"0-10%=4.193µs(n=6000)|10-20%=3.815µs(n=6000)|20-30%=3.669µs(n=6000)|30-40%=3.64µs(n=6000)|40-50%=3.636µs(n=6000)|50-60%=3.677µs(n=6000)|60-70%=3.647µs(n=6000)|70-80%=3.648µs(n=6000)|80-90%=3.649µs(n=6000)|90-100%=3.629µs(n=6000)",19.26,19.26,2010865,0,0,"",0,0,0,0,"",0,0,0,0,0,0.00,0.00,0
avlhashtree,build_500k_then_add_100k_new,500000,600000,100000,418065887,4180,"0-10%=4.634µs(n=10000)|10-20%=4.156µs(n=10000)|20-30%=4.134µs(n=10000)|30-40%=4.116µs(n=10000)|40-50%=4.121µs(n=10000)|50-60%=4.122µs(n=10000)|60-70%=4.107µs(n=10000)|70-80%=4.127µs(n=10000)|80-90%=4.149µs(n=10000)|90-100%=4.137µs(n=10000)",32.08,32.08,3350868,0,0,"",0,0,0,0,"",0,0,0,0,0,0.00,0.00,0
avlhashtree,build_700k_then_add_140k_new,700000,840000,140000,654106900,4672,"0-10%=5.143µs(n=14000)|10-20%=4.846µs(n=14000)|20-30%=4.57µs(n=14000)|30-40%=4.48µs(n=14000)|40-50%=4.489µs(n=14000)|50-60%=4.98µs(n=14000)|60-70%=4.605µs(n=14000)|70-80%=4.556µs(n=14000)|80-90%=4.533µs(n=14000)|90-100%=4.514µs(n=14000)",44.90,44.90,4690883,0,0,"",0,0,0,0,"",0,0,0,0,0,0.00,0.00,0
avlhashtree,build_900k_then_add_180k_new,900000,1080000,180000,898274898,4990,"0-10%=5.938µs(n=18000)|10-20%=5.144µs(n=18000)|20-30%=4.778µs(n=18000)|30-40%=4.635µs(n=18000)|40-50%=4.604µs(n=18000)|50-60%=4.565µs(n=18000)|60-70%=4.804µs(n=18000)|70-80%=5.222µs(n=18000)|80-90%=5.122µs(n=18000)|90-100%=5.087µs(n=18000)",57.73,57.73,6030888,0,0,"",0,0,0,0,"",0,0,0,0,0,0.00,0.00,0
avlhashtree,build_1m_then_add_200k_new,1000000,1200000,200000,995983793,4979,"0-10%=5.574µs(n=20000)|10-20%=5.222µs(n=20000)|20-30%=5.07µs(n=20000)|30-40%=4.842µs(n=20000)|40-50%=4.818µs(n=20000)|50-60%=4.811µs(n=20000)|60-70%=4.829µs(n=20000)|70-80%=4.833µs(n=20000)|80-90%=4.901µs(n=20000)|90-100%=4.893µs(n=20000)",64.14,64.14,6700895,0,0,"",0,0,0,0,"",0,0,0,0,0,0.00,0.00,0
avlhashtree,build_2m_then_add_400k_new,2000000,2400000,400000,2207484095,5518,"0-10%=6.112µs(n=40000)|10-20%=5.702µs(n=40000)|20-30%=5.47µs(n=40000)|30-40%=5.509µs(n=40000)|40-50%=5.399µs(n=40000)|50-60%=5.358µs(n=40000)|60-70%=5.372µs(n=40000)|70-80%=5.384µs(n=40000)|80-90%=5.423µs(n=40000)|90-100%=5.453µs(n=40000)",128.27,128.27,13400910,0,0,"",0,0,0,0,"",0,0,0,0,0,0.00,0.00,0
avlhashtree,build_5m_then_add_1m_new,5000000,6000000,1000000,6491742560,6491,"0-10%=6.865µs(n=100000)|10-20%=6.572µs(n=100000)|20-30%=6.57µs(n=100000)|30-40%=6.344µs(n=100000)|40-50%=6.388µs(n=100000)|50-60%=6.401µs(n=100000)|60-70%=6.471µs(n=100000)|70-80%=6.397µs(n=100000)|80-90%=6.439µs(n=100000)|90-100%=6.467µs(n=100000)",320.67,320.67,33500942,0,0,"",0,0,0,0,"",0,0,0,0,0,0.00,0.00,0
avlhashtree,build_10m_then_add_2m_new,10000000,12000000,2000000,14633279799,7316,"0-10%=7.61µs(n=200000)|10-20%=7.443µs(n=200000)|20-30%=7.365µs(n=200000)|30-40%=7.182µs(n=200000)|40-50%=7.189µs(n=200000)|50-60%=7.188µs(n=200000)|60-70%=7.386µs(n=200000)|70-80%=7.372µs(n=200000)|80-90%=7.226µs(n=200000)|90-100%=7.2µs(n=200000)",641.39,641.39,67000976,0,0,"",0,0,0,0,"",0,0,0,0,0,0.00,0.00,0
avlhashtree,build_20m_then_add_5m_new,20000000,25000000,5000000,41100398048,8220,"0-10%=8.302µs(n=500000)|10-20%=8.025µs(n=500000)|20-30%=8.044µs(n=500000)|30-40%=8.09µs(n=500000)|40-50%=8.122µs(n=500000)|50-60%=8.196µs(n=500000)|60-70%=8.342µs(n=500000)|70-80%=8.295µs(n=500000)|80-90%=8.431µs(n=500000)|90-100%=8.348µs(n=500000)",1603.70,1603.70,142501120,0,0,"",0,0,0,0,"",0,0,0,0,0,0.00,0.00,0
avlhashtree,build_10k_then_reinsert_2k_existing,10000,10000,2000,3431549,1715,"0-10%=1.628µs(n=200)|10-20%=1.63µs(n=200)|20-30%=1.705µs(n=200)|30-40%=1.746µs(n=200)|40-50%=1.623µs(n=200)|50-60%=1.732µs(n=200)|60-70%=1.763µs(n=200)|70-80%=1.689µs(n=200)|80-90%=1.844µs(n=200)|90-100%=1.788µs(n=200)",0.35,0.35,63901,0,0,"",0,0,0,0,"",0,0,0,0,0,0.00,0.00,0
avlhashtree,build_50k_then_reinsert_10k_existing,50000,50000,10000,20225552,2022,"0-10%=1.806µs(n=1000)|10-20%=1.937µs(n=1000)|20-30%=1.96µs(n=1000)|30-40%=2.11µs(n=1000)|40-50%=1.981µs(n=1000)|50-60%=2.093µs(n=1000)|60-70%=2.135µs(n=1000)|70-80%=2.106µs(n=1000)|80-90%=2.031µs(n=1000)|90-100%=2.062µs(n=1000)",1.69,1.69,315913,0,0,"",0,0,0,0,"",0,0,0,0,0,0.00,0.00,0
avlhashtree,build_100k_then_reinsert_20k_existing,100000,100000,20000,44975243,2248,"0-10%=2.003µs(n=2000)|10-20%=2.161µs(n=2000)|20-30%=2.188µs(n=2000)|30-40%=2.214µs(n=2000)|40-50%=2.289µs(n=2000)|50-60%=2.28µs(n=2000)|60-70%=2.312µs(n=2000)|70-80%=2.315µs(n=2000)|80-90%=2.37µs(n=2000)|90-100%=2.351µs(n=2000)",3.37,3.37,630923,0,0,"",0,0,0,0,"",0,0,0,0,0,0.00,0.00,0
avlhashtree,build_200k_then_reinsert_40k_existing,200000,200000,40000,101835182,2545,"0-10%=2.237µs(n=4000)|10-20%=2.392µs(n=4000)|20-30%=2.51µs(n=4000)|30-40%=2.518µs(n=4000)|40-50%=2.567µs(n=4000)|50-60%=2.591µs(n=4000)|60-70%=2.633µs(n=4000)|70-80%=2.66µs(n=4000)|80-90%=2.663µs(n=4000)|90-100%=2.682µs(n=4000)",6.74,6.74,1260932,0,0,"",0,0,0,0,"",0,0,0,0,0,0.00,0.00,0
avlhashtree,build_300k_then_reinsert_60k_existing,300000,300000,60000,176640457,2944,"0-10%=2.661µs(n=6000)|10-20%=2.749µs(n=6000)|20-30%=2.844µs(n=6000)|30-40%=2.906µs(n=6000)|40-50%=2.931µs(n=6000)|50-60%=2.994µs(n=6000)|60-70%=3.033µs(n=6000)|70-80%=3.066µs(n=6000)|80-90%=3.118µs(n=6000)|90-100%=3.131µs(n=6000)",10.10,10.10,1890944,0,0,"",0,0,0,0,"",0,0,0,0,0,0.00,0.00,0
avlhashtree,build_500k_then_reinsert_100k_existing,500000,500000,100000,320861197,3208,"0-10%=2.938µs(n=10000)|10-20%=2.938µs(n=10000)|20-30%=3.067µs(n=10000)|30-40%=3.166µs(n=10000)|40-50%=3.199µs(n=10000)|50-60%=3.239µs(n=10000)|60-70%=3.314µs(n=10000)|70-80%=3.579µs(n=10000)|80-90%=3.319µs(n=10000)|90-100%=3.323µs(n=10000)",16.82,16.82,3150956,0,0,"",0,0,0,0,"",0,0,0,0,0,0.00,0.00,0
avlhashtree,build_700k_then_reinsert_140k_existing,700000,700000,140000,480657286,3433,"0-10%=3.157µs(n=14000)|10-20%=3.371µs(n=14000)|20-30%=3.469µs(n=14000)|30-40%=3.391µs(n=14000)|40-50%=3.439µs(n=14000)|50-60%=3.461µs(n=14000)|60-70%=3.483µs(n=14000)|70-80%=3.495µs(n=14000)|80-90%=3.511µs(n=14000)|90-100%=3.551µs(n=14000)",23.53,23.53,4410957,0,0,"",0,0,0,0,"",0,0,0,0,0,0.00,0.00,0
avlhashtree,build_900k_then_reinsert_180k_existing,900000,900000,180000,662493303,3680,"0-10%=3.441µs(n=18000)|10-20%=3.556µs(n=18000)|20-30%=3.583µs(n=18000)|30-40%=3.581µs(n=18000)|40-50%=3.639µs(n=18000)|50-60%=3.863µs(n=18000)|60-70%=3.754µs(n=18000)|70-80%=3.767µs(n=18000)|80-90%=3.793µs(n=18000)|90-100%=3.821µs(n=18000)",30.25,30.25,5670967,0,0,"",0,0,0,0,"",0,0,0,0,0,0.00,0.00,0
avlhashtree,build_1m_then_reinsert_200k_existing,1000000,1000000,200000,768019168,3840,"0-10%=3.558µs(n=20000)|10-20%=3.768µs(n=20000)|20-30%=3.873µs(n=20000)|30-40%=3.818µs(n=20000)|40-50%=3.783µs(n=20000)|50-60%=3.83µs(n=20000)|60-70%=3.893µs(n=20000)|70-80%=3.912µs(n=20000)|80-90%=3.959µs(n=20000)|90-100%=4.001µs(n=20000)",33.61,33.61,6300967,0,0,"",0,0,0,0,"",0,0,0,0,0,0.00,0.00,0
avlhashtree,prehashed_ordered_build_1m_then_reinsert_200k_existing,1000000,1000000,200000,490089599,2450,"0-10%=2.642µs(n=20000)|10-20%=2.468µs(n=20000)|20-30%=2.423µs(n=20000)|30-40%=2.421µs(n=20000)|40-50%=2.419µs(n=20000)|50-60%=2.42µs(n=20000)|60-70%=2.427µs(n=20000)|70-80%=2.449µs(n=20000)|80-90%=2.442µs(n=20000)|90-100%=2.39µs(n=20000)",21.39,21.39,5900975,0,0,"",0,0,0,0,"",0,0,0,0,0,0.00,0.00,0
avlhashtree,build_2m_then_reinsert_400k_existing,2000000,2000000,400000,1673337325,4183,"0-10%=3.776µs(n=40000)|10-20%=4.001µs(n=40000)|20-30%=4.123µs(n=40000)|30-40%=4.044µs(n=40000)|40-50%=4.145µs(n=40000)|50-60%=4.215µs(n=40000)|60-70%=4.261µs(n=40000)|70-80%=4.353µs(n=40000)|80-90%=4.442µs(n=40000)|90-100%=4.469µs(n=40000)",67.22,67.22,12600980,0,0,"",0,0,0,0,"",0,0,0,0,0,0.00,0.00,0
avlhashtree,build_5m_then_reinsert_1m_existing,5000000,5000000,1000000,5066804730,5066,"0-10%=4.339µs(n=100000)|10-20%=4.735µs(n=100000)|20-30%=4.923µs(n=100000)|30-40%=5.006µs(n=100000)|40-50%=5.136µs(n=100000)|50-60%=5.133µs(n=100000)|60-70%=5.258µs(n=100000)|70-80%=5.32µs(n=100000)|80-90%=5.376µs(n=100000)|90-100%=5.438µs(n=100000)",168.04,168.04,31501008,0,0,"",0,0,0,0,"",0,0,0,0,0,0.00,0.00,0
avlhashtree,prehashed_ordered_build_5m_then_reinsert_1m_existing,5000000,5000000,1000000,2654580925,2654,"0-10%=2.846µs(n=100000)|10-20%=2.653µs(n=100000)|20-30%=2.615µs(n=100000)|30-40%=2.617µs(n=100000)|40-50%=2.618µs(n=100000)|50-60%=2.62µs(n=100000)|60-70%=2.621µs(n=100000)|70-80%=2.668µs(n=100000)|80-90%=2.653µs(n=100000)|90-100%=2.63µs(n=100000)",106.91,106.91,29501003,0,0,"",0,0,0,0,"",0,0,0,0,0,0.00,0.00,0
avlhashtree,build_10m_then_reinsert_2m_existing,10000000,10000000,2000000,11551338070,5775,"0-10%=4.786µs(n=200000)|10-20%=5.391µs(n=200000)|20-30%=5.67µs(n=200000)|30-40%=5.683µs(n=200000)|40-50%=5.828µs(n=200000)|50-60%=5.922µs(n=200000)|60-70%=5.99µs(n=200000)|70-80%=6.117µs(n=200000)|80-90%=6.157µs(n=200000)|90-100%=6.207µs(n=200000)",336.10,336.10,63000984,0,0,"",0,0,0,0,"",0,0,0,0,0,0.00,0.00,0
avlhashtree,build_25m_then_reinsert_5m_existing,25000000,25000000,5000000,35107226233,7021,"0-10%=5.783µs(n=500000)|10-20%=6.463µs(n=500000)|20-30%=6.746µs(n=500000)|30-40%=6.978µs(n=500000)|40-50%=6.984µs(n=500000)|50-60%=7.157µs(n=500000)|60-70%=7.426µs(n=500000)|70-80%=7.543µs(n=500000)|80-90%=7.538µs(n=500000)|90-100%=7.592µs(n=500000)",840.39,840.39,157501090,0,0,"",0,0,0,0,"",0,0,0,0,0,0.00,0.00,0
avlhashtree,build_10k,0,10000,10000,23717462,2371,"0-10%=1.866µs(n=1000)|10-20%=2.193µs(n=1000)|20-30%=2.241µs(n=1000)|30-40%=2.367µs(n=1000)|40-50%=2.417µs(n=1000)|50-60%=2.431µs(n=1000)|60-70%=2.994µs(n=1000)|70-80%=2.388µs(n=1000)|80-90%=2.397µs(n=1000)|90-100%=2.419µs(n=1000)",2.58,3.23,61477,52658,526,"0-10%=659ns(n=10)|10-20%=415ns(n=10)|20-30%=483ns(n=10)|30-40%=575ns(n=10)|40-50%=478ns(n=10)|50-60%=424ns(n=10)|60-70%=534ns(n=10)|70-80%=429ns(n=10)|80-90%=813ns(n=10)|90-100%=450ns(n=10)",1565,3630,0,0,"",0,0,0,0,0,0.00,0.00,0
avlhashtree,build_50k,0,50000,50000,132730753,2654,"0-10%=2.098µs(n=5000)|10-20%=2.567µs(n=5000)|20-30%=2.625µs(n=5000)|30-40%=2.817µs(n=5000)|40-50%=2.637µs(n=5000)|50-60%=2.694µs(n=5000)|60-70%=2.858µs(n=5000)|70-80%=2.483µs(n=5000)|80-90%=2.535µs(n=5000)|90-100%=3.226µs(n=5000)",13.09,16.08,312967,479747,959,"0-10%=660ns(n=50)|10-20%=768ns(n=50)|20-30%=691ns(n=50)|30-40%=713ns(n=50)|40-50%=808ns(n=50)|50-60%=868ns(n=50)|60-70%=749ns(n=50)|70-80%=947ns(n=50)|80-90%=1.841µs(n=50)|90-100%=1.544µs(n=50)",1857,5296,0,0,"",0,0,0,0,0,0.00,0.00,0
avlhashtree,build_100k,0,100000,100000,262793991,2627,"0-10%=2.15µs(n=10000)|10-20%=2.393µs(n=10000)|20-30%=2.408µs(n=10000)|30-40%=2.538µs(n=10000)|40-50%=2.576µs(n=10000)|50-60%=2.799µs(n=10000)|60-70%=2.742µs(n=10000)|70-80%=2.814µs(n=10000)|80-90%=2.852µs(n=10000)|90-100%=3.002µs(n=10000)",23.37,32.09,519756,627775,627,"0-10%=483ns(n=100)|10-20%=644ns(n=100)|20-30%=574ns(n=100)|30-40%=597ns(n=100)|40-50%=663ns(n=100)|50-60%=605ns(n=100)|60-70%=649ns(n=100)|70-80%=626ns(n=100)|80-90%=705ns(n=100)|90-100%=727ns(n=100)",1983,4329,0,0,"",0,0,0,0,0,0.00,0.00,0
avlhashtree,build_200k,0,200000,200000,560544407,2802,"0-10%=2.219µs(n=20000)|10-20%=2.496µs(n=20000)|20-30%=2.612µs(n=20000)|30-40%=2.633µs(n=20000)|40-50%=2.738µs(n=20000)|50-60%=2.906µs(n=20000)|60-70%=2.947µs(n=20000)|70-80%=3.102µs(n=20000)|80-90%=3.207µs(n=20000)|90-100%=3.163µs(n=20000)",47.84,64.14,1081285,1748440,874,"0-10%=621ns(n=200)|10-20%=692ns(n=200)|20-30%=868ns(n=200)|30-40%=736ns(n=200)|40-50%=1.046µs(n=200)|50-60%=854ns(n=200)|60-70%=917ns(n=200)|70-80%=902ns(n=200)|80-90%=885ns(n=200)|90-100%=1.216µs(n=200)",2094,5052,0,0,"",0,0,0,0,0,0.00,0.00,0
avlhashtree,build_300k,0,300000,300000,888851247,2962,"0-10%=2.339µs(n=30000)|10-20%=2.606µs(n=30000)|20-30%=2.698µs(n=30000)|30-40%=2.882µs(n=30000)|40-50%=2.895µs(n=30000)|50-60%=3.006µs(n=30000)|60-70%=3.533µs(n=30000)|70-80%=3.179µs(n=30000)|80-90%=3.215µs(n=30000)|90-100%=3.271µs(n=30000)",79.67,96.19,1922749,3053763,1017,"0-10%=675ns(n=300)|10-20%=2.14µs(n=300)|20-30%=795ns(n=300)|30-40%=830ns(n=300)|40-50%=784ns(n=300)|50-60%=920ns(n=300)|60-70%=1.009µs(n=300)|70-80%=985ns(n=300)|80-90%=996ns(n=300)|90-100%=1.042µs(n=300)",2168,5492,0,0,"",0,0,0,0,0,0.00,0.00,0
avlhashtree,build_500k,0,500000,500000,1630558692,3261,"0-10%=2.463µs(n=50000)|10-20%=2.823µs(n=50000)|20-30%=3.032µs(n=50000)|30-40%=3.214µs(n=50000)|40-50%=3.19µs(n=50000)|50-60%=3.367µs(n=50000)|60-70%=3.331µs(n=50000)|70-80%=3.443µs(n=50000)|80-90%=3.802µs(n=50000)|90-100%=3.94µs(n=50000)",115.36,160.31,2538282,5796382,1159,"0-10%=856ns(n=500)|10-20%=984ns(n=500)|20-30%=1.115µs(n=500)|30-40%=1.125µs(n=500)|40-50%=1.1µs(n=500)|50-60%=1.151µs(n=500)|60-70%=1.3µs(n=500)|70-80%=1.307µs(n=500)|80-90%=1.312µs(n=500)|90-100%=1.337µs(n=500)",2260,5412,0,0,"",0,0,0,0,0,0.00,0.00,0
avlhashtree,build_700k,0,700000,700000,2529939496,3614,"0-10%=2.498µs(n=70000)|10-20%=2.911µs(n=70000)|20-30%=3.13µs(n=70000)|30-40%=3.231µs(n=70000)|40-50%=3.512µs(n=70000)|50-60%=3.571µs(n=70000)|60-70%=3.821µs(n=70000)|70-80%=4.057µs(n=70000)|80-90%=4.714µs(n=70000)|90-100%=4.691µs(n=70000)",177.19,224.44,4152096,10236067,1462,"0-10%=1.05µs(n=700)|10-20%=1.141µs(n=700)|20-30%=1.25µs(n=700)|30-40%=1.294µs(n=700)|40-50%=1.396µs(n=700)|50-60%=1.436µs(n=700)|60-70%=1.419µs(n=700)|70-80%=1.61µs(n=700)|80-90%=1.654µs(n=700)|90-100%=2.369µs(n=700)",2320,5640,0,0,"",0,0,0,0,0,0.00,0.00,0
avlhashtree,build_900k,0,900000,900000,3360117974,3733,"0-10%=2.57µs(n=90000)|10-20%=2.987µs(n=90000)|20-30%=3.207µs(n=90000)|30-40%=3.444µs(n=90000)|40-50%=3.537µs(n=90000)|50-60%=3.926µs(n=90000)|60-70%=4.083µs(n=90000)|70-80%=4.204µs(n=90000)|80-90%=4.567µs(n=90000)|90-100%=4.805µs(n=90000)",213.08,288.54,4777325,13627097,1514,"0-10%=1.032µs(n=900)|10-20%=1.256µs(n=900)|20-30%=1.347µs(n=900)|30-40%=1.443µs(n=900)|40-50%=1.52µs(n=900)|50-60%=1.61µs(n=900)|60-70%=1.608µs(n=900)|70-80%=1.734µs(n=900)|80-90%=1.736µs(n=900)|90-100%=1.851µs(n=900)",2365,5398,0,0,"",0,0,0,0,0,0.00,0.00,0
avlhashtree,build_1m,0,1000000,1000000,3782551432,3782,"0-10%=2.623µs(n=100000)|10-20%=3.165µs(n=100000)|20-30%=3.186µs(n=100000)|30-40%=3.734µs(n=100000)|40-50%=3.855µs(n=100000)|50-60%=4.097µs(n=100000)|60-70%=4.038µs(n=100000)|70-80%=4.112µs(n=100000)|80-90%=4.542µs(n=100000)|90-100%=4.468µs(n=100000)",240.73,320.60,5458493,14184700,1418,"0-10%=980ns(n=1000)|10-20%=1.193µs(n=1000)|20-30%=1.239µs(n=1000)|30-40%=1.385µs(n=1000)|40-50%=1.385µs(n=1000)|50-60%=1.49µs(n=1000)|60-70%=1.54µs(n=1000)|70-80%=1.556µs(n=1000)|80-90%=1.68µs(n=1000)|90-100%=1.732µs(n=1000)",2379,5243,0,0,"",0,0,0,0,0,0.00,0.00,0
avlhashtree,build_2m,0,2000000,2000000,8890732035,4445,"0-10%=2.808µs(n=200000)|10-20%=3.387µs(n=200000)|20-30%=3.875µs(n=200000)|30-40%=4.133µs(n=200000)|40-50%=4.96µs(n=200000)|50-60%=4.781µs(n=200000)|60-70%=4.786µs(n=200000)|70-80%=5.198µs(n=200000)|80-90%=5.232µs(n=200000)|90-100%=5.29µs(n=200000)",508.10,641.24,11932754,39363209,1968,"0-10%=1.328µs(n=2000)|10-20%=1.537µs(n=2000)|20-30%=1.633µs(n=2000)|30-40%=1.7µs(n=2000)|40-50%=1.831µs(n=2000)|50-60%=1.807µs(n=2000)|60-70%=1.934µs(n=2000)|70-80%=2.049µs(n=2000)|80-90%=3.429µs(n=2000)|90-100%=2.43µs(n=2000)",2495,6648,0,0,"",0,0,0,0,0,0.00,0.00,0
avlhashtree,build_5m,0,5000000,5000000,26526090785,5305,"0-10%=3.22µs(n=500000)|10-20%=4.203µs(n=500000)|20-30%=4.872µs(n=500000)|30-40%=5.17µs(n=500000)|40-50%=5.351µs(n=500000)|50-60%=5.695µs(n=500000)|60-70%=5.975µs(n=500000)|70-80%=5.997µs(n=500000)|80-90%=6.216µs(n=500000)|90-100%=6.35µs(n=500000)",1334.10,1603.10,32216926,149170673,2983,"0-10%=3.897µs(n=5000)|10-20%=2.21µs(n=5000)|20-30%=2.812µs(n=5000)|30-40%=2.814µs(n=5000)|40-50%=2.861µs(n=5000)|50-60%=2.843µs(n=5000)|60-70%=2.992µs(n=5000)|70-80%=2.959µs(n=5000)|80-90%=3.056µs(n=5000)|90-100%=3.384µs(n=5000)",2655,8806,0,0,"",0,0,0,0,0,0.00,0.00,0
avlhashtree,build_10m,0,10000000,10000000,60803114206,6080,"0-10%=3.865µs(n=1000000)|10-20%=5.153µs(n=1000000)|20-30%=5.627µs(n=1000000)|30-40%=5.902µs(n=1000000)|40-50%=6.067µs(n=1000000)|50-60%=6.594µs(n=1000000)|60-70%=6.653µs(n=1000000)|70-80%=6.778µs(n=1000000)|80-90%=7.14µs(n=1000000)|90-100%=7.018µs(n=1000000)",2420.45,3206.39,54965256,305601119,3056,"0-10%=2.456µs(n=10000)|10-20%=3.013µs(n=10000)|20-30%=2.935µs(n=10000)|30-40%=2.988µs(n=10000)|40-50%=3.011µs(n=10000)|50-60%=3.16µs(n=10000)|60-70%=3.114µs(n=10000)|70-80%=3.174µs(n=10000)|80-90%=3.246µs(n=10000)|90-100%=3.458µs(n=10000)",2776,8520,0,0,"",0,0,0,0,0,0.00,0.00,0
avlhashtree,build_25m,0,25000000,25000000,180411798429,7216,"0-10%=4.725µs(n=2500000)|10-20%=6.016µs(n=2500000)|20-30%=6.603µs(n=2500000)|30-40%=7.098µs(n=2500000)|40-50%=7.438µs(n=2500000)|50-60%=7.775µs(n=2500000)|60-70%=7.846µs(n=2500000)|70-80%=8.07µs(n=2500000)|80-90%=8.211µs(n=2500000)|90-100%=8.377µs(n=2500000)",6667.33,8017.12,160926855,971030630,3884,"0-10%=5.875µs(n=25000)|10-20%=2.824µs(n=25000)|20-30%=3.374µs(n=25000)|30-40%=3.662µs(n=25000)|40-50%=3.743µs(n=25000)|50-60%=3.775µs(n=25000)|60-70%=3.851µs(n=25000)|70-80%=3.797µs(n=25000)|80-90%=3.911µs(n=25000)|90-100%=4.025µs(n=25000)",2936,10651,0,0,"",0,0,0,0,0,0.00,0.00,0
avlhashtree,prehashed_ordered_build_10k,0,10000,10000,19432385,1943,"0-10%=1.478µs(n=1000)|10-20%=1.772µs(n=1000)|20-30%=1.852µs(n=1000)|30-40%=1.809µs(n=1000)|40-50%=1.897µs(n=1000)|50-60%=1.958µs(n=1000)|60-70%=2.695µs(n=1000)|70-80%=1.953µs(n=1000)|80-90%=1.955µs(n=1000)|90-100%=2.057µs(n=1000)",2.21,2.61,60407,33985,339,"0-10%=473ns(n=10)|10-20%=276ns(n=10)|20-30%=299ns(n=10)|30-40%=284ns(n=10)|40-50%=321ns(n=10)|50-60%=354ns(n=10)|60-70%=336ns(n=10)|70-80%=313ns(n=10)|80-90%=400ns(n=10)|90-100%=336ns(n=10)",1554,2922,0,0,"",0,0,0,0,0,0.00,0.00,0
avlhashtree,prehashed_ordered_build_50k,0,50000,50000,106836194,2136,"0-10%=1.825µs(n=5000)|10-20%=1.93µs(n=5000)|20-30%=2.001µs(n=5000)|30-40%=2.295µs(n=5000)|40-50%=2.104µs(n=5000)|50-60%=2.117µs(n=5000)|60-70%=2.172µs(n=5000)|70-80%=2.22µs(n=5000)|80-90%=2.47µs(n=5000)|90-100%=2.227µs(n=5000)",10.30,13.01,266630,207886,415,"0-10%=376ns(n=50)|10-20%=370ns(n=50)|20-30%=558ns(n=50)|30-40%=396ns(n=50)|40-50%=393ns(n=50)|50-60%=390ns(n=50)|60-70%=357ns(n=50)|70-80%=372ns(n=50)|80-90%=365ns(n=50)|90-100%=577ns(n=50)",1839,3813,0,0,"",0,0,0,0,0,0.00,0.00,0
avlhashtree,prehashed_ordered_build_100k,0,100000,100000,223524121,2235,"0-10%=1.931µs(n=10000)|10-20%=2.038µs(n=10000)|20-30%=2.098µs(n=10000)|30-40%=2.334µs(n=10000)|40-50%=2.229µs(n=10000)|50-60%=2.239µs(n=10000)|60-70%=2.299µs(n=10000)|70-80%=2.5µs(n=10000)|80-90%=2.343µs(n=10000)|90-100%=2.337µs(n=10000)",21.11,25.98,553585,500995,500,"0-10%=436ns(n=100)|10-20%=433ns(n=100)|20-30%=613ns(n=100)|30-40%=480ns(n=100)|40-50%=489ns(n=100)|50-60%=533ns(n=100)|60-70%=419ns(n=100)|70-80%=505ns(n=100)|80-90%=503ns(n=100)|90-100%=595ns(n=100)",1947,3995,0,0,"",0,0,0,0,0,0.00,0.00,0
avlhashtree,prehashed_ordered_build_200k,0,200000,200000,475272373,2376,"0-10%=2.028µs(n=20000)|10-20%=2.305µs(n=20000)|20-30%=2.311µs(n=20000)|30-40%=2.398µs(n=20000)|40-50%=2.494µs(n=20000)|50-60%=2.373µs(n=20000)|60-70%=2.414µs(n=20000)|70-80%=2.481µs(n=20000)|80-90%=2.478µs(n=20000)|90-100%=2.476µs(n=20000)",45.76,51.92,1251871,1379141,689,"0-10%=527ns(n=200)|10-20%=578ns(n=200)|20-30%=1.461µs(n=200)|30-40%=1.507µs(n=200)|40-50%=436ns(n=200)|50-60%=478ns(n=200)|60-70%=469ns(n=200)|70-80%=444ns(n=200)|80-90%=490ns(n=200)|90-100%=502ns(n=200)",2068,5098,0,0,"",0,0,0,0,0,0.00,0.00,0
avlhashtree,prehashed_ordered_build_300k,0,300000,300000,737313735,2457,"0-10%=2.096µs(n=30000)|10-20%=2.318µs(n=30000)|20-30%=2.366µs(n=30000)|30-40%=2.394µs(n=30000)|40-50%=2.519µs(n=30000)|50-60%=2.502µs(n=30000)|60-70%=2.513µs(n=30000)|70-80%=2.527µs(n=30000)|80-90%=2.558µs(n=30000)|90-100%=2.78µs(n=30000)",60.02,77.87,1523194,2443628,814,"0-10%=700ns(n=300)|10-20%=646ns(n=300)|20-30%=817ns(n=300)|30-40%=987ns(n=300)|40-50%=846ns(n=300)|50-60%=935ns(n=300)|60-70%=877ns(n=300)|70-80%=833ns(n=300)|80-90%=749ns(n=300)|90-100%=750ns(n=300)",2134,4698,0,0,"",0,0,0,0,0,0.00,0.00,0
avlhashtree,prehashed_ordered_build_500k,0,500000,500000,1286957023,2573,"0-10%=2.143µs(n=50000)|10-20%=2.415µs(n=50000)|20-30%=2.504µs(n=50000)|30-40%=2.575µs(n=50000)|40-50%=2.697µs(n=50000)|50-60%=2.669µs(n=50000)|60-70%=2.66µs(n=50000)|70-80%=2.684µs(n=50000)|80-90%=2.698µs(n=50000)|90-100%=2.689µs(n=50000)",115.49,129.77,3172092,5567278,1113,"0-10%=2.211µs(n=500)|10-20%=1.038µs(n=500)|20-30%=978ns(n=500)|30-40%=831ns(n=500)|40-50%=920ns(n=500)|50-60%=934ns(n=500)|60-70%=1.024µs(n=500)|70-80%=1.146µs(n=500)|80-90%=1.079µs(n=500)|90-100%=969ns(n=500)",2221,5684,0,0,"",0,0,0,0,0,0.00,0.00,0
avlhashtree,prehashed_ordered_build_700k,0,700000,700000,1840432506,2629,"0-10%=2.192µs(n=70000)|10-20%=2.432µs(n=70000)|20-30%=2.514µs(n=70000)|30-40%=2.62µs(n=70000)|40-50%=2.741µs(n=70000)|50-60%=2.666µs(n=70000)|60-70%=2.687µs(n=70000)|70-80%=2.742µs(n=70000)|80-90%=2.888µs(n=70000)|90-100%=2.805µs(n=70000)",143.73,181.67,3704400,8245493,1177,"0-10%=1.144µs(n=700)|10-20%=1.242µs(n=700)|20-30%=1.267µs(n=700)|30-40%=1.245µs(n=700)|40-50%=1.207µs(n=700)|50-60%=1.234µs(n=700)|60-70%=1.164µs(n=700)|70-80%=1.125µs(n=700)|80-90%=1.079µs(n=700)|90-100%=1.067µs(n=700)",2285,4951,0,0,"",0,0,0,0,0,0.00,0.00,0
avlhashtree,prehashed_ordered_build_900k,0,900000,900000,2411393469,2679,"0-10%=2.282µs(n=90000)|10-20%=2.579µs(n=90000)|20-30%=2.573µs(n=90000)|30-40%=2.668µs(n=90000)|40-50%=2.753µs(n=90000)|50-60%=2.718µs(n=90000)|60-70%=2.811µs(n=90000)|70-80%=2.77µs(n=90000)|80-90%=2.757µs(n=90000)|90-100%=2.875µs(n=90000)",179.07,233.57,4531075,12955924,1439,"0-10%=1.909µs(n=900)|10-20%=1.686µs(n=900)|20-30%=1.427µs(n=900)|30-40%=1.438µs(n=900)|40-50%=1.283µs(n=900)|50-60%=1.316µs(n=900)|60-70%=1.26µs(n=900)|70-80%=1.361µs(n=900)|80-90%=1.383µs(n=900)|90-100%=1.327µs(n=900)",2330,6004,0,0,"",0,0,0,0,0,0.00,0.00,0
avlhashtree,prehashed_ordered_build_1m,0,1000000,1000000,2718073027,2718,"0-10%=2.262µs(n=100000)|10-20%=2.533µs(n=100000)|20-30%=2.593µs(n=100000)|30-40%=2.729µs(n=100000)|40-50%=2.766µs(n=100000)|50-60%=2.823µs(n=100000)|60-70%=2.809µs(n=100000)|70-80%=2.842µs(n=100000)|80-90%=2.837µs(n=100000)|90-100%=2.98µs(n=100000)",200.61,259.52,5100528,13465891,1346,"0-10%=1.121µs(n=1000)|10-20%=1.384µs(n=1000)|20-30%=1.375µs(n=1000)|30-40%=1.427µs(n=1000)|40-50%=1.501µs(n=1000)|50-60%=1.384µs(n=1000)|60-70%=1.273µs(n=1000)|70-80%=1.361µs(n=1000)|80-90%=1.323µs(n=1000)|90-100%=1.312µs(n=1000)",2339,5039,0,0,"",0,0,0,0,0,0.00,0.00,0
avlhashtree,prehashed_ordered_build_2m,0,2000000,2000000,5717285209,2858,"0-10%=2.4µs(n=200000)|10-20%=2.682µs(n=200000)|20-30%=2.744µs(n=200000)|30-40%=2.837µs(n=200000)|40-50%=2.979µs(n=200000)|50-60%=2.972µs(n=200000)|60-70%=3.005µs(n=200000)|70-80%=2.981µs(n=200000)|80-90%=2.898µs(n=200000)|90-100%=3.084µs(n=200000)",401.73,519.01,10221492,29923454,1496,"0-10%=1.347µs(n=2000)|10-20%=1.412µs(n=2000)|20-30%=1.498µs(n=2000)|30-40%=1.552µs(n=2000)|40-50%=1.532µs(n=2000)|50-60%=1.464µs(n=2000)|60-70%=1.564µs(n=2000)|70-80%=1.51µs(n=2000)|80-90%=1.553µs(n=2000)|90-100%=1.525µs(n=2000)",2458,5457,0,0,"",0,0,0,0,0,0.00,0.00,0
avlhashtree,prehashed_ordered_build_5m,0,5000000,5000000,15200298987,3040,"0-10%=2.645µs(n=500000)|10-20%=2.918µs(n=500000)|20-30%=2.956µs(n=500000)|30-40%=2.985µs(n=500000)|40-50%=3.155µs(n=500000)|50-60%=3.085µs(n=500000)|60-70%=3.1µs(n=500000)|70-80%=3.088µs(n=500000)|80-90%=3.145µs(n=500000)|90-100%=3.319µs(n=500000)",1008.77,1297.46,25724358,79243899,1584,"0-10%=1.683µs(n=5000)|10-20%=1.682µs(n=5000)|20-30%=1.625µs(n=5000)|30-40%=1.551µs(n=5000)|40-50%=1.582µs(n=5000)|50-60%=1.539µs(n=5000)|60-70%=1.566µs(n=5000)|70-80%=1.553µs(n=5000)|80-90%=1.531µs(n=5000)|90-100%=1.531µs(n=5000)",2621,5606,0,0,"",0,0,0,0,0,0.00,0.00,0
avlhashtree,prehashed_ordered_build_10m,0,10000000,10000000,31122357047,3112,"0-10%=2.71µs(n=1000000)|10-20%=2.972µs(n=1000000)|20-30%=3.04µs(n=1000000)|30-40%=3.058µs(n=1000000)|40-50%=3.217µs(n=1000000)|50-60%=3.16µs(n=1000000)|60-70%=3.184µs(n=1000000)|70-80%=3.167µs(n=1000000)|80-90%=3.216µs(n=1000000)|90-100%=3.394µs(n=1000000)",1993.16,2594.85,50451940,154240352,1542,"0-10%=1.51µs(n=10000)|10-20%=1.547µs(n=10000)|20-30%=1.535µs(n=10000)|30-40%=1.541µs(n=10000)|40-50%=1.557µs(n=10000)|50-60%=1.55µs(n=10000)|60-70%=1.54µs(n=10000)|70-80%=1.553µs(n=10000)|80-90%=1.511µs(n=10000)|90-100%=1.575µs(n=10000)",2741,6029,0,0,"",0,0,0,0,0,0.00,0.00,0
avlhashtree,prehashed_ordered_build_25m,0,15000000,15000000,48013149871,3200,"0-10%=2.8µs(n=1500000)|10-20%=3.066µs(n=1500000)|20-30%=3.088µs(n=1500000)|30-40%=3.192µs(n=1500000)|40-50%=3.244µs(n=1500000)|50-60%=3.268µs(n=1500000)|60-70%=3.304µs(n=1500000)|70-80%=3.307µs(n=1500000)|80-90%=3.292µs(n=1500000)|90-100%=3.443µs(n=1500000)",2995.45,3892.20,75958809,255658420,1704,"0-10%=1.613µs(n=15000)|10-20%=1.602µs(n=15000)|20-30%=1.545µs(n=15000)|30-40%=1.549µs(n=15000)|40-50%=1.609µs(n=15000)|50-60%=1.587µs(n=15000)|60-70%=1.589µs(n=15000)|70-80%=1.907µs(n=15000)|80-90%=2.005µs(n=15000)|90-100%=2.033µs(n=15000)",2808,6553,0,0,"",0,0,0,0,0,0.00,0.00,0
avlhashtree,insert_only_build_10k,0,10000,10000,21286099,2128,"0-10%=1.586µs(n=1000)|10-20%=1.923µs(n=1000)|20-30%=1.935µs(n=1000)|30-40%=2.016µs(n=1000)|40-50%=2.046µs(n=1000)|50-60%=2.207µs(n=1000)|60-70%=2.984µs(n=1000)|70-80%=2.215µs(n=1000)|80-90%=2.221µs(n=1000)|90-100%=2.147µs(n=1000)",2.59,3.22,62561,0,0,"",0,0,0,0,"",0,0,0,0,0,0.00,0.00,0
avlhashtree,insert_only_build_50k,0,50000,50000,121976524,2439,"0-10%=1.952µs(n=5000)|10-20%=2.292µs(n=5000)|20-30%=2.282µs(n=5000)|30-40%=2.523µs(n=5000)|40-50%=2.472µs(n=5000)|50-60%=2.48µs(n=5000)|60-70%=2.777µs(n=5000)|70-80%=2.502µs(n=5000)|80-90%=2.529µs(n=5000)|90-100%=2.582µs(n=5000)",13.11,16.06,313972,0,0,"",0,0,0,0,"",0,0,0,0,0,0.00,0.00,0
avlhashtree,insert_only_build_100k,0,100000,100000,262270392,2622,"0-10%=2.062µs(n=10000)|10-20%=2.383µs(n=10000)|20-30%=2.421µs(n=10000)|30-40%=2.621µs(n=10000)|40-50%=2.568µs(n=10000)|50-60%=2.832µs(n=10000)|60-70%=2.764µs(n=10000)|70-80%=2.822µs(n=10000)|80-90%=2.886µs(n=10000)|90-100%=2.864µs(n=10000)",26.71,32.08,646429,0,0,"",0,0,0,0,"",0,0,0,0,0,0.00,0.00,0
avlhashtree,insert_only_build_200k,0,200000,200000,563660028,2818,"0-10%=2.273µs(n=20000)|10-20%=2.549µs(n=20000)|20-30%=2.667µs(n=20000)|30-40%=2.673µs(n=20000)|40-50%=2.788µs(n=20000)|50-60%=2.924µs(n=20000)|60-70%=2.92µs(n=20000)|70-80%=3.013µs(n=20000)|80-90%=3.207µs(n=20000)|90-100%=3.164µs(n=20000)",47.70,64.14,1073699,0,0,"",0,0,0,0,"",0,0,0,0,0,0.00,0.00,0
avlhashtree,insert_only_build_300k,0,300000,300000,887194083,2957,"0-10%=2.311µs(n=30000)|10-20%=2.702µs(n=30000)|20-30%=2.685µs(n=30000)|30-40%=2.881µs(n=30000)|40-50%=2.937µs(n=30000)|50-60%=3.145µs(n=30000)|60-70%=3.105µs(n=30000)|70-80%=3.187µs(n=30000)|80-90%=3.273µs(n=30000)|90-100%=3.342µs(n=30000)",79.73,96.19,1922761,0,0,"",0,0,0,0,"",0,0,0,0,0,0.00,0.00,0
avlhashtree,insert_only_build_500k,0,500000,500000,1638404860,3276,"0-10%=2.401µs(n=50000)|10-20%=2.72µs(n=50000)|20-30%=2.92µs(n=50000)|30-40%=3.115µs(n=50000)|40-50%=3.304µs(n=50000)|50-60%=3.407µs(n=50000)|60-70%=3.601µs(n=50000)|70-80%=3.595µs(n=50000)|80-90%=3.784µs(n=50000)|90-100%=3.915µs(n=50000)",132.34,160.31,3182836,0,0,"",0,0,0,0,"",0,0,0,0,0,0.00,0.00,0
avlhashtree,insert_only_build_700k,0,700000,700000,2466624981,3523,"0-10%=2.514µs(n=70000)|10-20%=2.857µs(n=70000)|20-30%=3.126µs(n=70000)|30-40%=3.381µs(n=70000)|40-50%=3.579µs(n=70000)|50-60%=3.63µs(n=70000)|60-70%=3.763µs(n=70000)|70-80%=4.144µs(n=70000)|80-90%=4.096µs(n=70000)|90-100%=4.142µs(n=70000)",176.52,224.43,4120707,0,0,"",0,0,0,0,"",0,0,0,0,0,0.00,0.00,0
avlhashtree,insert_only_build_900k,0,900000,900000,3349998000,3722,"0-10%=2.617µs(n=90000)|10-20%=3.003µs(n=90000)|20-30%=3.333µs(n=90000)|30-40%=3.533µs(n=90000)|40-50%=3.662µs(n=90000)|50-60%=3.995µs(n=90000)|60-70%=4.049µs(n=90000)|70-80%=4.174µs(n=90000)|80-90%=4.26µs(n=90000)|90-100%=4.59µs(n=90000)",207.40,288.55,4550526,0,0,"",0,0,0,0,"",0,0,0,0,0,0.00,0.00,0
avlhashtree,insert_only_build_1m,0,1000000,1000000,3827977824,3827,"0-10%=2.604µs(n=100000)|10-20%=3.125µs(n=100000)|20-30%=3.283µs(n=100000)|30-40%=3.57µs(n=100000)|40-50%=3.769µs(n=100000)|50-60%=4.095µs(n=100000)|60-70%=4.107µs(n=100000)|70-80%=4.293µs(n=100000)|80-90%=4.677µs(n=100000)|90-100%=4.751µs(n=100000)",239.79,320.60,5413168,0,0,"",0,0,0,0,"",0,0,0,0,0,0.00,0.00,0
avlhashtree,insert_only_build_2m,0,2000000,2000000,8887661503,4443,"0-10%=2.833µs(n=200000)|10-20%=3.473µs(n=200000)|20-30%=3.953µs(n=200000)|30-40%=4.275µs(n=200000)|40-50%=4.671µs(n=200000)|50-60%=4.641µs(n=200000)|60-70%=4.93µs(n=200000)|70-80%=5.342µs(n=200000)|80-90%=5.075µs(n=200000)|90-100%=5.239µs(n=200000)",502.52,641.23,11700040,0,0,"",0,0,0,0,"",0,0,0,0,0,0.00,0.00,0
avlhashtree,insert_only_build_5m,0,5000000,5000000,26580460102,5316,"0-10%=3.282µs(n=500000)|10-20%=4.318µs(n=500000)|20-30%=4.753µs(n=500000)|30-40%=5.209µs(n=500000)|40-50%=5.471µs(n=500000)|50-60%=5.794µs(n=500000)|60-70%=5.786µs(n=500000)|70-80%=5.921µs(n=500000)|80-90%=6.286µs(n=500000)|90-100%=6.337µs(n=500000)",1199.98,1603.11,27093914,0,0,"",0,0,0,0,"",0,0,0,0,0,0.00,0.00,0
avlhashtree,insert_only_build_10m,0,10000000,10000000,60361496582,6036,"0-10%=3.808µs(n=1000000)|10-20%=5.078µs(n=1000000)|20-30%=5.624µs(n=1000000)|30-40%=5.852µs(n=1000000)|40-50%=6.239µs(n=1000000)|50-60%=6.427µs(n=1000000)|60-70%=6.54µs(n=1000000)|70-80%=6.914µs(n=1000000)|80-90%=6.909µs(n=1000000)|90-100%=6.966µs(n=1000000)",2517.08,3206.39,58656509,0,0,"",0,0,0,0,"",0,0,0,0,0,0.00,0.00,0
avlhashtree,insert_only_build_25m,0,25000000,25000000,177218192955,7088,"0-10%=4.635µs(n=2500000)|10-20%=6.002µs(n=2500000)|20-30%=6.563µs(n=2500000)|30-40%=6.923µs(n=2500000)|40-50%=7.097µs(n=2500000)|50-60%=7.552µs(n=2500000)|60-70%=7.628µs(n=2500000)|70-80%=7.836µs(n=2500000)|80-90%=8.434µs(n=2500000)|90-100%=8.213µs(n=2500000)",6032.68,8017.17,136654802,0,0,"",0,0,0,0,"",0,0,0,0,0,0.00,0.00,0
avlhashtree,proof_only_after_10k_build_sample_5pct,10000,10000,0,0,0,"",0.00,0.00,0,327894,655,"0-10%=455ns(n=50)|10-20%=413ns(n=50)|20-30%=375ns(n=50)|30-40%=424ns(n=50)|40-50%=594ns(n=50)|50-60%=2.234µs(n=50)|60-70%=526ns(n=50)|70-80%=588ns(n=50)|80-90%=495ns(n=50)|90-100%=450ns(n=50)",1574,3391,0,0,"",0,0,0,0,0,0.00,0.00,0
avlhashtree,proof_only_after_50k_build_sample_5pct,50000,50000,0,0,0,"",0.00,0.00,0,1680964,672,"0-10%=634ns(n=250)|10-20%=548ns(n=250)|20-30%=532ns(n=250)|30-40%=543ns(n=250)|40-50%=662ns(n=250)|50-60%=535ns(n=250)|60-70%=1.364µs(n=250)|70-80%=609ns(n=250)|80-90%=591ns(n=250)|90-100%=701ns(n=250)",1862,4274,0,0,"",0,0,0,0,0,0.00,0.00,0
avlhashtree,proof_only_after_100k_build_sample_5pct,100000,100000,0,0,0,"",0.00,0.00,0,3971473,794,"0-10%=623ns(n=500)|10-20%=761ns(n=500)|20-30%=645ns(n=500)|30-40%=741ns(n=500)|40-50%=744ns(n=500)|50-60%=867ns(n=500)|60-70%=1.289µs(n=500)|70-80%=687ns(n=500)|80-90%=781ns(n=500)|90-100%=799ns(n=500)",1980,4371,0,0,"",0,0,0,0,0,0.00,0.00,0
avlhashtree,proof_only_after_200k_build_sample_5pct,200000,200000,0,0,0,"",0.00,0.00,0,8950567,895,"0-10%=760ns(n=1000)|10-20%=775ns(n=1000)|20-30%=863ns(n=1000)|30-40%=914ns(n=1000)|40-50%=943ns(n=1000)|50-60%=1.197µs(n=1000)|60-70%=836ns(n=1000)|70-80%=852ns(n=1000)|80-90%=897ns(n=1000)|90-100%=908ns(n=1000)",2099,4716,0,0,"",0,0,0,0,0,0.00,0.00,0
avlhashtree,proof_only_after_300k_build_sample_5pct,300000,300000,0,0,0,"",0.00,0.00,0,17020008,1134,"0-10%=839ns(n=1500)|10-20%=939ns(n=1500)|20-30%=962ns(n=1500)|30-40%=1.037µs(n=1500)|40-50%=1.056µs(n=1500)|50-60%=1.466µs(n=1500)|60-70%=988ns(n=1500)|70-80%=1.044µs(n=1500)|80-90%=1.605µs(n=1500)|90-100%=1.406µs(n=1500)",2169,5131,0,0,"",0,0,0,0,0,0.00,0.00,0
avlhashtree,proof_only_after_500k_build_sample_5pct,500000,500000,0,0,0,"",0.00,0.00,0,33706293,1348,"0-10%=1.129µs(n=2500)|10-20%=1.243µs(n=2500)|20-30%=1.286µs(n=2500)|30-40%=1.321µs(n=2500)|40-50%=1.34µs(n=2500)|50-60%=1.744µs(n=2500)|60-70%=1.285µs(n=2500)|70-80%=1.293µs(n=2500)|80-90%=1.392µs(n=2500)|90-100%=1.446µs(n=2500)",2258,5333,0,0,"",0,0,0,0,0,0.00,0.00,0
avlhashtree,proof_only_after_700k_build_sample_5pct,700000,700000,0,0,0,"",0.00,0.00,0,56247757,1607,"0-10%=1.338µs(n=3500)|10-20%=1.5µs(n=3500)|20-30%=1.565µs(n=3500)|30-40%=1.606µs(n=3500)|40-50%=1.613µs(n=3500)|50-60%=1.937µs(n=3500)|60-70%=1.627µs(n=3500)|70-80%=1.578µs(n=3500)|80-90%=1.609µs(n=3500)|90-100%=1.691µs(n=3500)",2319,5575,0,0,"",0,0,0,0,0,0.00,0.00,0
avlhashtree,proof_only_after_900k_build_sample_5pct,900000,900000,0,0,0,"",0.00,0.00,0,74690360,1659,"0-10%=1.346µs(n=4500)|10-20%=1.498µs(n=4500)|20-30%=1.544µs(n=4500)|30-40%=1.546µs(n=4500)|40-50%=1.648µs(n=4500)|50-60%=1.997µs(n=4500)|60-70%=1.705µs(n=4500)|70-80%=1.766µs(n=4500)|80-90%=1.76µs(n=4500)|90-100%=1.784µs(n=4500)",2364,5555,0,0,"",0,0,0,0,0,0.00,0.00,0
avlhashtree,proof_only_after_1m_build_sample_5pct,1000000,1000000,0,0,0,"",0.00,0.00,0,86021653,1720,"0-10%=1.432µs(n=5000)|10-20%=1.588µs(n=5000)|20-30%=1.647µs(n=5000)|30-40%=1.658µs(n=5000)|40-50%=1.762µs(n=5000)|50-60%=2.06µs(n=5000)|60-70%=1.648µs(n=5000)|70-80%=1.741µs(n=5000)|80-90%=1.864µs(n=5000)|90-100%=1.799µs(n=5000)",2382,5728,0,0,"",0,0,0,0,0,0.00,0.00,0
avlhashtree,prehashed_ordered_proof_only_after_1m_build_sample_5pct,1000000,1000000,0,0,0,"",0.00,0.00,0,49569128,991,"0-10%=886ns(n=5000)|10-20%=956ns(n=5000)|20-30%=1.001µs(n=5000)|30-40%=1.024µs(n=5000)|40-50%=1.068µs(n=5000)|50-60%=1.22µs(n=5000)|60-70%=942ns(n=5000)|70-80%=938ns(n=5000)|80-90%=942ns(n=5000)|90-100%=932ns(n=5000)",2340,5208,0,0,"",0,0,0,0,0,0.00,0.00,0
avlhashtree,proof_only_after_2m_build_sample_3pct,2000000,2000000,0,0,0,"",0.00,0.00,0,121299546,2021,"0-10%=1.661µs(n=6000)|10-20%=1.812µs(n=6000)|20-30%=1.866µs(n=6000)|30-40%=1.928µs(n=6000)|40-50%=1.923µs(n=6000)|50-60%=1.927µs(n=6000)|60-70%=2.022µs(n=6000)|70-80%=2.014µs(n=6000)|80-90%=2.788µs(n=6000)|90-100%=2.27µs(n=6000)",2493,6136,0,0,"",0,0,0,0,0,0.00,0.00,0
avlhashtree,proof_only_after_5m_build_sample_3pct,5000000,5000000,0,0,0,"",0.00,0.00,0,351840639,2345,"0-10%=2.042µs(n=15000)|10-20%=2.175µs(n=15000)|20-30%=2.152µs(n=15000)|30-40%=2.239µs(n=15000)|40-50%=2.18µs(n=15000)|50-60%=2.293µs(n=15000)|60-70%=2.262µs(n=15000)|70-80%=2.309µs(n=15000)|80-90%=3.182µs(n=15000)|90-100%=2.617µs(n=15000)",2654,6646,0,0,"",0,0,0,0,0,0.00,0.00,0
avlhashtree,prehashed_ordered_proof_only_after_5m_build_sample_3pct,5000000,5000000,0,0,0,"",0.00,0.00,0,185764212,1238,"0-10%=1.115µs(n=15000)|10-20%=1.205µs(n=15000)|20-30%=1.216µs(n=15000)|30-40%=1.217µs(n=15000)|40-50%=1.22µs(n=15000)|50-60%=1.215µs(n=15000)|60-70%=1.208µs(n=15000)|70-80%=1.228µs(n=15000)|80-90%=1.56µs(n=15000)|90-100%=1.195µs(n=15000)",2621,6149,0,0,"",0,0,0,0,0,0.00,0.00,0
avlhashtree,proof_only_after_10m_build_sample_2pct,10000000,10000000,0,0,0,"",0.00,0.00,0,519427479,2597,"0-10%=2.372µs(n=20000)|10-20%=2.536µs(n=20000)|20-30%=2.487µs(n=20000)|30-40%=2.581µs(n=20000)|40-50%=2.555µs(n=20000)|50-60%=2.598µs(n=20000)|60-70%=2.576µs(n=20000)|70-80%=2.635µs(n=20000)|80-90%=2.731µs(n=20000)|90-100%=2.896µs(n=20000)",2775,6612,0,0,"",0,0,0,0,0,0.00,0.00,0
avlhashtree,proof_only_after_20m_build_sample_2pct,20000000,20000000,0,0,0,"",0.00,0.00,0,1383355558,3458,"0-10%=2.786µs(n=40000)|10-20%=3.269µs(n=40000)|20-30%=3.303µs(n=40000)|30-40%=3.424µs(n=40000)|40-50%=3.41µs(n=40000)|50-60%=3.533µs(n=40000)|60-70%=3.592µs(n=40000)|70-80%=3.646µs(n=40000)|80-90%=3.781µs(n=40000)|90-100%=3.833µs(n=40000)",2897,8691,0,0,"",0,0,0,0,0,0.00,0.00,0
avlhashtree,build_10k_then_add_2k_new,10000,12000,2000,4417770,2208,"0-10%=2.486µs(n=200)|10-20%=2.178µs(n=200)|20-30%=2.09µs(n=200)|30-40%=2.184µs(n=200)|40-50%=2.119µs(n=200)|50-60%=2.097µs(n=200)|60-70%=2.129µs(n=200)|70-80%=2.308µs(n=200)|80-90%=2.321µs(n=200)|90-100%=2.169µs(n=200)",0.65,0.65,67850,0,0,"",0,0,0,0,"",0,0,0,0,0,0.00,0.00,0
avlhashtree,build_50k_then_add_10k_new,50000,60000,10000,26373793,2637,"0-10%=2.79µs(n=1000)|10-20%=2.701µs(n=1000)|20-30%=2.605µs(n=1000)|30-40%=2.535µs(n=1000)|40-50%=2.661µs(n=1000)|50-60%=2.584µs(n=1000)|60-70%=2.623µs(n=1000)|70-80%=2.636µs(n=1000)|80-90%=2.578µs(n=1000)|90-100%=2.655µs(n=1000)",3.22,3.22,335857,0,0,"",0,0,0,0,"",0,0,0,0,0,0.00,0.00,0
avlhashtree,build_100k_then_add_20k_new,100000,120000,20000,60977150,3048,"0-10%=3.334µs(n=2000)|10-20%=3.048µs(n=2000)|20-30%=3.023µs(n=2000)|30-40%=3.022µs(n=2000)|40-50%=2.977µs(n=2000)|50-60%=3.004µs(n=2000)|60-70%=2.982µs(n=2000)|70-80%=2.986µs(n=2000)|80-90%=3.037µs(n=2000)|90-100%=3.069µs(n=2000)",6.42,6.42,670860,0,0,"",0,0,0,0,"",0,0,0,0,0,0.00,0.00,0
avlhashtree,build_200k_then_add_40k_new,200000,240000,40000,130184637,3254,"0-10%=3.569µs(n=4000)|10-20%=3.296µs(n=4000)|20-30%=3.25µs(n=4000)|30-40%=3.158µs(n=4000)|40-50%=3.2µs(n=4000)|50-60%=3.179µs(n=4000)|60-70%=3.24µs(n=4000)|70-80%=3.226µs(n=4000)|80-90%=3.209µs(n=4000)|90-100%=3.215µs(n=4000)",12.85,12.85,1340869,0,0,"",0,0,0,0,"",0,0,0,0,0,0.00,0.00,0
avlhashtree,build_300k_then_add_60k_new,300000,360000,60000,217839587,3630,"0-10%=4.141µs(n=6000)|10-20%=3.658µs(n=6000)|20-30%=3.615µs(n=6000)|30-40%=3.588µs(n=6000)|40-50%=3.553µs(n=6000)|50-60%=3.537µs(n=6000)|60-70%=3.528µs(n=6000)|70-80%=3.563µs(n=6000)|80-90%=3.563µs(n=6000)|90-100%=3.557µs(n=6000)",19.26,19.26,2010876,0,0,"",0,0,0,0,"",0,0,0,0,0,0.00,0.00,0
avlhashtree,build_500k_then_add_100k_new,500000,600000,100000,431779351,4317,"0-10%=4.762µs(n=10000)|10-20%=4.82µs(n=10000)|20-30%=4.251µs(n=10000)|30-40%=4.204µs(n=10000)|40-50%=4.193µs(n=10000)|50-60%=4.186µs(n=10000)|60-70%=4.192µs(n=10000)|70-80%=4.2µs(n=10000)|80-90%=4.181µs(n=10000)|90-100%=4.183µs(n=10000)",32.08,32.08,3350895,0,0,"",0,0,0,0,"",0,0,0,0,0,0.00,0.00,0
avlhashtree,build_700k_then_add_140k_new,700000,840000,140000,635940591,4542,"0-10%=5.103µs(n=14000)|10-20%=4.738µs(n=14000)|20-30%=4.468µs(n=14000)|30-40%=4.358µs(n=14000)|40-50%=4.336µs(n=14000)|50-60%=4.329µs(n=14000)|60-70%=4.554µs(n=14000)|70-80%=4.662µs(n=14000)|80-90%=4.454µs(n=14000)|90-100%=4.417µs(n=14000)",44.90,44.90,4690897,0,0,"",0,0,0,0,"",0,0,0,0,0,0.00,0.00,0
avlhashtree,build_900k_then_add_180k_new,900000,1080000,180000,921131066,5117,"0-10%=5.697µs(n=18000)|10-20%=5.254µs(n=18000)|20-30%=4.919µs(n=18000)|30-40%=5.15µs(n=18000)|40-50%=5.124µs(n=18000)|50-60%=5.114µs(n=18000)|60-70%=5.016µs(n=18000)|70-80%=4.998µs(n=18000)|80-90%=5µs(n=18000)|90-100%=4.897µs(n=18000)",57.73,57.73,6030905,0,0,"",0,0,0,0,"",0,0,0,0,0,0.00,0.00,0
avlhashtree,build_1m_then_add_200k_new,1000000,1200000,200000,960799738,4803,"0-10%=5.466µs(n=20000)|10-20%=5.091µs(n=20000)|20-30%=4.899µs(n=20000)|30-40%=4.696µs(n=20000)|40-50%=4.64µs(n=20000)|50-60%=4.626µs(n=20000)|60-70%=4.632µs(n=20000)|70-80%=4.649µs(n=20000)|80-90%=4.668µs(n=20000)|90-100%=4.668µs(n=20000)",64.14,64.14,6700909,0,0,"",0,0,0,0,"",0,0,0,0,0,0.00,0.00,0
avlhashtree,build_2m_then_add_400k_new,2000000,2400000,400000,2209243165,5523,"0-10%=6.063µs(n=40000)|10-20%=5.675µs(n=40000)|20-30%=5.373µs(n=40000)|30-40%=5.292µs(n=40000)|40-50%=5.491µs(n=40000)|50-60%=5.358µs(n=40000)|60-70%=5.413µs(n=40000)|70-80%=5.435µs(n=40000)|80-90%=5.551µs(n=40000)|90-100%=5.575µs(n=40000)",128.27,128.27,13400926,0,0,"",0,0,0,0,"",0,0,0,0,0,0.00,0.00,0
avlhashtree,build_5m_then_add_1m_new,5000000,6000000,1000000,6473375691,6473,"0-10%=6.855µs(n=100000)|10-20%=6.621µs(n=100000)|20-30%=6.647µs(n=100000)|30-40%=6.421µs(n=100000)|40-50%=6.334µs(n=100000)|50-60%=6.323µs(n=100000)|60-70%=6.361µs(n=100000)|70-80%=6.381µs(n=100000)|80-90%=6.386µs(n=100000)|90-100%=6.399µs(n=100000)",320.67,320.67,33500943,0,0,"",0,0,0,0,"",0,0,0,0,0,0.00,0.00,0
avlhashtree,build_10m_then_add_2m_new,10000000,12000000,2000000,14326038384,7163,"0-10%=7.555µs(n=200000)|10-20%=7.247µs(n=200000)|20-30%=7.064µs(n=200000)|30-40%=7.05µs(n=200000)|40-50%=7.073µs(n=200000)|50-60%=7.081µs(n=200000)|60-70%=7.107µs(n=200000)|70-80%=7.121µs(n=200000)|80-90%=7.122µs(n=200000)|90-100%=7.204µs(n=200000)",641.37,641.37,67000986,0,0,"",0,0,0,0,"",0,0,0,0,0,0.00,0.00,0
avlhashtree,build_20m_then_add_5m_new,20000000,25000000,5000000,41025436282,8205,"0-10%=8.255µs(n=500000)|10-20%=8.054µs(n=500000)|20-30%=7.971µs(n=500000)|30-40%=8.127µs(n=500000)|40-50%=8.166µs(n=500000)|50-60%=8.363µs(n=500000)|60-70%=8.194µs(n=500000)|70-80%=8.256µs(n=500000)|80-90%=8.272µs(n=500000)|90-100%=8.387µs(n=500000)",1603.70,1603.70,142501128,0,0,"",0,0,0,0,"",0,0,0,0,0,0.00,0.00,0
avlhashtree,build_10k_then_reinsert_2k_existing,10000,10000,2000,3369277,1684,"0-10%=1.649µs(n=200)|10-20%=1.535µs(n=200)|20-30%=1.631µs(n=200)|30-40%=1.808µs(n=200)|40-50%=1.614µs(n=200)|50-60%=1.739µs(n=200)|60-70%=1.69µs(n=200)|70-80%=1.743µs(n=200)|80-90%=1.719µs(n=200)|90-100%=1.711µs(n=200)",0.35,0.35,63914,0,0,"",0,0,0,0,"",0,0,0,0,0,0.00,0.00,0
avlhashtree,build_50k_then_reinsert_10k_existing,50000,50000,10000,20337705,2033,"0-10%=1.792µs(n=1000)|10-20%=1.907µs(n=1000)|20-30%=2.054µs(n=1000)|30-40%=2.007µs(n=1000)|40-50%=1.951µs(n=1000)|50-60%=2.111µs(n=1000)|60-70%=2.124µs(n=1000)|70-80%=2.059µs(n=1000)|80-90%=2.05µs(n=1000)|90-100%=2.276µs(n=1000)",1.69,1.69,315921,0,0,"",0,0,0,0,"",0,0,0,0,0,0.00,0.00,0
avlhashtree,build_100k_then_reinsert_20k_existing,100000,100000,20000,44449250,2222,"0-10%=2.024µs(n=2000)|10-20%=2.087µs(n=2000)|20-30%=2.148µs(n=2000)|30-40%=2.213µs(n=2000)|40-50%=2.246µs(n=2000)|50-60%=2.272µs(n=2000)|60-70%=2.256µs(n=2000)|70-80%=2.299µs(n=2000)|80-90%=2.366µs(n=2000)|90-100%=2.309µs(n=2000)",3.37,3.37,630925,0,0,"",0,0,0,0,"",0,0,0,0,0,0.00,0.00,0
avlhashtree,build_200k_then_reinsert_40k_existing,200000,200000,40000,104823786,2620,"0-10%=2.337µs(n=4000)|10-20%=2.513µs(n=4000)|20-30%=2.604µs(n=4000)|30-40%=2.575µs(n=4000)|40-50%=2.598µs(n=4000)|50-60%=2.646µs(n=4000)|60-70%=2.68µs(n=4000)|70-80%=2.724µs(n=4000)|80-90%=2.757µs(n=4000)|90-100%=2.767µs(n=4000)",6.74,6.74,1260937,0,0,"",0,0,0,0,"",0,0,0,0,0,0.00,0.00,0
avlhashtree,build_300k_then_reinsert_60k_existing,300000,300000,60000,168157107,2802,"0-10%=2.578µs(n=6000)|10-20%=2.637µs(n=6000)|20-30%=2.7µs(n=6000)|30-40%=2.761µs(n=6000)|40-50%=2.801µs(n=6000)|50-60%=2.842µs(n=6000)|60-70%=2.877µs(n=6000)|70-80%=2.9µs(n=6000)|80-90%=2.953µs(n=6000)|90-100%=2.97µs(n=6000)",10.10,10.10,1890941,0,0,"",0,0,0,0,"",0,0,0,0,0,0.00,0.00,0
avlhashtree,build_500k_then_reinsert_100k_existing,500000,500000,100000,318212830,3182,"0-10%=2.87µs(n=10000)|10-20%=2.953µs(n=10000)|20-30%=3.072µs(n=10000)|30-40%=3.16µs(n=10000)|40-50%=3.209µs(n=10000)|50-60%=3.246µs(n=10000)|60-70%=3.269µs(n=10000)|70-80%=3.325µs(n=10000)|80-90%=3.33µs(n=10000)|90-100%=3.383µs(n=10000)",16.82,16.82,3150952,0,0,"",0,0,0,0,"",0,0,0,0,0,0.00,0.00,0
avlhashtree,build_700k_then_reinsert_140k_existing,700000,700000,140000,502049084,3586,"0-10%=3.299µs(n=14000)|10-20%=3.532µs(n=14000)|20-30%=3.643µs(n=14000)|30-40%=3.524µs(n=14000)|40-50%=3.576µs(n=14000)|50-60%=3.598µs(n=14000)|60-70%=3.635µs(n=14000)|70-80%=3.635µs(n=14000)|80-90%=3.682µs(n=14000)|90-100%=3.73µs(n=14000)",23.54,23.54,4410962,0,0,"",0,0,0,0,"",0,0,0,0,0,0.00,0.00,0
avlhashtree,build_900k_then_reinsert_180k_existing,900000,900000,180000,652834118,3626,"0-10%=3.355µs(n=18000)|10-20%=3.505µs(n=18000)|20-30%=3.619µs(n=18000)|30-40%=3.514µs(n=18000)|40-50%=3.572µs(n=18000)|50-60%=3.852µs(n=18000)|60-70%=3.67µs(n=18000)|70-80%=3.694µs(n=18000)|80-90%=3.72µs(n=18000)|90-100%=3.764µs(n=18000)",30.25,30.25,5670970,0,0,"",0,0,0,0,"",0,0,0,0,0,0.00,0.00,0
avlhashtree,build_1m_then_reinsert_200k_existing,1000000,1000000,200000,737036212,3685,"0-10%=3.499µs(n=20000)|10-20%=3.589µs(n=20000)|20-30%=3.693µs(n=20000)|30-40%=3.665µs(n=20000)|40-50%=3.628µs(n=20000)|50-60%=3.672µs(n=20000)|60-70%=3.728µs(n=20000)|70-80%=3.748µs(n=20000)|80-90%=3.798µs(n=20000)|90-100%=3.826µs(n=20000)",33.61,33.61,6300975,0,0,"",0,0,0,0,"",0,0,0,0,0,0.00,0.00,0
avlhashtree,prehashed_ordered_build_1m_then_reinsert_200k_existing,1000000,1000000,200000,480700019,2403,"0-10%=2.553µs(n=20000)|10-20%=2.439µs(n=20000)|20-30%=2.369µs(n=20000)|30-40%=2.369µs(n=20000)|40-50%=2.374µs(n=20000)|50-60%=2.373µs(n=20000)|60-70%=2.376µs(n=20000)|70-80%=2.398µs(n=20000)|80-90%=2.398µs(n=20000)|90-100%=2.381µs(n=20000)",21.39,21.39,5900980,0,0,"",0,0,0,0,"",0,0,0,0,0,0.00,0.00,0
avlhashtree,build_2m_then_reinsert_400k_existing,2000000,2000000,400000,1670513911,4176,"0-10%=3.83µs(n=40000)|10-20%=4.001µs(n=40000)|20-30%=4.117µs(n=40000)|30-40%=4.095µs(n=40000)|40-50%=4.13µs(n=40000)|50-60%=4.214µs(n=40000)|60-70%=4.269µs(n=40000)|70-80%=4.299µs(n=40000)|80-90%=4.364µs(n=40000)|90-100%=4.439µs(n=40000)",67.22,67.22,12600991,0,0,"",0,0,0,0,"",0,0,0,0,0,0.00,0.00,0
avlhashtree,build_5m_then_reinsert_1m_existing,5000000,5000000,1000000,5069957284,5069,"0-10%=4.46µs(n=100000)|10-20%=4.714µs(n=100000)|20-30%=5.003µs(n=100000)|30-40%=5.016µs(n=100000)|40-50%=5.095µs(n=100000)|50-60%=5.124µs(n=100000)|60-70%=5.232µs(n=100000)|70-80%=5.277µs(n=100000)|80-90%=5.37µs(n=100000)|90-100%=5.404µs(n=100000)",168.04,168.04,31501010,0,0,"",0,0,0,0,"",0,0,0,0,0,0.00,0.00,0
avlhashtree,prehashed_ordered_build_5m_then_reinsert_1m_existing,5000000,5000000,1000000,2669558866,2669,"0-10%=2.872µs(n=100000)|10-20%=2.71µs(n=100000)|20-30%=2.64µs(n=100000)|30-40%=2.614µs(n=100000)|40-50%=2.615µs(n=100000)|50-60%=2.623µs(n=100000)|60-70%=2.638µs(n=100000)|70-80%=2.676µs(n=100000)|80-90%=2.663µs(n=100000)|90-100%=2.638µs(n=100000)",106.91,106.91,29501015,0,0,"",0,0,0,0,"",0,0,0,0,0,0.00,0.00,0
avlhashtree,build_10m_then_reinsert_2m_existing,10000000,10000000,2000000,11689027709,5844,"0-10%=4.891µs(n=200000)|10-20%=5.482µs(n=200000)|20-30%=5.696µs(n=200000)|30-40%=5.724µs(n=200000)|40-50%=5.866µs(n=200000)|50-60%=6.02µs(n=200000)|60-70%=6.179µs(n=200000)|70-80%=6.208µs(n=200000)|80-90%=6.141µs(n=200000)|90-100%=6.231µs(n=200000)",336.11,336.11,63001048,0,0,"",0,0,0,0,"",0,0,0,0,0,0.00,0.00,0
avlhashtree,build_25m_then_reinsert_5m_existing,25000000,25000000,5000000,35069498990,7013,"0-10%=5.695µs(n=500000)|10-20%=6.549µs(n=500000)|20-30%=6.87µs(n=500000)|30-40%=6.921µs(n=500000)|40-50%=7.017µs(n=500000)|50-60%=7.135µs(n=500000)|60-70%=7.343µs(n=500000)|70-80%=7.416µs(n=500000)|80-90%=7.518µs(n=500000)|90-100%=7.67µs(n=500000)",840.38,840.38,157501162,0,0,"",0,0,0,0,"",0,0,0,0,0,0.00,0.00,0
