TreeType,Scenario,PrebuildElements,FinalElements,InsertElements,InsertTime(ns),AvgPerBlock(ns),InsertTimeBuckets,MemAllocMB,TotalAllocMB,HeapObjects,InclusionProofTotal(ns),InclusionProofGen(ns),InclusionProofGenBuckets,InclusionProofSize(bytes),InclusionProofVerify(ns),ExclusionProofTotal(ns),ExclusionProofGen(ns),ExclusionProofGenBuckets,ExclusionProofSize(bytes),ExclusionProofVerify(ns),DeleteElements,DeleteTime(ns),AvgDeletePerBlock(ns),DeleteMemAllocMB,DeleteTotalAllocMB,DeleteHeapObjects
smt,build_10k,0,10000,10000,23215387,2321,"0-10%=2.042µs(n=1000)|10-20%=1.898µs(n=1000)|20-30%=2.005µs(n=1000)|30-40%=2.573µs(n=1000)|40-50%=2.23µs(n=1000)|50-60%=2.275µs(n=1000)|60-70%=3.278µs(n=1000)|70-80%=2.277µs(n=1000)|80-90%=2.299µs(n=1000)|90-100%=2.331µs(n=1000)",5.74,7.18,133038,232028,2320,"0-10%=2.879µs(n=10)|10-20%=2.393µs(n=10)|20-30%=1.943µs(n=10)|30-40%=2.303µs(n=10)|40-50%=2.564µs(n=10)|50-60%=2.168µs(n=10)|60-70%=2.389µs(n=10)|70-80%=2.145µs(n=10)|80-90%=2.215µs(n=10)|90-100%=2.198µs(n=10)",631,3028,0,0,"",0,0,0,0,0,0.00,0.00,0
smt,build_50k,0,50000,50000,141897008,2837,"0-10%=2.406µs(n=5000)|10-20%=2.665µs(n=5000)|20-30%=2.825µs(n=5000)|30-40%=2.59µs(n=5000)|40-50%=2.982µs(n=5000)|50-60%=2.888µs(n=5000)|60-70%=3.079µs(n=5000)|70-80%=3.144µs(n=5000)|80-90%=2.682µs(n=5000)|90-100%=3.113µs(n=5000)",27.92,35.83,636710,2455320,4910,"0-10%=5.417µs(n=50)|10-20%=4.645µs(n=50)|20-30%=5.179µs(n=50)|30-40%=4.104µs(n=50)|40-50%=4.731µs(n=50)|50-60%=5.814µs(n=50)|60-70%=4.763µs(n=50)|70-80%=4.993µs(n=50)|80-90%=5.268µs(n=50)|90-100%=4.187µs(n=50)",722,5025,0,0,"",0,0,0,0,0,0.00,0.00,0
smt,build_100k,0,100000,100000,299282295,2992,"0-10%=2.401µs(n=10000)|10-20%=2.54µs(n=10000)|20-30%=2.69µs(n=10000)|30-40%=2.915µs(n=10000)|40-50%=3.245µs(n=10000)|50-60%=2.984µs(n=10000)|60-70%=3.325µs(n=10000)|70-80%=3.375µs(n=10000)|80-90%=3.262µs(n=10000)|90-100%=3.187µs(n=10000)",54.39,71.57,1229456,4591287,4591,"0-10%=3.979µs(n=100)|10-20%=4.175µs(n=100)|20-30%=4.301µs(n=100)|30-40%=4.481µs(n=100)|40-50%=5.206µs(n=100)|50-60%=4.223µs(n=100)|60-70%=4.913µs(n=100)|70-80%=4.696µs(n=100)|80-90%=5.874µs(n=100)|90-100%=4.059µs(n=100)",759,5464,0,0,"",0,0,0,0,0,0.00,0.00,0
smt,build_200k,0,200000,200000,641905674,3209,"0-10%=2.399µs(n=20000)|10-20%=2.669µs(n=20000)|20-30%=2.813µs(n=20000)|30-40%=2.863µs(n=20000)|40-50%=3.044µs(n=20000)|50-60%=3.423µs(n=20000)|60-70%=3.743µs(n=20000)|70-80%=3.528µs(n=20000)|80-90%=3.721µs(n=20000)|90-100%=3.886µs(n=20000)",113.72,143.11,2615291,10426492,5213,"0-10%=4.832µs(n=200)|10-20%=4.646µs(n=200)|20-30%=4.716µs(n=200)|30-40%=5.493µs(n=200)|40-50%=5.614µs(n=200)|50-60%=5.32µs(n=200)|60-70%=5.234µs(n=200)|70-80%=5.376µs(n=200)|80-90%=5.776µs(n=200)|90-100%=5.12µs(n=200)",796,5521,0,0,"",0,0,0,0,0,0.00,0.00,0
smt,build_300k,0,300000,300000,1045386961,3484,"0-10%=2.517µs(n=30000)|10-20%=2.892µs(n=30000)|20-30%=3.082µs(n=30000)|30-40%=3.15µs(n=30000)|40-50%=3.404µs(n=30000)|50-60%=3.384µs(n=30000)|60-70%=3.444µs(n=30000)|70-80%=4.104µs(n=30000)|80-90%=4.396µs(n=30000)|90-100%=4.467µs(n=30000)",165.23,214.69,3751304,17852222,5950,"0-10%=5.771µs(n=300)|10-20%=6.244µs(n=300)|20-30%=5.659µs(n=300)|30-40%=5.669µs(n=300)|40-50%=6.022µs(n=300)|50-60%=5.831µs(n=300)|60-70%=5.955µs(n=300)|70-80%=6.476µs(n=300)|80-90%=5.736µs(n=300)|90-100%=6.14µs(n=300)",819,5768,0,0,"",0,0,0,0,0,0.00,0.00,0
smt,build_500k,0,500000,500000,1955140269,3910,"0-10%=2.575µs(n=50000)|10-20%=2.96µs(n=50000)|20-30%=3.231µs(n=50000)|30-40%=3.453µs(n=50000)|40-50%=3.933µs(n=50000)|50-60%=4.113µs(n=50000)|60-70%=4.435µs(n=50000)|70-80%=4.792µs(n=50000)|80-90%=4.838µs(n=50000)|90-100%=4.769µs(n=50000)",275.06,357.80,6242214,29919883,5983,"0-10%=5.689µs(n=500)|10-20%=6.101µs(n=500)|20-30%=5.947µs(n=500)|30-40%=6.525µs(n=500)|40-50%=6.02µs(n=500)|50-60%=6.04µs(n=500)|60-70%=6.127µs(n=500)|70-80%=5.969µs(n=500)|80-90%=5.988µs(n=500)|90-100%=5.429µs(n=500)",846,5929,0,0,"",0,0,0,0,0,0.00,0.00,0
smt,build_700k,0,700000,700000,2920445974,4172,"0-10%=2.679µs(n=70000)|10-20%=3.306µs(n=70000)|20-30%=3.522µs(n=70000)|30-40%=4.062µs(n=70000)|40-50%=4.004µs(n=70000)|50-60%=4.527µs(n=70000)|60-70%=4.614µs(n=70000)|70-80%=4.56µs(n=70000)|80-90%=4.917µs(n=70000)|90-100%=5.524µs(n=70000)",359.37,500.94,7922352,42799014,6114,"0-10%=6.175µs(n=700)|10-20%=6.213µs(n=700)|20-30%=5.923µs(n=700)|30-40%=5.941µs(n=700)|40-50%=5.961µs(n=700)|50-60%=6.286µs(n=700)|60-70%=6.022µs(n=700)|70-80%=6.478µs(n=700)|80-90%=6.132µs(n=700)|90-100%=6.005µs(n=700)",866,6283,0,0,"",0,0,0,0,0,0.00,0.00,0
smt,build_900k,0,900000,900000,3943652453,4381,"0-10%=2.834µs(n=90000)|10-20%=3.45µs(n=90000)|20-30%=3.928µs(n=90000)|30-40%=4.171µs(n=90000)|40-50%=4.698µs(n=90000)|50-60%=4.47µs(n=90000)|60-70%=4.493µs(n=90000)|70-80%=5.356µs(n=90000)|80-90%=5.086µs(n=90000)|90-100%=5.325µs(n=90000)",504.38,644.07,11530176,57236051,6359,"0-10%=6.117µs(n=900)|10-20%=6.318µs(n=900)|20-30%=6.069µs(n=900)|30-40%=6.193µs(n=900)|40-50%=6.288µs(n=900)|50-60%=6.6µs(n=900)|60-70%=6.412µs(n=900)|70-80%=6.478µs(n=900)|80-90%=6.793µs(n=900)|90-100%=6.322µs(n=900)",879,6253,0,0,"",0,0,0,0,0,0.00,0.00,0
smt,build_1m,0,1000000,1000000,4522690345,4522,"0-10%=2.787µs(n=100000)|10-20%=3.745µs(n=100000)|20-30%=4.548µs(n=100000)|30-40%=4.404µs(n=100000)|40-50%=4.636µs(n=100000)|50-60%=4.641µs(n=100000)|60-70%=5.284µs(n=100000)|70-80%=5.123µs(n=100000)|80-90%=4.873µs(n=100000)|90-100%=5.181µs(n=100000)",576.37,715.64,13315531,68450142,6845,"0-10%=5.307µs(n=1000)|10-20%=5.757µs(n=1000)|20-30%=6.091µs(n=1000)|30-40%=6.134µs(n=1000)|40-50%=6.328µs(n=1000)|50-60%=6.1µs(n=1000)|60-70%=6.112µs(n=1000)|70-80%=6.454µs(n=1000)|80-90%=8.921µs(n=1000)|90-100%=11.241µs(n=1000)",884,6928,0,0,"",0,0,0,0,0,0.00,0.00,0
smt,build_2m,0,2000000,2000000,11043503494,5521,"0-10%=3.362µs(n=200000)|10-20%=4.473µs(n=200000)|20-30%=4.813µs(n=200000)|30-40%=5.362µs(n=200000)|40-50%=5.542µs(n=200000)|50-60%=6.426µs(n=200000)|60-70%=5.919µs(n=200000)|70-80%=6.144µs(n=200000)|80-90%=6.61µs(n=200000)|90-100%=6.561µs(n=200000)",1058.68,1431.27,23645334,139133992,6956,"0-10%=6.806µs(n=2000)|10-20%=7.147µs(n=2000)|20-30%=6.82µs(n=2000)|30-40%=6.965µs(n=2000)|40-50%=6.676µs(n=2000)|50-60%=7.115µs(n=2000)|60-70%=7.12µs(n=2000)|70-80%=6.698µs(n=2000)|80-90%=7.209µs(n=2000)|90-100%=7.005µs(n=2000)",923,5991,0,0,"",0,0,0,0,0,0.00,0.00,0
smt,build_5m,0,5000000,5000000,31619177667,6323,"0-10%=4.617µs(n=500000)|10-20%=5.129µs(n=500000)|20-30%=5.667µs(n=500000)|30-40%=6.083µs(n=500000)|40-50%=6.848µs(n=500000)|50-60%=6.793µs(n=500000)|60-70%=6.652µs(n=500000)|70-80%=7.239µs(n=500000)|80-90%=7.097µs(n=500000)|90-100%=7.108µs(n=500000)",2777.94,3578.15,63227443,382665926,7653,"0-10%=7.181µs(n=5000)|10-20%=7.428µs(n=5000)|20-30%=7.522µs(n=5000)|30-40%=7.755µs(n=5000)|40-50%=7.814µs(n=5000)|50-60%=7.877µs(n=5000)|60-70%=7.807µs(n=5000)|70-80%=7.845µs(n=5000)|80-90%=7.858µs(n=5000)|90-100%=7.44µs(n=5000)",973,6828,0,0,"",0,0,0,0,0,0.00,0.00,0
smt,build_10m,0,10000000,10000000,69986530672,6998,"0-10%=4.528µs(n=1000000)|10-20%=5.844µs(n=1000000)|20-30%=6.343µs(n=1000000)|30-40%=6.898µs(n=1000000)|40-50%=7.172µs(n=1000000)|50-60%=7.335µs(n=1000000)|60-70%=7.997µs(n=1000000)|70-80%=7.793µs(n=1000000)|80-90%=7.951µs(n=1000000)|90-100%=8.119µs(n=1000000)",5867.06,7156.52,136317408,1033091765,10330,"0-10%=8.058µs(n=10000)|10-20%=8.348µs(n=10000)|20-30%=31.57µs(n=10000)|30-40%=10.724µs(n=10000)|40-50%=4.77µs(n=10000)|50-60%=5.891µs(n=10000)|60-70%=8.495µs(n=10000)|70-80%=8.514µs(n=10000)|80-90%=8.483µs(n=10000)|90-100%=8.451µs(n=10000)",1011,9900,0,0,"",0,0,0,0,0,0.00,0.00,0
smt,build_25m,0,25000000,25000000,209205886209,8368,"0-10%=5.513µs(n=2500000)|10-20%=6.818µs(n=2500000)|20-30%=7.633µs(n=2500000)|30-40%=8.068µs(n=2500000)|40-50%=8.642µs(n=2500000)|50-60%=8.725µs(n=2500000)|60-70%=9.07µs(n=2500000)|70-80%=9.847µs(n=2500000)|80-90%=9.633µs(n=2500000)|90-100%=9.728µs(n=2500000)",13975.32,17892.47,318822232,2346635844,9386,"0-10%=9.15µs(n=25000)|10-20%=9.39µs(n=25000)|20-30%=9.443µs(n=25000)|30-40%=9.505µs(n=25000)|40-50%=9.466µs(n=25000)|50-60%=9.367µs(n=25000)|60-70%=9.283µs(n=25000)|70-80%=9.388µs(n=25000)|80-90%=9.46µs(n=25000)|90-100%=9.409µs(n=25000)",1061,7463,0,0,"",0,0,0,0,0,0.00,0.00,0
smt,prehashed_ordered_build_10k,0,10000,10000,14792606,1479,"0-10%=1.124µs(n=1000)|10-20%=1.18µs(n=1000)|20-30%=2.284µs(n=1000)|30-40%=1.394µs(n=1000)|40-50%=1.393µs(n=1000)|50-60%=1.208µs(n=1000)|60-70%=1.24µs(n=1000)|70-80%=1.954µs(n=1000)|80-90%=1.573µs(n=1000)|90-100%=1.436µs(n=1000)",5.11,6.42,123704,113823,1138,"0-10%=1.417µs(n=10)|10-20%=944ns(n=10)|20-30%=1.075µs(n=10)|30-40%=1.317µs(n=10)|40-50%=1.024µs(n=10)|50-60%=1.095µs(n=10)|60-70%=979ns(n=10)|70-80%=1.412µs(n=10)|80-90%=1.145µs(n=10)|90-100%=971ns(n=10)",634,2750,0,0,"",0,0,0,0,0,0.00,0.00,0
smt,prehashed_ordered_build_50k,0,50000,50000,77403544,1548,"0-10%=1.378µs(n=5000)|10-20%=1.536µs(n=5000)|20-30%=1.438µs(n=5000)|30-40%=1.744µs(n=5000)|40-50%=1.591µs(n=5000)|50-60%=1.348µs(n=5000)|60-70%=1.453µs(n=5000)|70-80%=1.84µs(n=5000)|80-90%=1.521µs(n=5000)|90-100%=1.627µs(n=5000)",25.88,32.06,624585,797742,1595,"0-10%=1.21µs(n=50)|10-20%=1.482µs(n=50)|20-30%=1.231µs(n=50)|30-40%=1.297µs(n=50)|40-50%=1.379µs(n=50)|50-60%=1.419µs(n=50)|60-70%=1.532µs(n=50)|70-80%=2.053µs(n=50)|80-90%=2.125µs(n=50)|90-100%=2.22µs(n=50)",722,3417,0,0,"",0,0,0,0,0,0.00,0.00,0
smt,prehashed_ordered_build_100k,0,100000,100000,155294731,1552,"0-10%=1.413µs(n=10000)|10-20%=1.532µs(n=10000)|20-30%=1.43µs(n=10000)|30-40%=1.654µs(n=10000)|40-50%=1.591µs(n=10000)|50-60%=1.373µs(n=10000)|60-70%=1.785µs(n=10000)|70-80%=1.519µs(n=10000)|80-90%=1.564µs(n=10000)|90-100%=1.664µs(n=10000)",53.13,64.12,1292310,2017023,2017,"0-10%=1.578µs(n=100)|10-20%=1.766µs(n=100)|20-30%=1.618µs(n=100)|30-40%=2.194µs(n=100)|40-50%=2.09µs(n=100)|50-60%=1.861µs(n=100)|60-70%=2.228µs(n=100)|70-80%=2.245µs(n=100)|80-90%=2.38µs(n=100)|90-100%=2.207µs(n=100)",760,3491,0,0,"",0,0,0,0,0,0.00,0.00,0
smt,prehashed_ordered_build_200k,0,200000,200000,324800051,1624,"0-10%=1.433µs(n=20000)|10-20%=1.588µs(n=20000)|20-30%=1.557µs(n=20000)|30-40%=1.611µs(n=20000)|40-50%=1.811µs(n=20000)|50-60%=1.428µs(n=20000)|60-70%=1.537µs(n=20000)|70-80%=1.805µs(n=20000)|80-90%=1.712µs(n=20000)|90-100%=1.752µs(n=20000)",102.11,128.22,2448407,4368246,2184,"0-10%=1.971µs(n=200)|10-20%=2.138µs(n=200)|20-30%=2.084µs(n=200)|30-40%=2.237µs(n=200)|40-50%=2.254µs(n=200)|50-60%=2.052µs(n=200)|60-70%=2.218µs(n=200)|70-80%=2.24µs(n=200)|80-90%=2.169µs(n=200)|90-100%=2.474µs(n=200)",797,3748,0,0,"",0,0,0,0,0,0.00,0.00,0
smt,prehashed_ordered_build_300k,0,300000,300000,512951790,1709,"0-10%=1.493µs(n=30000)|10-20%=1.64µs(n=30000)|20-30%=1.579µs(n=30000)|30-40%=1.77µs(n=30000)|40-50%=1.802µs(n=30000)|50-60%=1.539µs(n=30000)|60-70%=1.624µs(n=30000)|70-80%=2.009µs(n=30000)|80-90%=1.778µs(n=30000)|90-100%=1.861µs(n=30000)",154.83,192.30,3725641,7250887,2416,"0-10%=2.345µs(n=300)|10-20%=2.315µs(n=300)|20-30%=2.535µs(n=300)|30-40%=2.367µs(n=300)|40-50%=2.322µs(n=300)|50-60%=2.337µs(n=300)|60-70%=2.401µs(n=300)|70-80%=2.741µs(n=300)|80-90%=2.387µs(n=300)|90-100%=2.415µs(n=300)",818,3840,0,0,"",0,0,0,0,0,0.00,0.00,0
smt,prehashed_ordered_build_500k,0,500000,500000,937497199,1874,"0-10%=1.605µs(n=50000)|10-20%=1.799µs(n=50000)|20-30%=1.803µs(n=50000)|30-40%=1.95µs(n=50000)|40-50%=1.97µs(n=50000)|50-60%=1.699µs(n=50000)|60-70%=1.798µs(n=50000)|70-80%=2.116µs(n=50000)|80-90%=1.866µs(n=50000)|90-100%=2.138µs(n=50000)",256.83,320.48,6170061,16889564,3377,"0-10%=3.347µs(n=500)|10-20%=3.37µs(n=500)|20-30%=3.386µs(n=500)|30-40%=3.486µs(n=500)|40-50%=3.391µs(n=500)|50-60%=3.063µs(n=500)|60-70%=3.349µs(n=500)|70-80%=3.448µs(n=500)|80-90%=3.374µs(n=500)|90-100%=3.562µs(n=500)",846,4356,0,0,"",0,0,0,0,0,0.00,0.00,0
smt,prehashed_ordered_build_700k,0,700000,700000,1339736701,1913,"0-10%=1.706µs(n=70000)|10-20%=1.923µs(n=70000)|20-30%=1.818µs(n=70000)|30-40%=1.875µs(n=70000)|40-50%=2.146µs(n=70000)|50-60%=1.733µs(n=70000)|60-70%=1.839µs(n=70000)|70-80%=2.038µs(n=70000)|80-90%=2.054µs(n=70000)|90-100%=2.001µs(n=70000)",355.87,448.65,8515786,25777707,3682,"0-10%=3.294µs(n=700)|10-20%=3.289µs(n=700)|20-30%=3.403µs(n=700)|30-40%=3.419µs(n=700)|40-50%=3.435µs(n=700)|50-60%=3.307µs(n=700)|60-70%=4.078µs(n=700)|70-80%=4.166µs(n=700)|80-90%=4.15µs(n=700)|90-100%=4.281µs(n=700)",865,4594,0,0,"",0,0,0,0,0,0.00,0.00,0
smt,prehashed_ordered_build_900k,0,900000,900000,1754180256,1949,"0-10%=1.711µs(n=90000)|10-20%=1.883µs(n=90000)|20-30%=1.855µs(n=90000)|30-40%=2.033µs(n=90000)|40-50%=2.051µs(n=90000)|50-60%=1.782µs(n=90000)|60-70%=1.877µs(n=90000)|70-80%=2.248µs(n=90000)|80-90%=2.007µs(n=90000)|90-100%=2.04µs(n=90000)",462.59,576.81,11116618,33818503,3757,"0-10%=3.791µs(n=900)|10-20%=3.75µs(n=900)|20-30%=3.872µs(n=900)|30-40%=3.861µs(n=900)|40-50%=3.861µs(n=900)|50-60%=3.793µs(n=900)|60-70%=3.729µs(n=900)|70-80%=3.78µs(n=900)|80-90%=3.649µs(n=900)|90-100%=3.484µs(n=900)",879,4344,0,0,"",0,0,0,0,0,0.00,0.00,0
smt,prehashed_ordered_build_1m,0,1000000,1000000,1972046235,1972,"0-10%=1.706µs(n=100000)|10-20%=1.906µs(n=100000)|20-30%=1.866µs(n=100000)|30-40%=1.992µs(n=100000)|40-50%=2.212µs(n=100000)|50-60%=1.891µs(n=100000)|60-70%=1.932µs(n=100000)|70-80%=2.215µs(n=100000)|80-90%=1.953µs(n=100000)|90-100%=2.042µs(n=100000)",513.55,640.91,12336193,36337866,3633,"0-10%=3.713µs(n=1000)|10-20%=3.652µs(n=1000)|20-30%=4.041µs(n=1000)|30-40%=3.647µs(n=1000)|40-50%=3.698µs(n=1000)|50-60%=3.597µs(n=1000)|60-70%=3.42µs(n=1000)|70-80%=3.474µs(n=1000)|80-90%=3.593µs(n=1000)|90-100%=3.498µs(n=1000)",885,4454,0,0,"",0,0,0,0,0,0.00,0.00,0
smt,prehashed_ordered_build_2m,0,2000000,2000000,4057331834,2028,"0-10%=1.844µs(n=200000)|10-20%=2.028µs(n=200000)|20-30%=1.968µs(n=200000)|30-40%=2.174µs(n=200000)|40-50%=2.119µs(n=200000)|50-60%=1.824µs(n=200000)|60-70%=1.926µs(n=200000)|70-80%=2.292µs(n=200000)|80-90%=1.984µs(n=200000)|90-100%=2.124µs(n=200000)",1033.49,1281.86,24880886,74666502,3733,"0-10%=4.247µs(n=2000)|10-20%=4.098µs(n=2000)|20-30%=3.697µs(n=2000)|30-40%=3.641µs(n=2000)|40-50%=3.654µs(n=2000)|50-60%=3.549µs(n=2000)|60-70%=3.57µs(n=2000)|70-80%=3.708µs(n=2000)|80-90%=3.613µs(n=2000)|90-100%=3.551µs(n=2000)",923,4721,0,0,"",0,0,0,0,0,0.00,0.00,0
smt,prehashed_ordered_build_5m,0,5000000,5000000,10624312211,2124,"0-10%=1.983µs(n=500000)|10-20%=2.102µs(n=500000)|20-30%=2.041µs(n=500000)|30-40%=2.277µs(n=500000)|40-50%=2.172µs(n=500000)|50-60%=1.956µs(n=500000)|60-70%=2.029µs(n=500000)|70-80%=2.386µs(n=500000)|80-90%=2.07µs(n=500000)|90-100%=2.228µs(n=500000)",2608.33,3204.69,62997801,183064304,3661,"0-10%=3.822µs(n=5000)|10-20%=3.665µs(n=5000)|20-30%=3.632µs(n=5000)|30-40%=3.586µs(n=5000)|40-50%=3.597µs(n=5000)|50-60%=3.603µs(n=5000)|60-70%=3.574µs(n=5000)|70-80%=3.912µs(n=5000)|80-90%=3.645µs(n=5000)|90-100%=3.57µs(n=5000)",973,4731,0,0,"",0,0,0,0,0,0.00,0.00,0
smt,prehashed_ordered_build_10m,0,10000000,10000000,21517430951,2151,"0-10%=1.888µs(n=1000000)|10-20%=2.113µs(n=1000000)|20-30%=2.07µs(n=1000000)|30-40%=2.325µs(n=1000000)|40-50%=2.239µs(n=1000000)|50-60%=1.964µs(n=1000000)|60-70%=2.069µs(n=1000000)|70-80%=2.454µs(n=1000000)|80-90%=2.138µs(n=1000000)|90-100%=2.254µs(n=1000000)",5179.24,6409.35,124769988,379477422,3794,"0-10%=3.729µs(n=10000)|10-20%=3.745µs(n=10000)|20-30%=3.715µs(n=10000)|30-40%=3.844µs(n=10000)|40-50%=3.794µs(n=10000)|50-60%=3.703µs(n=10000)|60-70%=3.702µs(n=10000)|70-80%=4.166µs(n=10000)|80-90%=3.846µs(n=10000)|90-100%=3.699µs(n=10000)",1011,4928,0,0,"",0,0,0,0,0,0.00,0.00,0
smt,prehashed_ordered_build_15m,0,15000000,15000000,33064347666,2204,"0-10%=1.927µs(n=1500000)|10-20%=2.176µs(n=1500000)|20-30%=2.147µs(n=1500000)|30-40%=2.334µs(n=1500000)|40-50%=2.289µs(n=1500000)|50-60%=2.011µs(n=1500000)|60-70%=2.133µs(n=1500000)|70-80%=2.544µs(n=1500000)|80-90%=2.189µs(n=1500000)|90-100%=2.287µs(n=1500000)",7815.65,9613.87,188727802,769429830,5129,"0-10%=3.687µs(n=15000)|10-20%=3.843µs(n=15000)|20-30%=3.797µs(n=15000)|30-40%=4.763µs(n=15000)|40-50%=5.954µs(n=15000)|50-60%=5.732µs(n=15000)|60-70%=5.681µs(n=15000)|70-80%=6.268µs(n=15000)|80-90%=5.858µs(n=15000)|90-100%=5.708µs(n=15000)",1034,6398,0,0,"",0,0,0,0,0,0.00,0.00,0
smt,insert_only_build_10k,0,10000,10000,22822768,2282,"0-10%=1.565µs(n=1000)|10-20%=1.877µs(n=1000)|20-30%=2.034µs(n=1000)|30-40%=3.084µs(n=1000)|40-50%=2.117µs(n=1000)|50-60%=2.154µs(n=1000)|60-70%=2.148µs(n=1000)|70-80%=3.31µs(n=1000)|80-90%=2.186µs(n=1000)|90-100%=2.343µs(n=1000)",5.61,7.17,129269,0,0,"",0,0,0,0,"",0,0,0,0,0,0.00,0.00,0
smt,insert_only_build_50k,0,50000,50000,134340485,2686,"0-10%=2.142µs(n=5000)|10-20%=2.434µs(n=5000)|20-30%=2.596µs(n=5000)|30-40%=2.521µs(n=5000)|40-50%=2.648µs(n=5000)|50-60%=3.012µs(n=5000)|60-70%=2.661µs(n=5000)|70-80%=2.729µs(n=5000)|80-90%=2.808µs(n=5000)|90-100%=3.313µs(n=5000)",25.95,35.80,575056,0,0,"",0,0,0,0,"",0,0,0,0,0,0.00,0.00,0
smt,insert_only_build_100k,0,100000,100000,294567102,2945,"0-10%=2.242µs(n=10000)|10-20%=2.508µs(n=10000)|20-30%=2.774µs(n=10000)|30-40%=2.796µs(n=10000)|40-50%=3.169µs(n=10000)|50-60%=2.914µs(n=10000)|60-70%=3.091µs(n=10000)|70-80%=3.103µs(n=10000)|80-90%=3.521µs(n=10000)|90-100%=3.333µs(n=10000)",54.54,71.57,1233270,0,0,"",0,0,0,0,"",0,0,0,0,0,0.00,0.00,0
smt,insert_only_build_200k,0,200000,200000,688460528,3442,"0-10%=2.406µs(n=20000)|10-20%=2.822µs(n=20000)|20-30%=3.086µs(n=20000)|30-40%=3.07µs(n=20000)|40-50%=3.508µs(n=20000)|50-60%=3.466µs(n=20000)|60-70%=4.178µs(n=20000)|70-80%=4.133µs(n=20000)|80-90%=3.939µs(n=20000)|90-100%=3.811µs(n=20000)",113.67,143.12,2611692,0,0,"",0,0,0,0,"",0,0,0,0,0,0.00,0.00,0
smt,insert_only_build_300k,0,300000,300000,1095790650,3652,"0-10%=2.648µs(n=30000)|10-20%=3.052µs(n=30000)|20-30%=3.307µs(n=30000)|30-40%=3.284µs(n=30000)|40-50%=3.725µs(n=30000)|50-60%=3.76µs(n=30000)|60-70%=3.771µs(n=30000)|70-80%=4.262µs(n=30000)|80-90%=4.411µs(n=30000)|90-100%=4.302µs(n=30000)",165.86,214.69,3769242,0,0,"",0,0,0,0,"",0,0,0,0,0,0.00,0.00,0
smt,insert_only_build_500k,0,500000,500000,2032824060,4065,"0-10%=2.955µs(n=50000)|10-20%=3.217µs(n=50000)|20-30%=3.538µs(n=50000)|30-40%=3.753µs(n=50000)|40-50%=4.255µs(n=50000)|50-60%=4.196µs(n=50000)|60-70%=4.218µs(n=50000)|70-80%=4.777µs(n=50000)|80-90%=5.033µs(n=50000)|90-100%=4.71µs(n=50000)",275.47,357.82,6250379,0,0,"",0,0,0,0,"",0,0,0,0,0,0.00,0.00,0
smt,insert_only_build_700k,0,700000,700000,3073669095,4390,"0-10%=2.81µs(n=70000)|10-20%=3.458µs(n=70000)|20-30%=3.732µs(n=70000)|30-40%=4.369µs(n=70000)|40-50%=4.269µs(n=70000)|50-60%=4.896µs(n=70000)|60-70%=4.942µs(n=70000)|70-80%=4.79µs(n=70000)|80-90%=4.803µs(n=70000)|90-100%=5.836µs(n=70000)",362.35,500.96,8010887,0,0,"",0,0,0,0,"",0,0,0,0,0,0.00,0.00,0
smt,insert_only_build_900k,0,900000,900000,4064229098,4515,"0-10%=2.91µs(n=90000)|10-20%=3.651µs(n=90000)|20-30%=4.091µs(n=90000)|30-40%=4.189µs(n=90000)|40-50%=4.886µs(n=90000)|50-60%=4.672µs(n=90000)|60-70%=4.721µs(n=90000)|70-80%=5.567µs(n=90000)|80-90%=5.343µs(n=90000)|90-100%=5.123µs(n=90000)",503.29,644.09,11486004,0,0,"",0,0,0,0,"",0,0,0,0,0,0.00,0.00,0
smt,insert_only_build_1m,0,1000000,1000000,4681593758,4681,"0-10%=2.953µs(n=100000)|10-20%=3.662µs(n=100000)|20-30%=4.281µs(n=100000)|30-40%=4.675µs(n=100000)|40-50%=4.941µs(n=100000)|50-60%=4.817µs(n=100000)|60-70%=5.421µs(n=100000)|70-80%=5.504µs(n=100000)|80-90%=5.251µs(n=100000)|90-100%=5.306µs(n=100000)",578.31,715.66,13367584,0,0,"",0,0,0,0,"",0,0,0,0,0,0.00,0.00,0
smt,insert_only_build_2m,0,2000000,2000000,10641293756,5320,"0-10%=3.285µs(n=200000)|10-20%=4.476µs(n=200000)|20-30%=4.881µs(n=200000)|30-40%=5.418µs(n=200000)|40-50%=5.168µs(n=200000)|50-60%=5.837µs(n=200000)|60-70%=5.749µs(n=200000)|70-80%=5.669µs(n=200000)|80-90%=5.873µs(n=200000)|90-100%=6.846µs(n=200000)",1032.58,1431.26,22799272,0,0,"",0,0,0,0,"",0,0,0,0,0,0.00,0.00,0
smt,insert_only_build_5m,0,5000000,5000000,30554383084,6110,"0-10%=4.006µs(n=500000)|10-20%=5.186µs(n=500000)|20-30%=5.783µs(n=500000)|30-40%=6.221µs(n=500000)|40-50%=6.221µs(n=500000)|50-60%=6.249µs(n=500000)|60-70%=7.127µs(n=500000)|70-80%=6.776µs(n=500000)|80-90%=6.702µs(n=500000)|90-100%=6.832µs(n=500000)",2928.70,3578.15,68008471,0,0,"",0,0,0,0,"",0,0,0,0,0,0.00,0.00,0
smt,insert_only_build_10m,0,10000000,10000000,68256856827,6825,"0-10%=4.555µs(n=1000000)|10-20%=5.911µs(n=1000000)|20-30%=6.221µs(n=1000000)|30-40%=6.867µs(n=1000000)|40-50%=6.666µs(n=1000000)|50-60%=7.444µs(n=1000000)|60-70%=7.318µs(n=1000000)|70-80%=7.315µs(n=1000000)|80-90%=7.43µs(n=1000000)|90-100%=8.524µs(n=1000000)",5236.85,7156.44,116325347,0,0,"",0,0,0,0,"",0,0,0,0,0,0.00,0.00,0
smt,insert_only_build_25m,0,25000000,25000000,207257581781,8290,"0-10%=5.471µs(n=2500000)|10-20%=6.902µs(n=2500000)|20-30%=7.506µs(n=2500000)|30-40%=8.098µs(n=2500000)|40-50%=8.077µs(n=2500000)|50-60%=8.725µs(n=2500000)|60-70%=9.004µs(n=2500000)|70-80%=9.338µs(n=2500000)|80-90%=9.474µs(n=2500000)|90-100%=10.303µs(n=2500000)",12627.97,17892.48,276046538,0,0,"",0,0,0,0,"",0,0,0,0,0,0.00,0.00,0
smt,proof_only_after_10k_build_sample_5pct,10000,10000,0,0,0,"",0.00,0.00,0,885430,1770,"0-10%=1.534µs(n=50)|10-20%=1.243µs(n=50)|20-30%=1.336µs(n=50)|30-40%=1.397µs(n=50)|40-50%=1.223µs(n=50)|50-60%=1.5µs(n=50)|60-70%=1.193µs(n=50)|70-80%=1.723µs(n=50)|80-90%=1.357µs(n=50)|90-100%=5.198µs(n=50)",633,3260,0,0,"",0,0,0,0,0,0.00,0.00,0
smt,proof_only_after_50k_build_sample_5pct,50000,50000,0,0,0,"",0.00,0.00,0,4546722,1818,"0-10%=2.013µs(n=250)|10-20%=1.906µs(n=250)|20-30%=1.791µs(n=250)|30-40%=1.781µs(n=250)|40-50%=1.733µs(n=250)|50-60%=1.944µs(n=250)|60-70%=1.64µs(n=250)|70-80%=1.889µs(n=250)|80-90%=1.652µs(n=250)|90-100%=1.832µs(n=250)",720,3711,0,0,"",0,0,0,0,0,0.00,0.00,0
smt,proof_only_after_100k_build_sample_5pct,100000,100000,0,0,0,"",0.00,0.00,0,10652920,2130,"0-10%=2.252µs(n=500)|10-20%=2.146µs(n=500)|20-30%=2.155µs(n=500)|30-40%=2.165µs(n=500)|40-50%=2.072µs(n=500)|50-60%=2.137µs(n=500)|60-70%=2.151µs(n=500)|70-80%=2.001µs(n=500)|80-90%=2.082µs(n=500)|90-100%=2.14µs(n=500)",759,3979,0,0,"",0,0,0,0,0,0.00,0.00,0
smt,proof_only_after_200k_build_sample_5pct,200000,200000,0,0,0,"",0.00,0.00,0,27510843,2751,"0-10%=2.901µs(n=1000)|10-20%=2.666µs(n=1000)|20-30%=2.711µs(n=1000)|30-40%=2.546µs(n=1000)|40-50%=2.551µs(n=1000)|50-60%=2.549µs(n=1000)|60-70%=2.502µs(n=1000)|70-80%=2.828µs(n=1000)|80-90%=3.138µs(n=1000)|90-100%=3.115µs(n=1000)",796,4404,0,0,"",0,0,0,0,0,0.00,0.00,0
smt,proof_only_after_300k_build_sample_5pct,300000,300000,0,0,0,"",0.00,0.00,0,51048762,3403,"0-10%=3.74µs(n=1500)|10-20%=3.523µs(n=1500)|20-30%=3.508µs(n=1500)|30-40%=3.443µs(n=1500)|40-50%=3.425µs(n=1500)|50-60%=3.357µs(n=1500)|60-70%=3.354µs(n=1500)|70-80%=3.293µs(n=1500)|80-90%=3.185µs(n=1500)|90-100%=3.2µs(n=1500)",819,4737,0,0,"",0,0,0,0,0,0.00,0.00,0
smt,proof_only_after_500k_build_sample_5pct,500000,500000,0,0,0,"",0.00,0.00,0,90132611,3605,"0-10%=4.062µs(n=2500)|10-20%=3.87µs(n=2500)|20-30%=3.735µs(n=2500)|30-40%=3.672µs(n=2500)|40-50%=3.657µs(n=2500)|50-60%=3.481µs(n=2500)|60-70%=3.393µs(n=2500)|70-80%=3.435µs(n=2500)|80-90%=3.408µs(n=2500)|90-100%=3.335µs(n=2500)",847,5102,0,0,"",0,0,0,0,0,0.00,0.00,0
smt,proof_only_after_700k_build_sample_5pct,700000,700000,0,0,0,"",0.00,0.00,0,133937013,3826,"0-10%=4.15µs(n=3500)|10-20%=3.913µs(n=3500)|20-30%=3.84µs(n=3500)|30-40%=3.81µs(n=3500)|40-50%=3.739µs(n=3500)|50-60%=3.696µs(n=3500)|60-70%=3.776µs(n=3500)|70-80%=3.754µs(n=3500)|80-90%=3.786µs(n=3500)|90-100%=3.796µs(n=3500)",865,5309,0,0,"",0,0,0,0,0,0.00,0.00,0
smt,proof_only_after_900k_build_sample_5pct,900000,900000,0,0,0,"",0.00,0.00,0,189070560,4201,"0-10%=4.23µs(n=4500)|10-20%=3.956µs(n=4500)|20-30%=3.944µs(n=4500)|30-40%=3.895µs(n=4500)|40-50%=4.184µs(n=4500)|50-60%=4.493µs(n=4500)|60-70%=4.484µs(n=4500)|70-80%=4.547µs(n=4500)|80-90%=4.179µs(n=4500)|90-100%=4.099µs(n=4500)",879,5194,0,0,"",0,0,0,0,0,0.00,0.00,0
smt,proof_only_after_1m_build_sample_5pct,1000000,1000000,0,0,0,"",0.00,0.00,0,197340431,3946,"0-10%=4.253µs(n=5000)|10-20%=4.015µs(n=5000)|20-30%=3.974µs(n=5000)|30-40%=3.978µs(n=5000)|40-50%=3.946µs(n=5000)|50-60%=3.902µs(n=5000)|60-70%=3.959µs(n=5000)|70-80%=3.867µs(n=5000)|80-90%=3.751µs(n=5000)|90-100%=3.817µs(n=5000)",884,5054,0,0,"",0,0,0,0,0,0.00,0.00,0
smt,prehashed_ordered_proof_only_after_1m_build_sample_5pct,1000000,1000000,0,0,0,"",0.00,0.00,0,150544743,3010,"0-10%=2.962µs(n=5000)|10-20%=3.053µs(n=5000)|20-30%=2.993µs(n=5000)|30-40%=3.023µs(n=5000)|40-50%=2.986µs(n=5000)|50-60%=3.01µs(n=5000)|60-70%=2.999µs(n=5000)|70-80%=3.066µs(n=5000)|80-90%=3.035µs(n=5000)|90-100%=2.979µs(n=5000)",884,4971,0,0,"",0,0,0,0,0,0.00,0.00,0
smt,proof_only_after_2m_build_sample_3pct,2000000,2000000,0,0,0,"",0.00,0.00,0,257207337,4286,"0-10%=4.818µs(n=6000)|10-20%=4.539µs(n=6000)|20-30%=4.531µs(n=6000)|30-40%=4.486µs(n=6000)|40-50%=4.198µs(n=6000)|50-60%=4.126µs(n=6000)|60-70%=4.013µs(n=6000)|70-80%=3.977µs(n=6000)|80-90%=4.058µs(n=6000)|90-100%=4.116µs(n=6000)",923,6413,0,0,"",0,0,0,0,0,0.00,0.00,0
smt,proof_only_after_5m_build_sample_3pct,5000000,5000000,0,0,0,"",0.00,0.00,0,734234426,4894,"0-10%=4.989µs(n=15000)|10-20%=4.853µs(n=15000)|20-30%=4.97µs(n=15000)|30-40%=5.048µs(n=15000)|40-50%=5.016µs(n=15000)|50-60%=4.937µs(n=15000)|60-70%=4.874µs(n=15000)|70-80%=4.79µs(n=15000)|80-90%=4.723µs(n=15000)|90-100%=4.744µs(n=15000)",973,6111,0,0,"",0,0,0,0,0,0.00,0.00,0
smt,prehashed_ordered_proof_only_after_5m_build_sample_3pct,5000000,5000000,0,0,0,"",0.00,0.00,0,498222891,3321,"0-10%=3.234µs(n=15000)|10-20%=3.334µs(n=15000)|20-30%=3.31µs(n=15000)|30-40%=3.323µs(n=15000)|40-50%=3.36µs(n=15000)|50-60%=3.215µs(n=15000)|60-70%=3.232µs(n=15000)|70-80%=3.456µs(n=15000)|80-90%=3.416µs(n=15000)|90-100%=3.33µs(n=15000)",973,5893,0,0,"",0,0,0,0,0,0.00,0.00,0
smt,proof_only_after_10m_build_sample_2pct,10000000,10000000,0,0,0,"",0.00,0.00,0,1097623361,5488,"0-10%=5.527µs(n=20000)|10-20%=5.387µs(n=20000)|20-30%=5.442µs(n=20000)|30-40%=5.517µs(n=20000)|40-50%=5.481µs(n=20000)|50-60%=5.551µs(n=20000)|60-70%=5.511µs(n=20000)|70-80%=5.554µs(n=20000)|80-90%=5.555µs(n=20000)|90-100%=5.351µs(n=20000)",1011,6604,0,0,"",0,0,0,0,0,0.00,0.00,0
smt,proof_only_after_20m_build_sample_2pct,20000000,20000000,0,0,0,"",0.00,0.00,0,3411617545,8529,"0-10%=8.699µs(n=40000)|10-20%=8.366µs(n=40000)|20-30%=8.43µs(n=40000)|30-40%=8.464µs(n=40000)|40-50%=8.502µs(n=40000)|50-60%=8.44µs(n=40000)|60-70%=8.646µs(n=40000)|70-80%=8.665µs(n=40000)|80-90%=8.559µs(n=40000)|90-100%=8.515µs(n=40000)",1049,8422,0,0,"",0,0,0,0,0,0.00,0.00,0
smt,build_10k_then_add_2k_new,10000,12000,2000,5162578,2581,"0-10%=3.15µs(n=200)|10-20%=2.771µs(n=200)|20-30%=2.743µs(n=200)|30-40%=2.458µs(n=200)|40-50%=2.412µs(n=200)|50-60%=2.331µs(n=200)|60-70%=2.813µs(n=200)|70-80%=2.384µs(n=200)|80-90%=2.419µs(n=200)|90-100%=2.324µs(n=200)",1.45,1.45,146303,0,0,"",0,0,0,0,"",0,0,0,0,0,0.00,0.00,0
smt,build_50k_then_add_10k_new,50000,60000,10000,35519261,3551,"0-10%=4.279µs(n=1000)|10-20%=3.945µs(n=1000)|20-30%=3.626µs(n=1000)|30-40%=3.588µs(n=1000)|40-50%=3.504µs(n=1000)|50-60%=3.413µs(n=1000)|60-70%=3.306µs(n=1000)|70-80%=3.262µs(n=1000)|80-90%=3.28µs(n=1000)|90-100%=3.311µs(n=1000)",7.17,7.17,728075,0,0,"",0,0,0,0,"",0,0,0,0,0,0.00,0.00,0
smt,build_100k_then_add_20k_new,100000,120000,20000,84208877,4210,"0-10%=5.588µs(n=2000)|10-20%=4.864µs(n=2000)|20-30%=4.284µs(n=2000)|30-40%=4.327µs(n=2000)|40-50%=4.113µs(n=2000)|50-60%=3.923µs(n=2000)|60-70%=3.782µs(n=2000)|70-80%=3.75µs(n=2000)|80-90%=3.738µs(n=2000)|90-100%=3.73µs(n=2000)",14.32,14.32,1455282,0,0,"",0,0,0,0,"",0,0,0,0,0,0.00,0.00,0
smt,build_200k_then_add_40k_new,200000,240000,40000,182314821,4557,"0-10%=5.381µs(n=4000)|10-20%=4.936µs(n=4000)|20-30%=4.701µs(n=4000)|30-40%=4.613µs(n=4000)|40-50%=4.502µs(n=4000)|50-60%=4.387µs(n=4000)|60-70%=4.381µs(n=4000)|70-80%=4.357µs(n=4000)|80-90%=4.199µs(n=4000)|90-100%=4.116µs(n=4000)",28.66,28.66,2909920,0,0,"",0,0,0,0,"",0,0,0,0,0,0.00,0.00,0
smt,build_300k_then_add_60k_new,300000,360000,60000,288018559,4800,"0-10%=5.703µs(n=6000)|10-20%=5.222µs(n=6000)|20-30%=5.017µs(n=6000)|30-40%=4.982µs(n=6000)|40-50%=4.768µs(n=6000)|50-60%=4.736µs(n=6000)|60-70%=4.545µs(n=6000)|70-80%=4.355µs(n=6000)|80-90%=4.334µs(n=6000)|90-100%=4.334µs(n=6000)",42.95,42.95,4364031,0,0,"",0,0,0,0,"",0,0,0,0,0,0.00,0.00,0
smt,build_500k_then_add_100k_new,500000,600000,100000,548303147,5483,"0-10%=6.331µs(n=10000)|10-20%=5.892µs(n=10000)|20-30%=6.692µs(n=10000)|30-40%=5.712µs(n=10000)|40-50%=5.343µs(n=10000)|50-60%=5.255µs(n=10000)|60-70%=5.007µs(n=10000)|70-80%=4.83µs(n=10000)|80-90%=4.876µs(n=10000)|90-100%=4.887µs(n=10000)",71.59,71.59,7273239,0,0,"",0,0,0,0,"",0,0,0,0,0,0.00,0.00,0
smt,build_700k_then_add_140k_new,700000,840000,140000,797104373,5693,"0-10%=6.897µs(n=14000)|10-20%=6.212µs(n=14000)|20-30%=6.001µs(n=14000)|30-40%=5.646µs(n=14000)|40-50%=5.51µs(n=14000)|50-60%=5.387µs(n=14000)|60-70%=5.319µs(n=14000)|70-80%=5.332µs(n=14000)|80-90%=5.298µs(n=14000)|90-100%=5.331µs(n=14000)",100.20,100.20,10181913,0,0,"",0,0,0,0,"",0,0,0,0,0,0.00,0.00,0
smt,build_900k_then_add_180k_new,900000,1080000,180000,1074592590,5969,"0-10%=6.672µs(n=18000)|10-20%=6.148µs(n=18000)|20-30%=5.934µs(n=18000)|30-40%=5.837µs(n=18000)|40-50%=5.745µs(n=18000)|50-60%=6.322µs(n=18000)|60-70%=5.971µs(n=18000)|70-80%=5.802µs(n=18000)|80-90%=5.617µs(n=18000)|90-100%=5.646µs(n=18000)",128.80,128.80,13090412,0,0,"",0,0,0,0,"",0,0,0,0,0,0.00,0.00,0
smt,build_1m_then_add_200k_new,1000000,1200000,200000,1275833438,6379,"0-10%=6.684µs(n=20000)|10-20%=6.111µs(n=20000)|20-30%=6.485µs(n=20000)|30-40%=6.232µs(n=20000)|40-50%=6.386µs(n=20000)|50-60%=6.256µs(n=20000)|60-70%=6.255µs(n=20000)|70-80%=6.386µs(n=20000)|80-90%=6.494µs(n=20000)|90-100%=6.497µs(n=20000)",143.13,143.13,14544857,0,0,"",0,0,0,0,"",0,0,0,0,0,0.00,0.00,0
smt,build_2m_then_add_400k_new,2000000,2400000,400000,2582562732,6456,"0-10%=7.293µs(n=40000)|10-20%=6.855µs(n=40000)|20-30%=6.768µs(n=40000)|30-40%=6.656µs(n=40000)|40-50%=6.448µs(n=40000)|50-60%=6.203µs(n=40000)|60-70%=6.055µs(n=40000)|70-80%=6.068µs(n=40000)|80-90%=6.108µs(n=40000)|90-100%=6.105µs(n=40000)",286.24,286.24,29088991,0,0,"",0,0,0,0,"",0,0,0,0,0,0.00,0.00,0
smt,build_5m_then_add_1m_new,5000000,6000000,1000000,7479574775,7479,"0-10%=8.23µs(n=100000)|10-20%=7.808µs(n=100000)|20-30%=7.245µs(n=100000)|30-40%=7.36µs(n=100000)|40-50%=7.514µs(n=100000)|50-60%=7.561µs(n=100000)|60-70%=7.513µs(n=100000)|70-80%=7.398µs(n=100000)|80-90%=7.153µs(n=100000)|90-100%=7.01µs(n=100000)",715.72,715.72,72722924,0,0,"",0,0,0,0,"",0,0,0,0,0,0.00,0.00,0
smt,build_10m_then_add_2m_new,10000000,12000000,2000000,16363702798,8181,"0-10%=8.84µs(n=200000)|10-20%=8.429µs(n=200000)|20-30%=8.502µs(n=200000)|30-40%=8.228µs(n=200000)|40-50%=8.176µs(n=200000)|50-60%=7.848µs(n=200000)|60-70%=8.145µs(n=200000)|70-80%=7.846µs(n=200000)|80-90%=7.909µs(n=200000)|90-100%=7.89µs(n=200000)",1431.33,1431.33,145442567,0,0,"",0,0,0,0,"",0,0,0,0,0,0.00,0.00,0
smt,build_20m_then_add_5m_new,20000000,25000000,5000000,49355656000,9871,"0-10%=9.907µs(n=500000)|10-20%=9.821µs(n=500000)|20-30%=9.748µs(n=500000)|30-40%=10.001µs(n=500000)|40-50%=9.947µs(n=500000)|50-60%=9.912µs(n=500000)|60-70%=9.82µs(n=500000)|70-80%=9.796µs(n=500000)|80-90%=9.831µs(n=500000)|90-100%=9.925µs(n=500000)",3578.82,3578.82,308607708,0,0,"",0,0,0,0,"",0,0,0,0,0,0.00,0.00,0
smt,build_10k_then_reinsert_2k_existing,10000,10000,2000,4824477,2412,"0-10%=3.102µs(n=200)|10-20%=2.685µs(n=200)|20-30%=2.515µs(n=200)|30-40%=2.417µs(n=200)|40-50%=2.287µs(n=200)|50-60%=2.286µs(n=200)|60-70%=2.172µs(n=200)|70-80%=2.235µs(n=200)|80-90%=2.302µs(n=200)|90-100%=2.113µs(n=200)",0.34,0.34,121895,0,0,"",0,0,0,0,"",0,0,0,0,0,0.00,0.00,0
smt,build_50k_then_reinsert_10k_existing,50000,50000,10000,33013630,3301,"0-10%=3.843µs(n=1000)|10-20%=3.474µs(n=1000)|20-30%=3.485µs(n=1000)|30-40%=3.294µs(n=1000)|40-50%=3.342µs(n=1000)|50-60%=3.127µs(n=1000)|60-70%=3.216µs(n=1000)|70-80%=3.089µs(n=1000)|80-90%=3.107µs(n=1000)|90-100%=3.031µs(n=1000)",1.62,1.62,605902,0,0,"",0,0,0,0,"",0,0,0,0,0,0.00,0.00,0
smt,build_100k_then_reinsert_20k_existing,100000,100000,20000,75162981,3758,"0-10%=4.231µs(n=2000)|10-20%=3.985µs(n=2000)|20-30%=3.813µs(n=2000)|30-40%=3.793µs(n=2000)|40-50%=3.729µs(n=2000)|50-60%=3.683µs(n=2000)|60-70%=3.704µs(n=2000)|70-80%=3.636µs(n=2000)|80-90%=3.505µs(n=2000)|90-100%=3.496µs(n=2000)",3.22,3.22,1210913,0,0,"",0,0,0,0,"",0,0,0,0,0,0.00,0.00,0
smt,build_200k_then_reinsert_40k_existing,200000,200000,40000,165112991,4127,"0-10%=5.126µs(n=4000)|10-20%=4.43µs(n=4000)|20-30%=4.223µs(n=4000)|30-40%=4.113µs(n=4000)|40-50%=4.026µs(n=4000)|50-60%=3.962µs(n=4000)|60-70%=3.924µs(n=4000)|70-80%=3.868µs(n=4000)|80-90%=3.815µs(n=4000)|90-100%=3.785µs(n=4000)",6.44,6.44,2420928,0,0,"",0,0,0,0,"",0,0,0,0,0,0.00,0.00,0
smt,build_300k_then_reinsert_60k_existing,300000,300000,60000,261400544,4356,"0-10%=5.252µs(n=6000)|10-20%=4.639µs(n=6000)|20-30%=4.438µs(n=6000)|30-40%=4.336µs(n=6000)|40-50%=4.271µs(n=6000)|50-60%=4.246µs(n=6000)|60-70%=4.15µs(n=6000)|70-80%=4.137µs(n=6000)|80-90%=4.061µs(n=6000)|90-100%=4.031µs(n=6000)",9.64,9.64,3630937,0,0,"",0,0,0,0,"",0,0,0,0,0,0.00,0.00,0
smt,build_500k_then_reinsert_100k_existing,500000,500000,100000,483247361,4832,"0-10%=5.719µs(n=10000)|10-20%=5.11µs(n=10000)|20-30%=4.975µs(n=10000)|30-40%=4.846µs(n=10000)|40-50%=4.762µs(n=10000)|50-60%=4.689µs(n=10000)|60-70%=4.622µs(n=10000)|70-80%=4.616µs(n=10000)|80-90%=4.505µs(n=10000)|90-100%=4.475µs(n=10000)",16.06,16.06,6050947,0,0,"",0,0,0,0,"",0,0,0,0,0,0.00,0.00,0
smt,build_700k_then_reinsert_140k_existing,700000,700000,140000,781707858,5583,"0-10%=6.553µs(n=14000)|10-20%=5.777µs(n=14000)|20-30%=5.631µs(n=14000)|30-40%=5.578µs(n=14000)|40-50%=5.533µs(n=14000)|50-60%=5.488µs(n=14000)|60-70%=5.414µs(n=14000)|70-80%=5.303µs(n=14000)|80-90%=5.292µs(n=14000)|90-100%=5.262µs(n=14000)",22.47,22.47,8470898,0,0,"",0,0,0,0,"",0,0,0,0,0,0.00,0.00,0
smt,build_900k_then_reinsert_180k_existing,900000,900000,180000,989610513,5497,"0-10%=6.217µs(n=18000)|10-20%=5.668µs(n=18000)|20-30%=5.562µs(n=18000)|30-40%=5.481µs(n=18000)|40-50%=5.42µs(n=18000)|50-60%=5.412µs(n=18000)|60-70%=5.371µs(n=18000)|70-80%=5.336µs(n=18000)|80-90%=5.255µs(n=18000)|90-100%=5.253µs(n=18000)",28.89,28.89,10890906,0,0,"",0,0,0,0,"",0,0,0,0,0,0.00,0.00,0
smt,build_1m_then_reinsert_200k_existing,1000000,1000000,200000,1074622355,5373,"0-10%=5.994µs(n=20000)|10-20%=5.522µs(n=20000)|20-30%=5.365µs(n=20000)|30-40%=5.357µs(n=20000)|40-50%=5.349µs(n=20000)|50-60%=5.301µs(n=20000)|60-70%=5.276µs(n=20000)|70-80%=5.244µs(n=20000)|80-90%=5.155µs(n=20000)|90-100%=5.164µs(n=20000)",32.09,32.09,12100914,0,0,"",0,0,0,0,"",0,0,0,0,0,0.00,0.00,0
smt,prehashed_ordered_build_1m_then_reinsert_200k_existing,1000000,1000000,200000,619398442,3096,"0-10%=2.891µs(n=20000)|10-20%=3.075µs(n=20000)|20-30%=3.026µs(n=20000)|30-40%=3.109µs(n=20000)|40-50%=2.909µs(n=20000)|50-60%=2.905µs(n=20000)|60-70%=3.502µs(n=20000)|70-80%=3.693µs(n=20000)|80-90%=2.861µs(n=20000)|90-100%=2.995µs(n=20000)",19.88,19.88,11700921,0,0,"",0,0,0,0,"",0,0,0,0,0,0.00,0.00,0
smt,build_2m_then_reinsert_400k_existing,2000000,2000000,400000,2472511600,6181,"0-10%=6.604µs(n=40000)|10-20%=6.23µs(n=40000)|20-30%=6.198µs(n=40000)|30-40%=6.097µs(n=40000)|40-50%=6.158µs(n=40000)|50-60%=6.186µs(n=40000)|60-70%=6.21µs(n=40000)|70-80%=6.141µs(n=40000)|80-90%=6.005µs(n=40000)|90-100%=5.978µs(n=40000)",64.19,64.19,24200936,0,0,"",0,0,0,0,"",0,0,0,0,0,0.00,0.00,0
smt,build_5m_then_reinsert_1m_existing,5000000,5000000,1000000,7020549268,7020,"0-10%=7.239µs(n=100000)|10-20%=7.058µs(n=100000)|20-30%=7.092µs(n=100000)|30-40%=7.098µs(n=100000)|40-50%=6.99µs(n=100000)|50-60%=7.045µs(n=100000)|60-70%=6.973µs(n=100000)|70-80%=6.963µs(n=100000)|80-90%=6.9µs(n=100000)|90-100%=6.843µs(n=100000)",160.47,160.47,60500965,0,0,"",0,0,0,0,"",0,0,0,0,0,0.00,0.00,0
smt,prehashed_ordered_build_5m_then_reinsert_1m_existing,5000000,5000000,1000000,3178072941,3178,"0-10%=3.1µs(n=100000)|10-20%=3.269µs(n=100000)|20-30%=3.264µs(n=100000)|30-40%=3.342µs(n=100000)|40-50%=3.165µs(n=100000)|50-60%=3.128µs(n=100000)|60-70%=3.108µs(n=100000)|70-80%=3.106µs(n=100000)|80-90%=3.052µs(n=100000)|90-100%=3.241µs(n=100000)",99.30,99.30,58500955,0,0,"",0,0,0,0,"",0,0,0,0,0,0.00,0.00,0
smt,build_10m_then_reinsert_2m_existing,10000000,10000000,2000000,15687166148,7843,"0-10%=7.929µs(n=200000)|10-20%=7.806µs(n=200000)|20-30%=7.766µs(n=200000)|30-40%=7.768µs(n=200000)|40-50%=7.843µs(n=200000)|50-60%=7.92µs(n=200000)|60-70%=7.994µs(n=200000)|70-80%=7.951µs(n=200000)|80-90%=7.744µs(n=200000)|90-100%=7.711µs(n=200000)",320.96,320.96,121001016,0,0,"",0,0,0,0,"",0,0,0,0,0,0.00,0.00,0
smt,build_25m_then_reinsert_5m_existing,25000000,25000000,5000000,46271423410,9254,"0-10%=9.507µs(n=500000)|10-20%=9.501µs(n=500000)|20-30%=9.308µs(n=500000)|30-40%=9.387µs(n=500000)|40-50%=9.189µs(n=500000)|50-60%=9.139µs(n=500000)|60-70%=9.152µs(n=500000)|70-80%=9.107µs(n=500000)|80-90%=9.091µs(n=500000)|90-100%=9.156µs(n=500000)",802.74,802.74,302501163,0,0,"",0,0,0,0,"",0,0,0,0,0,0.00,0.00,0
smt,build_10k,0,10000,10000,24640733,2464,"0-10%=1.667µs(n=1000)|10-20%=2.053µs(n=1000)|20-30%=2.229µs(n=1000)|30-40%=2.963µs(n=1000)|40-50%=2.294µs(n=1000)|50-60%=2.32µs(n=1000)|60-70%=2.457µs(n=1000)|70-80%=3.612µs(n=1000)|80-90%=2.46µs(n=1000)|90-100%=2.579µs(n=1000)",5.63,7.18,129496,292436,2924,"0-10%=3.441µs(n=10)|10-20%=2.507µs(n=10)|20-30%=2.629µs(n=10)|30-40%=3.031µs(n=10)|40-50%=2.685µs(n=10)|50-60%=2.411µs(n=10)|60-70%=3.245µs(n=10)|70-80%=2.914µs(n=10)|80-90%=2.751µs(n=10)|90-100%=3.625µs(n=10)",628,3205,0,0,"",0,0,0,0,0,0.00,0.00,0
smt,build_50k,0,50000,50000,140345180,2806,"0-10%=2.231µs(n=5000)|10-20%=2.581µs(n=5000)|20-30%=2.863µs(n=5000)|30-40%=2.748µs(n=5000)|40-50%=2.856µs(n=5000)|50-60%=3.016µs(n=5000)|60-70%=2.798µs(n=5000)|70-80%=2.837µs(n=5000)|80-90%=2.889µs(n=5000)|90-100%=3.246µs(n=5000)",26.26,35.83,583963,1323939,2647,"0-10%=2.202µs(n=50)|10-20%=2.24µs(n=50)|20-30%=2.061µs(n=50)|30-40%=2.069µs(n=50)|40-50%=2.408µs(n=50)|50-60%=2.78µs(n=50)|60-70%=3.107µs(n=50)|70-80%=3.233µs(n=50)|80-90%=3.105µs(n=50)|90-100%=3.269µs(n=50)",723,3630,0,0,"",0,0,0,0,0,0.00,0.00,0
smt,build_100k,0,100000,100000,302766018,3027,"0-10%=2.316µs(n=10000)|10-20%=2.714µs(n=10000)|20-30%=2.891µs(n=10000)|30-40%=2.759µs(n=10000)|40-50%=3.066µs(n=10000)|50-60%=2.995µs(n=10000)|60-70%=3.046µs(n=10000)|70-80%=3.16µs(n=10000)|80-90%=3.738µs(n=10000)|90-100%=3.588µs(n=10000)",54.22,71.57,1223860,3385425,3385,"0-10%=3.248µs(n=100)|10-20%=3.565µs(n=100)|20-30%=3.543µs(n=100)|30-40%=3.201µs(n=100)|40-50%=3.31µs(n=100)|50-60%=3.384µs(n=100)|60-70%=3.321µs(n=100)|70-80%=3.495µs(n=100)|80-90%=3.419µs(n=100)|90-100%=3.364µs(n=100)",758,3889,0,0,"",0,0,0,0,0,0.00,0.00,0
smt,build_200k,0,200000,200000,682457127,3412,"0-10%=2.518µs(n=20000)|10-20%=2.881µs(n=20000)|20-30%=3.031µs(n=20000)|30-40%=3.17µs(n=20000)|40-50%=3.605µs(n=20000)|50-60%=3.558µs(n=20000)|60-70%=3.94µs(n=20000)|70-80%=3.991µs(n=20000)|80-90%=3.727µs(n=20000)|90-100%=3.696µs(n=20000)",113.73,143.11,2615707,6798488,3399,"0-10%=3.371µs(n=200)|10-20%=3.33µs(n=200)|20-30%=3.435µs(n=200)|30-40%=3.406µs(n=200)|40-50%=3.44µs(n=200)|50-60%=3.334µs(n=200)|60-70%=3.553µs(n=200)|70-80%=3.412µs(n=200)|80-90%=3.466µs(n=200)|90-100%=3.242µs(n=200)",797,3894,0,0,"",0,0,0,0,0,0.00,0.00,0
smt,build_300k,0,300000,300000,1084905171,3616,"0-10%=2.755µs(n=30000)|10-20%=3.033µs(n=30000)|20-30%=3.128µs(n=30000)|30-40%=3.305µs(n=30000)|40-50%=3.552µs(n=30000)|50-60%=3.532µs(n=30000)|60-70%=3.636µs(n=30000)|70-80%=4.289µs(n=30000)|80-90%=4.398µs(n=30000)|90-100%=4.528µs(n=30000)",166.06,214.69,3777781,11866782,3955,"0-10%=3.931µs(n=300)|10-20%=3.781µs(n=300)|20-30%=3.847µs(n=300)|30-40%=4.083µs(n=300)|40-50%=3.954µs(n=300)|50-60%=3.962µs(n=300)|60-70%=3.936µs(n=300)|70-80%=3.993µs(n=300)|80-90%=4.015µs(n=300)|90-100%=4.049µs(n=300)",819,4051,0,0,"",0,0,0,0,0,0.00,0.00,0
smt,build_500k,0,500000,500000,2011655650,4023,"0-10%=2.716µs(n=50000)|10-20%=3.142µs(n=50000)|20-30%=3.448µs(n=50000)|30-40%=4.377µs(n=50000)|40-50%=4.435µs(n=50000)|50-60%=4.108µs(n=50000)|60-70%=4.064µs(n=50000)|70-80%=4.641µs(n=50000)|80-90%=4.769µs(n=50000)|90-100%=4.528µs(n=50000)",275.96,357.81,6270541,19696892,3939,"0-10%=3.78µs(n=500)|10-20%=3.904µs(n=500)|20-30%=3.908µs(n=500)|30-40%=3.976µs(n=500)|40-50%=3.888µs(n=500)|50-60%=3.949µs(n=500)|60-70%=3.877µs(n=500)|70-80%=4.119µs(n=500)|80-90%=4.093µs(n=500)|90-100%=3.894µs(n=500)",846,4089,0,0,"",0,0,0,0,0,0.00,0.00,0
smt,build_700k,0,700000,700000,3025157901,4321,"0-10%=2.733µs(n=70000)|10-20%=3.403µs(n=70000)|20-30%=4.059µs(n=70000)|30-40%=4.316µs(n=70000)|40-50%=4.205µs(n=70000)|50-60%=4.774µs(n=70000)|60-70%=4.647µs(n=70000)|70-80%=4.537µs(n=70000)|80-90%=4.752µs(n=70000)|90-100%=5.786µs(n=70000)",361.61,500.95,7993123,28704864,4100,"0-10%=3.985µs(n=700)|10-20%=4.151µs(n=700)|20-30%=4.082µs(n=700)|30-40%=4.041µs(n=700)|40-50%=4.075µs(n=700)|50-60%=4.065µs(n=700)|60-70%=4.179µs(n=700)|70-80%=4.143µs(n=700)|80-90%=4.142µs(n=700)|90-100%=4.139µs(n=700)",864,4723,0,0,"",0,0,0,0,0,0.00,0.00,0
smt,build_900k,0,900000,900000,4218840568,4687,"0-10%=2.967µs(n=90000)|10-20%=3.877µs(n=90000)|20-30%=4.423µs(n=90000)|30-40%=4.669µs(n=90000)|40-50%=5.482µs(n=90000)|50-60%=5.021µs(n=90000)|60-70%=4.639µs(n=90000)|70-80%=5.462µs(n=90000)|80-90%=5.376µs(n=90000)|90-100%=4.954µs(n=90000)",502.71,644.10,11476323,38507042,4278,"0-10%=4.339µs(n=900)|10-20%=4.226µs(n=900)|20-30%=4.336µs(n=900)|30-40%=4.324µs(n=900)|40-50%=4.389µs(n=900)|50-60%=4.212µs(n=900)|60-70%=4.239µs(n=900)|70-80%=4.257µs(n=900)|80-90%=4.29µs(n=900)|90-100%=4.169µs(n=900)",879,4317,0,0,"",0,0,0,0,0,0.00,0.00,0
smt,build_1m,0,1000000,1000000,4759717158,4759,"0-10%=2.876µs(n=100000)|10-20%=3.592µs(n=100000)|20-30%=4.218µs(n=100000)|30-40%=4.877µs(n=100000)|40-50%=5.381µs(n=100000)|50-60%=5.095µs(n=100000)|60-70%=5.415µs(n=100000)|70-80%=5.587µs(n=100000)|80-90%=5.238µs(n=100000)|90-100%=5.314µs(n=100000)",575.75,715.65,13295562,55392893,5539,"0-10%=3.388µs(n=1000)|10-20%=4.257µs(n=1000)|20-30%=4.531µs(n=1000)|30-40%=4.562µs(n=1000)|40-50%=4.589µs(n=1000)|50-60%=4.6µs(n=1000)|60-70%=4.535µs(n=1000)|70-80%=4.718µs(n=1000)|80-90%=7.161µs(n=1000)|90-100%=13.048µs(n=1000)",885,5027,0,0,"",0,0,0,0,0,0.00,0.00,0
smt,build_2m,0,2000000,2000000,10679183608,5339,"0-10%=3.28µs(n=200000)|10-20%=4.544µs(n=200000)|20-30%=5.22µs(n=200000)|30-40%=5.558µs(n=200000)|40-50%=5.055µs(n=200000)|50-60%=5.776µs(n=200000)|60-70%=5.579µs(n=200000)|70-80%=5.44µs(n=200000)|80-90%=6.043µs(n=200000)|90-100%=6.897µs(n=200000)",1053.72,1431.24,23488517,94498396,4724,"0-10%=4.587µs(n=2000)|10-20%=4.654µs(n=2000)|20-30%=4.691µs(n=2000)|30-40%=4.689µs(n=2000)|40-50%=4.693µs(n=2000)|50-60%=4.761µs(n=2000)|60-70%=4.772µs(n=2000)|70-80%=4.769µs(n=2000)|80-90%=4.761µs(n=2000)|90-100%=4.867µs(n=2000)",923,4609,0,0,"",0,0,0,0,0,0.00,0.00,0
smt,build_5m,0,5000000,5000000,31397087266,6279,"0-10%=3.981µs(n=500000)|10-20%=5.679µs(n=500000)|20-30%=5.815µs(n=500000)|30-40%=5.757µs(n=500000)|40-50%=6.372µs(n=500000)|50-60%=6.709µs(n=500000)|60-70%=6.826µs(n=500000)|70-80%=7.355µs(n=500000)|80-90%=7.142µs(n=500000)|90-100%=7.153µs(n=500000)",2785.42,3578.14,63464951,385316372,7706,"0-10%=7.429µs(n=5000)|10-20%=7.607µs(n=5000)|20-30%=7.554µs(n=5000)|30-40%=7.709µs(n=5000)|40-50%=7.73µs(n=5000)|50-60%=7.738µs(n=5000)|60-70%=7.687µs(n=5000)|70-80%=7.967µs(n=5000)|80-90%=7.866µs(n=5000)|90-100%=7.772µs(n=5000)",973,6812,0,0,"",0,0,0,0,0,0.00,0.00,0
smt,build_10m,0,10000000,10000000,70446245392,7044,"0-10%=4.618µs(n=1000000)|10-20%=5.868µs(n=1000000)|20-30%=6.334µs(n=1000000)|30-40%=6.523µs(n=1000000)|40-50%=7.381µs(n=1000000)|50-60%=7.488µs(n=1000000)|60-70%=7.702µs(n=1000000)|70-80%=8.296µs(n=1000000)|80-90%=8.088µs(n=1000000)|90-100%=8.142µs(n=1000000)",5571.77,7156.50,126951056,860955977,8609,"0-10%=8.276µs(n=10000)|10-20%=8.639µs(n=10000)|20-30%=8.684µs(n=10000)|30-40%=8.518µs(n=10000)|40-50%=8.605µs(n=10000)|50-60%=8.573µs(n=10000)|60-70%=8.69µs(n=10000)|70-80%=8.76µs(n=10000)|80-90%=8.744µs(n=10000)|90-100%=8.601µs(n=10000)",1011,7297,0,0,"",0,0,0,0,0,0.00,0.00,0
smt,build_25m,0,25000000,25000000,210262392785,8410,"0-10%=5.538µs(n=2500000)|10-20%=6.927µs(n=2500000)|20-30%=7.525µs(n=2500000)|30-40%=8.097µs(n=2500000)|40-50%=8.837µs(n=2500000)|50-60%=8.787µs(n=2500000)|60-70%=9.069µs(n=2500000)|70-80%=9.872µs(n=2500000)|80-90%=9.616µs(n=2500000)|90-100%=9.833µs(n=2500000)",14064.79,17892.49,321675358,2351239704,9404,"0-10%=9.058µs(n=25000)|10-20%=9.191µs(n=25000)|20-30%=9.337µs(n=25000)|30-40%=9.606µs(n=25000)|40-50%=9.565µs(n=25000)|50-60%=9.596µs(n=25000)|60-70%=9.346µs(n=25000)|70-80%=9.398µs(n=25000)|80-90%=9.457µs(n=25000)|90-100%=9.492µs(n=25000)",1061,7465,0,0,"",0,0,0,0,0,0.00,0.00,0
smt,prehashed_ordered_build_10k,0,10000,10000,14707805,1470,"0-10%=1.062µs(n=1000)|10-20%=1.197µs(n=1000)|20-30%=1.896µs(n=1000)|30-40%=1.323µs(n=1000)|40-50%=1.364µs(n=1000)|50-60%=1.204µs(n=1000)|60-70%=1.189µs(n=1000)|70-80%=1.669µs(n=1000)|80-90%=2.348µs(n=1000)|90-100%=1.448µs(n=1000)",5.09,6.42,122852,110559,1105,"0-10%=1.394µs(n=10)|10-20%=1.068µs(n=10)|20-30%=1.015µs(n=10)|30-40%=1.103µs(n=10)|40-50%=1.288µs(n=10)|50-60%=1.494µs(n=10)|60-70%=1.073µs(n=10)|70-80%=912ns(n=10)|80-90%=787ns(n=10)|90-100%=918ns(n=10)",627,2795,0,0,"",0,0,0,0,0,0.00,0.00,0
smt,prehashed_ordered_build_50k,0,50000,50000,76011980,1520,"0-10%=1.411µs(n=5000)|10-20%=1.565µs(n=5000)|20-30%=1.401µs(n=5000)|30-40%=1.68µs(n=5000)|40-50%=1.539µs(n=5000)|50-60%=1.292µs(n=5000)|60-70%=1.389µs(n=5000)|70-80%=1.841µs(n=5000)|80-90%=1.482µs(n=5000)|90-100%=1.597µs(n=5000)",25.95,32.06,627130,699749,1399,"0-10%=1.395µs(n=50)|10-20%=1.214µs(n=50)|20-30%=1.498µs(n=50)|30-40%=1.384µs(n=50)|40-50%=1.478µs(n=50)|50-60%=1.566µs(n=50)|60-70%=1.352µs(n=50)|70-80%=1.369µs(n=50)|80-90%=1.314µs(n=50)|90-100%=1.422µs(n=50)",722,3364,0,0,"",0,0,0,0,0,0.00,0.00,0
smt,prehashed_ordered_build_100k,0,100000,100000,156703578,1567,"0-10%=1.386µs(n=10000)|10-20%=1.539µs(n=10000)|20-30%=1.456µs(n=10000)|30-40%=1.718µs(n=10000)|40-50%=1.604µs(n=10000)|50-60%=1.361µs(n=10000)|60-70%=1.727µs(n=10000)|70-80%=1.596µs(n=10000)|80-90%=1.588µs(n=10000)|90-100%=1.691µs(n=10000)",52.62,64.12,1275668,1900714,1900,"0-10%=1.61µs(n=100)|10-20%=1.692µs(n=100)|20-30%=1.572µs(n=100)|30-40%=1.888µs(n=100)|40-50%=1.92µs(n=100)|50-60%=2.183µs(n=100)|60-70%=1.838µs(n=100)|70-80%=2.261µs(n=100)|80-90%=2.111µs(n=100)|90-100%=1.927µs(n=100)",757,3554,0,0,"",0,0,0,0,0,0.00,0.00,0
smt,prehashed_ordered_build_200k,0,200000,200000,329525400,1647,"0-10%=1.444µs(n=20000)|10-20%=1.62µs(n=20000)|20-30%=1.565µs(n=20000)|30-40%=1.714µs(n=20000)|40-50%=1.733µs(n=20000)|50-60%=1.454µs(n=20000)|60-70%=1.549µs(n=20000)|70-80%=1.867µs(n=20000)|80-90%=1.737µs(n=20000)|90-100%=1.787µs(n=20000)",102.31,128.22,2454824,4433515,2216,"0-10%=2.485µs(n=200)|10-20%=1.984µs(n=200)|20-30%=2.08µs(n=200)|30-40%=2.006µs(n=200)|40-50%=2.212µs(n=200)|50-60%=2.196µs(n=200)|60-70%=2.212µs(n=200)|70-80%=2.325µs(n=200)|80-90%=2.277µs(n=200)|90-100%=2.386µs(n=200)",798,3716,0,0,"",0,0,0,0,0,0.00,0.00,0
smt,prehashed_ordered_build_300k,0,300000,300000,518376174,1727,"0-10%=1.481µs(n=30000)|10-20%=1.667µs(n=30000)|20-30%=1.593µs(n=30000)|30-40%=1.815µs(n=30000)|40-50%=1.834µs(n=30000)|50-60%=1.559µs(n=30000)|60-70%=1.657µs(n=30000)|70-80%=2.021µs(n=30000)|80-90%=1.777µs(n=30000)|90-100%=1.87µs(n=30000)",155.56,192.30,3749632,7440575,2480,"0-10%=2.455µs(n=300)|10-20%=2.511µs(n=300)|20-30%=2.43µs(n=300)|30-40%=2.532µs(n=300)|40-50%=2.396µs(n=300)|50-60%=2.232µs(n=300)|60-70%=2.544µs(n=300)|70-80%=2.639µs(n=300)|80-90%=2.438µs(n=300)|90-100%=2.621µs(n=300)",819,3827,0,0,"",0,0,0,0,0,0.00,0.00,0
smt,prehashed_ordered_build_500k,0,500000,500000,942709615,1885,"0-10%=1.618µs(n=50000)|10-20%=1.791µs(n=50000)|20-30%=1.768µs(n=50000)|30-40%=1.813µs(n=50000)|40-50%=2.131µs(n=50000)|50-60%=1.747µs(n=50000)|60-70%=1.837µs(n=50000)|70-80%=2.114µs(n=50000)|80-90%=1.975µs(n=50000)|90-100%=2.054µs(n=50000)",255.28,320.48,6119286,17097076,3419,"0-10%=3.182µs(n=500)|10-20%=3.246µs(n=500)|20-30%=3.309µs(n=500)|30-40%=3.449µs(n=500)|40-50%=3.564µs(n=500)|50-60%=3.407µs(n=500)|60-70%=3.438µs(n=500)|70-80%=3.618µs(n=500)|80-90%=3.54µs(n=500)|90-100%=3.437µs(n=500)",846,4297,0,0,"",0,0,0,0,0,0.00,0.00,0
smt,prehashed_ordered_build_700k,0,700000,700000,1339760944,1913,"0-10%=1.686µs(n=70000)|10-20%=1.873µs(n=70000)|20-30%=1.834µs(n=70000)|30-40%=1.88µs(n=70000)|40-50%=2.165µs(n=70000)|50-60%=1.755µs(n=70000)|60-70%=1.85µs(n=70000)|70-80%=2.089µs(n=70000)|80-90%=2.005µs(n=70000)|90-100%=1.998µs(n=70000)",357.81,448.65,8579686,24579888,3511,"0-10%=3.35µs(n=700)|10-20%=3.205µs(n=700)|20-30%=3.384µs(n=700)|30-40%=3.395µs(n=700)|40-50%=3.414µs(n=700)|50-60%=3.123µs(n=700)|60-70%=3.202µs(n=700)|70-80%=3.523µs(n=700)|80-90%=4.115µs(n=700)|90-100%=4.398µs(n=700)",865,4497,0,0,"",0,0,0,0,0,0.00,0.00,0
smt,prehashed_ordered_build_900k,0,900000,900000,1767889322,1964,"0-10%=1.744µs(n=90000)|10-20%=1.948µs(n=90000)|20-30%=1.854µs(n=90000)|30-40%=2.012µs(n=90000)|40-50%=2.054µs(n=90000)|50-60%=1.773µs(n=90000)|60-70%=1.869µs(n=90000)|70-80%=2.215µs(n=90000)|80-90%=2.089µs(n=90000)|90-100%=2.08µs(n=90000)",463.12,576.81,11134023,32343816,3593,"0-10%=3.509µs(n=900)|10-20%=3.651µs(n=900)|20-30%=3.643µs(n=900)|30-40%=3.65µs(n=900)|40-50%=3.711µs(n=900)|50-60%=3.605µs(n=900)|60-70%=3.673µs(n=900)|70-80%=3.58µs(n=900)|80-90%=3.437µs(n=900)|90-100%=3.474µs(n=900)",878,4397,0,0,"",0,0,0,0,0,0.00,0.00,0
smt,prehashed_ordered_build_1m,0,1000000,1000000,1968546928,1968,"0-10%=1.734µs(n=100000)|10-20%=1.913µs(n=100000)|20-30%=1.934µs(n=100000)|30-40%=2.011µs(n=100000)|40-50%=2.256µs(n=100000)|50-60%=1.805µs(n=100000)|60-70%=1.859µs(n=100000)|70-80%=2.19µs(n=100000)|80-90%=1.958µs(n=100000)|90-100%=2.019µs(n=100000)",511.55,640.91,12270755,34640929,3464,"0-10%=3.335µs(n=1000)|10-20%=3.572µs(n=1000)|20-30%=3.672µs(n=1000)|30-40%=3.54µs(n=1000)|40-50%=3.606µs(n=1000)|50-60%=3.437µs(n=1000)|60-70%=3.336µs(n=1000)|70-80%=3.341µs(n=1000)|80-90%=3.501µs(n=1000)|90-100%=3.296µs(n=1000)",884,4349,0,0,"",0,0,0,0,0,0.00,0.00,0
smt,prehashed_ordered_build_2m,0,2000000,2000000,4091457264,2045,"0-10%=1.814µs(n=200000)|10-20%=2.005µs(n=200000)|20-30%=1.928µs(n=200000)|30-40%=2.053µs(n=200000)|40-50%=2.218µs(n=200000)|50-60%=1.9µs(n=200000)|60-70%=1.986µs(n=200000)|70-80%=2.34µs(n=200000)|80-90%=2.024µs(n=200000)|90-100%=2.184µs(n=200000)",1026.54,1281.86,24652947,79112567,3955,"0-10%=4.812µs(n=2000)|10-20%=4µs(n=2000)|20-30%=3.96µs(n=2000)|30-40%=3.741µs(n=2000)|40-50%=3.891µs(n=2000)|50-60%=3.841µs(n=2000)|60-70%=3.795µs(n=2000)|70-80%=3.915µs(n=2000)|80-90%=3.813µs(n=2000)|90-100%=3.784µs(n=2000)",922,4624,0,0,"",0,0,0,0,0,0.00,0.00,0
smt,prehashed_ordered_build_5m,0,5000000,5000000,10654938724,2130,"0-10%=1.902µs(n=500000)|10-20%=2.092µs(n=500000)|20-30%=2.038µs(n=500000)|30-40%=2.215µs(n=500000)|40-50%=2.287µs(n=500000)|50-60%=1.933µs(n=500000)|60-70%=2.01µs(n=500000)|70-80%=2.406µs(n=500000)|80-90%=2.152µs(n=500000)|90-100%=2.27µs(n=500000)",2570.19,3204.69,61748004,197578075,3951,"0-10%=3.982µs(n=5000)|10-20%=3.95µs(n=5000)|20-30%=3.94µs(n=5000)|30-40%=3.89µs(n=5000)|40-50%=4.15µs(n=5000)|50-60%=3.815µs(n=5000)|60-70%=3.882µs(n=5000)|70-80%=4.137µs(n=5000)|80-90%=4.001µs(n=5000)|90-100%=3.763µs(n=5000)",973,4784,0,0,"",0,0,0,0,0,0.00,0.00,0
smt,prehashed_ordered_build_10m,0,10000000,10000000,21839270591,2183,"0-10%=1.958µs(n=1000000)|10-20%=2.173µs(n=1000000)|20-30%=2.111µs(n=1000000)|30-40%=2.315µs(n=1000000)|40-50%=2.265µs(n=1000000)|50-60%=1.973µs(n=1000000)|60-70%=2.077µs(n=1000000)|70-80%=2.495µs(n=1000000)|80-90%=2.203µs(n=1000000)|90-100%=2.265µs(n=1000000)",5163.24,6409.36,124244997,390112715,3901,"0-10%=3.766µs(n=10000)|10-20%=3.795µs(n=10000)|20-30%=3.778µs(n=10000)|30-40%=3.942µs(n=10000)|40-50%=3.929µs(n=10000)|50-60%=3.764µs(n=10000)|60-70%=3.891µs(n=10000)|70-80%=4.302µs(n=10000)|80-90%=3.962µs(n=10000)|90-100%=3.876µs(n=10000)",1011,5017,0,0,"",0,0,0,0,0,0.00,0.00,0
smt,prehashed_ordered_build_15m,0,15000000,15000000,32998559776,2199,"0-10%=1.912µs(n=1500000)|10-20%=2.16µs(n=1500000)|20-30%=2.126µs(n=1500000)|30-40%=2.345µs(n=1500000)|40-50%=2.29µs(n=1500000)|50-60%=2.008µs(n=1500000)|60-70%=2.144µs(n=1500000)|70-80%=2.524µs(n=1500000)|80-90%=2.191µs(n=1500000)|90-100%=2.295µs(n=1500000)",7802.28,9613.87,188289480,653508155,4356,"0-10%=3.732µs(n=15000)|10-20%=3.883µs(n=15000)|20-30%=3.782µs(n=15000)|30-40%=4.004µs(n=15000)|40-50%=3.946µs(n=15000)|50-60%=3.829µs(n=15000)|60-70%=3.796µs(n=15000)|70-80%=5.068µs(n=15000)|80-90%=5.789µs(n=15000)|90-100%=5.732µs(n=15000)",1033,5574,0,0,"",0,0,0,0,0,0.00,0.00,0
smt,insert_only_build_10k,0,10000,10000,23557515,2355,"0-10%=2.039µs(n=1000)|10-20%=1.86µs(n=1000)|20-30%=2.005µs(n=1000)|30-40%=2.808µs(n=1000)|40-50%=2.279µs(n=1000)|50-60%=2.151µs(n=1000)|60-70%=2.246µs(n=1000)|70-80%=3.467µs(n=1000)|80-90%=2.353µs(n=1000)|90-100%=2.343µs(n=1000)",5.58,7.17,128443,0,0,"",0,0,0,0,"",0,0,0,0,0,0.00,0.00,0
smt,insert_only_build_50k,0,50000,50000,134672042,2693,"0-10%=2.13µs(n=5000)|10-20%=2.469µs(n=5000)|20-30%=2.709µs(n=5000)|30-40%=2.467µs(n=5000)|40-50%=2.525µs(n=5000)|50-60%=3.01µs(n=5000)|60-70%=2.678µs(n=5000)|70-80%=2.783µs(n=5000)|80-90%=2.839µs(n=5000)|90-100%=3.318µs(n=5000)",25.92,35.80,574068,0,0,"",0,0,0,0,"",0,0,0,0,0,0.00,0.00,0
smt,insert_only_build_100k,0,100000,100000,293198445,2931,"0-10%=2.309µs(n=10000)|10-20%=2.56µs(n=10000)|20-30%=2.762µs(n=10000)|30-40%=2.722µs(n=10000)|40-50%=3.078µs(n=10000)|50-60%=2.932µs(n=10000)|60-70%=3.025µs(n=10000)|70-80%=3.115µs(n=10000)|80-90%=3.526µs(n=10000)|90-100%=3.285µs(n=10000)",54.37,71.57,1227920,0,0,"",0,0,0,0,"",0,0,0,0,0,0.00,0.00,0
smt,insert_only_build_200k,0,200000,200000,679021699,3395,"0-10%=2.413µs(n=20000)|10-20%=2.748µs(n=20000)|20-30%=3.087µs(n=20000)|30-40%=3.333µs(n=20000)|40-50%=3.27µs(n=20000)|50-60%=3.362µs(n=20000)|60-70%=4.169µs(n=20000)|70-80%=4.087µs(n=20000)|80-90%=3.716µs(n=20000)|90-100%=3.76µs(n=20000)",115.34,143.12,2664748,0,0,"",0,0,0,0,"",0,0,0,0,0,0.00,0.00,0
smt,insert_only_build_300k,0,300000,300000,1085400910,3618,"0-10%=2.6µs(n=30000)|10-20%=2.974µs(n=30000)|20-30%=3.215µs(n=30000)|30-40%=3.285µs(n=30000)|40-50%=3.728µs(n=30000)|50-60%=3.775µs(n=30000)|60-70%=3.778µs(n=30000)|70-80%=4.289µs(n=30000)|80-90%=4.378µs(n=30000)|90-100%=4.155µs(n=30000)",165.69,214.69,3763913,0,0,"",0,0,0,0,"",0,0,0,0,0,0.00,0.00,0
smt,insert_only_build_500k,0,500000,500000,2037014906,4074,"0-10%=2.851µs(n=50000)|10-20%=3.177µs(n=50000)|20-30%=3.524µs(n=50000)|30-40%=3.85µs(n=50000)|40-50%=4.279µs(n=50000)|50-60%=4.279µs(n=50000)|60-70%=4.237µs(n=50000)|70-80%=4.374µs(n=50000)|80-90%=5.332µs(n=50000)|90-100%=4.832µs(n=50000)",272.75,357.82,6164174,0,0,"",0,0,0,0,"",0,0,0,0,0,0.00,0.00,0
smt,insert_only_build_700k,0,700000,700000,3052417768,4360,"0-10%=2.84µs(n=70000)|10-20%=3.381µs(n=70000)|20-30%=3.893µs(n=70000)|30-40%=4.381µs(n=70000)|40-50%=4.34µs(n=70000)|50-60%=4.899µs(n=70000)|60-70%=4.813µs(n=70000)|70-80%=4.66µs(n=70000)|80-90%=4.747µs(n=70000)|90-100%=5.647µs(n=70000)",359.65,500.96,7925339,0,0,"",0,0,0,0,"",0,0,0,0,0,0.00,0.00,0
smt,insert_only_build_900k,0,900000,900000,4101833043,4557,"0-10%=2.93µs(n=90000)|10-20%=3.689µs(n=90000)|20-30%=4.157µs(n=90000)|30-40%=4.242µs(n=90000)|40-50%=4.885µs(n=90000)|50-60%=4.749µs(n=90000)|60-70%=4.867µs(n=90000)|70-80%=5.632µs(n=90000)|80-90%=5.35µs(n=90000)|90-100%=5.069µs(n=90000)",503.35,644.08,11488251,0,0,"",0,0,0,0,"",0,0,0,0,0,0.00,0.00,0
smt,insert_only_build_1m,0,1000000,1000000,4612119064,4612,"0-10%=2.939µs(n=100000)|10-20%=3.779µs(n=100000)|20-30%=4.252µs(n=100000)|30-40%=4.403µs(n=100000)|40-50%=4.866µs(n=100000)|50-60%=4.658µs(n=100000)|60-70%=5.483µs(n=100000)|70-80%=5.389µs(n=100000)|80-90%=5.076µs(n=100000)|90-100%=5.271µs(n=100000)",574.94,715.65,13261109,0,0,"",0,0,0,0,"",0,0,0,0,0,0.00,0.00,0
smt,insert_only_build_2m,0,2000000,2000000,10713763727,5356,"0-10%=3.331µs(n=200000)|10-20%=4.365µs(n=200000)|20-30%=5.001µs(n=200000)|30-40%=5.445µs(n=200000)|40-50%=5.302µs(n=200000)|50-60%=5.847µs(n=200000)|60-70%=6.146µs(n=200000)|70-80%=5.849µs(n=200000)|80-90%=5.817µs(n=200000)|90-100%=6.461µs(n=200000)",1024.26,1431.26,22535437,0,0,"",0,0,0,0,"",0,0,0,0,0,0.00,0.00,0
smt,insert_only_build_5m,0,5000000,5000000,30795107751,6159,"0-10%=4.083µs(n=500000)|10-20%=5.246µs(n=500000)|20-30%=5.859µs(n=500000)|30-40%=6.046µs(n=500000)|40-50%=6.342µs(n=500000)|50-60%=6.401µs(n=500000)|60-70%=6.972µs(n=500000)|70-80%=7.082µs(n=500000)|80-90%=6.716µs(n=500000)|90-100%=6.838µs(n=500000)",2885.36,3578.15,66633845,0,0,"",0,0,0,0,"",0,0,0,0,0,0.00,0.00,0
smt,insert_only_build_10m,0,10000000,10000000,69821932971,6982,"0-10%=4.643µs(n=1000000)|10-20%=6.031µs(n=1000000)|20-30%=6.406µs(n=1000000)|30-40%=6.995µs(n=1000000)|40-50%=6.882µs(n=1000000)|50-60%=7.668µs(n=1000000)|60-70%=7.619µs(n=1000000)|70-80%=7.341µs(n=1000000)|80-90%=7.574µs(n=1000000)|90-100%=8.656µs(n=1000000)",5219.91,7156.51,115786193,0,0,"",0,0,0,0,"",0,0,0,0,0,0.00,0.00,0
smt,insert_only_build_25m,0,25000000,25000000,207492391552,8299,"0-10%=5.513µs(n=2500000)|10-20%=6.94µs(n=2500000)|20-30%=7.353µs(n=2500000)|30-40%=8.163µs(n=2500000)|40-50%=7.97µs(n=2500000)|50-60%=8.918µs(n=2500000)|60-70%=8.759µs(n=2500000)|70-80%=9.313µs(n=2500000)|80-90%=9.52µs(n=2500000)|90-100%=10.543µs(n=2500000)",13100.78,17892.52,291044638,0,0,"",0,0,0,0,"",0,0,0,0,0,0.00,0.00,0
smt,proof_only_after_10k_build_sample_5pct,10000,10000,0,0,0,"",0.00,0.00,0,699298,1398,"0-10%=1.707µs(n=50)|10-20%=1.308µs(n=50)|20-30%=1.73µs(n=50)|30-40%=1.43µs(n=50)|40-50%=1.335µs(n=50)|50-60%=1.709µs(n=50)|60-70%=1.119µs(n=50)|70-80%=1.333µs(n=50)|80-90%=1.115µs(n=50)|90-100%=1.196µs(n=50)",635,3175,0,0,"",0,0,0,0,0,0.00,0.00,0
smt,proof_only_after_50k_build_sample_5pct,50000,50000,0,0,0,"",0.00,0.00,0,4584429,1833,"0-10%=2.122µs(n=250)|10-20%=1.799µs(n=250)|20-30%=1.794µs(n=250)|30-40%=1.76µs(n=250)|40-50%=1.927µs(n=250)|50-60%=1.692µs(n=250)|60-70%=1.937µs(n=250)|70-80%=1.645µs(n=250)|80-90%=1.853µs(n=250)|90-100%=1.803µs(n=250)",722,3681,0,0,"",0,0,0,0,0,0.00,0.00,0
smt,proof_only_after_100k_build_sample_5pct,100000,100000,0,0,0,"",0.00,0.00,0,11289049,2257,"0-10%=2.463µs(n=500)|10-20%=2.293µs(n=500)|20-30%=2.245µs(n=500)|30-40%=2.305µs(n=500)|40-50%=2.31µs(n=500)|50-60%=2.172µs(n=500)|60-70%=2.139µs(n=500)|70-80%=2.252µs(n=500)|80-90%=2.227µs(n=500)|90-100%=2.168µs(n=500)",759,4136,0,0,"",0,0,0,0,0,0.00,0.00,0
smt,proof_only_after_200k_build_sample_5pct,200000,200000,0,0,0,"",0.00,0.00,0,23890116,2389,"0-10%=2.571µs(n=1000)|10-20%=2.442µs(n=1000)|20-30%=2.473µs(n=1000)|30-40%=2.385µs(n=1000)|40-50%=2.333µs(n=1000)|50-60%=2.314µs(n=1000)|60-70%=2.334µs(n=1000)|70-80%=2.322µs(n=1000)|80-90%=2.324µs(n=1000)|90-100%=2.387µs(n=1000)",797,4221,0,0,"",0,0,0,0,0,0.00,0.00,0
smt,proof_only_after_300k_build_sample_5pct,300000,300000,0,0,0,"",0.00,0.00,0,54191392,3612,"0-10%=3.915µs(n=1500)|10-20%=3.703µs(n=1500)|20-30%=3.695µs(n=1500)|30-40%=3.618µs(n=1500)|40-50%=3.627µs(n=1500)|50-60%=3.532µs(n=1500)|60-70%=3.505µs(n=1500)|70-80%=3.572µs(n=1500)|80-90%=3.496µs(n=1500)|90-100%=3.46µs(n=1500)",819,5047,0,0,"",0,0,0,0,0,0.00,0.00,0
smt,proof_only_after_500k_build_sample_5pct,500000,500000,0,0,0,"",0.00,0.00,0,96868855,3874,"0-10%=4.3µs(n=2500)|10-20%=4.047µs(n=2500)|20-30%=3.979µs(n=2500)|30-40%=3.973µs(n=2500)|40-50%=3.887µs(n=2500)|50-60%=3.845µs(n=2500)|60-70%=3.763µs(n=2500)|70-80%=3.748µs(n=2500)|80-90%=3.673µs(n=2500)|90-100%=3.527µs(n=2500)",846,5249,0,0,"",0,0,0,0,0,0.00,0.00,0
smt,proof_only_after_700k_build_sample_5pct,700000,700000,0,0,0,"",0.00,0.00,0,129433108,3698,"0-10%=4.203µs(n=3500)|10-20%=3.877µs(n=3500)|20-30%=3.769µs(n=3500)|30-40%=3.683µs(n=3500)|40-50%=3.634µs(n=3500)|50-60%=3.668µs(n=3500)|60-70%=3.542µs(n=3500)|70-80%=3.535µs(n=3500)|80-90%=3.576µs(n=3500)|90-100%=3.489µs(n=3500)",865,5229,0,0,"",0,0,0,0,0,0.00,0.00,0
smt,proof_only_after_900k_build_sample_5pct,900000,900000,0,0,0,"",0.00,0.00,0,180528188,4011,"0-10%=4.332µs(n=4500)|10-20%=4.057µs(n=4500)|20-30%=3.99µs(n=4500)|30-40%=4.004µs(n=4500)|40-50%=4.003µs(n=4500)|50-60%=4.026µs(n=4500)|60-70%=3.992µs(n=4500)|70-80%=4.016µs(n=4500)|80-90%=3.934µs(n=4500)|90-100%=3.759µs(n=4500)",879,5205,0,0,"",0,0,0,0,0,0.00,0.00,0
smt,proof_only_after_1m_build_sample_5pct,1000000,1000000,0,0,0,"",0.00,0.00,0,214615330,4292,"0-10%=5.159µs(n=5000)|10-20%=4.588µs(n=5000)|20-30%=4.206µs(n=5000)|30-40%=4.178µs(n=5000)|40-50%=4.21µs(n=5000)|50-60%=4.116µs(n=5000)|60-70%=4.212µs(n=5000)|70-80%=4.085µs(n=5000)|80-90%=4.003µs(n=5000)|90-100%=4.161µs(n=5000)",885,5367,0,0,"",0,0,0,0,0,0.00,0.00,0
smt,prehashed_ordered_proof_only_after_1m_build_sample_5pct,1000000,1000000,0,0,0,"",0.00,0.00,0,158574796,3171,"0-10%=3.166µs(n=5000)|10-20%=3.18µs(n=5000)|20-30%=3.161µs(n=5000)|30-40%=3.152µs(n=5000)|40-50%=3.225µs(n=5000)|50-60%=3.088µs(n=5000)|60-70%=3.137µs(n=5000)|70-80%=3.256µs(n=5000)|80-90%=3.219µs(n=5000)|90-100%=3.127µs(n=5000)",885,5176,0,0,"",0,0,0,0,0,0.00,0.00,0
smt,proof_only_after_2m_build_sample_3pct,2000000,2000000,0,0,0,"",0.00,0.00,0,260690565,4344,"0-10%=4.704µs(n=6000)|10-20%=4.455µs(n=6000)|20-30%=4.35µs(n=6000)|30-40%=4.322µs(n=6000)|40-50%=4.275µs(n=6000)|50-60%=4.345µs(n=6000)|60-70%=4.285µs(n=6000)|70-80%=4.196µs(n=6000)|80-90%=4.227µs(n=6000)|90-100%=4.284µs(n=6000)",923,6083,0,0,"",0,0,0,0,0,0.00,0.00,0
smt,proof_only_after_5m_build_sample_3pct,5000000,5000000,0,0,0,"",0.00,0.00,0,757338961,5048,"0-10%=5.31µs(n=15000)|10-20%=5.13µs(n=15000)|20-30%=5.111µs(n=15000)|30-40%=5.107µs(n=15000)|40-50%=5.092µs(n=15000)|50-60%=5.042µs(n=15000)|60-70%=5.103µs(n=15000)|70-80%=5.118µs(n=15000)|80-90%=4.85µs(n=15000)|90-100%=4.62µs(n=15000)",973,6274,0,0,"",0,0,0,0,0,0.00,0.00,0
smt,prehashed_ordered_proof_only_after_5m_build_sample_3pct,5000000,5000000,0,0,0,"",0.00,0.00,0,504776989,3365,"0-10%=3.276µs(n=15000)|10-20%=3.232µs(n=15000)|20-30%=3.336µs(n=15000)|30-40%=3.394µs(n=15000)|40-50%=3.482µs(n=15000)|50-60%=3.335µs(n=15000)|60-70%=3.343µs(n=15000)|70-80%=3.518µs(n=15000)|80-90%=3.417µs(n=15000)|90-100%=3.314µs(n=15000)",973,5929,0,0,"",0,0,0,0,0,0.00,0.00,0
smt,proof_only_after_10m_build_sample_2pct,10000000,10000000,0,0,0,"",0.00,0.00,0,1106544055,5532,"0-10%=5.596µs(n=20000)|10-20%=5.393µs(n=20000)|20-30%=5.398µs(n=20000)|30-40%=5.409µs(n=20000)|40-50%=5.513µs(n=20000)|50-60%=5.612µs(n=20000)|60-70%=5.636µs(n=20000)|70-80%=5.657µs(n=20000)|80-90%=5.59µs(n=20000)|90-100%=5.52µs(n=20000)",1011,6683,0,0,"",0,0,0,0,0,0.00,0.00,0
smt,proof_only_after_20m_build_sample_2pct,20000000,20000000,0,0,0,"",0.00,0.00,0,3393273442,8483,"0-10%=8.39µs(n=40000)|10-20%=8.307µs(n=40000)|20-30%=8.331µs(n=40000)|30-40%=8.426µs(n=40000)|40-50%=8.62µs(n=40000)|50-60%=8.614µs(n=40000)|60-70%=8.63µs(n=40000)|70-80%=8.639µs(n=40000)|80-90%=8.415µs(n=40000)|90-100%=8.455µs(n=40000)",1049,8369,0,0,"",0,0,0,0,0,0.00,0.00,0
smt,build_10k_then_add_2k_new,10000,12000,2000,5290225,2645,"0-10%=3.248µs(n=200)|10-20%=2.761µs(n=200)|20-30%=2.689µs(n=200)|30-40%=2.506µs(n=200)|40-50%=2.452µs(n=200)|50-60%=2.421µs(n=200)|60-70%=2.79µs(n=200)|70-80%=2.551µs(n=200)|80-90%=2.553µs(n=200)|90-100%=2.472µs(n=200)",1.45,1.45,146314,0,0,"",0,0,0,0,"",0,0,0,0,0,0.00,0.00,0
smt,build_50k_then_add_10k_new,50000,60000,10000,33655807,3365,"0-10%=3.891µs(n=1000)|10-20%=3.554µs(n=1000)|20-30%=3.585µs(n=1000)|30-40%=3.259µs(n=1000)|40-50%=3.409µs(n=1000)|50-60%=3.215µs(n=1000)|60-70%=3.264µs(n=1000)|70-80%=3.103µs(n=1000)|80-90%=3.312µs(n=1000)|90-100%=3.059µs(n=1000)",7.17,7.17,728084,0,0,"",0,0,0,0,"",0,0,0,0,0,0.00,0.00,0
smt,build_100k_then_add_20k_new,100000,120000,20000,85538848,4276,"0-10%=5.953µs(n=2000)|10-20%=4.812µs(n=2000)|20-30%=4.434µs(n=2000)|30-40%=4.358µs(n=2000)|40-50%=4.164µs(n=2000)|50-60%=3.957µs(n=2000)|60-70%=3.813µs(n=2000)|70-80%=3.766µs(n=2000)|80-90%=3.773µs(n=2000)|90-100%=3.734µs(n=2000)",14.32,14.32,1455293,0,0,"",0,0,0,0,"",0,0,0,0,0,0.00,0.00,0
smt,build_200k_then_add_40k_new,200000,240000,40000,182962647,4574,"0-10%=5.6µs(n=4000)|10-20%=5.006µs(n=4000)|20-30%=4.825µs(n=4000)|30-40%=4.701µs(n=4000)|40-50%=4.431µs(n=4000)|50-60%=4.327µs(n=4000)|60-70%=4.33µs(n=4000)|70-80%=4.315µs(n=4000)|80-90%=4.164µs(n=4000)|90-100%=4.036µs(n=4000)",28.66,28.66,2909931,0,0,"",0,0,0,0,"",0,0,0,0,0,0.00,0.00,0
smt,build_300k_then_add_60k_new,300000,360000,60000,288302344,4805,"0-10%=5.934µs(n=6000)|10-20%=5.343µs(n=6000)|20-30%=4.946µs(n=6000)|30-40%=4.938µs(n=6000)|40-50%=4.693µs(n=6000)|50-60%=4.673µs(n=6000)|60-70%=4.561µs(n=6000)|70-80%=4.341µs(n=6000)|80-90%=4.317µs(n=6000)|90-100%=4.298µs(n=6000)",42.95,42.95,4364044,0,0,"",0,0,0,0,"",0,0,0,0,0,0.00,0.00,0
smt,build_500k_then_add_100k_new,500000,600000,100000,554137345,5541,"0-10%=6.361µs(n=10000)|10-20%=5.801µs(n=10000)|20-30%=6.365µs(n=10000)|30-40%=6.971µs(n=10000)|40-50%=5.258µs(n=10000)|50-60%=5.185µs(n=10000)|60-70%=4.963µs(n=10000)|70-80%=4.83µs(n=10000)|80-90%=4.829µs(n=10000)|90-100%=4.847µs(n=10000)",71.59,71.59,7273257,0,0,"",0,0,0,0,"",0,0,0,0,0,0.00,0.00,0
smt,build_700k_then_add_140k_new,700000,840000,140000,779327330,5566,"0-10%=7.457µs(n=14000)|10-20%=6.148µs(n=14000)|20-30%=5.884µs(n=14000)|30-40%=5.468µs(n=14000)|40-50%=5.282µs(n=14000)|50-60%=5.159µs(n=14000)|60-70%=5.062µs(n=14000)|70-80%=5.109µs(n=14000)|80-90%=5.055µs(n=14000)|90-100%=5.036µs(n=14000)",100.20,100.20,10181933,0,0,"",0,0,0,0,"",0,0,0,0,0,0.00,0.00,0
smt,build_900k_then_add_180k_new,900000,1080000,180000,1056228473,5867,"0-10%=6.879µs(n=18000)|10-20%=6.143µs(n=18000)|20-30%=5.835µs(n=18000)|30-40%=5.82µs(n=18000)|40-50%=5.621µs(n=18000)|50-60%=5.662µs(n=18000)|60-70%=6.369µs(n=18000)|70-80%=5.583µs(n=18000)|80-90%=5.393µs(n=18000)|90-100%=5.369µs(n=18000)",128.80,128.80,13090434,0,0,"",0,0,0,0,"",0,0,0,0,0,0.00,0.00,0
smt,build_1m_then_add_200k_new,1000000,1200000,200000,1172319955,5861,"0-10%=6.757µs(n=20000)|10-20%=5.996µs(n=20000)|20-30%=6.154µs(n=20000)|30-40%=5.981µs(n=20000)|40-50%=5.692µs(n=20000)|50-60%=5.673µs(n=20000)|60-70%=5.746µs(n=20000)|70-80%=5.659µs(n=20000)|80-90%=5.575µs(n=20000)|90-100%=5.379µs(n=20000)",143.12,143.12,14544938,0,0,"",0,0,0,0,"",0,0,0,0,0,0.00,0.00,0
smt,build_2m_then_add_400k_new,2000000,2400000,400000,2665494292,6663,"0-10%=7.25µs(n=40000)|10-20%=6.736µs(n=40000)|20-30%=6.908µs(n=40000)|30-40%=7.229µs(n=40000)|40-50%=7.043µs(n=40000)|50-60%=7.071µs(n=40000)|60-70%=6.106µs(n=40000)|70-80%=6.116µs(n=40000)|80-90%=6.087µs(n=40000)|90-100%=6.085µs(n=40000)",286.26,286.26,29089077,0,0,"",0,0,0,0,"",0,0,0,0,0,0.00,0.00,0
smt,build_5m_then_add_1m_new,5000000,6000000,1000000,7489846137,7489,"0-10%=8.012µs(n=100000)|10-20%=7.446µs(n=100000)|20-30%=7.443µs(n=100000)|30-40%=7.31µs(n=100000)|40-50%=7.526µs(n=100000)|50-60%=7.557µs(n=100000)|60-70%=7.629µs(n=100000)|70-80%=7.477µs(n=100000)|80-90%=7.19µs(n=100000)|90-100%=7.304µs(n=100000)",715.72,715.72,72722946,0,0,"",0,0,0,0,"",0,0,0,0,0,0.00,0.00,0
smt,build_10m_then_add_2m_new,10000000,12000000,2000000,16408117273,8204,"0-10%=8.78µs(n=200000)|10-20%=8.52µs(n=200000)|20-30%=8.484µs(n=200000)|30-40%=8.46µs(n=200000)|40-50%=8.154µs(n=200000)|50-60%=7.884µs(n=200000)|60-70%=7.945µs(n=200000)|70-80%=7.918µs(n=200000)|80-90%=7.947µs(n=200000)|90-100%=7.943µs(n=200000)",1431.32,1431.32,145442590,0,0,"",0,0,0,0,"",0,0,0,0,0,0.00,0.00,0
smt,build_20m_then_add_5m_new,20000000,25000000,5000000,48729815600,9745,"0-10%=10.04µs(n=500000)|10-20%=9.805µs(n=500000)|20-30%=9.729µs(n=500000)|30-40%=9.658µs(n=500000)|40-50%=9.599µs(n=500000)|50-60%=9.707µs(n=500000)|60-70%=9.727µs(n=500000)|70-80%=9.701µs(n=500000)|80-90%=9.705µs(n=500000)|90-100%=9.785µs(n=500000)",3578.81,3578.81,308607723,0,0,"",0,0,0,0,"",0,0,0,0,0,0.00,0.00,0
smt,build_10k_then_reinsert_2k_existing,10000,10000,2000,5240348,2620,"0-10%=3.288µs(n=200)|10-20%=2.659µs(n=200)|20-30%=2.724µs(n=200)|30-40%=2.815µs(n=200)|40-50%=2.483µs(n=200)|50-60%=2.689µs(n=200)|60-70%=2.591µs(n=200)|70-80%=2.378µs(n=200)|80-90%=2.352µs(n=200)|90-100%=2.211µs(n=200)",0.34,0.34,121917,0,0,"",0,0,0,0,"",0,0,0,0,0,0.00,0.00,0
smt,build_50k_then_reinsert_10k_existing,50000,50000,10000,33052393,3305,"0-10%=3.986µs(n=1000)|10-20%=3.507µs(n=1000)|20-30%=3.481µs(n=1000)|30-40%=3.265µs(n=1000)|40-50%=3.283µs(n=1000)|50-60%=3.156µs(n=1000)|60-70%=3.203µs(n=1000)|70-80%=3.031µs(n=1000)|80-90%=3.095µs(n=1000)|90-100%=3.038µs(n=1000)",1.62,1.62,605923,0,0,"",0,0,0,0,"",0,0,0,0,0,0.00,0.00,0
smt,build_100k_then_reinsert_20k_existing,100000,100000,20000,74567943,3728,"0-10%=4.258µs(n=2000)|10-20%=3.995µs(n=2000)|20-30%=3.825µs(n=2000)|30-40%=3.772µs(n=2000)|40-50%=3.667µs(n=2000)|50-60%=3.684µs(n=2000)|60-70%=3.597µs(n=2000)|70-80%=3.579µs(n=2000)|80-90%=3.48µs(n=2000)|90-100%=3.42µs(n=2000)",3.22,3.22,1210931,0,0,"",0,0,0,0,"",0,0,0,0,0,0.00,0.00,0
smt,build_200k_then_reinsert_40k_existing,200000,200000,40000,164739599,4118,"0-10%=5.06µs(n=4000)|10-20%=4.442µs(n=4000)|20-30%=4.238µs(n=4000)|30-40%=4.114µs(n=4000)|40-50%=4.041µs(n=4000)|50-60%=3.96µs(n=4000)|60-70%=3.913µs(n=4000)|70-80%=3.863µs(n=4000)|80-90%=3.809µs(n=4000)|90-100%=3.739µs(n=4000)",6.44,6.44,2420946,0,0,"",0,0,0,0,"",0,0,0,0,0,0.00,0.00,0
smt,build_300k_then_reinsert_60k_existing,300000,300000,60000,263744792,4395,"0-10%=5.358µs(n=6000)|10-20%=4.74µs(n=6000)|20-30%=4.529µs(n=6000)|30-40%=4.384µs(n=6000)|40-50%=4.326µs(n=6000)|50-60%=4.239µs(n=6000)|60-70%=4.161µs(n=6000)|70-80%=4.135µs(n=6000)|80-90%=4.044µs(n=6000)|90-100%=4.036µs(n=6000)",9.64,9.64,3630956,0,0,"",0,0,0,0,"",0,0,0,0,0,0.00,0.00,0
smt,build_500k_then_reinsert_100k_existing,500000,500000,100000,484691194,4846,"0-10%=5.822µs(n=10000)|10-20%=5.137µs(n=10000)|20-30%=4.9µs(n=10000)|30-40%=4.772µs(n=10000)|40-50%=4.672µs(n=10000)|50-60%=4.671µs(n=10000)|60-70%=4.717µs(n=10000)|70-80%=4.673µs(n=10000)|80-90%=4.539µs(n=10000)|90-100%=4.561µs(n=10000)",16.06,16.06,6050970,0,0,"",0,0,0,0,"",0,0,0,0,0,0.00,0.00,0
smt,build_700k_then_reinsert_140k_existing,700000,700000,140000,794517251,5675,"0-10%=6.191µs(n=14000)|10-20%=5.546µs(n=14000)|20-30%=5.494µs(n=14000)|30-40%=6.085µs(n=14000)|40-50%=5.869µs(n=14000)|50-60%=5.544µs(n=14000)|60-70%=5.537µs(n=14000)|70-80%=5.542µs(n=14000)|80-90%=5.51µs(n=14000)|90-100%=5.428µs(n=14000)",22.47,22.47,8470978,0,0,"",0,0,0,0,"",0,0,0,0,0,0.00,0.00,0
smt,build_900k_then_reinsert_180k_existing,900000,900000,180000,961414286,5341,"0-10%=6.025µs(n=18000)|10-20%=5.452µs(n=18000)|20-30%=5.287µs(n=18000)|30-40%=5.225µs(n=18000)|40-50%=5.284µs(n=18000)|50-60%=5.29µs(n=18000)|60-70%=5.285µs(n=18000)|70-80%=5.283µs(n=18000)|80-90%=5.169µs(n=18000)|90-100%=5.108µs(n=18000)",28.89,28.89,10890994,0,0,"",0,0,0,0,"",0,0,0,0,0,0.00,0.00,0
smt,build_1m_then_reinsert_200k_existing,1000000,1000000,200000,1085960410,5429,"0-10%=6.16µs(n=20000)|10-20%=5.588µs(n=20000)|20-30%=5.488µs(n=20000)|30-40%=5.392µs(n=20000)|40-50%=5.336µs(n=20000)|50-60%=5.332µs(n=20000)|60-70%=5.319µs(n=20000)|70-80%=5.265µs(n=20000)|80-90%=5.192µs(n=20000)|90-100%=5.221µs(n=20000)",32.09,32.09,12101002,0,0,"",0,0,0,0,"",0,0,0,0,0,0.00,0.00,0
smt,prehashed_ordered_build_1m_then_reinsert_200k_existing,1000000,1000000,200000,571607172,2858,"0-10%=2.799µs(n=20000)|10-20%=2.953µs(n=20000)|20-30%=2.951µs(n=20000)|30-40%=2.967µs(n=20000)|40-50%=2.9µs(n=20000)|50-60%=2.834µs(n=20000)|60-70%=2.835µs(n=20000)|70-80%=2.777µs(n=20000)|80-90%=2.779µs(n=20000)|90-100%=2.779µs(n=20000)",19.88,19.88,11701009,0,0,"",0,0,0,0,"",0,0,0,0,0,0.00,0.00,0
smt,build_2m_then_reinsert_400k_existing,2000000,2000000,400000,2455677575,6139,"0-10%=6.54µs(n=40000)|10-20%=6.27µs(n=40000)|20-30%=6.176µs(n=40000)|30-40%=6.155µs(n=40000)|40-50%=6.145µs(n=40000)|50-60%=6.181µs(n=40000)|60-70%=6.161µs(n=40000)|70-80%=5.984µs(n=40000)|80-90%=5.902µs(n=40000)|90-100%=5.874µs(n=40000)",64.19,64.19,24201031,0,0,"",0,0,0,0,"",0,0,0,0,0,0.00,0.00,0
smt,build_5m_then_reinsert_1m_existing,5000000,5000000,1000000,6882313640,6882,"0-10%=7.356µs(n=100000)|10-20%=7.062µs(n=100000)|20-30%=6.985µs(n=100000)|30-40%=6.894µs(n=100000)|40-50%=6.789µs(n=100000)|50-60%=6.788µs(n=100000)|60-70%=6.78µs(n=100000)|70-80%=6.723µs(n=100000)|80-90%=6.729µs(n=100000)|90-100%=6.713µs(n=100000)",160.46,160.46,60501005,0,0,"",0,0,0,0,"",0,0,0,0,0,0.00,0.00,0
smt,prehashed_ordered_build_5m_then_reinsert_1m_existing,5000000,5000000,1000000,3147502634,3147,"0-10%=3.092µs(n=100000)|10-20%=3.287µs(n=100000)|20-30%=3.265µs(n=100000)|30-40%=3.354µs(n=100000)|40-50%=3.135µs(n=100000)|50-60%=3.084µs(n=100000)|60-70%=3.052µs(n=100000)|70-80%=3.026µs(n=100000)|80-90%=3µs(n=100000)|90-100%=3.176µs(n=100000)",99.30,99.30,58500998,0,0,"",0,0,0,0,"",0,0,0,0,0,0.00,0.00,0
smt,build_10m_then_reinsert_2m_existing,10000000,10000000,2000000,15668171210,7834,"0-10%=7.979µs(n=200000)|10-20%=7.836µs(n=200000)|20-30%=7.832µs(n=200000)|30-40%=7.798µs(n=200000)|40-50%=7.745µs(n=200000)|50-60%=8.03µs(n=200000)|60-70%=8.038µs(n=200000)|70-80%=7.743µs(n=200000)|80-90%=7.652µs(n=200000)|90-100%=7.683µs(n=200000)",320.97,320.97,121001055,0,0,"",0,0,0,0,"",0,0,0,0,0,0.00,0.00,0
smt,build_25m_then_reinsert_5m_existing,25000000,25000000,5000000,46486715221,9297,"0-10%=9.604µs(n=500000)|10-20%=9.39µs(n=500000)|20-30%=9.443µs(n=500000)|30-40%=9.21µs(n=500000)|40-50%=9.172µs(n=500000)|50-60%=9.167µs(n=500000)|60-70%=9.317µs(n=500000)|70-80%=9.292µs(n=500000)|80-90%=9.266µs(n=500000)|90-100%=9.108µs(n=500000)",802.74,802.74,302501132,0,0,"",0,0,0,0,"",0,0,0,0,0,0.00,0.00,0
smt,build_10k,0,10000,10000,24288975,2428,"0-10%=2.046µs(n=1000)|10-20%=1.897µs(n=1000)|20-30%=2.11µs(n=1000)|30-40%=2.744µs(n=1000)|40-50%=2.353µs(n=1000)|50-60%=2.397µs(n=1000)|60-70%=3.082µs(n=1000)|70-80%=2.609µs(n=1000)|80-90%=2.552µs(n=1000)|90-100%=2.494µs(n=1000)",5.69,7.17,131730,256364,2563,"0-10%=2.489µs(n=10)|10-20%=2.395µs(n=10)|20-30%=2.398µs(n=10)|30-40%=2.772µs(n=10)|40-50%=2.726µs(n=10)|50-60%=2.109µs(n=10)|60-70%=2.496µs(n=10)|70-80%=3.638µs(n=10)|80-90%=2.389µs(n=10)|90-100%=2.221µs(n=10)",637,3285,0,0,"",0,0,0,0,0,0.00,0.00,0
smt,build_50k,0,50000,50000,132411074,2648,"0-10%=2.075µs(n=5000)|10-20%=2.419µs(n=5000)|20-30%=2.62µs(n=5000)|30-40%=2.474µs(n=5000)|40-50%=2.594µs(n=5000)|50-60%=2.804µs(n=5000)|60-70%=2.678µs(n=5000)|70-80%=2.792µs(n=5000)|80-90%=2.851µs(n=5000)|90-100%=3.169µs(n=5000)",26.08,35.84,578199,1193866,2387,"0-10%=1.83µs(n=50)|10-20%=1.754µs(n=50)|20-30%=1.913µs(n=50)|30-40%=2.051µs(n=50)|40-50%=1.949µs(n=50)|50-60%=2.717µs(n=50)|60-70%=2.788µs(n=50)|70-80%=3.128µs(n=50)|80-90%=3.006µs(n=50)|90-100%=2.736µs(n=50)",720,3453,0,0,"",0,0,0,0,0,0.00,0.00,0
smt,build_100k,0,100000,100000,295061151,2950,"0-10%=2.282µs(n=10000)|10-20%=2.668µs(n=10000)|20-30%=2.778µs(n=10000)|30-40%=2.759µs(n=10000)|40-50%=3.003µs(n=10000)|50-60%=3.05µs(n=10000)|60-70%=3.138µs(n=10000)|70-80%=3.194µs(n=10000)|80-90%=3.387µs(n=10000)|90-100%=3.243µs(n=10000)",54.52,71.57,1233692,3070468,3070,"0-10%=2.824µs(n=100)|10-20%=2.971µs(n=100)|20-30%=3.389µs(n=100)|30-40%=3.221µs(n=100)|40-50%=2.98µs(n=100)|50-60%=2.903µs(n=100)|60-70%=3.344µs(n=100)|70-80%=2.684µs(n=100)|80-90%=3.214µs(n=100)|90-100%=3.168µs(n=100)",759,3700,0,0,"",0,0,0,0,0,0.00,0.00,0
smt,build_200k,0,200000,200000,670781896,3353,"0-10%=2.462µs(n=20000)|10-20%=2.826µs(n=20000)|20-30%=2.969µs(n=20000)|30-40%=3.004µs(n=20000)|40-50%=3.331µs(n=20000)|50-60%=3.437µs(n=20000)|60-70%=3.998µs(n=20000)|70-80%=3.904µs(n=20000)|80-90%=3.784µs(n=20000)|90-100%=3.82µs(n=20000)",114.15,143.11,2629014,6892532,3446,"0-10%=3.38µs(n=200)|10-20%=3.358µs(n=200)|20-30%=3.371µs(n=200)|30-40%=3.357µs(n=200)|40-50%=3.483µs(n=200)|50-60%=3.736µs(n=200)|60-70%=3.49µs(n=200)|70-80%=3.561µs(n=200)|80-90%=3.437µs(n=200)|90-100%=3.285µs(n=200)",796,3926,0,0,"",0,0,0,0,0,0.00,0.00,0
smt,build_300k,0,300000,300000,1176749292,3922,"0-10%=2.571µs(n=30000)|10-20%=3.328µs(n=30000)|20-30%=3.713µs(n=30000)|30-40%=3.758µs(n=30000)|40-50%=3.897µs(n=30000)|50-60%=4.008µs(n=30000)|60-70%=4.119µs(n=30000)|70-80%=4.499µs(n=30000)|80-90%=4.766µs(n=30000)|90-100%=4.563µs(n=30000)",165.20,214.70,3750064,16278566,5426,"0-10%=6.418µs(n=300)|10-20%=5.692µs(n=300)|20-30%=6.034µs(n=300)|30-40%=4.143µs(n=300)|40-50%=3.966µs(n=300)|50-60%=3.99µs(n=300)|60-70%=4.107µs(n=300)|70-80%=6.781µs(n=300)|80-90%=6.492µs(n=300)|90-100%=6.634µs(n=300)",819,5229,0,0,"",0,0,0,0,0,0.00,0.00,0
smt,build_500k,0,500000,500000,2220614996,4441,"0-10%=2.811µs(n=50000)|10-20%=3.359µs(n=50000)|20-30%=3.743µs(n=50000)|30-40%=3.969µs(n=50000)|40-50%=4.529µs(n=50000)|50-60%=6.208µs(n=50000)|60-70%=4.61µs(n=50000)|70-80%=5.089µs(n=50000)|80-90%=5.207µs(n=50000)|90-100%=4.881µs(n=50000)",275.67,357.81,6261231,23048584,4609,"0-10%=3.983µs(n=500)|10-20%=4.299µs(n=500)|20-30%=4.15µs(n=500)|30-40%=4.015µs(n=500)|40-50%=4.086µs(n=500)|50-60%=4.063µs(n=500)|60-70%=4.138µs(n=500)|70-80%=4.346µs(n=500)|80-90%=6.517µs(n=500)|90-100%=6.495µs(n=500)",845,4607,0,0,"",0,0,0,0,0,0.00,0.00,0
smt,build_700k,0,700000,700000,3510498797,5014,"0-10%=2.921µs(n=70000)|10-20%=3.712µs(n=70000)|20-30%=4.3µs(n=70000)|30-40%=4.314µs(n=70000)|40-50%=4.007µs(n=70000)|50-60%=5.086µs(n=70000)|60-70%=5.283µs(n=70000)|70-80%=5.425µs(n=70000)|80-90%=5.718µs(n=70000)|90-100%=9.38µs(n=70000)",363.01,500.97,8037816,34049430,4864,"0-10%=4.467µs(n=700)|10-20%=4.658µs(n=700)|20-30%=4.515µs(n=700)|30-40%=4.652µs(n=700)|40-50%=4.594µs(n=700)|50-60%=4.695µs(n=700)|60-70%=4.492µs(n=700)|70-80%=4.682µs(n=700)|80-90%=4.763µs(n=700)|90-100%=7.118µs(n=700)",865,4828,0,0,"",0,0,0,0,0,0.00,0.00,0
smt,build_900k,0,900000,900000,4436267384,4929,"0-10%=3.074µs(n=90000)|10-20%=4.075µs(n=90000)|20-30%=4.687µs(n=90000)|30-40%=4.991µs(n=90000)|40-50%=5.425µs(n=90000)|50-60%=5.14µs(n=90000)|60-70%=5.175µs(n=90000)|70-80%=5.851µs(n=90000)|80-90%=5.377µs(n=90000)|90-100%=5.492µs(n=90000)",502.96,644.11,11484138,60346314,6705,"0-10%=6.503µs(n=900)|10-20%=6.366µs(n=900)|20-30%=6.774µs(n=900)|30-40%=6.737µs(n=900)|40-50%=6.749µs(n=900)|50-60%=6.899µs(n=900)|60-70%=6.83µs(n=900)|70-80%=6.657µs(n=900)|80-90%=6.819µs(n=900)|90-100%=6.712µs(n=900)",879,6407,0,0,"",0,0,0,0,0,0.00,0.00,0
smt,build_1m,0,1000000,1000000,4473323310,4473,"0-10%=2.807µs(n=100000)|10-20%=3.443µs(n=100000)|20-30%=4.2µs(n=100000)|30-40%=4.335µs(n=100000)|40-50%=4.904µs(n=100000)|50-60%=4.664µs(n=100000)|60-70%=5.101µs(n=100000)|70-80%=5.166µs(n=100000)|80-90%=4.883µs(n=100000)|90-100%=5.225µs(n=100000)",573.61,715.64,13228114,67122493,6712,"0-10%=5.419µs(n=1000)|10-20%=6.83µs(n=1000)|20-30%=6.757µs(n=1000)|30-40%=6.441µs(n=1000)|40-50%=6.836µs(n=1000)|50-60%=6.551µs(n=1000)|60-70%=6.946µs(n=1000)|70-80%=7.271µs(n=1000)|80-90%=6.75µs(n=1000)|90-100%=7.316µs(n=1000)",884,6268,0,0,"",0,0,0,0,0,0.00,0.00,0
smt,build_2m,0,2000000,2000000,10536985291,5268,"0-10%=3.18µs(n=200000)|10-20%=4.26µs(n=200000)|20-30%=4.718µs(n=200000)|30-40%=5.22µs(n=200000)|40-50%=4.948µs(n=200000)|50-60%=5.855µs(n=200000)|60-70%=5.859µs(n=200000)|70-80%=6.025µs(n=200000)|80-90%=6.022µs(n=200000)|90-100%=6.594µs(n=200000)",1036.67,1431.24,22947704,142954194,7147,"0-10%=6.996µs(n=2000)|10-20%=6.927µs(n=2000)|20-30%=6.644µs(n=2000)|30-40%=6.756µs(n=2000)|40-50%=6.92µs(n=2000)|50-60%=7.484µs(n=2000)|60-70%=7.503µs(n=2000)|70-80%=7.415µs(n=2000)|80-90%=7.345µs(n=2000)|90-100%=7.483µs(n=2000)",923,6220,0,0,"",0,0,0,0,0,0.00,0.00,0
smt,build_5m,0,5000000,5000000,30912575239,6182,"0-10%=4.654µs(n=500000)|10-20%=5.279µs(n=500000)|20-30%=5.463µs(n=500000)|30-40%=5.695µs(n=500000)|40-50%=6.476µs(n=500000)|50-60%=6.399µs(n=500000)|60-70%=6.642µs(n=500000)|70-80%=7.173µs(n=500000)|80-90%=7.025µs(n=500000)|90-100%=7.014µs(n=500000)",2772.03,3578.14,63040410,387057174,7741,"0-10%=7.51µs(n=5000)|10-20%=7.388µs(n=5000)|20-30%=7.828µs(n=5000)|30-40%=7.818µs(n=5000)|40-50%=7.777µs(n=5000)|50-60%=7.847µs(n=5000)|60-70%=7.804µs(n=5000)|70-80%=7.803µs(n=5000)|80-90%=7.838µs(n=5000)|90-100%=7.792µs(n=5000)",973,6943,0,0,"",0,0,0,0,0,0.00,0.00,0
smt,build_10m,0,10000000,10000000,69370961354,6937,"0-10%=4.563µs(n=1000000)|10-20%=5.695µs(n=1000000)|20-30%=6.27µs(n=1000000)|30-40%=6.729µs(n=1000000)|40-50%=7.154µs(n=1000000)|50-60%=7.329µs(n=1000000)|60-70%=7.89µs(n=1000000)|70-80%=7.735µs(n=1000000)|80-90%=7.965µs(n=1000000)|90-100%=8.037µs(n=1000000)",5836.84,7156.43,135361626,958022809,9580,"0-10%=7.876µs(n=10000)|10-20%=8.257µs(n=10000)|20-30%=8.239µs(n=10000)|30-40%=15.553µs(n=10000)|40-50%=29.463µs(n=10000)|50-60%=5.276µs(n=10000)|60-70%=4.676µs(n=10000)|70-80%=4.618µs(n=10000)|80-90%=4.582µs(n=10000)|90-100%=7.257µs(n=10000)",1011,9313,0,0,"",0,0,0,0,0,0.00,0.00,0
smt,build_25m,0,25000000,25000000,208066527476,8322,"0-10%=5.391µs(n=2500000)|10-20%=6.706µs(n=2500000)|20-30%=7.555µs(n=2500000)|30-40%=8.024µs(n=2500000)|40-50%=8.683µs(n=2500000)|50-60%=8.687µs(n=2500000)|60-70%=9.001µs(n=2500000)|70-80%=9.84µs(n=2500000)|80-90%=9.577µs(n=2500000)|90-100%=9.759µs(n=2500000)",14105.19,17892.44,322946587,2330275914,9321,"0-10%=9.078µs(n=25000)|10-20%=9.249µs(n=25000)|20-30%=9.323µs(n=25000)|30-40%=9.33µs(n=25000)|40-50%=9.384µs(n=25000)|50-60%=9.432µs(n=25000)|60-70%=9.424µs(n=25000)|70-80%=9.404µs(n=25000)|80-90%=9.296µs(n=25000)|90-100%=9.287µs(n=25000)",1061,7403,0,0,"",0,0,0,0,0,0.00,0.00,0
smt,prehashed_ordered_build_10k,0,10000,10000,14454189,1445,"0-10%=1.107µs(n=1000)|10-20%=1.216µs(n=1000)|20-30%=1.618µs(n=1000)|30-40%=1.596µs(n=1000)|40-50%=1.369µs(n=1000)|50-60%=1.199µs(n=1000)|60-70%=1.226µs(n=1000)|70-80%=1.288µs(n=1000)|80-90%=2.343µs(n=1000)|90-100%=1.485µs(n=1000)",5.03,6.42,121084,130698,1306,"0-10%=1.38µs(n=10)|10-20%=1.105µs(n=10)|20-30%=1.003µs(n=10)|30-40%=1.487µs(n=10)|40-50%=1.197µs(n=10)|50-60%=1.063µs(n=10)|60-70%=1.077µs(n=10)|70-80%=1.011µs(n=10)|80-90%=1.216µs(n=10)|90-100%=2.526µs(n=10)",631,2875,0,0,"",0,0,0,0,0,0.00,0.00,0
smt,prehashed_ordered_build_50k,0,50000,50000,76242665,1524,"0-10%=1.442µs(n=5000)|10-20%=1.547µs(n=5000)|20-30%=1.391µs(n=5000)|30-40%=1.695µs(n=5000)|40-50%=1.569µs(n=5000)|50-60%=1.324µs(n=5000)|60-70%=1.446µs(n=5000)|70-80%=1.766µs(n=5000)|80-90%=1.493µs(n=5000)|90-100%=1.57µs(n=5000)",25.86,32.06,624073,753526,1507,"0-10%=1.128µs(n=50)|10-20%=1.335µs(n=50)|20-30%=1.7µs(n=50)|30-40%=1.185µs(n=50)|40-50%=1.409µs(n=50)|50-60%=1.389µs(n=50)|60-70%=1.441µs(n=50)|70-80%=1.586µs(n=50)|80-90%=1.977µs(n=50)|90-100%=1.915µs(n=50)",725,3243,0,0,"",0,0,0,0,0,0.00,0.00,0
smt,prehashed_ordered_build_100k,0,100000,100000,157012281,1570,"0-10%=1.402µs(n=10000)|10-20%=1.533µs(n=10000)|20-30%=1.455µs(n=10000)|30-40%=1.696µs(n=10000)|40-50%=1.638µs(n=10000)|50-60%=1.385µs(n=10000)|60-70%=1.751µs(n=10000)|70-80%=1.557µs(n=10000)|80-90%=1.585µs(n=10000)|90-100%=1.694µs(n=10000)",53.20,64.12,1294698,1917434,1917,"0-10%=1.517µs(n=100)|10-20%=1.467µs(n=100)|20-30%=1.61µs(n=100)|30-40%=1.628µs(n=100)|40-50%=1.97µs(n=100)|50-60%=1.756µs(n=100)|60-70%=1.994µs(n=100)|70-80%=2.211µs(n=100)|80-90%=2.607µs(n=100)|90-100%=2.408µs(n=100)",758,3685,0,0,"",0,0,0,0,0,0.00,0.00,0
smt,prehashed_ordered_build_200k,0,200000,200000,329567563,1647,"0-10%=1.447µs(n=20000)|10-20%=1.474µs(n=20000)|20-30%=1.632µs(n=20000)|30-40%=1.569µs(n=20000)|40-50%=1.886µs(n=20000)|50-60%=1.476µs(n=20000)|60-70%=1.556µs(n=20000)|70-80%=1.607µs(n=20000)|80-90%=1.939µs(n=20000)|90-100%=1.886µs(n=20000)",98.89,128.22,2342701,4399326,2199,"0-10%=1.949µs(n=200)|10-20%=2.159µs(n=200)|20-30%=2.085µs(n=200)|30-40%=2.172µs(n=200)|40-50%=2.184µs(n=200)|50-60%=2.171µs(n=200)|60-70%=2.375µs(n=200)|70-80%=2.165µs(n=200)|80-90%=2.3µs(n=200)|90-100%=2.432µs(n=200)",795,3923,0,0,"",0,0,0,0,0,0.00,0.00,0
smt,prehashed_ordered_build_300k,0,300000,300000,507445937,1691,"0-10%=1.459µs(n=30000)|10-20%=1.628µs(n=30000)|20-30%=1.633µs(n=30000)|30-40%=1.79µs(n=30000)|40-50%=1.803µs(n=30000)|50-60%=1.509µs(n=30000)|60-70%=1.604µs(n=30000)|70-80%=1.941µs(n=30000)|80-90%=1.735µs(n=30000)|90-100%=1.808µs(n=30000)",154.23,192.30,3705835,6967286,2322,"0-10%=2.133µs(n=300)|10-20%=2.309µs(n=300)|20-30%=2.229µs(n=300)|30-40%=2.28µs(n=300)|40-50%=2.349µs(n=300)|50-60%=2.153µs(n=300)|60-70%=2.37µs(n=300)|70-80%=2.357µs(n=300)|80-90%=2.41µs(n=300)|90-100%=2.63µs(n=300)",818,3750,0,0,"",0,0,0,0,0,0.00,0.00,0
smt,prehashed_ordered_build_500k,0,500000,500000,932566920,1865,"0-10%=1.618µs(n=50000)|10-20%=1.809µs(n=50000)|20-30%=1.755µs(n=50000)|30-40%=1.818µs(n=50000)|40-50%=2.063µs(n=50000)|50-60%=1.69µs(n=50000)|60-70%=1.791µs(n=50000)|70-80%=2.051µs(n=50000)|80-90%=1.923µs(n=50000)|90-100%=2.128µs(n=50000)",255.10,320.46,6113706,16946661,3389,"0-10%=3.158µs(n=500)|10-20%=3.382µs(n=500)|20-30%=3.46µs(n=500)|30-40%=3.588µs(n=500)|40-50%=3.472µs(n=500)|50-60%=3.09µs(n=500)|60-70%=3.361µs(n=500)|70-80%=3.362µs(n=500)|80-90%=3.477µs(n=500)|90-100%=3.537µs(n=500)",846,4289,0,0,"",0,0,0,0,0,0.00,0.00,0
smt,prehashed_ordered_build_700k,0,700000,700000,1330201605,1900,"0-10%=1.666µs(n=70000)|10-20%=1.871µs(n=70000)|20-30%=1.835µs(n=70000)|30-40%=1.895µs(n=70000)|40-50%=2.126µs(n=70000)|50-60%=1.737µs(n=70000)|60-70%=1.844µs(n=70000)|70-80%=2.095µs(n=70000)|80-90%=1.951µs(n=70000)|90-100%=1.978µs(n=70000)",357.40,448.65,8565748,24861238,3551,"0-10%=3.159µs(n=700)|10-20%=3.2µs(n=700)|20-30%=3.358µs(n=700)|30-40%=3.291µs(n=700)|40-50%=3.334µs(n=700)|50-60%=3.155µs(n=700)|60-70%=3.612µs(n=700)|70-80%=4.227µs(n=700)|80-90%=4.117µs(n=700)|90-100%=4.057µs(n=700)",866,4562,0,0,"",0,0,0,0,0,0.00,0.00,0
smt,prehashed_ordered_build_900k,0,900000,900000,1742357793,1935,"0-10%=1.722µs(n=90000)|10-20%=1.902µs(n=90000)|20-30%=1.859µs(n=90000)|30-40%=2.031µs(n=90000)|40-50%=2.063µs(n=90000)|50-60%=1.748µs(n=90000)|60-70%=1.832µs(n=90000)|70-80%=2.14µs(n=90000)|80-90%=2.033µs(n=90000)|90-100%=2.022µs(n=90000)",462.49,576.81,11113248,37131103,4125,"0-10%=3.532µs(n=900)|10-20%=3.598µs(n=900)|20-30%=3.586µs(n=900)|30-40%=3.622µs(n=900)|40-50%=3.731µs(n=900)|50-60%=3.746µs(n=900)|60-70%=3.511µs(n=900)|70-80%=3.633µs(n=900)|80-90%=5.261µs(n=900)|90-100%=7.032µs(n=900)",879,4487,0,0,"",0,0,0,0,0,0.00,0.00,0
smt,prehashed_ordered_build_1m,0,1000000,1000000,1943522592,1943,"0-10%=1.694µs(n=100000)|10-20%=1.936µs(n=100000)|20-30%=1.862µs(n=100000)|30-40%=2.002µs(n=100000)|40-50%=2.117µs(n=100000)|50-60%=1.812µs(n=100000)|60-70%=1.847µs(n=100000)|70-80%=2.207µs(n=100000)|80-90%=1.931µs(n=100000)|90-100%=2.023µs(n=100000)",513.36,640.90,12330402,34922322,3492,"0-10%=3.558µs(n=1000)|10-20%=3.673µs(n=1000)|20-30%=3.635µs(n=1000)|30-40%=3.53µs(n=1000)|40-50%=3.595µs(n=1000)|50-60%=3.34µs(n=1000)|60-70%=3.224µs(n=1000)|70-80%=3.459µs(n=1000)|80-90%=3.473µs(n=1000)|90-100%=3.43µs(n=1000)",885,4393,0,0,"",0,0,0,0,0,0.00,0.00,0
smt,prehashed_ordered_build_2m,0,2000000,2000000,4004504375,2002,"0-10%=1.791µs(n=200000)|10-20%=1.971µs(n=200000)|20-30%=1.91µs(n=200000)|30-40%=2.011µs(n=200000)|40-50%=2.211µs(n=200000)|50-60%=1.842µs(n=200000)|60-70%=1.912µs(n=200000)|70-80%=2.241µs(n=200000)|80-90%=2.026µs(n=200000)|90-100%=2.103µs(n=200000)",1025.32,1281.85,24613820,79004945,3950,"0-10%=3.745µs(n=2000)|10-20%=4.26µs(n=2000)|20-30%=4.663µs(n=2000)|30-40%=4.096µs(n=2000)|40-50%=3.73µs(n=2000)|50-60%=3.601µs(n=2000)|60-70%=3.594µs(n=2000)|70-80%=3.887µs(n=2000)|80-90%=4.007µs(n=2000)|90-100%=3.914µs(n=2000)",923,4740,0,0,"",0,0,0,0,0,0.00,0.00,0
smt,prehashed_ordered_build_5m,0,5000000,5000000,10606204721,2121,"0-10%=1.895µs(n=500000)|10-20%=2.077µs(n=500000)|20-30%=2.051µs(n=500000)|30-40%=2.244µs(n=500000)|40-50%=2.242µs(n=500000)|50-60%=1.948µs(n=500000)|60-70%=2.072µs(n=500000)|70-80%=2.408µs(n=500000)|80-90%=2.061µs(n=500000)|90-100%=2.209µs(n=500000)",2589.83,3204.69,62391657,196735852,3934,"0-10%=3.996µs(n=5000)|10-20%=3.914µs(n=5000)|20-30%=3.948µs(n=5000)|30-40%=3.947µs(n=5000)|40-50%=3.967µs(n=5000)|50-60%=3.862µs(n=5000)|60-70%=3.775µs(n=5000)|70-80%=4.24µs(n=5000)|80-90%=3.938µs(n=5000)|90-100%=3.754µs(n=5000)",973,4756,0,0,"",0,0,0,0,0,0.00,0.00,0
smt,prehashed_ordered_build_10m,0,10000000,10000000,21635831424,2163,"0-10%=1.913µs(n=1000000)|10-20%=2.205µs(n=1000000)|20-30%=2.107µs(n=1000000)|30-40%=2.277µs(n=1000000)|40-50%=2.227µs(n=1000000)|50-60%=1.967µs(n=1000000)|60-70%=2.08µs(n=1000000)|70-80%=2.433µs(n=1000000)|80-90%=2.147µs(n=1000000)|90-100%=2.275µs(n=1000000)",5205.17,6409.35,125619385,387264706,3872,"0-10%=3.857µs(n=10000)|10-20%=3.732µs(n=10000)|20-30%=3.742µs(n=10000)|30-40%=3.988µs(n=10000)|40-50%=3.866µs(n=10000)|50-60%=3.801µs(n=10000)|60-70%=3.807µs(n=10000)|70-80%=4.253µs(n=10000)|80-90%=3.882µs(n=10000)|90-100%=3.794µs(n=10000)",1011,5034,0,0,"",0,0,0,0,0,0.00,0.00,0
smt,prehashed_ordered_build_15m,0,15000000,15000000,32772226506,2184,"0-10%=1.902µs(n=1500000)|10-20%=2.169µs(n=1500000)|20-30%=2.111µs(n=1500000)|30-40%=2.347µs(n=1500000)|40-50%=2.256µs(n=1500000)|50-60%=1.999µs(n=1500000)|60-70%=2.089µs(n=1500000)|70-80%=2.5µs(n=1500000)|80-90%=2.178µs(n=1500000)|90-100%=2.292µs(n=1500000)",7803.09,9613.87,188316504,779450084,5196,"0-10%=3.759µs(n=15000)|10-20%=3.945µs(n=15000)|20-30%=3.859µs(n=15000)|30-40%=4.354µs(n=15000)|40-50%=6.018µs(n=15000)|50-60%=5.875µs(n=15000)|60-70%=5.843µs(n=15000)|70-80%=6.398µs(n=15000)|80-90%=5.998µs(n=15000)|90-100%=5.908µs(n=15000)",1034,6525,0,0,"",0,0,0,0,0,0.00,0.00,0
smt,insert_only_build_10k,0,10000,10000,22951313,2295,"0-10%=1.562µs(n=1000)|10-20%=1.827µs(n=1000)|20-30%=2.114µs(n=1000)|30-40%=3.025µs(n=1000)|40-50%=2.101µs(n=1000)|50-60%=2.131µs(n=1000)|60-70%=2.126µs(n=1000)|70-80%=3.493µs(n=1000)|80-90%=2.35µs(n=1000)|90-100%=2.217µs(n=1000)",5.57,7.17,128178,0,0,"",0,0,0,0,"",0,0,0,0,0,0.00,0.00,0
smt,insert_only_build_50k,0,50000,50000,135530753,2710,"0-10%=2.185µs(n=5000)|10-20%=2.384µs(n=5000)|20-30%=2.507µs(n=5000)|30-40%=2.637µs(n=5000)|40-50%=2.541µs(n=5000)|50-60%=2.971µs(n=5000)|60-70%=2.688µs(n=5000)|70-80%=2.844µs(n=5000)|80-90%=2.908µs(n=5000)|90-100%=3.436µs(n=5000)",25.63,35.80,564959,0,0,"",0,0,0,0,"",0,0,0,0,0,0.00,0.00,0
smt,insert_only_build_100k,0,100000,100000,296361860,2963,"0-10%=2.326µs(n=10000)|10-20%=2.569µs(n=10000)|20-30%=2.736µs(n=10000)|30-40%=2.793µs(n=10000)|40-50%=3.127µs(n=10000)|50-60%=2.972µs(n=10000)|60-70%=3.107µs(n=10000)|70-80%=3.494µs(n=10000)|80-90%=3.25µs(n=10000)|90-100%=3.258µs(n=10000)",55.12,71.57,1251954,0,0,"",0,0,0,0,"",0,0,0,0,0,0.00,0.00,0
smt,insert_only_build_200k,0,200000,200000,681922764,3409,"0-10%=2.446µs(n=20000)|10-20%=2.753µs(n=20000)|20-30%=3.015µs(n=20000)|30-40%=3.118µs(n=20000)|40-50%=3.441µs(n=20000)|50-60%=3.402µs(n=20000)|60-70%=3.56µs(n=20000)|70-80%=4.637µs(n=20000)|80-90%=3.923µs(n=20000)|90-100%=3.796µs(n=20000)",113.21,143.12,2596995,0,0,"",0,0,0,0,"",0,0,0,0,0,0.00,0.00,0
smt,insert_only_build_300k,0,300000,300000,1081617582,3605,"0-10%=2.581µs(n=30000)|10-20%=2.946µs(n=30000)|20-30%=3.187µs(n=30000)|30-40%=3.24µs(n=30000)|40-50%=3.692µs(n=30000)|50-60%=3.809µs(n=30000)|60-70%=3.844µs(n=30000)|70-80%=4.361µs(n=30000)|80-90%=4.272µs(n=30000)|90-100%=4.117µs(n=30000)",166.20,214.69,3780077,0,0,"",0,0,0,0,"",0,0,0,0,0,0.00,0.00,0
smt,insert_only_build_500k,0,500000,500000,2014250304,4028,"0-10%=2.705µs(n=50000)|10-20%=3.509µs(n=50000)|20-30%=3.525µs(n=50000)|30-40%=3.656µs(n=50000)|40-50%=4.212µs(n=50000)|50-60%=4.13µs(n=50000)|60-70%=4.184µs(n=50000)|70-80%=4.887µs(n=50000)|80-90%=4.89µs(n=50000)|90-100%=4.582µs(n=50000)",277.39,357.82,6311457,0,0,"",0,0,0,0,"",0,0,0,0,0,0.00,0.00,0
smt,insert_only_build_700k,0,700000,700000,3042752485,4346,"0-10%=2.822µs(n=70000)|10-20%=3.415µs(n=70000)|20-30%=3.896µs(n=70000)|30-40%=4.305µs(n=70000)|40-50%=4.167µs(n=70000)|50-60%=4.897µs(n=70000)|60-70%=4.825µs(n=70000)|70-80%=4.691µs(n=70000)|80-90%=4.802µs(n=70000)|90-100%=5.643µs(n=70000)",362.55,500.96,8017424,0,0,"",0,0,0,0,"",0,0,0,0,0,0.00,0.00,0
smt,insert_only_build_900k,0,900000,900000,4139597872,4599,"0-10%=2.95µs(n=90000)|10-20%=3.537µs(n=90000)|20-30%=4.101µs(n=90000)|30-40%=4.309µs(n=90000)|40-50%=4.938µs(n=90000)|50-60%=4.775µs(n=90000)|60-70%=4.921µs(n=90000)|70-80%=5.842µs(n=90000)|80-90%=5.475µs(n=90000)|90-100%=5.143µs(n=90000)",506.69,644.10,11593493,0,0,"",0,0,0,0,"",0,0,0,0,0,0.00,0.00,0
smt,insert_only_build_1m,0,1000000,1000000,4651058025,4651,"0-10%=3.022µs(n=100000)|10-20%=3.61µs(n=100000)|20-30%=4.317µs(n=100000)|30-40%=4.62µs(n=100000)|40-50%=4.788µs(n=100000)|50-60%=4.681µs(n=100000)|60-70%=5.475µs(n=100000)|70-80%=5.34µs(n=100000)|80-90%=5.227µs(n=100000)|90-100%=5.427µs(n=100000)",579.03,715.65,13390579,0,0,"",0,0,0,0,"",0,0,0,0,0,0.00,0.00,0
smt,insert_only_build_2m,0,2000000,2000000,10512564694,5256,"0-10%=3.281µs(n=200000)|10-20%=4.295µs(n=200000)|20-30%=4.854µs(n=200000)|30-40%=5.39µs(n=200000)|40-50%=5.126µs(n=200000)|50-60%=5.758µs(n=200000)|60-70%=5.849µs(n=200000)|70-80%=5.722µs(n=200000)|80-90%=5.76µs(n=200000)|90-100%=6.525µs(n=200000)",1027.29,1431.26,22631547,0,0,"",0,0,0,0,"",0,0,0,0,0,0.00,0.00,0
smt,insert_only_build_5m,0,5000000,5000000,30796530443,6159,"0-10%=4.051µs(n=500000)|10-20%=5.248µs(n=500000)|20-30%=5.797µs(n=500000)|30-40%=6.164µs(n=500000)|40-50%=6.393µs(n=500000)|50-60%=6.327µs(n=500000)|60-70%=7.085µs(n=500000)|70-80%=6.955µs(n=500000)|80-90%=6.767µs(n=500000)|90-100%=6.803µs(n=500000)",2894.33,3578.16,66918315,0,0,"",0,0,0,0,"",0,0,0,0,0,0.00,0.00,0
smt,insert_only_build_10m,0,10000000,10000000,69423863221,6942,"0-10%=4.604µs(n=1000000)|10-20%=6.003µs(n=1000000)|20-30%=6.333µs(n=1000000)|30-40%=7.034µs(n=1000000)|40-50%=6.794µs(n=1000000)|50-60%=7.497µs(n=1000000)|60-70%=7.432µs(n=1000000)|70-80%=7.444µs(n=1000000)|80-90%=7.514µs(n=1000000)|90-100%=8.763µs(n=1000000)",5209.48,7156.51,115454898,0,0,"",0,0,0,0,"",0,0,0,0,0,0.00,0.00,0
smt,insert_only_build_25m,0,25000000,25000000,206634632697,8265,"0-10%=5.855µs(n=2500000)|10-20%=6.864µs(n=2500000)|20-30%=7.509µs(n=2500000)|30-40%=8.002µs(n=2500000)|40-50%=8.08µs(n=2500000)|50-60%=8.326µs(n=2500000)|60-70%=9.465µs(n=2500000)|70-80%=9.299µs(n=2500000)|80-90%=9.537µs(n=2500000)|90-100%=9.713µs(n=2500000)",14633.40,17892.47,339657284,0,0,"",0,0,0,0,"",0,0,0,0,0,0.00,0.00,0
smt,proof_only_after_10k_build_sample_5pct,10000,10000,0,0,0,"",0.00,0.00,0,627594,1255,"0-10%=1.598µs(n=50)|10-20%=1.273µs(n=50)|20-30%=1.224µs(n=50)|30-40%=1.218µs(n=50)|40-50%=1.184µs(n=50)|50-60%=1.258µs(n=50)|60-70%=1.306µs(n=50)|70-80%=1.149µs(n=50)|80-90%=1.147µs(n=50)|90-100%=1.189µs(n=50)",632,3057,0,0,"",0,0,0,0,0,0.00,0.00,0
smt,proof_only_after_50k_build_sample_5pct,50000,50000,0,0,0,"",0.00,0.00,0,4450532,1780,"0-10%=1.899µs(n=250)|10-20%=1.729µs(n=250)|20-30%=1.782µs(n=250)|30-40%=1.828µs(n=250)|40-50%=1.819µs(n=250)|50-60%=1.818µs(n=250)|60-70%=1.718µs(n=250)|70-80%=1.916µs(n=250)|80-90%=1.628µs(n=250)|90-100%=1.661µs(n=250)",722,3579,0,0,"",0,0,0,0,0,0.00,0.00,0
smt,proof_only_after_100k_build_sample_5pct,100000,100000,0,0,0,"",0.00,0.00,0,10846310,2169,"0-10%=2.314µs(n=500)|10-20%=2.181µs(n=500)|20-30%=2.132µs(n=500)|30-40%=2.351µs(n=500)|40-50%=2.127µs(n=500)|50-60%=2.085µs(n=500)|60-70%=2.14µs(n=500)|70-80%=2.063µs(n=500)|80-90%=2.069µs(n=500)|90-100%=2.226µs(n=500)",758,3980,0,0,"",0,0,0,0,0,0.00,0.00,0
smt,proof_only_after_200k_build_sample_5pct,200000,200000,0,0,0,"",0.00,0.00,0,25140255,2514,"0-10%=2.759µs(n=1000)|10-20%=2.528µs(n=1000)|20-30%=2.578µs(n=1000)|30-40%=2.54µs(n=1000)|40-50%=2.457µs(n=1000)|50-60%=2.42µs(n=1000)|60-70%=2.462µs(n=1000)|70-80%=2.393µs(n=1000)|80-90%=2.496µs(n=1000)|90-100%=2.502µs(n=1000)",796,4206,0,0,"",0,0,0,0,0,0.00,0.00,0
smt,proof_only_after_300k_build_sample_5pct,300000,300000,0,0,0,"",0.00,0.00,0,52478372,3498,"0-10%=3.702µs(n=1500)|10-20%=3.47µs(n=1500)|20-30%=3.617µs(n=1500)|30-40%=3.544µs(n=1500)|40-50%=3.555µs(n=1500)|50-60%=3.449µs(n=1500)|60-70%=3.561µs(n=1500)|70-80%=3.377µs(n=1500)|80-90%=3.401µs(n=1500)|90-100%=3.304µs(n=1500)",819,4850,0,0,"",0,0,0,0,0,0.00,0.00,0
smt,proof_only_after_500k_build_sample_5pct,500000,500000,0,0,0,"",0.00,0.00,0,92957944,3718,"0-10%=4.08µs(n=2500)|10-20%=3.882µs(n=2500)|20-30%=3.736µs(n=2500)|30-40%=3.759µs(n=2500)|40-50%=3.721µs(n=2500)|50-60%=3.648µs(n=2500)|60-70%=3.551µs(n=2500)|70-80%=3.667µs(n=2500)|80-90%=3.602µs(n=2500)|90-100%=3.531µs(n=2500)",847,5171,0,0,"",0,0,0,0,0,0.00,0.00,0
smt,proof_only_after_700k_build_sample_5pct,700000,700000,0,0,0,"",0.00,0.00,0,136476667,3899,"0-10%=4.229µs(n=3500)|10-20%=4.004µs(n=3500)|20-30%=3.951µs(n=3500)|30-40%=3.826µs(n=3500)|40-50%=3.827µs(n=3500)|50-60%=3.841µs(n=3500)|60-70%=3.888µs(n=3500)|70-80%=3.891µs(n=3500)|80-90%=3.804µs(n=3500)|90-100%=3.729µs(n=3500)",865,5315,0,0,"",0,0,0,0,0,0.00,0.00,0
smt,proof_only_after_900k_build_sample_5pct,900000,900000,0,0,0,"",0.00,0.00,0,174131972,3869,"0-10%=4.161µs(n=4500)|10-20%=3.945µs(n=4500)|20-30%=3.854µs(n=4500)|30-40%=3.777µs(n=4500)|40-50%=3.781µs(n=4500)|50-60%=3.857µs(n=4500)|60-70%=3.899µs(n=4500)|70-80%=3.901µs(n=4500)|80-90%=3.74µs(n=4500)|90-100%=3.776µs(n=4500)",879,5099,0,0,"",0,0,0,0,0,0.00,0.00,0
smt,proof_only_after_1m_build_sample_5pct,1000000,1000000,0,0,0,"",0.00,0.00,0,200555412,4011,"0-10%=4.364µs(n=5000)|10-20%=4.15µs(n=5000)|20-30%=4.088µs(n=5000)|30-40%=4.048µs(n=5000)|40-50%=4.057µs(n=5000)|50-60%=4.008µs(n=5000)|60-70%=4.037µs(n=5000)|70-80%=3.795µs(n=5000)|80-90%=3.785µs(n=5000)|90-100%=3.775µs(n=5000)",884,5101,0,0,"",0,0,0,0,0,0.00,0.00,0
smt,prehashed_ordered_proof_only_after_1m_build_sample_5pct,1000000,1000000,0,0,0,"",0.00,0.00,0,157616700,3152,"0-10%=2.941µs(n=5000)|10-20%=3.079µs(n=5000)|20-30%=3.154µs(n=5000)|30-40%=3.117µs(n=5000)|40-50%=3.118µs(n=5000)|50-60%=3.069µs(n=5000)|60-70%=3.016µs(n=5000)|70-80%=3.628µs(n=5000)|80-90%=3.324µs(n=5000)|90-100%=3.071µs(n=5000)",884,5170,0,0,"",0,0,0,0,0,0.00,0.00,0
smt,proof_only_after_2m_build_sample_3pct,2000000,2000000,0,0,0,"",0.00,0.00,0,267379921,4456,"0-10%=4.843µs(n=6000)|10-20%=4.618µs(n=6000)|20-30%=4.572µs(n=6000)|30-40%=4.54µs(n=6000)|40-50%=4.342µs(n=6000)|50-60%=4.388µs(n=6000)|60-70%=4.309µs(n=6000)|70-80%=4.287µs(n=6000)|80-90%=4.304µs(n=6000)|90-100%=4.354µs(n=6000)",922,6410,0,0,"",0,0,0,0,0,0.00,0.00,0
smt,proof_only_after_5m_build_sample_3pct,5000000,5000000,0,0,0,"",0.00,0.00,0,721949364,4812,"0-10%=5.066µs(n=15000)|10-20%=4.957µs(n=15000)|20-30%=4.906µs(n=15000)|30-40%=4.907µs(n=15000)|40-50%=4.921µs(n=15000)|50-60%=4.811µs(n=15000)|60-70%=4.874µs(n=15000)|70-80%=4.748µs(n=15000)|80-90%=4.477µs(n=15000)|90-100%=4.459µs(n=15000)",973,6029,0,0,"",0,0,0,0,0,0.00,0.00,0
smt,prehashed_ordered_proof_only_after_5m_build_sample_3pct,5000000,5000000,0,0,0,"",0.00,0.00,0,499985905,3333,"0-10%=3.263µs(n=15000)|10-20%=3.245µs(n=15000)|20-30%=3.3µs(n=15000)|30-40%=3.366µs(n=15000)|40-50%=3.47µs(n=15000)|50-60%=3.32µs(n=15000)|60-70%=3.303µs(n=15000)|70-80%=3.469µs(n=15000)|80-90%=3.34µs(n=15000)|90-100%=3.252µs(n=15000)",973,5919,0,0,"",0,0,0,0,0,0.00,0.00,0
smt,proof_only_after_10m_build_sample_2pct,10000000,10000000,0,0,0,"",0.00,0.00,0,1087102526,5435,"0-10%=5.628µs(n=20000)|10-20%=5.451µs(n=20000)|20-30%=5.395µs(n=20000)|30-40%=5.429µs(n=20000)|40-50%=5.45µs(n=20000)|50-60%=5.405µs(n=20000)|60-70%=5.416µs(n=20000)|70-80%=5.439µs(n=20000)|80-90%=5.444µs(n=20000)|90-100%=5.293µs(n=20000)",1011,6573,0,0,"",0,0,0,0,0,0.00,0.00,0
smt,proof_only_after_20m_build_sample_2pct,20000000,20000000,0,0,0,"",0.00,0.00,0,3323233636,8308,"0-10%=8.464µs(n=40000)|10-20%=8.288µs(n=40000)|20-30%=8.276µs(n=40000)|30-40%=8.412µs(n=40000)|40-50%=8.432µs(n=40000)|50-60%=8.295µs(n=40000)|60-70%=8.325µs(n=40000)|70-80%=8.357µs(n=40000)|80-90%=8.204µs(n=40000)|90-100%=8.024µs(n=40000)",1049,8284,0,0,"",0,0,0,0,0,0.00,0.00,0
smt,build_10k_then_add_2k_new,10000,12000,2000,5442754,2721,"0-10%=3.346µs(n=200)|10-20%=2.837µs(n=200)|20-30%=2.645µs(n=200)|30-40%=2.787µs(n=200)|40-50%=2.844µs(n=200)|50-60%=2.647µs(n=200)|60-70%=2.485µs(n=200)|70-80%=2.605µs(n=200)|80-90%=2.543µs(n=200)|90-100%=2.465µs(n=200)",1.45,1.45,146311,0,0,"",0,0,0,0,"",0,0,0,0,0,0.00,0.00,0
smt,build_50k_then_add_10k_new,50000,60000,10000,34608837,3460,"0-10%=4.181µs(n=1000)|10-20%=3.719µs(n=1000)|20-30%=3.573µs(n=1000)|30-40%=3.491µs(n=1000)|40-50%=3.361µs(n=1000)|50-60%=3.339µs(n=1000)|60-70%=3.248µs(n=1000)|70-80%=3.285µs(n=1000)|80-90%=3.186µs(n=1000)|90-100%=3.219µs(n=1000)",7.17,7.17,728081,0,0,"",0,0,0,0,"",0,0,0,0,0,0.00,0.00,0
smt,build_100k_then_add_20k_new,100000,120000,20000,81376159,4068,"0-10%=4.946µs(n=2000)|10-20%=4.455µs(n=2000)|20-30%=4.243µs(n=2000)|30-40%=4.203µs(n=2000)|40-50%=4.035µs(n=2000)|50-60%=3.951µs(n=2000)|60-70%=3.802µs(n=2000)|70-80%=3.661µs(n=2000)|80-90%=3.724µs(n=2000)|90-100%=3.662µs(n=2000)",14.32,14.32,1455290,0,0,"",0,0,0,0,"",0,0,0,0,0,0.00,0.00,0
smt,build_200k_then_add_40k_new,200000,240000,40000,175699339,4392,"0-10%=5.228µs(n=4000)|10-20%=4.77µs(n=4000)|20-30%=4.514µs(n=4000)|30-40%=4.455µs(n=4000)|40-50%=4.257µs(n=4000)|50-60%=4.23µs(n=4000)|60-70%=4.239µs(n=4000)|70-80%=4.196µs(n=4000)|80-90%=4.062µs(n=4000)|90-100%=3.969µs(n=4000)",28.66,28.66,2909933,0,0,"",0,0,0,0,"",0,0,0,0,0,0.00,0.00,0
smt,build_300k_then_add_60k_new,300000,360000,60000,295852112,4930,"0-10%=5.945µs(n=6000)|10-20%=5.371µs(n=6000)|20-30%=5.12µs(n=6000)|30-40%=5.091µs(n=6000)|40-50%=4.877µs(n=6000)|50-60%=4.831µs(n=6000)|60-70%=4.648µs(n=6000)|70-80%=4.474µs(n=6000)|80-90%=4.468µs(n=6000)|90-100%=4.478µs(n=6000)",42.95,42.95,4364046,0,0,"",0,0,0,0,"",0,0,0,0,0,0.00,0.00,0
smt,build_500k_then_add_100k_new,500000,600000,100000,534883850,5348,"0-10%=6.923µs(n=10000)|10-20%=6.011µs(n=10000)|20-30%=5.482µs(n=10000)|30-40%=5.407µs(n=10000)|40-50%=5.221µs(n=10000)|50-60%=5.186µs(n=10000)|60-70%=5.019µs(n=10000)|70-80%=4.77µs(n=10000)|80-90%=4.731µs(n=10000)|90-100%=4.733µs(n=10000)",71.59,71.59,7273262,0,0,"",0,0,0,0,"",0,0,0,0,0,0.00,0.00,0
smt,build_700k_then_add_140k_new,700000,840000,140000,802893237,5734,"0-10%=6.672µs(n=14000)|10-20%=6.007µs(n=14000)|20-30%=5.869µs(n=14000)|30-40%=5.705µs(n=14000)|40-50%=5.26µs(n=14000)|50-60%=6.021µs(n=14000)|60-70%=5.5µs(n=14000)|70-80%=5.528µs(n=14000)|80-90%=5.443µs(n=14000)|90-100%=5.337µs(n=14000)",100.21,100.21,10181936,0,0,"",0,0,0,0,"",0,0,0,0,0,0.00,0.00,0
smt,build_900k_then_add_180k_new,900000,1080000,180000,1064987254,5916,"0-10%=6.836µs(n=18000)|10-20%=6.267µs(n=18000)|20-30%=6.108µs(n=18000)|30-40%=6.65µs(n=18000)|40-50%=5.804µs(n=18000)|50-60%=5.725µs(n=18000)|60-70%=5.585µs(n=18000)|70-80%=5.41µs(n=18000)|80-90%=5.394µs(n=18000)|90-100%=5.384µs(n=18000)",128.80,128.80,13090381,0,0,"",0,0,0,0,"",0,0,0,0,0,0.00,0.00,0
smt,build_1m_then_add_200k_new,1000000,1200000,200000,1219184873,6095,"0-10%=6.784µs(n=20000)|10-20%=6.974µs(n=20000)|20-30%=6.15µs(n=20000)|30-40%=5.931µs(n=20000)|40-50%=5.774µs(n=20000)|50-60%=5.77µs(n=20000)|60-70%=5.912µs(n=20000)|70-80%=5.975µs(n=20000)|80-90%=5.948µs(n=20000)|90-100%=5.736µs(n=20000)",143.13,143.13,14544883,0,0,"",0,0,0,0,"",0,0,0,0,0,0.00,0.00,0
smt,build_2m_then_add_400k_new,2000000,2400000,400000,2564319493,6410,"0-10%=7.293µs(n=40000)|10-20%=6.78µs(n=40000)|20-30%=6.778µs(n=40000)|30-40%=6.629µs(n=40000)|40-50%=6.189µs(n=40000)|50-60%=6.071µs(n=40000)|60-70%=6.109µs(n=40000)|70-80%=6.067µs(n=40000)|80-90%=6.093µs(n=40000)|90-100%=6.094µs(n=40000)",286.25,286.25,29089016,0,0,"",0,0,0,0,"",0,0,0,0,0,0.00,0.00,0
smt,build_5m_then_add_1m_new,5000000,6000000,1000000,7382008241,7382,"0-10%=7.938µs(n=100000)|10-20%=7.546µs(n=100000)|20-30%=7.561µs(n=100000)|30-40%=7.414µs(n=100000)|40-50%=7.274µs(n=100000)|50-60%=7.279µs(n=100000)|60-70%=7.337µs(n=100000)|70-80%=7.277µs(n=100000)|80-90%=7.206µs(n=100000)|90-100%=6.984µs(n=100000)",715.72,715.72,72722944,0,0,"",0,0,0,0,"",0,0,0,0,0,0.00,0.00,0
smt,build_10m_then_add_2m_new,10000000,12000000,2000000,16442648009,8221,"0-10%=8.857µs(n=200000)|10-20%=8.699µs(n=200000)|20-30%=8.522µs(n=200000)|30-40%=8.443µs(n=200000)|40-50%=7.879µs(n=200000)|50-60%=7.843µs(n=200000)|60-70%=7.842µs(n=200000)|70-80%=8.033µs(n=200000)|80-90%=8.045µs(n=200000)|90-100%=8.046µs(n=200000)",1431.33,1431.33,145442590,0,0,"",0,0,0,0,"",0,0,0,0,0,0.00,0.00,0
smt,build_20m_then_add_5m_new,20000000,25000000,5000000,48534783404,9706,"0-10%=9.862µs(n=500000)|10-20%=9.768µs(n=500000)|20-30%=9.745µs(n=500000)|30-40%=9.647µs(n=500000)|40-50%=9.681µs(n=500000)|50-60%=9.702µs(n=500000)|60-70%=9.574µs(n=500000)|70-80%=9.594µs(n=500000)|80-90%=9.711µs(n=500000)|90-100%=9.78µs(n=500000)",3578.79,3578.79,308607722,0,0,"",0,0,0,0,"",0,0,0,0,0,0.00,0.00,0
smt,build_10k_then_reinsert_2k_existing,10000,10000,2000,5092446,2546,"0-10%=3.279µs(n=200)|10-20%=2.837µs(n=200)|20-30%=2.618µs(n=200)|30-40%=2.435µs(n=200)|40-50%=2.352µs(n=200)|50-60%=2.397µs(n=200)|60-70%=2.293µs(n=200)|70-80%=2.343µs(n=200)|80-90%=2.44µs(n=200)|90-100%=2.46µs(n=200)",0.34,0.34,121918,0,0,"",0,0,0,0,"",0,0,0,0,0,0.00,0.00,0
smt,build_50k_then_reinsert_10k_existing,50000,50000,10000,33210687,3321,"0-10%=3.941µs(n=1000)|10-20%=3.511µs(n=1000)|20-30%=3.545µs(n=1000)|30-40%=3.289µs(n=1000)|40-50%=3.309µs(n=1000)|50-60%=3.184µs(n=1000)|60-70%=3.332µs(n=1000)|70-80%=3.014µs(n=1000)|80-90%=3.13µs(n=1000)|90-100%=2.949µs(n=1000)",1.62,1.62,605922,0,0,"",0,0,0,0,"",0,0,0,0,0,0.00,0.00,0
smt,build_100k_then_reinsert_20k_existing,100000,100000,20000,71897862,3594,"0-10%=3.996µs(n=2000)|10-20%=3.757µs(n=2000)|20-30%=3.679µs(n=2000)|30-40%=3.591µs(n=2000)|40-50%=3.577µs(n=2000)|50-60%=3.529µs(n=2000)|60-70%=3.542µs(n=2000)|70-80%=3.496µs(n=2000)|80-90%=3.401µs(n=2000)|90-100%=3.374µs(n=2000)",3.22,3.22,1210933,0,0,"",0,0,0,0,"",0,0,0,0,0,0.00,0.00,0
smt,build_200k_then_reinsert_40k_existing,200000,200000,40000,169860427,4246,"0-10%=5.029µs(n=4000)|10-20%=4.513µs(n=4000)|20-30%=4.354µs(n=4000)|30-40%=4.24µs(n=4000)|40-50%=4.149µs(n=4000)|50-60%=4.133µs(n=4000)|60-70%=4.099µs(n=4000)|70-80%=4.017µs(n=4000)|80-90%=3.953µs(n=4000)|90-100%=3.972µs(n=4000)",6.44,6.44,2420949,0,0,"",0,0,0,0,"",0,0,0,0,0,0.00,0.00,0
smt,build_300k_then_reinsert_60k_existing,300000,300000,60000,261713332,4361,"0-10%=5.224µs(n=6000)|10-20%=4.658µs(n=6000)|20-30%=4.486µs(n=6000)|30-40%=4.357µs(n=6000)|40-50%=4.274µs(n=6000)|50-60%=4.22µs(n=6000)|60-70%=4.164µs(n=6000)|70-80%=4.129µs(n=6000)|80-90%=4.04µs(n=6000)|90-100%=4.061µs(n=6000)",9.64,9.64,3630960,0,0,"",0,0,0,0,"",0,0,0,0,0,0.00,0.00,0
smt,build_500k_then_reinsert_100k_existing,500000,500000,100000,479330073,4793,"0-10%=5.588µs(n=10000)|10-20%=4.997µs(n=10000)|20-30%=4.854µs(n=10000)|30-40%=4.749µs(n=10000)|40-50%=4.668µs(n=10000)|50-60%=4.682µs(n=10000)|60-70%=4.673µs(n=10000)|70-80%=4.677µs(n=10000)|80-90%=4.521µs(n=10000)|90-100%=4.519µs(n=10000)",16.05,16.05,6050973,0,0,"",0,0,0,0,"",0,0,0,0,0,0.00,0.00,0
smt,build_700k_then_reinsert_140k_existing,700000,700000,140000,714174871,5101,"0-10%=5.98µs(n=14000)|10-20%=5.452µs(n=14000)|20-30%=5.247µs(n=14000)|30-40%=5.123µs(n=14000)|40-50%=5.006µs(n=14000)|50-60%=4.993µs(n=14000)|60-70%=4.888µs(n=14000)|70-80%=4.787µs(n=14000)|80-90%=4.791µs(n=14000)|90-100%=4.741µs(n=14000)",22.47,22.47,8470990,0,0,"",0,0,0,0,"",0,0,0,0,0,0.00,0.00,0
smt,build_900k_then_reinsert_180k_existing,900000,900000,180000,1015613570,5642,"0-10%=6.024µs(n=18000)|10-20%=5.47µs(n=18000)|20-30%=5.344µs(n=18000)|30-40%=5.338µs(n=18000)|40-50%=5.395µs(n=18000)|50-60%=6.113µs(n=18000)|60-70%=5.881µs(n=18000)|70-80%=5.729µs(n=18000)|80-90%=5.6µs(n=18000)|90-100%=5.524µs(n=18000)",28.89,28.89,10890943,0,0,"",0,0,0,0,"",0,0,0,0,0,0.00,0.00,0
smt,build_1m_then_reinsert_200k_existing,1000000,1000000,200000,1210605430,6053,"0-10%=6.874µs(n=20000)|10-20%=6.171µs(n=20000)|20-30%=6.026µs(n=20000)|30-40%=5.903µs(n=20000)|40-50%=5.801µs(n=20000)|50-60%=5.769µs(n=20000)|60-70%=5.815µs(n=20000)|70-80%=6.191µs(n=20000)|80-90%=6.324µs(n=20000)|90-100%=5.65µs(n=20000)",32.11,32.11,12100951,0,0,"",0,0,0,0,"",0,0,0,0,0,0.00,0.00,0
smt,prehashed_ordered_build_1m_then_reinsert_200k_existing,1000000,1000000,200000,572574265,2862,"0-10%=2.764µs(n=20000)|10-20%=2.922µs(n=20000)|20-30%=2.941µs(n=20000)|30-40%=2.937µs(n=20000)|40-50%=2.834µs(n=20000)|50-60%=2.826µs(n=20000)|60-70%=2.839µs(n=20000)|70-80%=2.79µs(n=20000)|80-90%=2.789µs(n=20000)|90-100%=2.982µs(n=20000)",19.88,19.88,11700952,0,0,"",0,0,0,0,"",0,0,0,0,0,0.00,0.00,0
smt,build_2m_then_reinsert_400k_existing,2000000,2000000,400000,2425723776,6064,"0-10%=6.549µs(n=40000)|10-20%=6.214µs(n=40000)|20-30%=6.148µs(n=40000)|30-40%=6.093µs(n=40000)|40-50%=6.047µs(n=40000)|50-60%=6.042µs(n=40000)|60-70%=6.055µs(n=40000)|70-80%=5.948µs(n=40000)|80-90%=5.776µs(n=40000)|90-100%=5.766µs(n=40000)",64.19,64.19,24200974,0,0,"",0,0,0,0,"",0,0,0,0,0,0.00,0.00,0
smt,build_5m_then_reinsert_1m_existing,5000000,5000000,1000000,6900150705,6900,"0-10%=7.262µs(n=100000)|10-20%=6.918µs(n=100000)|20-30%=6.929µs(n=100000)|30-40%=6.87µs(n=100000)|40-50%=6.846µs(n=100000)|50-60%=6.859µs(n=100000)|60-70%=6.908µs(n=100000)|70-80%=6.775µs(n=100000)|80-90%=6.833µs(n=100000)|90-100%=6.797µs(n=100000)",160.47,160.47,60501003,0,0,"",0,0,0,0,"",0,0,0,0,0,0.00,0.00,0
smt,prehashed_ordered_build_5m_then_reinsert_1m_existing,5000000,5000000,1000000,3162762250,3162,"0-10%=3.129µs(n=100000)|10-20%=3.268µs(n=100000)|20-30%=3.242µs(n=100000)|30-40%=3.331µs(n=100000)|40-50%=3.145µs(n=100000)|50-60%=3.121µs(n=100000)|60-70%=3.078µs(n=100000)|70-80%=3.047µs(n=100000)|80-90%=3.039µs(n=100000)|90-100%=3.221µs(n=100000)",99.30,99.30,58500996,0,0,"",0,0,0,0,"",0,0,0,0,0,0.00,0.00,0
smt,build_10m_then_reinsert_2m_existing,10000000,10000000,2000000,15684761266,7842,"0-10%=8.216µs(n=200000)|10-20%=7.911µs(n=200000)|20-30%=7.853µs(n=200000)|30-40%=8µs(n=200000)|40-50%=7.868µs(n=200000)|50-60%=7.786µs(n=200000)|60-70%=7.824µs(n=200000)|70-80%=7.821µs(n=200000)|80-90%=7.613µs(n=200000)|90-100%=7.525µs(n=200000)",320.96,320.96,121001050,0,0,"",0,0,0,0,"",0,0,0,0,0,0.00,0.00,0
smt,build_25m_then_reinsert_5m_existing,25000000,25000000,5000000,46341575195,9268,"0-10%=9.524µs(n=500000)|10-20%=9.439µs(n=500000)|20-30%=9.45µs(n=500000)|30-40%=9.354µs(n=500000)|40-50%=9.104µs(n=500000)|50-60%=9.108µs(n=500000)|60-70%=9.181µs(n=500000)|70-80%=9.166µs(n=500000)|80-90%=9.164µs(n=500000)|90-100%=9.188µs(n=500000)",802.73,802.73,302501201,0,0,"",0,0,0,0,"",0,0,0,0,0,0.00,0.00,0
smt,build_10k,0,10000,10000,25242900,2524,"0-10%=1.971µs(n=1000)|10-20%=1.978µs(n=1000)|20-30%=2.204µs(n=1000)|30-40%=3.054µs(n=1000)|40-50%=2.339µs(n=1000)|50-60%=2.555µs(n=1000)|60-70%=2.594µs(n=1000)|70-80%=3.267µs(n=1000)|80-90%=2.604µs(n=1000)|90-100%=2.669µs(n=1000)",5.66,7.18,130331,294810,2948,"0-10%=2.561µs(n=10)|10-20%=2.625µs(n=10)|20-30%=2.662µs(n=10)|30-40%=4.195µs(n=10)|40-50%=3.121µs(n=10)|50-60%=2.448µs(n=10)|60-70%=3.13µs(n=10)|70-80%=2.579µs(n=10)|80-90%=3.551µs(n=10)|90-100%=2.603µs(n=10)",640,3382,0,0,"",0,0,0,0,0,0.00,0.00,0
smt,build_50k,0,50000,50000,137908053,2758,"0-10%=2.189µs(n=5000)|10-20%=2.543µs(n=5000)|20-30%=2.713µs(n=5000)|30-40%=2.62µs(n=5000)|40-50%=2.716µs(n=5000)|50-60%=2.927µs(n=5000)|60-70%=2.725µs(n=5000)|70-80%=2.915µs(n=5000)|80-90%=3.011µs(n=5000)|90-100%=3.218µs(n=5000)",26.20,35.83,582201,1374717,2749,"0-10%=1.947µs(n=50)|10-20%=2.063µs(n=50)|20-30%=2.536µs(n=50)|30-40%=2.834µs(n=50)|40-50%=2.765µs(n=50)|50-60%=2.778µs(n=50)|60-70%=3.537µs(n=50)|70-80%=2.969µs(n=50)|80-90%=3.018µs(n=50)|90-100%=3.043µs(n=50)",723,3427,0,0,"",0,0,0,0,0,0.00,0.00,0
smt,build_100k,0,100000,100000,301111833,3011,"0-10%=2.335µs(n=10000)|10-20%=2.682µs(n=10000)|20-30%=2.889µs(n=10000)|30-40%=2.802µs(n=10000)|40-50%=3.067µs(n=10000)|50-60%=3.06µs(n=10000)|60-70%=3.097µs(n=10000)|70-80%=3.213µs(n=10000)|80-90%=3.55µs(n=10000)|90-100%=3.41µs(n=10000)",54.22,71.57,1224181,3181449,3181,"0-10%=2.882µs(n=100)|10-20%=3.089µs(n=100)|20-30%=3.163µs(n=100)|30-40%=3.466µs(n=100)|40-50%=3.223µs(n=100)|50-60%=3.078µs(n=100)|60-70%=3.315µs(n=100)|70-80%=3.089µs(n=100)|80-90%=3.149µs(n=100)|90-100%=3.356µs(n=100)",758,3803,0,0,"",0,0,0,0,0,0.00,0.00,0
smt,build_200k,0,200000,200000,711244913,3556,"0-10%=2.532µs(n=20000)|10-20%=2.941µs(n=20000)|20-30%=3.155µs(n=20000)|30-40%=3.363µs(n=20000)|40-50%=3.565µs(n=20000)|50-60%=3.64µs(n=20000)|60-70%=4.181µs(n=20000)|70-80%=4.191µs(n=20000)|80-90%=4.078µs(n=20000)|90-100%=3.91µs(n=20000)",114.71,143.11,2646557,7048909,3524,"0-10%=3.478µs(n=200)|10-20%=3.411µs(n=200)|20-30%=3.47µs(n=200)|30-40%=3.456µs(n=200)|40-50%=3.808µs(n=200)|50-60%=3.614µs(n=200)|60-70%=3.511µs(n=200)|70-80%=3.52µs(n=200)|80-90%=3.44µs(n=200)|90-100%=3.53µs(n=200)",797,3869,0,0,"",0,0,0,0,0,0.00,0.00,0
smt,build_300k,0,300000,300000,1092339835,3641,"0-10%=2.741µs(n=30000)|10-20%=2.972µs(n=30000)|20-30%=3.184µs(n=30000)|30-40%=3.156µs(n=30000)|40-50%=3.518µs(n=30000)|50-60%=3.701µs(n=30000)|60-70%=3.833µs(n=30000)|70-80%=4.126µs(n=30000)|80-90%=4.476µs(n=30000)|90-100%=4.699µs(n=30000)",164.92,214.69,3741545,12270004,4090,"0-10%=3.986µs(n=300)|10-20%=4.128µs(n=300)|20-30%=4.134µs(n=300)|30-40%=4.11µs(n=300)|40-50%=4.034µs(n=300)|50-60%=4.053µs(n=300)|60-70%=4.081µs(n=300)|70-80%=4.196µs(n=300)|80-90%=4.138µs(n=300)|90-100%=4.035µs(n=300)",819,4034,0,0,"",0,0,0,0,0,0.00,0.00,0
smt,build_500k,0,500000,500000,2167657700,4335,"0-10%=2.86µs(n=50000)|10-20%=3.496µs(n=50000)|20-30%=3.951µs(n=50000)|30-40%=4.42µs(n=50000)|40-50%=4.333µs(n=50000)|50-60%=4.281µs(n=50000)|60-70%=4.304µs(n=50000)|70-80%=5.184µs(n=50000)|80-90%=5.402µs(n=50000)|90-100%=5.117µs(n=50000)",275.13,357.82,6244086,21598665,4319,"0-10%=4.257µs(n=500)|10-20%=4.345µs(n=500)|20-30%=4.221µs(n=500)|30-40%=4.442µs(n=500)|40-50%=4.34µs(n=500)|50-60%=4.412µs(n=500)|60-70%=4.33µs(n=500)|70-80%=4.309µs(n=500)|80-90%=4.305µs(n=500)|90-100%=4.232µs(n=500)",847,4147,0,0,"",0,0,0,0,0,0.00,0.00,0
smt,build_700k,0,700000,700000,3163635479,4519,"0-10%=2.885µs(n=70000)|10-20%=4.034µs(n=70000)|20-30%=4.041µs(n=70000)|30-40%=5.359µs(n=70000)|40-50%=4.109µs(n=70000)|50-60%=4.723µs(n=70000)|60-70%=4.902µs(n=70000)|70-80%=4.969µs(n=70000)|80-90%=4.744µs(n=70000)|90-100%=5.423µs(n=70000)",360.80,500.95,7967048,28844645,4120,"0-10%=4.086µs(n=700)|10-20%=4.14µs(n=700)|20-30%=4.171µs(n=700)|30-40%=4.16µs(n=700)|40-50%=4.07µs(n=700)|50-60%=4.103µs(n=700)|60-70%=4.106µs(n=700)|70-80%=4.209µs(n=700)|80-90%=4.094µs(n=700)|90-100%=4.062µs(n=700)",865,4839,0,0,"",0,0,0,0,0,0.00,0.00,0
smt,build_900k,0,900000,900000,4085233643,4539,"0-10%=2.836µs(n=90000)|10-20%=3.417µs(n=90000)|20-30%=3.963µs(n=90000)|30-40%=4.255µs(n=90000)|40-50%=5.114µs(n=90000)|50-60%=4.87µs(n=90000)|60-70%=4.959µs(n=90000)|70-80%=5.844µs(n=90000)|80-90%=5.201µs(n=90000)|90-100%=4.927µs(n=90000)",505.57,644.10,11566954,37754417,4194,"0-10%=4.065µs(n=900)|10-20%=4.23µs(n=900)|20-30%=4.178µs(n=900)|30-40%=4.23µs(n=900)|40-50%=4.286µs(n=900)|50-60%=4.143µs(n=900)|60-70%=4.2µs(n=900)|70-80%=4.276µs(n=900)|80-90%=4.164µs(n=900)|90-100%=4.172µs(n=900)",879,4259,0,0,"",0,0,0,0,0,0.00,0.00,0
smt,build_1m,0,1000000,1000000,4639656791,4639,"0-10%=2.877µs(n=100000)|10-20%=3.469µs(n=100000)|20-30%=4.417µs(n=100000)|30-40%=4.945µs(n=100000)|40-50%=5.057µs(n=100000)|50-60%=4.971µs(n=100000)|60-70%=5.486µs(n=100000)|70-80%=5.114µs(n=100000)|80-90%=4.985µs(n=100000)|90-100%=5.07µs(n=100000)",580.48,715.64,13445716,52141248,5214,"0-10%=3.331µs(n=1000)|10-20%=4.289µs(n=1000)|20-30%=4.307µs(n=1000)|30-40%=4.31µs(n=1000)|40-50%=4.335µs(n=1000)|50-60%=5.29µs(n=1000)|60-70%=11.598µs(n=1000)|70-80%=7.876µs(n=1000)|80-90%=3.393µs(n=1000)|90-100%=3.406µs(n=1000)",884,5598,0,0,"",0,0,0,0,0,0.00,0.00,0
smt,build_2m,0,2000000,2000000,10710245054,5355,"0-10%=3.218µs(n=200000)|10-20%=4.692µs(n=200000)|20-30%=5.211µs(n=200000)|30-40%=5.386µs(n=200000)|40-50%=5.124µs(n=200000)|50-60%=5.912µs(n=200000)|60-70%=5.637µs(n=200000)|70-80%=5.508µs(n=200000)|80-90%=5.931µs(n=200000)|90-100%=6.927µs(n=200000)",1049.91,1431.25,23367307,95158582,4757,"0-10%=4.632µs(n=2000)|10-20%=4.689µs(n=2000)|20-30%=4.809µs(n=2000)|30-40%=4.762µs(n=2000)|40-50%=4.772µs(n=2000)|50-60%=4.789µs(n=2000)|60-70%=4.788µs(n=2000)|70-80%=4.702µs(n=2000)|80-90%=4.795µs(n=2000)|90-100%=4.836µs(n=2000)",922,4738,0,0,"",0,0,0,0,0,0.00,0.00,0
smt,build_5m,0,5000000,5000000,31612844685,6322,"0-10%=3.944µs(n=500000)|10-20%=5.187µs(n=500000)|20-30%=6.208µs(n=500000)|30-40%=6.016µs(n=500000)|40-50%=6.443µs(n=500000)|50-60%=6.679µs(n=500000)|60-70%=6.917µs(n=500000)|70-80%=7.43µs(n=500000)|80-90%=7.199µs(n=500000)|90-100%=7.198µs(n=500000)",2783.98,3578.16,63418746,381919720,7638,"0-10%=7.446µs(n=5000)|10-20%=7.626µs(n=5000)|20-30%=7.668µs(n=5000)|30-40%=7.752µs(n=5000)|40-50%=7.747µs(n=5000)|50-60%=7.575µs(n=5000)|60-70%=7.522µs(n=5000)|70-80%=7.74µs(n=5000)|80-90%=7.757µs(n=5000)|90-100%=7.547µs(n=5000)",973,6750,0,0,"",0,0,0,0,0,0.00,0.00,0
smt,build_10m,0,10000000,10000000,70892367002,7089,"0-10%=4.704µs(n=1000000)|10-20%=5.921µs(n=1000000)|20-30%=6.389µs(n=1000000)|30-40%=6.589µs(n=1000000)|40-50%=7.437µs(n=1000000)|50-60%=7.587µs(n=1000000)|60-70%=7.659µs(n=1000000)|70-80%=8.302µs(n=1000000)|80-90%=8.121µs(n=1000000)|90-100%=8.177µs(n=1000000)",5554.79,7156.51,126412160,841956120,8419,"0-10%=8.245µs(n=10000)|10-20%=8.398µs(n=10000)|20-30%=8.392µs(n=10000)|30-40%=8.501µs(n=10000)|40-50%=8.428µs(n=10000)|50-60%=8.59µs(n=10000)|60-70%=8.45µs(n=10000)|70-80%=8.36µs(n=10000)|80-90%=8.446µs(n=10000)|90-100%=8.382µs(n=10000)",1011,7101,0,0,"",0,0,0,0,0,0.00,0.00,0
smt,build_25m,0,25000000,25000000,211015344475,8440,"0-10%=5.629µs(n=2500000)|10-20%=6.871µs(n=2500000)|20-30%=7.551µs(n=2500000)|30-40%=8.118µs(n=2500000)|40-50%=8.901µs(n=2500000)|50-60%=8.79µs(n=2500000)|60-70%=9.086µs(n=2500000)|70-80%=10.038µs(n=2500000)|80-90%=9.647µs(n=2500000)|90-100%=9.772µs(n=2500000)",14176.39,17892.50,325164286,2348383261,9393,"0-10%=9.372µs(n=25000)|10-20%=9.407µs(n=25000)|20-30%=9.401µs(n=25000)|30-40%=9.409µs(n=25000)|40-50%=9.428µs(n=25000)|50-60%=9.367µs(n=25000)|60-70%=9.375µs(n=25000)|70-80%=9.375µs(n=25000)|80-90%=9.458µs(n=25000)|90-100%=9.339µs(n=25000)",1061,7497,0,0,"",0,0,0,0,0,0.00,0.00,0
smt,prehashed_ordered_build_10k,0,10000,10000,14578938,1457,"0-10%=1.075µs(n=1000)|10-20%=1.216µs(n=1000)|20-30%=1.851µs(n=1000)|30-40%=1.357µs(n=1000)|40-50%=1.351µs(n=1000)|50-60%=1.153µs(n=1000)|60-70%=1.241µs(n=1000)|70-80%=2.482µs(n=1000)|80-90%=1.345µs(n=1000)|90-100%=1.503µs(n=1000)",5.11,6.42,123591,139577,1395,"0-10%=1.455µs(n=10)|10-20%=1.098µs(n=10)|20-30%=1.089µs(n=10)|30-40%=1.204µs(n=10)|40-50%=1.041µs(n=10)|50-60%=2.302µs(n=10)|60-70%=1.21µs(n=10)|70-80%=1.704µs(n=10)|80-90%=1.119µs(n=10)|90-100%=1.733µs(n=10)",636,2865,0,0,"",0,0,0,0,0,0.00,0.00,0
smt,prehashed_ordered_build_50k,0,50000,50000,76777461,1535,"0-10%=1.398µs(n=5000)|10-20%=1.568µs(n=5000)|20-30%=1.401µs(n=5000)|30-40%=1.717µs(n=5000)|40-50%=1.581µs(n=5000)|50-60%=1.33µs(n=5000)|60-70%=1.428µs(n=5000)|70-80%=1.88µs(n=5000)|80-90%=1.478µs(n=5000)|90-100%=1.57µs(n=5000)",25.88,32.06,624697,664829,1329,"0-10%=1.229µs(n=50)|10-20%=1.185µs(n=50)|20-30%=1.335µs(n=50)|30-40%=1.26µs(n=50)|40-50%=1.225µs(n=50)|50-60%=1.703µs(n=50)|60-70%=1.2µs(n=50)|70-80%=1.26µs(n=50)|80-90%=1.584µs(n=50)|90-100%=1.31µs(n=50)",719,3270,0,0,"",0,0,0,0,0,0.00,0.00,0
smt,prehashed_ordered_build_100k,0,100000,100000,154230476,1542,"0-10%=1.392µs(n=10000)|10-20%=1.539µs(n=10000)|20-30%=1.435µs(n=10000)|30-40%=1.675µs(n=10000)|40-50%=1.602µs(n=10000)|50-60%=1.356µs(n=10000)|60-70%=1.734µs(n=10000)|70-80%=1.513µs(n=10000)|80-90%=1.534µs(n=10000)|90-100%=1.637µs(n=10000)",53.04,64.13,1289129,1743779,1743,"0-10%=1.818µs(n=100)|10-20%=1.656µs(n=100)|20-30%=1.623µs(n=100)|30-40%=1.692µs(n=100)|40-50%=1.876µs(n=100)|50-60%=1.782µs(n=100)|60-70%=1.856µs(n=100)|70-80%=1.943µs(n=100)|80-90%=1.752µs(n=100)|90-100%=1.435µs(n=100)",757,3512,0,0,"",0,0,0,0,0,0.00,0.00,0
smt,prehashed_ordered_build_200k,0,200000,200000,326594866,1632,"0-10%=1.44µs(n=20000)|10-20%=1.615µs(n=20000)|20-30%=1.537µs(n=20000)|30-40%=1.648µs(n=20000)|40-50%=1.819µs(n=20000)|50-60%=1.451µs(n=20000)|60-70%=1.538µs(n=20000)|70-80%=1.817µs(n=20000)|80-90%=1.723µs(n=20000)|90-100%=1.737µs(n=20000)",102.03,128.22,2445654,4334701,2167,"0-10%=1.888µs(n=200)|10-20%=1.952µs(n=200)|20-30%=2.05µs(n=200)|30-40%=2.057µs(n=200)|40-50%=2.13µs(n=200)|50-60%=2.252µs(n=200)|60-70%=2.225µs(n=200)|70-80%=2.14µs(n=200)|80-90%=2.542µs(n=200)|90-100%=2.432µs(n=200)",797,3691,0,0,"",0,0,0,0,0,0.00,0.00,0
smt,prehashed_ordered_build_300k,0,300000,300000,514937976,1716,"0-10%=1.561µs(n=30000)|10-20%=1.657µs(n=30000)|20-30%=1.58µs(n=30000)|30-40%=1.793µs(n=30000)|40-50%=1.794µs(n=30000)|50-60%=1.516µs(n=30000)|60-70%=1.61µs(n=30000)|70-80%=1.984µs(n=30000)|80-90%=1.806µs(n=30000)|90-100%=1.859µs(n=30000)",154.39,192.30,3711071,7223155,2407,"0-10%=2.356µs(n=300)|10-20%=2.214µs(n=300)|20-30%=2.273µs(n=300)|30-40%=2.418µs(n=300)|40-50%=2.526µs(n=300)|50-60%=2.385µs(n=300)|60-70%=2.195µs(n=300)|70-80%=2.46µs(n=300)|80-90%=2.626µs(n=300)|90-100%=2.618µs(n=300)",820,3827,0,0,"",0,0,0,0,0,0.00,0.00,0
smt,prehashed_ordered_build_500k,0,500000,500000,932462545,1864,"0-10%=1.595µs(n=50000)|10-20%=1.778µs(n=50000)|20-30%=1.78µs(n=50000)|30-40%=1.839µs(n=50000)|40-50%=2.124µs(n=50000)|50-60%=1.677µs(n=50000)|60-70%=1.777µs(n=50000)|70-80%=1.807µs(n=50000)|80-90%=2.156µs(n=50000)|90-100%=2.112µs(n=50000)",251.34,320.47,5990297,16752957,3350,"0-10%=3.159µs(n=500)|10-20%=3.189µs(n=500)|20-30%=3.352µs(n=500)|30-40%=3.206µs(n=500)|40-50%=3.366µs(n=500)|50-60%=3.326µs(n=500)|60-70%=3.422µs(n=500)|70-80%=3.456µs(n=500)|80-90%=3.497µs(n=500)|90-100%=3.529µs(n=500)",846,4290,0,0,"",0,0,0,0,0,0.00,0.00,0
smt,prehashed_ordered_build_700k,0,700000,700000,1336254389,1908,"0-10%=1.672µs(n=70000)|10-20%=1.86µs(n=70000)|20-30%=1.814µs(n=70000)|30-40%=1.952µs(n=70000)|40-50%=2.07µs(n=70000)|50-60%=1.757µs(n=70000)|60-70%=1.847µs(n=70000)|70-80%=2.189µs(n=70000)|80-90%=1.916µs(n=70000)|90-100%=2.008µs(n=70000)",359.50,448.65,8635332,23399133,3342,"0-10%=3.053µs(n=700)|10-20%=3.249µs(n=700)|20-30%=3.237µs(n=700)|30-40%=3.331µs(n=700)|40-50%=3.357µs(n=700)|50-60%=3.41µs(n=700)|60-70%=3.378µs(n=700)|70-80%=3.422µs(n=700)|80-90%=3.5µs(n=700)|90-100%=3.485µs(n=700)",865,4300,0,0,"",0,0,0,0,0,0.00,0.00,0
smt,prehashed_ordered_build_900k,0,900000,900000,1735963667,1928,"0-10%=1.698µs(n=90000)|10-20%=1.881µs(n=90000)|20-30%=1.838µs(n=90000)|30-40%=2.02µs(n=90000)|40-50%=2.032µs(n=90000)|50-60%=1.762µs(n=90000)|60-70%=1.854µs(n=90000)|70-80%=2.18µs(n=90000)|80-90%=1.926µs(n=90000)|90-100%=2.092µs(n=90000)",465.13,576.81,11199799,32344253,3593,"0-10%=3.629µs(n=900)|10-20%=3.641µs(n=900)|20-30%=3.605µs(n=900)|30-40%=3.681µs(n=900)|40-50%=3.586µs(n=900)|50-60%=3.683µs(n=900)|60-70%=3.484µs(n=900)|70-80%=3.661µs(n=900)|80-90%=3.479µs(n=900)|90-100%=3.484µs(n=900)",879,4418,0,0,"",0,0,0,0,0,0.00,0.00,0
smt,prehashed_ordered_build_1m,0,1000000,1000000,1956462589,1956,"0-10%=1.708µs(n=100000)|10-20%=1.907µs(n=100000)|20-30%=1.861µs(n=100000)|30-40%=2.072µs(n=100000)|40-50%=2.012µs(n=100000)|50-60%=1.878µs(n=100000)|60-70%=2.089µs(n=100000)|70-80%=2.003µs(n=100000)|80-90%=1.956µs(n=100000)|90-100%=2.073µs(n=100000)",526.40,640.91,12757461,39407298,3940,"0-10%=4.036µs(n=1000)|10-20%=4.053µs(n=1000)|20-30%=4.09µs(n=1000)|30-40%=3.999µs(n=1000)|40-50%=3.936µs(n=1000)|50-60%=3.939µs(n=1000)|60-70%=3.973µs(n=1000)|70-80%=3.886µs(n=1000)|80-90%=3.821µs(n=1000)|90-100%=3.669µs(n=1000)",884,4447,0,0,"",0,0,0,0,0,0.00,0.00,0
smt,prehashed_ordered_build_2m,0,2000000,2000000,4099264742,2049,"0-10%=1.902µs(n=200000)|10-20%=2.032µs(n=200000)|20-30%=1.937µs(n=200000)|30-40%=2.003µs(n=200000)|40-50%=2.203µs(n=200000)|50-60%=1.872µs(n=200000)|60-70%=1.953µs(n=200000)|70-80%=2.364µs(n=200000)|80-90%=2.069µs(n=200000)|90-100%=2.156µs(n=200000)",1026.26,1281.85,24644438,79197029,3959,"0-10%=3.806µs(n=2000)|10-20%=3.732µs(n=2000)|20-30%=3.798µs(n=2000)|30-40%=3.658µs(n=2000)|40-50%=4.386µs(n=2000)|50-60%=4.63µs(n=2000)|60-70%=4.286µs(n=2000)|70-80%=3.827µs(n=2000)|80-90%=3.735µs(n=2000)|90-100%=3.735µs(n=2000)",923,4929,0,0,"",0,0,0,0,0,0.00,0.00,0
smt,prehashed_ordered_build_5m,0,5000000,5000000,10752931373,2150,"0-10%=1.929µs(n=500000)|10-20%=2.118µs(n=500000)|20-30%=2.082µs(n=500000)|30-40%=2.298µs(n=500000)|40-50%=2.268µs(n=500000)|50-60%=1.981µs(n=500000)|60-70%=2.006µs(n=500000)|70-80%=2.425µs(n=500000)|80-90%=2.151µs(n=500000)|90-100%=2.243µs(n=500000)",2594.25,3204.69,62536298,190177010,3803,"0-10%=3.797µs(n=5000)|10-20%=3.927µs(n=5000)|20-30%=3.858µs(n=5000)|30-40%=3.83µs(n=5000)|40-50%=3.755µs(n=5000)|50-60%=3.68µs(n=5000)|60-70%=3.699µs(n=5000)|70-80%=4.029µs(n=5000)|80-90%=3.751µs(n=5000)|90-100%=3.705µs(n=5000)",973,4803,0,0,"",0,0,0,0,0,0.00,0.00,0
smt,prehashed_ordered_build_10m,0,10000000,10000000,21705563547,2170,"0-10%=1.909µs(n=1000000)|10-20%=2.141µs(n=1000000)|20-30%=2.086µs(n=1000000)|30-40%=2.312µs(n=1000000)|40-50%=2.282µs(n=1000000)|50-60%=1.983µs(n=1000000)|60-70%=2.056µs(n=1000000)|70-80%=2.491µs(n=1000000)|80-90%=2.191µs(n=1000000)|90-100%=2.25µs(n=1000000)",5200.55,6409.35,125468234,385326379,3853,"0-10%=3.787µs(n=10000)|10-20%=3.823µs(n=10000)|20-30%=3.772µs(n=10000)|30-40%=3.988µs(n=10000)|40-50%=3.857µs(n=10000)|50-60%=3.759µs(n=10000)|60-70%=3.732µs(n=10000)|70-80%=4.224µs(n=10000)|80-90%=3.868µs(n=10000)|90-100%=3.717µs(n=10000)",1011,4966,0,0,"",0,0,0,0,0,0.00,0.00,0
smt,prehashed_ordered_build_15m,0,15000000,15000000,32733009104,2182,"0-10%=1.908µs(n=1500000)|10-20%=2.181µs(n=1500000)|20-30%=2.098µs(n=1500000)|30-40%=2.32µs(n=1500000)|40-50%=2.25µs(n=1500000)|50-60%=2.019µs(n=1500000)|60-70%=2.1µs(n=1500000)|70-80%=2.498µs(n=1500000)|80-90%=2.166µs(n=1500000)|90-100%=2.277µs(n=1500000)",7797.16,9613.88,188121928,639123696,4260,"0-10%=3.777µs(n=15000)|10-20%=3.861µs(n=15000)|20-30%=3.766µs(n=15000)|30-40%=3.945µs(n=15000)|40-50%=3.882µs(n=15000)|50-60%=3.771µs(n=15000)|60-70%=3.736µs(n=15000)|70-80%=4.238µs(n=15000)|80-90%=5.859µs(n=15000)|90-100%=5.767µs(n=15000)",1033,5453,0,0,"",0,0,0,0,0,0.00,0.00,0
smt,insert_only_build_10k,0,10000,10000,22979424,2297,"0-10%=1.614µs(n=1000)|10-20%=1.812µs(n=1000)|20-30%=2.005µs(n=1000)|30-40%=2.78µs(n=1000)|40-50%=2.186µs(n=1000)|50-60%=2.083µs(n=1000)|60-70%=2.174µs(n=1000)|70-80%=3.721µs(n=1000)|80-90%=2.336µs(n=1000)|90-100%=2.262µs(n=1000)",5.62,7.17,129678,0,0,"",0,0,0,0,"",0,0,0,0,0,0.00,0.00,0
smt,insert_only_build_50k,0,50000,50000,134887504,2697,"0-10%=2.141µs(n=5000)|10-20%=2.483µs(n=5000)|20-30%=2.665µs(n=5000)|30-40%=2.466µs(n=5000)|40-50%=2.573µs(n=5000)|50-60%=3.034µs(n=5000)|60-70%=2.697µs(n=5000)|70-80%=2.786µs(n=5000)|80-90%=2.841µs(n=5000)|90-100%=3.288µs(n=5000)",25.88,35.80,572793,0,0,"",0,0,0,0,"",0,0,0,0,0,0.00,0.00,0
smt,insert_only_build_100k,0,100000,100000,296462212,2964,"0-10%=2.297µs(n=10000)|10-20%=2.523µs(n=10000)|20-30%=2.792µs(n=10000)|30-40%=2.708µs(n=10000)|40-50%=3.145µs(n=10000)|50-60%=2.97µs(n=10000)|60-70%=3.103µs(n=10000)|70-80%=3.197µs(n=10000)|80-90%=3.547µs(n=10000)|90-100%=3.359µs(n=10000)",54.13,71.57,1220358,0,0,"",0,0,0,0,"",0,0,0,0,0,0.00,0.00,0
smt,insert_only_build_200k,0,200000,200000,683824781,3419,"0-10%=2.431µs(n=20000)|10-20%=2.792µs(n=20000)|20-30%=3.038µs(n=20000)|30-40%=3.272µs(n=20000)|40-50%=3.287µs(n=20000)|50-60%=3.375µs(n=20000)|60-70%=3.932µs(n=20000)|70-80%=4.354µs(n=20000)|80-90%=3.858µs(n=20000)|90-100%=3.847µs(n=20000)",114.80,143.12,2647464,0,0,"",0,0,0,0,"",0,0,0,0,0,0.00,0.00,0
smt,insert_only_build_300k,0,300000,300000,1078961000,3596,"0-10%=2.604µs(n=30000)|10-20%=2.923µs(n=30000)|20-30%=3.263µs(n=30000)|30-40%=3.282µs(n=30000)|40-50%=3.684µs(n=30000)|50-60%=3.735µs(n=30000)|60-70%=3.732µs(n=30000)|70-80%=4.219µs(n=30000)|80-90%=4.345µs(n=30000)|90-100%=4.173µs(n=30000)",165.22,214.69,3748784,0,0,"",0,0,0,0,"",0,0,0,0,0,0.00,0.00,0
smt,insert_only_build_500k,0,500000,500000,2073194532,4146,"0-10%=2.696µs(n=50000)|10-20%=3.2µs(n=50000)|20-30%=3.741µs(n=50000)|30-40%=3.71µs(n=50000)|40-50%=4.292µs(n=50000)|50-60%=4.418µs(n=50000)|60-70%=4.385µs(n=50000)|70-80%=4.761µs(n=50000)|80-90%=5.285µs(n=50000)|90-100%=4.97µs(n=50000)",273.77,357.82,6196784,0,0,"",0,0,0,0,"",0,0,0,0,0,0.00,0.00,0
smt,insert_only_build_700k,0,700000,700000,3108887492,4441,"0-10%=2.802µs(n=70000)|10-20%=3.515µs(n=70000)|20-30%=3.733µs(n=70000)|30-40%=4.42µs(n=70000)|40-50%=4.232µs(n=70000)|50-60%=4.972µs(n=70000)|60-70%=4.922µs(n=70000)|70-80%=4.857µs(n=70000)|80-90%=4.951µs(n=70000)|90-100%=6.004µs(n=70000)",362.81,500.96,8025647,0,0,"",0,0,0,0,"",0,0,0,0,0,0.00,0.00,0
smt,insert_only_build_900k,0,900000,900000,4176516788,4640,"0-10%=3.021µs(n=90000)|10-20%=3.594µs(n=90000)|20-30%=4.119µs(n=90000)|30-40%=4.237µs(n=90000)|40-50%=4.937µs(n=90000)|50-60%=4.885µs(n=90000)|60-70%=4.895µs(n=90000)|70-80%=5.71µs(n=90000)|80-90%=5.646µs(n=90000)|90-100%=5.357µs(n=90000)",502.66,644.10,11465705,0,0,"",0,0,0,0,"",0,0,0,0,0,0.00,0.00,0
smt,insert_only_build_1m,0,1000000,1000000,4668200918,4668,"0-10%=2.952µs(n=100000)|10-20%=3.638µs(n=100000)|20-30%=4.233µs(n=100000)|30-40%=4.444µs(n=100000)|40-50%=4.92µs(n=100000)|50-60%=4.737µs(n=100000)|60-70%=5.447µs(n=100000)|70-80%=5.638µs(n=100000)|80-90%=5.28µs(n=100000)|90-100%=5.388µs(n=100000)",574.36,715.65,13242508,0,0,"",0,0,0,0,"",0,0,0,0,0,0.00,0.00,0
smt,insert_only_build_2m,0,2000000,2000000,10659810289,5329,"0-10%=3.314µs(n=200000)|10-20%=4.402µs(n=200000)|20-30%=4.91µs(n=200000)|30-40%=5.394µs(n=200000)|40-50%=5.148µs(n=200000)|50-60%=5.884µs(n=200000)|60-70%=6.019µs(n=200000)|70-80%=5.77µs(n=200000)|80-90%=5.781µs(n=200000)|90-100%=6.673µs(n=200000)",1038.43,1431.26,22984814,0,0,"",0,0,0,0,"",0,0,0,0,0,0.00,0.00,0
smt,insert_only_build_5m,0,5000000,5000000,31131570430,6226,"0-10%=4.045µs(n=500000)|10-20%=5.271µs(n=500000)|20-30%=5.963µs(n=500000)|30-40%=6.36µs(n=500000)|40-50%=6.376µs(n=500000)|50-60%=6.301µs(n=500000)|60-70%=7.108µs(n=500000)|70-80%=6.908µs(n=500000)|80-90%=6.853µs(n=500000)|90-100%=7.073µs(n=500000)",2930.16,3578.16,68055126,0,0,"",0,0,0,0,"",0,0,0,0,0,0.00,0.00,0
smt,insert_only_build_10m,0,10000000,10000000,69526769953,6952,"0-10%=4.626µs(n=1000000)|10-20%=5.976µs(n=1000000)|20-30%=6.34µs(n=1000000)|30-40%=7.006µs(n=1000000)|40-50%=6.841µs(n=1000000)|50-60%=7.687µs(n=1000000)|60-70%=7.317µs(n=1000000)|70-80%=7.432µs(n=1000000)|80-90%=8.113µs(n=1000000)|90-100%=8.185µs(n=1000000)",5270.65,7156.57,117393845,0,0,"",0,0,0,0,"",0,0,0,0,0,0.00,0.00,0
smt,insert_only_build_25m,0,25000000,25000000,205651825901,8226,"0-10%=5.555µs(n=2500000)|10-20%=6.867µs(n=2500000)|20-30%=7.487µs(n=2500000)|30-40%=8.029µs(n=2500000)|40-50%=8.093µs(n=2500000)|50-60%=8.241µs(n=2500000)|60-70%=9.465µs(n=2500000)|70-80%=9.26µs(n=2500000)|80-90%=9.514µs(n=2500000)|90-100%=9.747µs(n=2500000)",14712.57,17892.45,342169722,0,0,"",0,0,0,0,"",0,0,0,0,0,0.00,0.00,0
smt,proof_only_after_10k_build_sample_5pct,10000,10000,0,0,0,"",0.00,0.00,0,699743,1399,"0-10%=1.645µs(n=50)|10-20%=1.555µs(n=50)|20-30%=1.273µs(n=50)|30-40%=1.437µs(n=50)|40-50%=1.197µs(n=50)|50-60%=1.35µs(n=50)|60-70%=1.215µs(n=50)|70-80%=1.515µs(n=50)|80-90%=1.399µs(n=50)|90-100%=1.403µs(n=50)",633,3089,0,0,"",0,0,0,0,0,0.00,0.00,0
smt,proof_only_after_50k_build_sample_5pct,50000,50000,0,0,0,"",0.00,0.00,0,4379859,1751,"0-10%=1.943µs(n=250)|10-20%=1.684µs(n=250)|20-30%=1.717µs(n=250)|30-40%=1.681µs(n=250)|40-50%=2.039µs(n=250)|50-60%=1.708µs(n=250)|60-70%=1.69µs(n=250)|70-80%=1.629µs(n=250)|80-90%=1.788µs(n=250)|90-100%=1.635µs(n=250)",721,3626,0,0,"",0,0,0,0,0,0.00,0.00,0
smt,proof_only_after_100k_build_sample_5pct,100000,100000,0,0,0,"",0.00,0.00,0,10798201,2159,"0-10%=2.294µs(n=500)|10-20%=2.332µs(n=500)|20-30%=2.119µs(n=500)|30-40%=2.237µs(n=500)|40-50%=2.053µs(n=500)|50-60%=2.082µs(n=500)|60-70%=2.182µs(n=500)|70-80%=2.037µs(n=500)|80-90%=2.185µs(n=500)|90-100%=2.07µs(n=500)",759,4047,0,0,"",0,0,0,0,0,0.00,0.00,0
smt,proof_only_after_200k_build_sample_5pct,200000,200000,0,0,0,"",0.00,0.00,0,25871647,2587,"0-10%=2.898µs(n=1000)|10-20%=2.797µs(n=1000)|20-30%=2.621µs(n=1000)|30-40%=2.6µs(n=1000)|40-50%=2.511µs(n=1000)|50-60%=2.538µs(n=1000)|60-70%=2.496µs(n=1000)|70-80%=2.389µs(n=1000)|80-90%=2.543µs(n=1000)|90-100%=2.474µs(n=1000)",797,4358,0,0,"",0,0,0,0,0,0.00,0.00,0
smt,proof_only_after_300k_build_sample_5pct,300000,300000,0,0,0,"",0.00,0.00,0,52828111,3521,"0-10%=3.878µs(n=1500)|10-20%=3.586µs(n=1500)|20-30%=3.643µs(n=1500)|30-40%=3.541µs(n=1500)|40-50%=3.621µs(n=1500)|50-60%=3.484µs(n=1500)|60-70%=3.404µs(n=1500)|70-80%=3.381µs(n=1500)|80-90%=3.314µs(n=1500)|90-100%=3.36µs(n=1500)",819,4929,0,0,"",0,0,0,0,0,0.00,0.00,0
smt,proof_only_after_500k_build_sample_5pct,500000,500000,0,0,0,"",0.00,0.00,0,92882271,3715,"0-10%=4.084µs(n=2500)|10-20%=3.798µs(n=2500)|20-30%=3.775µs(n=2500)|30-40%=3.818µs(n=2500)|40-50%=3.75µs(n=2500)|50-60%=3.711µs(n=2500)|60-70%=3.581µs(n=2500)|70-80%=3.601µs(n=2500)|80-90%=3.578µs(n=2500)|90-100%=3.453µs(n=2500)",846,5120,0,0,"",0,0,0,0,0,0.00,0.00,0
smt,proof_only_after_700k_build_sample_5pct,700000,700000,0,0,0,"",0.00,0.00,0,132738824,3792,"0-10%=4.305µs(n=3500)|10-20%=3.921µs(n=3500)|20-30%=3.853µs(n=3500)|30-40%=3.808µs(n=3500)|40-50%=3.732µs(n=3500)|50-60%=3.707µs(n=3500)|60-70%=3.628µs(n=3500)|70-80%=3.622µs(n=3500)|80-90%=3.683µs(n=3500)|90-100%=3.662µs(n=3500)",865,5274,0,0,"",0,0,0,0,0,0.00,0.00,0
smt,proof_only_after_900k_build_sample_5pct,900000,900000,0,0,0,"",0.00,0.00,0,175676929,3903,"0-10%=4.481µs(n=4500)|10-20%=4.018µs(n=4500)|20-30%=4.03µs(n=4500)|30-40%=3.959µs(n=4500)|40-50%=3.989µs(n=4500)|50-60%=3.833µs(n=4500)|60-70%=3.779µs(n=4500)|70-80%=3.686µs(n=4500)|80-90%=3.63µs(n=4500)|90-100%=3.629µs(n=4500)",879,5138,0,0,"",0,0,0,0,0,0.00,0.00,0
smt,proof_only_after_1m_build_sample_5pct,1000000,1000000,0,0,0,"",0.00,0.00,0,199994381,3999,"0-10%=4.299µs(n=5000)|10-20%=4.043µs(n=5000)|20-30%=4.089µs(n=5000)|30-40%=4.047µs(n=5000)|40-50%=4.053µs(n=5000)|50-60%=4.047µs(n=5000)|60-70%=4.004µs(n=5000)|70-80%=3.885µs(n=5000)|80-90%=3.753µs(n=5000)|90-100%=3.774µs(n=5000)",884,5166,0,0,"",0,0,0,0,0,0.00,0.00,0
smt,prehashed_ordered_proof_only_after_1m_build_sample_5pct,1000000,1000000,0,0,0,"",0.00,0.00,0,155457882,3109,"0-10%=3.152µs(n=5000)|10-20%=3.157µs(n=5000)|20-30%=3.16µs(n=5000)|30-40%=3.155µs(n=5000)|40-50%=3.196µs(n=5000)|50-60%=3.067µs(n=5000)|60-70%=2.957µs(n=5000)|70-80%=3.094µs(n=5000)|80-90%=3.125µs(n=5000)|90-100%=3.024µs(n=5000)",884,5179,0,0,"",0,0,0,0,0,0.00,0.00,0
smt,proof_only_after_2m_build_sample_3pct,2000000,2000000,0,0,0,"",0.00,0.00,0,271089054,4518,"0-10%=4.871µs(n=6000)|10-20%=4.611µs(n=6000)|20-30%=4.619µs(n=6000)|30-40%=4.519µs(n=6000)|40-50%=4.468µs(n=6000)|50-60%=4.516µs(n=6000)|60-70%=4.394µs(n=6000)|70-80%=4.38µs(n=6000)|80-90%=4.469µs(n=6000)|90-100%=4.329µs(n=6000)",922,6394,0,0,"",0,0,0,0,0,0.00,0.00,0
smt,proof_only_after_5m_build_sample_3pct,5000000,5000000,0,0,0,"",0.00,0.00,0,733678943,4891,"0-10%=5.25µs(n=15000)|10-20%=5.074µs(n=15000)|20-30%=5.07µs(n=15000)|30-40%=5.039µs(n=15000)|40-50%=4.983µs(n=15000)|50-60%=4.792µs(n=15000)|60-70%=4.877µs(n=15000)|70-80%=4.807µs(n=15000)|80-90%=4.533µs(n=15000)|90-100%=4.481µs(n=15000)",973,6137,0,0,"",0,0,0,0,0,0.00,0.00,0
smt,prehashed_ordered_proof_only_after_5m_build_sample_3pct,5000000,5000000,0,0,0,"",0.00,0.00,0,502379014,3349,"0-10%=3.358µs(n=15000)|10-20%=3.28µs(n=15000)|20-30%=3.296µs(n=15000)|30-40%=3.373µs(n=15000)|40-50%=3.446µs(n=15000)|50-60%=3.308µs(n=15000)|60-70%=3.316µs(n=15000)|70-80%=3.476µs(n=15000)|80-90%=3.36µs(n=15000)|90-100%=3.275µs(n=15000)",973,6002,0,0,"",0,0,0,0,0,0.00,0.00,0
smt,proof_only_after_10m_build_sample_2pct,10000000,10000000,0,0,0,"",0.00,0.00,0,1086514058,5432,"0-10%=5.601µs(n=20000)|10-20%=5.355µs(n=20000)|20-30%=5.424µs(n=20000)|30-40%=5.449µs(n=20000)|40-50%=5.402µs(n=20000)|50-60%=5.366µs(n=20000)|60-70%=5.552µs(n=20000)|70-80%=5.403µs(n=20000)|80-90%=5.369µs(n=20000)|90-100%=5.399µs(n=20000)",1011,6561,0,0,"",0,0,0,0,0,0.00,0.00,0
smt,proof_only_after_20m_build_sample_2pct,20000000,20000000,0,0,0,"",0.00,0.00,0,3362500995,8406,"0-10%=8.471µs(n=40000)|10-20%=8.35µs(n=40000)|20-30%=8.499µs(n=40000)|30-40%=8.547µs(n=40000)|40-50%=8.441µs(n=40000)|50-60%=8.349µs(n=40000)|60-70%=8.374µs(n=40000)|70-80%=8.344µs(n=40000)|80-90%=8.372µs(n=40000)|90-100%=8.311µs(n=40000)",1049,9081,0,0,"",0,0,0,0,0,0.00,0.00,0
smt,build_10k_then_add_2k_new,10000,12000,2000,5429721,2714,"0-10%=3.317µs(n=200)|10-20%=3.065µs(n=200)|20-30%=2.959µs(n=200)|30-40%=2.717µs(n=200)|40-50%=2.732µs(n=200)|50-60%=2.575µs(n=200)|60-70%=2.601µs(n=200)|70-80%=2.433µs(n=200)|80-90%=2.362µs(n=200)|90-100%=2.379µs(n=200)",1.45,1.45,146293,0,0,"",0,0,0,0,"",0,0,0,0,0,0.00,0.00,0
smt,build_50k_then_add_10k_new,50000,60000,10000,34228132,3422,"0-10%=4.076µs(n=1000)|10-20%=3.792µs(n=1000)|20-30%=3.347µs(n=1000)|30-40%=3.548µs(n=1000)|40-50%=3.417µs(n=1000)|50-60%=3.324µs(n=1000)|60-70%=3.157µs(n=1000)|70-80%=3.302µs(n=1000)|80-90%=3.064µs(n=1000)|90-100%=3.194µs(n=1000)",7.17,7.17,728064,0,0,"",0,0,0,0,"",0,0,0,0,0,0.00,0.00,0
smt,build_100k_then_add_20k_new,100000,120000,20000,83137459,4156,"0-10%=4.914µs(n=2000)|10-20%=4.538µs(n=2000)|20-30%=4.287µs(n=2000)|30-40%=4.272µs(n=2000)|40-50%=4.199µs(n=2000)|50-60%=4.007µs(n=2000)|60-70%=3.854µs(n=2000)|70-80%=3.829µs(n=2000)|80-90%=3.822µs(n=2000)|90-100%=3.84µs(n=2000)",14.32,14.32,1455277,0,0,"",0,0,0,0,"",0,0,0,0,0,0.00,0.00,0
smt,build_200k_then_add_40k_new,200000,240000,40000,181627335,4540,"0-10%=5.401µs(n=4000)|10-20%=4.916µs(n=4000)|20-30%=4.695µs(n=4000)|30-40%=4.593µs(n=4000)|40-50%=4.383µs(n=4000)|50-60%=4.32µs(n=4000)|60-70%=4.352µs(n=4000)|70-80%=4.339µs(n=4000)|80-90%=4.261µs(n=4000)|90-100%=4.142µs(n=4000)",28.66,28.66,2909909,0,0,"",0,0,0,0,"",0,0,0,0,0,0.00,0.00,0
smt,build_300k_then_add_60k_new,300000,360000,60000,300998656,5016,"0-10%=5.988µs(n=6000)|10-20%=5.501µs(n=6000)|20-30%=5.214µs(n=6000)|30-40%=5.142µs(n=6000)|40-50%=4.914µs(n=6000)|50-60%=4.864µs(n=6000)|60-70%=4.848µs(n=6000)|70-80%=4.627µs(n=6000)|80-90%=4.469µs(n=6000)|90-100%=4.594µs(n=6000)",42.95,42.95,4364030,0,0,"",0,0,0,0,"",0,0,0,0,0,0.00,0.00,0
smt,build_500k_then_add_100k_new,500000,600000,100000,538881867,5388,"0-10%=6.468µs(n=10000)|10-20%=6.43µs(n=10000)|20-30%=5.543µs(n=10000)|30-40%=5.455µs(n=10000)|40-50%=5.263µs(n=10000)|50-60%=5.208µs(n=10000)|60-70%=4.989µs(n=10000)|70-80%=4.839µs(n=10000)|80-90%=4.823µs(n=10000)|90-100%=4.865µs(n=10000)",71.59,71.59,7273243,0,0,"",0,0,0,0,"",0,0,0,0,0,0.00,0.00,0
smt,build_700k_then_add_140k_new,700000,840000,140000,767479760,5481,"0-10%=6.818µs(n=14000)|10-20%=6.022µs(n=14000)|20-30%=5.827µs(n=14000)|30-40%=5.626µs(n=14000)|40-50%=5.159µs(n=14000)|50-60%=5.047µs(n=14000)|60-70%=5.058µs(n=14000)|70-80%=5.044µs(n=14000)|80-90%=5.069µs(n=14000)|90-100%=5.145µs(n=14000)",100.20,100.20,10181921,0,0,"",0,0,0,0,"",0,0,0,0,0,0.00,0.00,0
smt,build_900k_then_add_180k_new,900000,1080000,180000,1066981980,5927,"0-10%=6.534µs(n=18000)|10-20%=6.063µs(n=18000)|20-30%=5.955µs(n=18000)|30-40%=5.964µs(n=18000)|40-50%=5.772µs(n=18000)|50-60%=6.275µs(n=18000)|60-70%=5.782µs(n=18000)|70-80%=5.78µs(n=18000)|80-90%=5.658µs(n=18000)|90-100%=5.488µs(n=18000)",128.80,128.80,13090424,0,0,"",0,0,0,0,"",0,0,0,0,0,0.00,0.00,0
smt,build_1m_then_add_200k_new,1000000,1200000,200000,1203645090,6018,"0-10%=6.641µs(n=20000)|10-20%=6.76µs(n=20000)|20-30%=6.122µs(n=20000)|30-40%=6.03µs(n=20000)|40-50%=5.8µs(n=20000)|50-60%=5.771µs(n=20000)|60-70%=5.781µs(n=20000)|70-80%=5.833µs(n=20000)|80-90%=5.738µs(n=20000)|90-100%=5.701µs(n=20000)",143.13,143.13,14544931,0,0,"",0,0,0,0,"",0,0,0,0,0,0.00,0.00,0
smt,build_2m_then_add_400k_new,2000000,2400000,400000,2731643996,6829,"0-10%=7.57µs(n=40000)|10-20%=7.14µs(n=40000)|20-30%=6.901µs(n=40000)|30-40%=6.475µs(n=40000)|40-50%=6.514µs(n=40000)|50-60%=6.4µs(n=40000)|60-70%=6.245µs(n=40000)|70-80%=6.387µs(n=40000)|80-90%=7.477µs(n=40000)|90-100%=7.176µs(n=40000)",286.26,286.26,29089062,0,0,"",0,0,0,0,"",0,0,0,0,0,0.00,0.00,0
smt,build_5m_then_add_1m_new,5000000,6000000,1000000,7494979071,7494,"0-10%=7.979µs(n=100000)|10-20%=7.759µs(n=100000)|20-30%=7.639µs(n=100000)|30-40%=7.383µs(n=100000)|40-50%=7.295µs(n=100000)|50-60%=7.352µs(n=100000)|60-70%=7.394µs(n=100000)|70-80%=7.461µs(n=100000)|80-90%=7.415µs(n=100000)|90-100%=7.269µs(n=100000)",715.72,715.72,72722933,0,0,"",0,0,0,0,"",0,0,0,0,0,0.00,0.00,0
smt,build_10m_then_add_2m_new,10000000,12000000,2000000,16442563474,8221,"0-10%=8.724µs(n=200000)|10-20%=8.665µs(n=200000)|20-30%=8.5µs(n=200000)|30-40%=8.48µs(n=200000)|40-50%=8.142µs(n=200000)|50-60%=7.889µs(n=200000)|60-70%=7.885µs(n=200000)|70-80%=7.946µs(n=200000)|80-90%=8.005µs(n=200000)|90-100%=7.972µs(n=200000)",1431.33,1431.33,145442583,0,0,"",0,0,0,0,"",0,0,0,0,0,0.00,0.00,0
smt,build_20m_then_add_5m_new,20000000,25000000,5000000,48900323070,9780,"0-10%=9.953µs(n=500000)|10-20%=9.901µs(n=500000)|20-30%=9.782µs(n=500000)|30-40%=9.819µs(n=500000)|40-50%=9.69µs(n=500000)|50-60%=9.7µs(n=500000)|60-70%=9.716µs(n=500000)|70-80%=9.705µs(n=500000)|80-90%=9.72µs(n=500000)|90-100%=9.808µs(n=500000)",3578.81,3578.81,308607719,0,0,"",0,0,0,0,"",0,0,0,0,0,0.00,0.00,0
smt,build_10k_then_reinsert_2k_existing,10000,10000,2000,4853289,2426,"0-10%=2.995µs(n=200)|10-20%=2.589µs(n=200)|20-30%=2.411µs(n=200)|30-40%=2.532µs(n=200)|40-50%=2.385µs(n=200)|50-60%=2.349µs(n=200)|60-70%=2.251µs(n=200)|70-80%=2.271µs(n=200)|80-90%=2.276µs(n=200)|90-100%=2.199µs(n=200)",0.34,0.34,121912,0,0,"",0,0,0,0,"",0,0,0,0,0,0.00,0.00,0
smt,build_50k_then_reinsert_10k_existing,50000,50000,10000,33587480,3358,"0-10%=4.104µs(n=1000)|10-20%=3.751µs(n=1000)|20-30%=3.423µs(n=1000)|30-40%=3.431µs(n=1000)|40-50%=3.23µs(n=1000)|50-60%=3.259µs(n=1000)|60-70%=3.118µs(n=1000)|70-80%=3.158µs(n=1000)|80-90%=3.008µs(n=1000)|90-100%=3.1µs(n=1000)",1.62,1.62,605921,0,0,"",0,0,0,0,"",0,0,0,0,0,0.00,0.00,0
smt,build_100k_then_reinsert_20k_existing,100000,100000,20000,78704311,3935,"0-10%=4.66µs(n=2000)|10-20%=4.237µs(n=2000)|20-30%=4.045µs(n=2000)|30-40%=3.949µs(n=2000)|40-50%=3.839µs(n=2000)|50-60%=3.917µs(n=2000)|60-70%=3.823µs(n=2000)|70-80%=3.74µs(n=2000)|80-90%=3.565µs(n=2000)|90-100%=3.565µs(n=2000)",3.22,3.22,1210927,0,0,"",0,0,0,0,"",0,0,0,0,0,0.00,0.00,0
smt,build_200k_then_reinsert_40k_existing,200000,200000,40000,165250080,4131,"0-10%=4.97µs(n=4000)|10-20%=4.423µs(n=4000)|20-30%=4.246µs(n=4000)|30-40%=4.122µs(n=4000)|40-50%=4.053µs(n=4000)|50-60%=4.019µs(n=4000)|60-70%=3.955µs(n=4000)|70-80%=3.917µs(n=4000)|80-90%=3.809µs(n=4000)|90-100%=3.793µs(n=4000)",6.44,6.44,2420943,0,0,"",0,0,0,0,"",0,0,0,0,0,0.00,0.00,0
smt,build_300k_then_reinsert_60k_existing,300000,300000,60000,261915508,4365,"0-10%=5.244µs(n=6000)|10-20%=4.723µs(n=6000)|20-30%=4.508µs(n=6000)|30-40%=4.366µs(n=6000)|40-50%=4.285µs(n=6000)|50-60%=4.211µs(n=6000)|60-70%=4.151µs(n=6000)|70-80%=4.124µs(n=6000)|80-90%=4.025µs(n=6000)|90-100%=4.011µs(n=6000)",9.64,9.64,3630953,0,0,"",0,0,0,0,"",0,0,0,0,0,0.00,0.00,0
smt,build_500k_then_reinsert_100k_existing,500000,500000,100000,487052111,4870,"0-10%=5.889µs(n=10000)|10-20%=5.175µs(n=10000)|20-30%=4.953µs(n=10000)|30-40%=4.817µs(n=10000)|40-50%=4.721µs(n=10000)|50-60%=4.718µs(n=10000)|60-70%=4.689µs(n=10000)|70-80%=4.66µs(n=10000)|80-90%=4.543µs(n=10000)|90-100%=4.537µs(n=10000)",16.06,16.06,6050968,0,0,"",0,0,0,0,"",0,0,0,0,0,0.00,0.00,0
smt,build_700k_then_reinsert_140k_existing,700000,700000,140000,745762590,5326,"0-10%=6.135µs(n=14000)|10-20%=5.527µs(n=14000)|20-30%=5.318µs(n=14000)|30-40%=5.25µs(n=14000)|40-50%=5.235µs(n=14000)|50-60%=5.295µs(n=14000)|60-70%=5.24µs(n=14000)|70-80%=5.189µs(n=14000)|80-90%=5.083µs(n=14000)|90-100%=4.991µs(n=14000)",22.47,22.47,8470979,0,0,"",0,0,0,0,"",0,0,0,0,0,0.00,0.00,0
smt,build_900k_then_reinsert_180k_existing,900000,900000,180000,1045003727,5805,"0-10%=6.367µs(n=18000)|10-20%=5.917µs(n=18000)|20-30%=5.944µs(n=18000)|30-40%=6.024µs(n=18000)|40-50%=6.089µs(n=18000)|50-60%=5.928µs(n=18000)|60-70%=5.721µs(n=18000)|70-80%=5.56µs(n=18000)|80-90%=5.308µs(n=18000)|90-100%=5.191µs(n=18000)",28.89,28.89,10890988,0,0,"",0,0,0,0,"",0,0,0,0,0,0.00,0.00,0
smt,build_1m_then_reinsert_200k_existing,1000000,1000000,200000,1114188634,5570,"0-10%=6.344µs(n=20000)|10-20%=5.876µs(n=20000)|20-30%=5.633µs(n=20000)|30-40%=5.546µs(n=20000)|40-50%=5.486µs(n=20000)|50-60%=5.399µs(n=20000)|60-70%=5.39µs(n=20000)|70-80%=5.35µs(n=20000)|80-90%=5.341µs(n=20000)|90-100%=5.339µs(n=20000)",32.09,32.09,12100935,0,0,"",0,0,0,0,"",0,0,0,0,0,0.00,0.00,0
smt,prehashed_ordered_build_1m_then_reinsert_200k_existing,1000000,1000000,200000,568011380,2840,"0-10%=2.769µs(n=20000)|10-20%=2.912µs(n=20000)|20-30%=2.938µs(n=20000)|30-40%=2.925µs(n=20000)|40-50%=2.83µs(n=20000)|50-60%=2.814µs(n=20000)|60-70%=2.8µs(n=20000)|70-80%=2.759µs(n=20000)|80-90%=2.756µs(n=20000)|90-100%=2.891µs(n=20000)",19.88,19.88,11700946,0,0,"",0,0,0,0,"",0,0,0,0,0,0.00,0.00,0
smt,build_2m_then_reinsert_400k_existing,2000000,2000000,400000,2442322327,6105,"0-10%=6.565µs(n=40000)|10-20%=6.266µs(n=40000)|20-30%=6.194µs(n=40000)|30-40%=6.127µs(n=40000)|40-50%=6.054µs(n=40000)|50-60%=6.077µs(n=40000)|60-70%=5.94µs(n=40000)|70-80%=5.946µs(n=40000)|80-90%=5.957µs(n=40000)|90-100%=5.928µs(n=40000)",64.19,64.19,24200967,0,0,"",0,0,0,0,"",0,0,0,0,0,0.00,0.00,0
smt,build_5m_then_reinsert_1m_existing,5000000,5000000,1000000,7016667695,7016,"0-10%=7.388µs(n=100000)|10-20%=7.082µs(n=100000)|20-30%=7.148µs(n=100000)|30-40%=6.927µs(n=100000)|40-50%=6.969µs(n=100000)|50-60%=6.992µs(n=100000)|60-70%=7.115µs(n=100000)|70-80%=6.901µs(n=100000)|80-90%=6.778µs(n=100000)|90-100%=6.862µs(n=100000)",160.47,160.47,60500996,0,0,"",0,0,0,0,"",0,0,0,0,0,0.00,0.00,0
smt,prehashed_ordered_build_5m_then_reinsert_1m_existing,5000000,5000000,1000000,3153037664,3153,"0-10%=3.083µs(n=100000)|10-20%=3.256µs(n=100000)|20-30%=3.247µs(n=100000)|30-40%=3.335µs(n=100000)|40-50%=3.139µs(n=100000)|50-60%=3.102µs(n=100000)|60-70%=3.071µs(n=100000)|70-80%=3.041µs(n=100000)|80-90%=3.034µs(n=100000)|90-100%=3.218µs(n=100000)",99.30,99.30,58500988,0,0,"",0,0,0,0,"",0,0,0,0,0,0.00,0.00,0
smt,build_10m_then_reinsert_2m_existing,10000000,10000000,2000000,15790437607,7895,"0-10%=8.315µs(n=200000)|10-20%=7.966µs(n=200000)|20-30%=7.909µs(n=200000)|30-40%=7.797µs(n=200000)|40-50%=7.973µs(n=200000)|50-60%=7.806µs(n=200000)|60-70%=7.867µs(n=200000)|70-80%=8.001µs(n=200000)|80-90%=7.707µs(n=200000)|90-100%=7.605µs(n=200000)",320.97,320.97,121001045,0,0,"",0,0,0,0,"",0,0,0,0,0,0.00,0.00,0
smt,build_25m_then_reinsert_5m_existing,25000000,25000000,5000000,46940690596,9388,"0-10%=9.579µs(n=500000)|10-20%=9.598µs(n=500000)|20-30%=9.501µs(n=500000)|30-40%=9.56µs(n=500000)|40-50%=9.421µs(n=500000)|50-60%=9.138µs(n=500000)|60-70%=9.215µs(n=500000)|70-80%=9.254µs(n=500000)|80-90%=9.274µs(n=500000)|90-100%=9.336µs(n=500000)",802.74,802.74,302501195,0,0,"",0,0,0,0,"",0,0,0,0,0,0.00,0.00,0
smt,build_10k,0,10000,10000,22738801,2273,"0-10%=1.737µs(n=1000)|10-20%=2.04µs(n=1000)|20-30%=2.08µs(n=1000)|30-40%=2.624µs(n=1000)|40-50%=2.149µs(n=1000)|50-60%=2.282µs(n=1000)|60-70%=2.879µs(n=1000)|70-80%=2.241µs(n=1000)|80-90%=2.284µs(n=1000)|90-100%=2.419µs(n=1000)",5.70,7.18,131668,234272,2342,"0-10%=4.728µs(n=10)|10-20%=1.442µs(n=10)|20-30%=1.586µs(n=10)|30-40%=1.545µs(n=10)|40-50%=2.478µs(n=10)|50-60%=2.332µs(n=10)|60-70%=2.221µs(n=10)|70-80%=2.107µs(n=10)|80-90%=2.803µs(n=10)|90-100%=2.181µs(n=10)",630,3296,0,0,"",0,0,0,0,0,0.00,0.00,0
smt,build_50k,0,50000,50000,137109457,2742,"0-10%=2.099µs(n=5000)|10-20%=2.417µs(n=5000)|20-30%=2.519µs(n=5000)|30-40%=2.483µs(n=5000)|40-50%=2.64µs(n=5000)|50-60%=2.713µs(n=5000)|60-70%=3.243µs(n=5000)|70-80%=2.848µs(n=5000)|80-90%=3.191µs(n=5000)|90-100%=3.264µs(n=5000)",28.52,35.83,656122,2351803,4703,"0-10%=4.567µs(n=50)|10-20%=5.598µs(n=50)|20-30%=4.512µs(n=50)|30-40%=4.448µs(n=50)|40-50%=5.351µs(n=50)|50-60%=5.028µs(n=50)|60-70%=4.554µs(n=50)|70-80%=3.587µs(n=50)|80-90%=4.972µs(n=50)|90-100%=4.414µs(n=50)",720,5324,0,0,"",0,0,0,0,0,0.00,0.00,0
smt,build_100k,0,100000,100000,294739122,2947,"0-10%=2.237µs(n=10000)|10-20%=2.504µs(n=10000)|20-30%=2.637µs(n=10000)|30-40%=2.724µs(n=10000)|40-50%=2.982µs(n=10000)|50-60%=2.89µs(n=10000)|60-70%=3.379µs(n=10000)|70-80%=3.44µs(n=10000)|80-90%=3.289µs(n=10000)|90-100%=3.388µs(n=10000)",54.41,71.57,1230255,5222626,5222,"0-10%=4.896µs(n=100)|10-20%=4.562µs(n=100)|20-30%=5.953µs(n=100)|30-40%=4.92µs(n=100)|40-50%=5.108µs(n=100)|50-60%=5.345µs(n=100)|60-70%=6.182µs(n=100)|70-80%=4.928µs(n=100)|80-90%=5.013µs(n=100)|90-100%=5.315µs(n=100)",762,5218,0,0,"",0,0,0,0,0,0.00,0.00,0
smt,build_200k,0,200000,200000,648486117,3242,"0-10%=2.351µs(n=20000)|10-20%=2.652µs(n=20000)|20-30%=2.881µs(n=20000)|30-40%=3.048µs(n=20000)|40-50%=2.96µs(n=20000)|50-60%=3.398µs(n=20000)|60-70%=3.703µs(n=20000)|70-80%=3.664µs(n=20000)|80-90%=3.838µs(n=20000)|90-100%=3.925µs(n=20000)",114.57,143.11,2642236,10460620,5230,"0-10%=5.289µs(n=200)|10-20%=5.385µs(n=200)|20-30%=5.55µs(n=200)|30-40%=5.656µs(n=200)|40-50%=5.046µs(n=200)|50-60%=4.862µs(n=200)|60-70%=5.423µs(n=200)|70-80%=4.778µs(n=200)|80-90%=5.541µs(n=200)|90-100%=4.767µs(n=200)",795,5549,0,0,"",0,0,0,0,0,0.00,0.00,0
smt,build_300k,0,300000,300000,1047937340,3493,"0-10%=2.464µs(n=30000)|10-20%=2.779µs(n=30000)|20-30%=3.072µs(n=30000)|30-40%=3.321µs(n=30000)|40-50%=3.536µs(n=30000)|50-60%=3.45µs(n=30000)|60-70%=3.537µs(n=30000)|70-80%=4.215µs(n=30000)|80-90%=4.257µs(n=30000)|90-100%=4.294µs(n=30000)",165.32,214.69,3754300,16942990,5647,"0-10%=5.326µs(n=300)|10-20%=5.495µs(n=300)|20-30%=5.449µs(n=300)|30-40%=5.671µs(n=300)|40-50%=5.638µs(n=300)|50-60%=5.697µs(n=300)|60-70%=5.995µs(n=300)|70-80%=5.554µs(n=300)|80-90%=6.029µs(n=300)|90-100%=5.618µs(n=300)",819,5601,0,0,"",0,0,0,0,0,0.00,0.00,0
smt,build_500k,0,500000,500000,1990138111,3980,"0-10%=2.544µs(n=50000)|10-20%=2.928µs(n=50000)|20-30%=3.262µs(n=50000)|30-40%=3.452µs(n=50000)|40-50%=3.923µs(n=50000)|50-60%=4.198µs(n=50000)|60-70%=4.458µs(n=50000)|70-80%=4.911µs(n=50000)|80-90%=5.089µs(n=50000)|90-100%=5.033µs(n=50000)",276.07,357.82,6273893,30569006,6113,"0-10%=6.265µs(n=500)|10-20%=6.777µs(n=500)|20-30%=5.974µs(n=500)|30-40%=5.961µs(n=500)|40-50%=6.174µs(n=500)|50-60%=5.764µs(n=500)|60-70%=5.676µs(n=500)|70-80%=6.28µs(n=500)|80-90%=6.273µs(n=500)|90-100%=5.988µs(n=500)",846,5829,0,0,"",0,0,0,0,0,0.00,0.00,0
smt,build_700k,0,700000,700000,2821383897,4030,"0-10%=2.655µs(n=70000)|10-20%=3.265µs(n=70000)|20-30%=3.242µs(n=70000)|30-40%=3.903µs(n=70000)|40-50%=3.908µs(n=70000)|50-60%=4.405µs(n=70000)|60-70%=4.409µs(n=70000)|70-80%=4.432µs(n=70000)|80-90%=4.726µs(n=70000)|90-100%=5.356µs(n=70000)",365.41,500.94,8113510,40127845,5732,"0-10%=5.786µs(n=700)|10-20%=5.617µs(n=700)|20-30%=5.854µs(n=700)|30-40%=5.714µs(n=700)|40-50%=5.739µs(n=700)|50-60%=5.795µs(n=700)|60-70%=5.818µs(n=700)|70-80%=5.616µs(n=700)|80-90%=5.987µs(n=700)|90-100%=5.394µs(n=700)",865,5292,0,0,"",0,0,0,0,0,0.00,0.00,0
smt,build_900k,0,900000,900000,3758633072,4176,"0-10%=2.649µs(n=90000)|10-20%=3.188µs(n=90000)|20-30%=3.852µs(n=90000)|30-40%=3.853µs(n=90000)|40-50%=4.395µs(n=90000)|50-60%=4.329µs(n=90000)|60-70%=4.703µs(n=90000)|70-80%=4.976µs(n=90000)|80-90%=4.79µs(n=90000)|90-100%=5.024µs(n=90000)",514.32,644.07,11845368,54565743,6062,"0-10%=5.879µs(n=900)|10-20%=6.163µs(n=900)|20-30%=6.245µs(n=900)|30-40%=6.093µs(n=900)|40-50%=6.129µs(n=900)|50-60%=5.947µs(n=900)|60-70%=5.992µs(n=900)|70-80%=6.224µs(n=900)|80-90%=5.989µs(n=900)|90-100%=5.963µs(n=900)",879,5899,0,0,"",0,0,0,0,0,0.00,0.00,0
smt,build_1m,0,1000000,1000000,4197577467,4197,"0-10%=2.638µs(n=100000)|10-20%=3.222µs(n=100000)|20-30%=3.768µs(n=100000)|30-40%=4.027µs(n=100000)|40-50%=4.315µs(n=100000)|50-60%=4.337µs(n=100000)|60-70%=5.108µs(n=100000)|70-80%=4.853µs(n=100000)|80-90%=4.641µs(n=100000)|90-100%=5.061µs(n=100000)",578.74,715.64,13390656,65046468,6504,"0-10%=5.246µs(n=1000)|10-20%=5.149µs(n=1000)|20-30%=6.15µs(n=1000)|30-40%=6.305µs(n=1000)|40-50%=6.327µs(n=1000)|50-60%=6.215µs(n=1000)|60-70%=6.386µs(n=1000)|70-80%=13.075µs(n=1000)|80-90%=7.017µs(n=1000)|90-100%=3.172µs(n=1000)",885,6730,0,0,"",0,0,0,0,0,0.00,0.00,0
smt,build_2m,0,2000000,2000000,9965498654,4982,"0-10%=2.972µs(n=200000)|10-20%=4.04µs(n=200000)|20-30%=4.261µs(n=200000)|30-40%=4.912µs(n=200000)|40-50%=4.821µs(n=200000)|50-60%=5.593µs(n=200000)|60-70%=5.552µs(n=200000)|70-80%=5.611µs(n=200000)|80-90%=5.709µs(n=200000)|90-100%=6.352µs(n=200000)",1047.56,1431.24,23293115,134752461,6737,"0-10%=6.636µs(n=2000)|10-20%=6.797µs(n=2000)|20-30%=6.532µs(n=2000)|30-40%=6.736µs(n=2000)|40-50%=6.635µs(n=2000)|50-60%=6.799µs(n=2000)|60-70%=6.852µs(n=2000)|70-80%=6.631µs(n=2000)|80-90%=6.856µs(n=2000)|90-100%=6.898µs(n=2000)",923,5801,0,0,"",0,0,0,0,0,0.00,0.00,0
smt,build_5m,0,5000000,5000000,29490731506,5898,"0-10%=3.758µs(n=500000)|10-20%=4.949µs(n=500000)|20-30%=5.393µs(n=500000)|30-40%=5.667µs(n=500000)|40-50%=6.424µs(n=500000)|50-60%=6.252µs(n=500000)|60-70%=6.313µs(n=500000)|70-80%=6.82µs(n=500000)|80-90%=6.665µs(n=500000)|90-100%=6.734µs(n=500000)",2779.43,3578.13,63275227,363516129,7270,"0-10%=6.848µs(n=5000)|10-20%=7.169µs(n=5000)|20-30%=7.407µs(n=5000)|30-40%=7.414µs(n=5000)|40-50%=7.363µs(n=5000)|50-60%=7.401µs(n=5000)|60-70%=7.302µs(n=5000)|70-80%=7.264µs(n=5000)|80-90%=7.316µs(n=5000)|90-100%=7.214µs(n=5000)",973,6485,0,0,"",0,0,0,0,0,0.00,0.00,0
smt,build_10m,0,10000000,10000000,68800221765,6880,"0-10%=4.505µs(n=1000000)|10-20%=6.17µs(n=1000000)|20-30%=6.11µs(n=1000000)|30-40%=6.146µs(n=1000000)|40-50%=7.167µs(n=1000000)|50-60%=7.184µs(n=1000000)|60-70%=7.419µs(n=1000000)|70-80%=8.016µs(n=1000000)|80-90%=7.881µs(n=1000000)|90-100%=8.198µs(n=1000000)",5581.60,7156.46,127264490,835817459,8358,"0-10%=8.028µs(n=10000)|10-20%=8.366µs(n=10000)|20-30%=8.448µs(n=10000)|30-40%=8.434µs(n=10000)|40-50%=8.548µs(n=10000)|50-60%=8.432µs(n=10000)|60-70%=8.271µs(n=10000)|70-80%=8.316µs(n=10000)|80-90%=8.469µs(n=10000)|90-100%=8.264µs(n=10000)",1011,7092,0,0,"",0,0,0,0,0,0.00,0.00,0
smt,build_25m,0,25000000,25000000,208589656036,8343,"0-10%=5.377µs(n=2500000)|10-20%=6.806µs(n=2500000)|20-30%=7.496µs(n=2500000)|30-40%=7.957µs(n=2500000)|40-50%=8.692µs(n=2500000)|50-60%=8.707µs(n=2500000)|60-70%=9.103µs(n=2500000)|70-80%=9.845µs(n=2500000)|80-90%=9.718µs(n=2500000)|90-100%=9.731µs(n=2500000)",14160.71,17892.47,324668029,2352452396,9409,"0-10%=9.123µs(n=25000)|10-20%=9.172µs(n=25000)|20-30%=9.265µs(n=25000)|30-40%=9.287µs(n=25000)|40-50%=9.44µs(n=25000)|50-60%=9.303µs(n=25000)|60-70%=9.397µs(n=25000)|70-80%=9.582µs(n=25000)|80-90%=9.685µs(n=25000)|90-100%=9.837µs(n=25000)",1061,7445,0,0,"",0,0,0,0,0,0.00,0.00,0
smt,prehashed_ordered_build_10k,0,10000,10000,14969232,1496,"0-10%=1.126µs(n=1000)|10-20%=1.187µs(n=1000)|20-30%=2.238µs(n=1000)|30-40%=1.3µs(n=1000)|40-50%=1.377µs(n=1000)|50-60%=1.234µs(n=1000)|60-70%=1.251µs(n=1000)|70-80%=1.517µs(n=1000)|80-90%=2.307µs(n=1000)|90-100%=1.426µs(n=1000)",5.08,6.42,122674,115169,1151,"0-10%=1.339µs(n=10)|10-20%=1.319µs(n=10)|20-30%=1.106µs(n=10)|30-40%=1.199µs(n=10)|40-50%=1.113µs(n=10)|50-60%=1.155µs(n=10)|60-70%=1.12µs(n=10)|70-80%=1µs(n=10)|80-90%=1.253µs(n=10)|90-100%=908ns(n=10)",634,2916,0,0,"",0,0,0,0,0,0.00,0.00,0
smt,prehashed_ordered_build_50k,0,50000,50000,76178161,1523,"0-10%=1.425µs(n=5000)|10-20%=1.565µs(n=5000)|20-30%=1.425µs(n=5000)|30-40%=1.697µs(n=5000)|40-50%=1.547µs(n=5000)|50-60%=1.303µs(n=5000)|60-70%=1.43µs(n=5000)|70-80%=1.759µs(n=5000)|80-90%=1.494µs(n=5000)|90-100%=1.586µs(n=5000)",26.01,32.06,628912,817613,1635,"0-10%=1.464µs(n=50)|10-20%=1.328µs(n=50)|20-30%=1.347µs(n=50)|30-40%=1.225µs(n=50)|40-50%=1.35µs(n=50)|50-60%=1.765µs(n=50)|60-70%=1.485µs(n=50)|70-80%=1.51µs(n=50)|80-90%=1.944µs(n=50)|90-100%=2.929µs(n=50)",722,3338,0,0,"",0,0,0,0,0,0.00,0.00,0
smt,prehashed_ordered_build_100k,0,100000,100000,156266846,1562,"0-10%=1.399µs(n=10000)|10-20%=1.559µs(n=10000)|20-30%=1.449µs(n=10000)|30-40%=1.692µs(n=10000)|40-50%=1.591µs(n=10000)|50-60%=1.364µs(n=10000)|60-70%=1.738µs(n=10000)|70-80%=1.518µs(n=10000)|80-90%=1.588µs(n=10000)|90-100%=1.723µs(n=10000)",53.38,64.13,1300322,2387959,2387,"0-10%=1.897µs(n=100)|10-20%=1.94µs(n=100)|20-30%=1.921µs(n=100)|30-40%=2.227µs(n=100)|40-50%=2.341µs(n=100)|50-60%=2.217µs(n=100)|60-70%=2.191µs(n=100)|70-80%=2.737µs(n=100)|80-90%=3.487µs(n=100)|90-100%=2.919µs(n=100)",760,3847,0,0,"",0,0,0,0,0,0.00,0.00,0
smt,prehashed_ordered_build_200k,0,200000,200000,324141388,1620,"0-10%=1.417µs(n=20000)|10-20%=1.461µs(n=20000)|20-30%=1.616µs(n=20000)|30-40%=1.553µs(n=20000)|40-50%=1.841µs(n=20000)|50-60%=1.446µs(n=20000)|60-70%=1.558µs(n=20000)|70-80%=1.595µs(n=20000)|80-90%=1.937µs(n=20000)|90-100%=1.776µs(n=20000)",99.38,128.22,2358954,4344277,2172,"0-10%=1.857µs(n=200)|10-20%=2.141µs(n=200)|20-30%=1.998µs(n=200)|30-40%=1.942µs(n=200)|40-50%=2.184µs(n=200)|50-60%=2.212µs(n=200)|60-70%=2.349µs(n=200)|70-80%=2.177µs(n=200)|80-90%=2.353µs(n=200)|90-100%=2.504µs(n=200)",795,3723,0,0,"",0,0,0,0,0,0.00,0.00,0
smt,prehashed_ordered_build_300k,0,300000,300000,505861614,1686,"0-10%=1.497µs(n=30000)|10-20%=1.647µs(n=30000)|20-30%=1.58µs(n=30000)|30-40%=1.786µs(n=30000)|40-50%=1.766µs(n=30000)|50-60%=1.502µs(n=30000)|60-70%=1.763µs(n=30000)|70-80%=1.804µs(n=30000)|80-90%=1.701µs(n=30000)|90-100%=1.811µs(n=30000)",157.63,192.30,3817521,7229680,2409,"0-10%=2.205µs(n=300)|10-20%=2.246µs(n=300)|20-30%=2.353µs(n=300)|30-40%=2.34µs(n=300)|40-50%=2.349µs(n=300)|50-60%=2.306µs(n=300)|60-70%=2.401µs(n=300)|70-80%=2.584µs(n=300)|80-90%=2.682µs(n=300)|90-100%=2.627µs(n=300)",819,3812,0,0,"",0,0,0,0,0,0.00,0.00,0
smt,prehashed_ordered_build_500k,0,500000,500000,931457140,1862,"0-10%=1.512µs(n=50000)|10-20%=1.815µs(n=50000)|20-30%=1.808µs(n=50000)|30-40%=1.879µs(n=50000)|40-50%=2.065µs(n=50000)|50-60%=1.71µs(n=50000)|60-70%=1.801µs(n=50000)|70-80%=2.069µs(n=50000)|80-90%=1.894µs(n=50000)|90-100%=2.069µs(n=50000)",255.95,320.46,6141418,16944332,3388,"0-10%=3.101µs(n=500)|10-20%=3.216µs(n=500)|20-30%=3.157µs(n=500)|30-40%=3.288µs(n=500)|40-50%=3.467µs(n=500)|50-60%=3.53µs(n=500)|60-70%=3.429µs(n=500)|70-80%=3.518µs(n=500)|80-90%=3.643µs(n=500)|90-100%=3.534µs(n=500)",846,4295,0,0,"",0,0,0,0,0,0.00,0.00,0
smt,prehashed_ordered_build_700k,0,700000,700000,1375812638,1965,"0-10%=1.71µs(n=70000)|10-20%=1.872µs(n=70000)|20-30%=1.905µs(n=70000)|30-40%=1.962µs(n=70000)|40-50%=2.198µs(n=70000)|50-60%=1.801µs(n=70000)|60-70%=1.909µs(n=70000)|70-80%=2.212µs(n=70000)|80-90%=2.007µs(n=70000)|90-100%=2.074µs(n=70000)",357.90,448.65,8582063,25509548,3644,"0-10%=3.442µs(n=700)|10-20%=3.546µs(n=700)|20-30%=3.545µs(n=700)|30-40%=3.671µs(n=700)|40-50%=3.766µs(n=700)|50-60%=3.469µs(n=700)|60-70%=3.526µs(n=700)|70-80%=3.882µs(n=700)|80-90%=3.783µs(n=700)|90-100%=3.807µs(n=700)",865,4524,0,0,"",0,0,0,0,0,0.00,0.00,0
smt,prehashed_ordered_build_900k,0,900000,900000,1780437550,1978,"0-10%=1.766µs(n=90000)|10-20%=2.022µs(n=90000)|20-30%=1.888µs(n=90000)|30-40%=2.003µs(n=90000)|40-50%=2.17µs(n=90000)|50-60%=1.82µs(n=90000)|60-70%=1.911µs(n=90000)|70-80%=2.193µs(n=90000)|80-90%=1.99µs(n=90000)|90-100%=2.015µs(n=90000)",461.35,576.81,11075866,30886003,3431,"0-10%=3.404µs(n=900)|10-20%=3.314µs(n=900)|20-30%=3.319µs(n=900)|30-40%=3.362µs(n=900)|40-50%=3.454µs(n=900)|50-60%=3.581µs(n=900)|60-70%=3.528µs(n=900)|70-80%=3.451µs(n=900)|80-90%=3.506µs(n=900)|90-100%=3.396µs(n=900)",879,4383,0,0,"",0,0,0,0,0,0.00,0.00,0
smt,prehashed_ordered_build_1m,0,1000000,1000000,1954201354,1954,"0-10%=1.727µs(n=100000)|10-20%=1.895µs(n=100000)|20-30%=1.869µs(n=100000)|30-40%=2.04µs(n=100000)|40-50%=2.017µs(n=100000)|50-60%=1.863µs(n=100000)|60-70%=1.849µs(n=100000)|70-80%=2.21µs(n=100000)|80-90%=1.963µs(n=100000)|90-100%=2.104µs(n=100000)",515.97,640.92,12415173,36080396,3608,"0-10%=3.689µs(n=1000)|10-20%=3.761µs(n=1000)|20-30%=3.652µs(n=1000)|30-40%=3.652µs(n=1000)|40-50%=3.714µs(n=1000)|50-60%=3.536µs(n=1000)|60-70%=3.327µs(n=1000)|70-80%=3.612µs(n=1000)|80-90%=3.53µs(n=1000)|90-100%=3.602µs(n=1000)",884,4522,0,0,"",0,0,0,0,0,0.00,0.00,0
smt,prehashed_ordered_build_2m,0,2000000,2000000,4072572591,2036,"0-10%=1.86µs(n=200000)|10-20%=1.979µs(n=200000)|20-30%=1.942µs(n=200000)|30-40%=1.977µs(n=200000)|40-50%=2.245µs(n=200000)|50-60%=1.888µs(n=200000)|60-70%=1.932µs(n=200000)|70-80%=2.275µs(n=200000)|80-90%=2.129µs(n=200000)|90-100%=2.13µs(n=200000)",1020.13,1281.85,24443404,82684520,4134,"0-10%=5.004µs(n=2000)|10-20%=4.896µs(n=2000)|20-30%=3.929µs(n=2000)|30-40%=3.906µs(n=2000)|40-50%=4.034µs(n=2000)|50-60%=3.953µs(n=2000)|60-70%=3.916µs(n=2000)|70-80%=3.941µs(n=2000)|80-90%=3.978µs(n=2000)|90-100%=3.781µs(n=2000)",922,4883,0,0,"",0,0,0,0,0,0.00,0.00,0
smt,prehashed_ordered_build_5m,0,5000000,5000000,10615565158,2123,"0-10%=1.889µs(n=500000)|10-20%=2.066µs(n=500000)|20-30%=2.067µs(n=500000)|30-40%=2.276µs(n=500000)|40-50%=2.19µs(n=500000)|50-60%=1.996µs(n=500000)|60-70%=2.043µs(n=500000)|70-80%=2.4µs(n=500000)|80-90%=2.085µs(n=500000)|90-100%=2.216µs(n=500000)",2598.97,3204.69,62690909,187147907,3742,"0-10%=3.814µs(n=5000)|10-20%=3.73µs(n=5000)|20-30%=3.75µs(n=5000)|30-40%=3.692µs(n=5000)|40-50%=3.676µs(n=5000)|50-60%=3.725µs(n=5000)|60-70%=3.712µs(n=5000)|70-80%=3.988µs(n=5000)|80-90%=3.734µs(n=5000)|90-100%=3.604µs(n=5000)",973,4774,0,0,"",0,0,0,0,0,0.00,0.00,0
smt,prehashed_ordered_build_10m,0,10000000,10000000,21557297160,2155,"0-10%=1.906µs(n=1000000)|10-20%=2.141µs(n=1000000)|20-30%=2.062µs(n=1000000)|30-40%=2.282µs(n=1000000)|40-50%=2.224µs(n=1000000)|50-60%=1.998µs(n=1000000)|60-70%=2.086µs(n=1000000)|70-80%=2.446µs(n=1000000)|80-90%=2.126µs(n=1000000)|90-100%=2.282µs(n=1000000)",5209.95,6409.35,125775984,384464880,3844,"0-10%=3.817µs(n=10000)|10-20%=3.835µs(n=10000)|20-30%=3.796µs(n=10000)|30-40%=3.884µs(n=10000)|40-50%=3.803µs(n=10000)|50-60%=3.763µs(n=10000)|60-70%=3.74µs(n=10000)|70-80%=4.25µs(n=10000)|80-90%=3.83µs(n=10000)|90-100%=3.725µs(n=10000)",1011,5037,0,0,"",0,0,0,0,0,0.00,0.00,0
smt,prehashed_ordered_build_15m,0,15000000,15000000,33010024031,2200,"0-10%=1.903µs(n=1500000)|10-20%=2.169µs(n=1500000)|20-30%=2.122µs(n=1500000)|30-40%=2.355µs(n=1500000)|40-50%=2.308µs(n=1500000)|50-60%=2.029µs(n=1500000)|60-70%=2.117µs(n=1500000)|70-80%=2.504µs(n=1500000)|80-90%=2.194µs(n=1500000)|90-100%=2.299µs(n=1500000)",7809.50,9613.87,188526472,755834917,5038,"0-10%=3.788µs(n=15000)|10-20%=3.982µs(n=15000)|20-30%=3.862µs(n=15000)|30-40%=4.018µs(n=15000)|40-50%=5.47µs(n=15000)|50-60%=5.686µs(n=15000)|60-70%=5.67µs(n=15000)|70-80%=6.322µs(n=15000)|80-90%=5.859µs(n=15000)|90-100%=5.726µs(n=15000)",1033,6468,0,0,"",0,0,0,0,0,0.00,0.00,0
smt,insert_only_build_10k,0,10000,10000,23292638,2329,"0-10%=1.574µs(n=1000)|10-20%=1.87µs(n=1000)|20-30%=2.023µs(n=1000)|30-40%=2.834µs(n=1000)|40-50%=2.147µs(n=1000)|50-60%=2.187µs(n=1000)|60-70%=2.226µs(n=1000)|70-80%=3.709µs(n=1000)|80-90%=2.389µs(n=1000)|90-100%=2.328µs(n=1000)",5.61,7.17,129481,0,0,"",0,0,0,0,"",0,0,0,0,0,0.00,0.00,0
smt,insert_only_build_50k,0,50000,50000,135145057,2702,"0-10%=2.17µs(n=5000)|10-20%=2.412µs(n=5000)|20-30%=2.675µs(n=5000)|30-40%=2.569µs(n=5000)|40-50%=2.515µs(n=5000)|50-60%=2.971µs(n=5000)|60-70%=2.714µs(n=5000)|70-80%=2.78µs(n=5000)|80-90%=2.836µs(n=5000)|90-100%=3.382µs(n=5000)",25.87,35.80,572664,0,0,"",0,0,0,0,"",0,0,0,0,0,0.00,0.00,0
smt,insert_only_build_100k,0,100000,100000,300406439,3004,"0-10%=2.244µs(n=10000)|10-20%=2.563µs(n=10000)|20-30%=2.729µs(n=10000)|30-40%=2.807µs(n=10000)|40-50%=3.162µs(n=10000)|50-60%=3.046µs(n=10000)|60-70%=3.164µs(n=10000)|70-80%=3.281µs(n=10000)|80-90%=3.611µs(n=10000)|90-100%=3.428µs(n=10000)",54.39,71.57,1228559,0,0,"",0,0,0,0,"",0,0,0,0,0,0.00,0.00,0
smt,insert_only_build_200k,0,200000,200000,676014950,3380,"0-10%=2.458µs(n=20000)|10-20%=2.811µs(n=20000)|20-30%=3.12µs(n=20000)|30-40%=3.271µs(n=20000)|40-50%=3.238µs(n=20000)|50-60%=3.341µs(n=20000)|60-70%=3.966µs(n=20000)|70-80%=4.08µs(n=20000)|80-90%=3.729µs(n=20000)|90-100%=3.782µs(n=20000)",115.24,143.12,2661491,0,0,"",0,0,0,0,"",0,0,0,0,0,0.00,0.00,0
smt,insert_only_build_300k,0,300000,300000,1092612014,3642,"0-10%=2.603µs(n=30000)|10-20%=2.956µs(n=30000)|20-30%=3.241µs(n=30000)|30-40%=3.406µs(n=30000)|40-50%=3.718µs(n=30000)|50-60%=3.737µs(n=30000)|60-70%=3.848µs(n=30000)|70-80%=4.34µs(n=30000)|80-90%=4.299µs(n=30000)|90-100%=4.267µs(n=30000)",165.90,214.69,3770434,0,0,"",0,0,0,0,"",0,0,0,0,0,0.00,0.00,0
smt,insert_only_build_500k,0,500000,500000,2009537043,4019,"0-10%=2.895µs(n=50000)|10-20%=3.156µs(n=50000)|20-30%=3.462µs(n=50000)|30-40%=3.702µs(n=50000)|40-50%=4.235µs(n=50000)|50-60%=4.183µs(n=50000)|60-70%=4.213µs(n=50000)|70-80%=4.875µs(n=50000)|80-90%=4.86µs(n=50000)|90-100%=4.606µs(n=50000)",277.26,357.82,6307325,0,0,"",0,0,0,0,"",0,0,0,0,0,0.00,0.00,0
smt,insert_only_build_700k,0,700000,700000,3054000685,4362,"0-10%=2.788µs(n=70000)|10-20%=3.473µs(n=70000)|20-30%=3.765µs(n=70000)|30-40%=4.278µs(n=70000)|40-50%=4.138µs(n=70000)|50-60%=4.796µs(n=70000)|60-70%=5.032µs(n=70000)|70-80%=4.782µs(n=70000)|80-90%=4.903µs(n=70000)|90-100%=5.668µs(n=70000)",358.90,500.96,7901770,0,0,"",0,0,0,0,"",0,0,0,0,0,0.00,0.00,0
smt,insert_only_build_900k,0,900000,900000,4090728019,4545,"0-10%=2.95µs(n=90000)|10-20%=3.497µs(n=90000)|20-30%=4.062µs(n=90000)|30-40%=4.213µs(n=90000)|40-50%=4.856µs(n=90000)|50-60%=4.749µs(n=90000)|60-70%=4.718µs(n=90000)|70-80%=5.718µs(n=90000)|80-90%=5.53µs(n=90000)|90-100%=5.154µs(n=90000)",504.43,644.10,11521748,0,0,"",0,0,0,0,"",0,0,0,0,0,0.00,0.00,0
smt,insert_only_build_1m,0,1000000,1000000,4591697942,4591,"0-10%=2.941µs(n=100000)|10-20%=3.602µs(n=100000)|20-30%=4.302µs(n=100000)|30-40%=4.527µs(n=100000)|40-50%=4.99µs(n=100000)|50-60%=4.626µs(n=100000)|60-70%=5.278µs(n=100000)|70-80%=5.403µs(n=100000)|80-90%=5.104µs(n=100000)|90-100%=5.138µs(n=100000)",574.08,715.65,13233657,0,0,"",0,0,0,0,"",0,0,0,0,0,0.00,0.00,0
smt,insert_only_build_2m,0,2000000,2000000,10571940044,5285,"0-10%=3.282µs(n=200000)|10-20%=4.264µs(n=200000)|20-30%=4.896µs(n=200000)|30-40%=5.324µs(n=200000)|40-50%=5.131µs(n=200000)|50-60%=5.807µs(n=200000)|60-70%=6.066µs(n=200000)|70-80%=5.83µs(n=200000)|80-90%=5.806µs(n=200000)|90-100%=6.448µs(n=200000)",1022.32,1431.26,22473679,0,0,"",0,0,0,0,"",0,0,0,0,0,0.00,0.00,0
smt,insert_only_build_5m,0,5000000,5000000,31475481920,6295,"0-10%=4.027µs(n=500000)|10-20%=5.25µs(n=500000)|20-30%=5.928µs(n=500000)|30-40%=6.311µs(n=500000)|40-50%=6.652µs(n=500000)|50-60%=7.063µs(n=500000)|60-70%=7.154µs(n=500000)|70-80%=6.894µs(n=500000)|80-90%=6.734µs(n=500000)|90-100%=6.932µs(n=500000)",2901.68,3578.17,67150877,0,0,"",0,0,0,0,"",0,0,0,0,0,0.00,0.00,0
smt,insert_only_build_10m,0,10000000,10000000,69270501702,6927,"0-10%=4.585µs(n=1000000)|10-20%=5.956µs(n=1000000)|20-30%=6.294µs(n=1000000)|30-40%=7µs(n=1000000)|40-50%=6.959µs(n=1000000)|50-60%=7.556µs(n=1000000)|60-70%=7.441µs(n=1000000)|70-80%=7.32µs(n=1000000)|80-90%=7.59µs(n=1000000)|90-100%=8.567µs(n=1000000)",5216.82,7156.50,115688178,0,0,"",0,0,0,0,"",0,0,0,0,0,0.00,0.00,0
smt,insert_only_build_25m,0,25000000,25000000,206790294819,8271,"0-10%=5.501µs(n=2500000)|10-20%=6.773µs(n=2500000)|20-30%=7.339µs(n=2500000)|30-40%=8.05µs(n=2500000)|40-50%=7.987µs(n=2500000)|50-60%=8.777µs(n=2500000)|60-70%=8.953µs(n=2500000)|70-80%=9.386µs(n=2500000)|80-90%=9.482µs(n=2500000)|90-100%=10.464µs(n=2500000)",12814.64,17892.52,281966962,0,0,"",0,0,0,0,"",0,0,0,0,0,0.00,0.00,0
smt,proof_only_after_10k_build_sample_5pct,10000,10000,0,0,0,"",0.00,0.00,0,668809,1337,"0-10%=1.474µs(n=50)|10-20%=1.494µs(n=50)|20-30%=1.324µs(n=50)|30-40%=1.323µs(n=50)|40-50%=1.211µs(n=50)|50-60%=1.828µs(n=50)|60-70%=1.127µs(n=50)|70-80%=1.07µs(n=50)|80-90%=1.354µs(n=50)|90-100%=1.167µs(n=50)",634,3026,0,0,"",0,0,0,0,0,0.00,0.00,0
smt,proof_only_after_50k_build_sample_5pct,50000,50000,0,0,0,"",0.00,0.00,0,4188788,1675,"0-10%=1.641µs(n=250)|10-20%=1.753µs(n=250)|20-30%=1.641µs(n=250)|30-40%=1.738µs(n=250)|40-50%=1.672µs(n=250)|50-60%=1.704µs(n=250)|60-70%=1.71µs(n=250)|70-80%=1.591µs(n=250)|80-90%=1.621µs(n=250)|90-100%=1.679µs(n=250)",720,3555,0,0,"",0,0,0,0,0,0.00,0.00,0
smt,proof_only_after_100k_build_sample_5pct,100000,100000,0,0,0,"",0.00,0.00,0,10523233,2104,"0-10%=2.405µs(n=500)|10-20%=2.191µs(n=500)|20-30%=2.064µs(n=500)|30-40%=2.086µs(n=500)|40-50%=2.072µs(n=500)|50-60%=2.145µs(n=500)|60-70%=2.066µs(n=500)|70-80%=1.992µs(n=500)|80-90%=2.047µs(n=500)|90-100%=1.972µs(n=500)",758,4056,0,0,"",0,0,0,0,0,0.00,0.00,0
smt,proof_only_after_200k_build_sample_5pct,200000,200000,0,0,0,"",0.00,0.00,0,25783793,2578,"0-10%=2.924µs(n=1000)|10-20%=2.707µs(n=1000)|20-30%=2.631µs(n=1000)|30-40%=2.555µs(n=1000)|40-50%=2.588µs(n=1000)|50-60%=2.449µs(n=1000)|60-70%=2.515µs(n=1000)|70-80%=2.486µs(n=1000)|80-90%=2.488µs(n=1000)|90-100%=2.435µs(n=1000)",797,4368,0,0,"",0,0,0,0,0,0.00,0.00,0
smt,proof_only_after_300k_build_sample_5pct,300000,300000,0,0,0,"",0.00,0.00,0,52537518,3502,"0-10%=3.808µs(n=1500)|10-20%=3.612µs(n=1500)|20-30%=3.569µs(n=1500)|30-40%=3.507µs(n=1500)|40-50%=3.558µs(n=1500)|50-60%=3.457µs(n=1500)|60-70%=3.435µs(n=1500)|70-80%=3.413µs(n=1500)|80-90%=3.41µs(n=1500)|90-100%=3.251µs(n=1500)",819,4918,0,0,"",0,0,0,0,0,0.00,0.00,0
smt,proof_only_after_500k_build_sample_5pct,500000,500000,0,0,0,"",0.00,0.00,0,91556771,3662,"0-10%=4.082µs(n=2500)|10-20%=3.882µs(n=2500)|20-30%=3.712µs(n=2500)|30-40%=3.689µs(n=2500)|40-50%=3.69µs(n=2500)|50-60%=3.565µs(n=2500)|60-70%=3.479µs(n=2500)|70-80%=3.584µs(n=2500)|80-90%=3.52µs(n=2500)|90-100%=3.414µs(n=2500)",846,5037,0,0,"",0,0,0,0,0,0.00,0.00,0
smt,proof_only_after_700k_build_sample_5pct,700000,700000,0,0,0,"",0.00,0.00,0,133285743,3808,"0-10%=4.311µs(n=3500)|10-20%=3.95µs(n=3500)|20-30%=3.891µs(n=3500)|30-40%=3.736µs(n=3500)|40-50%=3.715µs(n=3500)|50-60%=3.741µs(n=3500)|60-70%=3.844µs(n=3500)|70-80%=3.633µs(n=3500)|80-90%=3.637µs(n=3500)|90-100%=3.619µs(n=3500)",865,5442,0,0,"",0,0,0,0,0,0.00,0.00,0
smt,proof_only_after_900k_build_sample_5pct,900000,900000,0,0,0,"",0.00,0.00,0,179366735,3985,"0-10%=4.305µs(n=4500)|10-20%=3.994µs(n=4500)|20-30%=4.005µs(n=4500)|30-40%=3.949µs(n=4500)|40-50%=4.005µs(n=4500)|50-60%=3.971µs(n=4500)|60-70%=3.948µs(n=4500)|70-80%=3.963µs(n=4500)|80-90%=3.933µs(n=4500)|90-100%=3.781µs(n=4500)",878,5172,0,0,"",0,0,0,0,0,0.00,0.00,0
smt,proof_only_after_1m_build_sample_5pct,1000000,1000000,0,0,0,"",0.00,0.00,0,195203860,3904,"0-10%=4.307µs(n=5000)|10-20%=4.1µs(n=5000)|20-30%=3.991µs(n=5000)|30-40%=3.843µs(n=5000)|40-50%=3.797µs(n=5000)|50-60%=3.865µs(n=5000)|60-70%=3.899µs(n=5000)|70-80%=3.7µs(n=5000)|80-90%=3.67µs(n=5000)|90-100%=3.865µs(n=5000)",884,4927,0,0,"",0,0,0,0,0,0.00,0.00,0
smt,prehashed_ordered_proof_only_after_1m_build_sample_5pct,1000000,1000000,0,0,0,"",0.00,0.00,0,150407866,3008,"0-10%=2.797µs(n=5000)|10-20%=2.945µs(n=5000)|20-30%=2.991µs(n=5000)|30-40%=3.06µs(n=5000)|40-50%=3.05µs(n=5000)|50-60%=3.041µs(n=5000)|60-70%=2.996µs(n=5000)|70-80%=3.122µs(n=5000)|80-90%=3.032µs(n=5000)|90-100%=3.042µs(n=5000)",885,4955,0,0,"",0,0,0,0,0,0.00,0.00,0
smt,proof_only_after_2m_build_sample_3pct,2000000,2000000,0,0,0,"",0.00,0.00,0,256558533,4275,"0-10%=4.681µs(n=6000)|10-20%=4.327µs(n=6000)|20-30%=4.258µs(n=6000)|30-40%=4.326µs(n=6000)|40-50%=4.227µs(n=6000)|50-60%=4.166µs(n=6000)|60-70%=4.113µs(n=6000)|70-80%=4.204µs(n=6000)|80-90%=4.189µs(n=6000)|90-100%=4.265µs(n=6000)",923,6346,0,0,"",0,0,0,0,0,0.00,0.00,0
smt,proof_only_after_5m_build_sample_3pct,5000000,5000000,0,0,0,"",0.00,0.00,0,740492306,4936,"0-10%=5.282µs(n=15000)|10-20%=5.124µs(n=15000)|20-30%=5.119µs(n=15000)|30-40%=5.105µs(n=15000)|40-50%=5.11µs(n=15000)|50-60%=4.903µs(n=15000)|60-70%=4.828µs(n=15000)|70-80%=4.821µs(n=15000)|80-90%=4.627µs(n=15000)|90-100%=4.443µs(n=15000)",973,6138,0,0,"",0,0,0,0,0,0.00,0.00,0
smt,prehashed_ordered_proof_only_after_5m_build_sample_3pct,5000000,5000000,0,0,0,"",0.00,0.00,0,511570623,3410,"0-10%=3.329µs(n=15000)|10-20%=3.406µs(n=15000)|20-30%=3.414µs(n=15000)|30-40%=3.341µs(n=15000)|40-50%=3.442µs(n=15000)|50-60%=3.306µs(n=15000)|60-70%=3.355µs(n=15000)|70-80%=3.61µs(n=15000)|80-90%=3.494µs(n=15000)|90-100%=3.404µs(n=15000)",973,6015,0,0,"",0,0,0,0,0,0.00,0.00,0
smt,proof_only_after_10m_build_sample_2pct,10000000,10000000,0,0,0,"",0.00,0.00,0,1128902232,5644,"0-10%=5.659µs(n=20000)|10-20%=5.534µs(n=20000)|20-30%=6.125µs(n=20000)|30-40%=6.118µs(n=20000)|40-50%=5.43µs(n=20000)|50-60%=5.402µs(n=20000)|60-70%=5.625µs(n=20000)|70-80%=5.574µs(n=20000)|80-90%=5.518µs(n=20000)|90-100%=5.453µs(n=20000)",1011,6583,0,0,"",0,0,0,0,0,0.00,0.00,0
smt,proof_only_after_20m_build_sample_2pct,20000000,20000000,0,0,0,"",0.00,0.00,0,3465352713,8663,"0-10%=8.706µs(n=40000)|10-20%=8.618µs(n=40000)|20-30%=8.528µs(n=40000)|30-40%=8.643µs(n=40000)|40-50%=8.659µs(n=40000)|50-60%=8.654µs(n=40000)|60-70%=8.75µs(n=40000)|70-80%=8.754µs(n=40000)|80-90%=8.679µs(n=40000)|90-100%=8.637µs(n=40000)",1049,8444,0,0,"",0,0,0,0,0,0.00,0.00,0
smt,build_10k_then_add_2k_new,10000,12000,2000,5088334,2544,"0-10%=2.835µs(n=200)|10-20%=2.613µs(n=200)|20-30%=2.475µs(n=200)|30-40%=2.574µs(n=200)|40-50%=2.638µs(n=200)|50-60%=2.55µs(n=200)|60-70%=2.542µs(n=200)|70-80%=2.444µs(n=200)|80-90%=2.473µs(n=200)|90-100%=2.289µs(n=200)",1.45,1.45,146336,0,0,"",0,0,0,0,"",0,0,0,0,0,0.00,0.00,0
smt,build_50k_then_add_10k_new,50000,60000,10000,33780570,3378,"0-10%=4.05µs(n=1000)|10-20%=3.683µs(n=1000)|20-30%=3.395µs(n=1000)|30-40%=3.302µs(n=1000)|40-50%=3.421µs(n=1000)|50-60%=3.288µs(n=1000)|60-70%=3.167µs(n=1000)|70-80%=3.208µs(n=1000)|80-90%=3.206µs(n=1000)|90-100%=3.053µs(n=1000)",7.17,7.17,728104,0,0,"",0,0,0,0,"",0,0,0,0,0,0.00,0.00,0
smt,build_100k_then_add_20k_new,100000,120000,20000,83214799,4160,"0-10%=5.565µs(n=2000)|10-20%=4.745µs(n=2000)|20-30%=4.247µs(n=2000)|30-40%=4.202µs(n=2000)|40-50%=4.072µs(n=2000)|50-60%=4.01µs(n=2000)|60-70%=3.769µs(n=2000)|70-80%=3.662µs(n=2000)|80-90%=3.712µs(n=2000)|90-100%=3.617µs(n=2000)",14.32,14.32,1455309,0,0,"",0,0,0,0,"",0,0,0,0,0,0.00,0.00,0
smt,build_200k_then_add_40k_new,200000,240000,40000,185612831,4640,"0-10%=5.656µs(n=4000)|10-20%=5.105µs(n=4000)|20-30%=4.86µs(n=4000)|30-40%=4.688µs(n=4000)|40-50%=4.433µs(n=4000)|50-60%=4.386µs(n=4000)|60-70%=4.327µs(n=4000)|70-80%=4.519µs(n=4000)|80-90%=4.221µs(n=4000)|90-100%=4.203µs(n=4000)",28.66,28.66,2909943,0,0,"",0,0,0,0,"",0,0,0,0,0,0.00,0.00,0
smt,build_300k_then_add_60k_new,300000,360000,60000,300900227,5015,"0-10%=6.098µs(n=6000)|10-20%=5.516µs(n=6000)|20-30%=5.24µs(n=6000)|30-40%=5.154µs(n=6000)|40-50%=4.921µs(n=6000)|50-60%=4.838µs(n=6000)|60-70%=4.846µs(n=6000)|70-80%=4.639µs(n=6000)|80-90%=4.442µs(n=6000)|90-100%=4.452µs(n=6000)",42.95,42.95,4364058,0,0,"",0,0,0,0,"",0,0,0,0,0,0.00,0.00,0
smt,build_500k_then_add_100k_new,500000,600000,100000,553418539,5534,"0-10%=6.322µs(n=10000)|10-20%=5.747µs(n=10000)|20-30%=5.794µs(n=10000)|30-40%=6.194µs(n=10000)|40-50%=5.349µs(n=10000)|50-60%=5.235µs(n=10000)|60-70%=4.983µs(n=10000)|70-80%=4.817µs(n=10000)|80-90%=5.268µs(n=10000)|90-100%=5.629µs(n=10000)",71.59,71.59,7273266,0,0,"",0,0,0,0,"",0,0,0,0,0,0.00,0.00,0
smt,build_700k_then_add_140k_new,700000,840000,140000,805216514,5751,"0-10%=7.088µs(n=14000)|10-20%=6.661µs(n=14000)|20-30%=6.013µs(n=14000)|30-40%=5.678µs(n=14000)|40-50%=5.511µs(n=14000)|50-60%=5.457µs(n=14000)|60-70%=5.242µs(n=14000)|70-80%=5.271µs(n=14000)|80-90%=5.282µs(n=14000)|90-100%=5.306µs(n=14000)",100.21,100.21,10181944,0,0,"",0,0,0,0,"",0,0,0,0,0,0.00,0.00,0
smt,build_900k_then_add_180k_new,900000,1080000,180000,1065212847,5917,"0-10%=6.522µs(n=18000)|10-20%=6.067µs(n=18000)|20-30%=5.932µs(n=18000)|30-40%=5.989µs(n=18000)|40-50%=5.801µs(n=18000)|50-60%=5.767µs(n=18000)|60-70%=6.444µs(n=18000)|70-80%=5.75µs(n=18000)|80-90%=5.475µs(n=18000)|90-100%=5.427µs(n=18000)",128.80,128.80,13090446,0,0,"",0,0,0,0,"",0,0,0,0,0,0.00,0.00,0
smt,build_1m_then_add_200k_new,1000000,1200000,200000,1216961497,6084,"0-10%=6.564µs(n=20000)|10-20%=6.04µs(n=20000)|20-30%=6.159µs(n=20000)|30-40%=6.552µs(n=20000)|40-50%=5.946µs(n=20000)|50-60%=5.893µs(n=20000)|60-70%=5.963µs(n=20000)|70-80%=5.989µs(n=20000)|80-90%=5.943µs(n=20000)|90-100%=5.793µs(n=20000)",143.13,143.13,14544948,0,0,"",0,0,0,0,"",0,0,0,0,0,0.00,0.00,0
smt,build_2m_then_add_400k_new,2000000,2400000,400000,2668245497,6670,"0-10%=7.56µs(n=40000)|10-20%=7.083µs(n=40000)|20-30%=6.946µs(n=40000)|30-40%=6.891µs(n=40000)|40-50%=6.316µs(n=40000)|50-60%=6.25µs(n=40000)|60-70%=6.283µs(n=40000)|70-80%=6.256µs(n=40000)|80-90%=6.283µs(n=40000)|90-100%=6.833µs(n=40000)",286.25,286.25,29089079,0,0,"",0,0,0,0,"",0,0,0,0,0,0.00,0.00,0
smt,build_5m_then_add_1m_new,5000000,6000000,1000000,7499580311,7499,"0-10%=7.978µs(n=100000)|10-20%=7.585µs(n=100000)|20-30%=7.646µs(n=100000)|30-40%=7.558µs(n=100000)|40-50%=7.484µs(n=100000)|50-60%=7.284µs(n=100000)|60-70%=7.3µs(n=100000)|70-80%=7.51µs(n=100000)|80-90%=7.528µs(n=100000)|90-100%=7.118µs(n=100000)",715.72,715.72,72723007,0,0,"",0,0,0,0,"",0,0,0,0,0,0.00,0.00,0
smt,build_10m_then_add_2m_new,10000000,12000000,2000000,16442335893,8221,"0-10%=8.655µs(n=200000)|10-20%=8.656µs(n=200000)|20-30%=8.765µs(n=200000)|30-40%=8.628µs(n=200000)|40-50%=8.085µs(n=200000)|50-60%=7.861µs(n=200000)|60-70%=7.862µs(n=200000)|70-80%=7.844µs(n=200000)|80-90%=7.943µs(n=200000)|90-100%=7.907µs(n=200000)",1431.33,1431.33,145442592,0,0,"",0,0,0,0,"",0,0,0,0,0,0.00,0.00,0
smt,build_20m_then_add_5m_new,20000000,25000000,5000000,48780283853,9756,"0-10%=9.771µs(n=500000)|10-20%=9.738µs(n=500000)|20-30%=9.843µs(n=500000)|30-40%=9.615µs(n=500000)|40-50%=9.655µs(n=500000)|50-60%=9.764µs(n=500000)|60-70%=9.773µs(n=500000)|70-80%=9.661µs(n=500000)|80-90%=9.802µs(n=500000)|90-100%=9.933µs(n=500000)",3578.81,3578.81,308607736,0,0,"",0,0,0,0,"",0,0,0,0,0,0.00,0.00,0
smt,build_10k_then_reinsert_2k_existing,10000,10000,2000,4905493,2452,"0-10%=3.096µs(n=200)|10-20%=2.445µs(n=200)|20-30%=2.385µs(n=200)|30-40%=2.438µs(n=200)|40-50%=2.313µs(n=200)|50-60%=2.376µs(n=200)|60-70%=2.582µs(n=200)|70-80%=2.448µs(n=200)|80-90%=2.257µs(n=200)|90-100%=2.178µs(n=200)",0.34,0.34,121927,0,0,"",0,0,0,0,"",0,0,0,0,0,0.00,0.00,0
smt,build_50k_then_reinsert_10k_existing,50000,50000,10000,32208613,3220,"0-10%=3.823µs(n=1000)|10-20%=3.374µs(n=1000)|20-30%=3.384µs(n=1000)|30-40%=3.188µs(n=1000)|40-50%=3.269µs(n=1000)|50-60%=3.132µs(n=1000)|60-70%=3.173µs(n=1000)|70-80%=3.021µs(n=1000)|80-90%=2.955µs(n=1000)|90-100%=2.882µs(n=1000)",1.62,1.62,605932,0,0,"",0,0,0,0,"",0,0,0,0,0,0.00,0.00,0
smt,build_100k_then_reinsert_20k_existing,100000,100000,20000,74979766,3748,"0-10%=4.333µs(n=2000)|10-20%=3.989µs(n=2000)|20-30%=3.898µs(n=2000)|30-40%=3.807µs(n=2000)|40-50%=3.675µs(n=2000)|50-60%=3.673µs(n=2000)|60-70%=3.65µs(n=2000)|70-80%=3.572µs(n=2000)|80-90%=3.452µs(n=2000)|90-100%=3.436µs(n=2000)",3.22,3.22,1210945,0,0,"",0,0,0,0,"",0,0,0,0,0,0.00,0.00,0
smt,build_200k_then_reinsert_40k_existing,200000,200000,40000,161784694,4044,"0-10%=4.953µs(n=4000)|10-20%=4.32µs(n=4000)|20-30%=4.104µs(n=4000)|30-40%=4.041µs(n=4000)|40-50%=3.968µs(n=4000)|50-60%=3.919µs(n=4000)|60-70%=3.874µs(n=4000)|70-80%=3.819µs(n=4000)|80-90%=3.734µs(n=4000)|90-100%=3.709µs(n=4000)",6.44,6.44,2420962,0,0,"",0,0,0,0,"",0,0,0,0,0,0.00,0.00,0
smt,build_300k_then_reinsert_60k_existing,300000,300000,60000,264909621,4415,"0-10%=5.428µs(n=6000)|10-20%=4.761µs(n=6000)|20-30%=4.538µs(n=6000)|30-40%=4.415µs(n=6000)|40-50%=4.32µs(n=6000)|50-60%=4.223µs(n=6000)|60-70%=4.198µs(n=6000)|70-80%=4.162µs(n=6000)|80-90%=4.055µs(n=6000)|90-100%=4.046µs(n=6000)",9.64,9.64,3630974,0,0,"",0,0,0,0,"",0,0,0,0,0,0.00,0.00,0
smt,build_500k_then_reinsert_100k_existing,500000,500000,100000,491627202,4916,"0-10%=5.817µs(n=10000)|10-20%=5.163µs(n=10000)|20-30%=4.961µs(n=10000)|30-40%=4.85µs(n=10000)|40-50%=4.768µs(n=10000)|50-60%=4.746µs(n=10000)|60-70%=4.726µs(n=10000)|70-80%=4.78µs(n=10000)|80-90%=4.668µs(n=10000)|90-100%=4.677µs(n=10000)",16.06,16.06,6050983,0,0,"",0,0,0,0,"",0,0,0,0,0,0.00,0.00,0
smt,build_700k_then_reinsert_140k_existing,700000,700000,140000,713896249,5099,"0-10%=6.054µs(n=14000)|10-20%=5.355µs(n=14000)|20-30%=5.191µs(n=14000)|30-40%=5.103µs(n=14000)|40-50%=5.015µs(n=14000)|50-60%=4.955µs(n=14000)|60-70%=4.832µs(n=14000)|70-80%=4.832µs(n=14000)|80-90%=4.833µs(n=14000)|90-100%=4.819µs(n=14000)",22.47,22.47,8470992,0,0,"",0,0,0,0,"",0,0,0,0,0,0.00,0.00,0
smt,build_900k_then_reinsert_180k_existing,900000,900000,180000,970540590,5391,"0-10%=6.18µs(n=18000)|10-20%=5.608µs(n=18000)|20-30%=5.426µs(n=18000)|30-40%=5.324µs(n=18000)|40-50%=5.194µs(n=18000)|50-60%=5.169µs(n=18000)|60-70%=5.353µs(n=18000)|70-80%=5.305µs(n=18000)|80-90%=5.196µs(n=18000)|90-100%=5.158µs(n=18000)",28.89,28.89,10891001,0,0,"",0,0,0,0,"",0,0,0,0,0,0.00,0.00,0
smt,build_1m_then_reinsert_200k_existing,1000000,1000000,200000,1180382847,5901,"0-10%=6.403µs(n=20000)|10-20%=6.017µs(n=20000)|20-30%=5.964µs(n=20000)|30-40%=5.896µs(n=20000)|40-50%=5.622µs(n=20000)|50-60%=5.549µs(n=20000)|60-70%=7.834µs(n=20000)|70-80%=5.29µs(n=20000)|80-90%=5.227µs(n=20000)|90-100%=5.212µs(n=20000)",32.09,32.09,12100948,0,0,"",0,0,0,0,"",0,0,0,0,0,0.00,0.00,0
smt,prehashed_ordered_build_1m_then_reinsert_200k_existing,1000000,1000000,200000,582220192,2911,"0-10%=2.802µs(n=20000)|10-20%=2.961µs(n=20000)|20-30%=2.994µs(n=20000)|30-40%=3.037µs(n=20000)|40-50%=2.915µs(n=20000)|50-60%=2.889µs(n=20000)|60-70%=2.899µs(n=20000)|70-80%=2.84µs(n=20000)|80-90%=2.822µs(n=20000)|90-100%=2.947µs(n=20000)",19.88,19.88,11700957,0,0,"",0,0,0,0,"",0,0,0,0,0,0.00,0.00,0
smt,build_2m_then_reinsert_400k_existing,2000000,2000000,400000,2466580646,6166,"0-10%=6.723µs(n=40000)|10-20%=6.318µs(n=40000)|20-30%=6.256µs(n=40000)|30-40%=6.224µs(n=40000)|40-50%=6.212µs(n=40000)|50-60%=6.108µs(n=40000)|60-70%=6.095µs(n=40000)|70-80%=6.019µs(n=40000)|80-90%=5.857µs(n=40000)|90-100%=5.848µs(n=40000)",64.19,64.19,24200976,0,0,"",0,0,0,0,"",0,0,0,0,0,0.00,0.00,0
smt,build_5m_then_reinsert_1m_existing,5000000,5000000,1000000,6987468782,6987,"0-10%=7.272µs(n=100000)|10-20%=7.028µs(n=100000)|20-30%=6.947µs(n=100000)|30-40%=6.933µs(n=100000)|40-50%=7.04µs(n=100000)|50-60%=6.98µs(n=100000)|60-70%=6.935µs(n=100000)|70-80%=6.945µs(n=100000)|80-90%=6.93µs(n=100000)|90-100%=6.859µs(n=100000)",160.47,160.47,60501009,0,0,"",0,0,0,0,"",0,0,0,0,0,0.00,0.00,0
smt,prehashed_ordered_build_5m_then_reinsert_1m_existing,5000000,5000000,1000000,3182517062,3182,"0-10%=3.076µs(n=100000)|10-20%=3.235µs(n=100000)|20-30%=3.229µs(n=100000)|30-40%=3.319µs(n=100000)|40-50%=3.154µs(n=100000)|50-60%=3.173µs(n=100000)|60-70%=3.136µs(n=100000)|70-80%=3.106µs(n=100000)|80-90%=3.097µs(n=100000)|90-100%=3.297µs(n=100000)",99.30,99.30,58500932,0,0,"",0,0,0,0,"",0,0,0,0,0,0.00,0.00,0
smt,build_10m_then_reinsert_2m_existing,10000000,10000000,2000000,15768269969,7884,"0-10%=8.219µs(n=200000)|10-20%=7.892µs(n=200000)|20-30%=8.025µs(n=200000)|30-40%=8µs(n=200000)|40-50%=7.84µs(n=200000)|50-60%=7.821µs(n=200000)|60-70%=7.812µs(n=200000)|70-80%=7.731µs(n=200000)|80-90%=7.774µs(n=200000)|90-100%=7.723µs(n=200000)",320.97,320.97,121000994,0,0,"",0,0,0,0,"",0,0,0,0,0,0.00,0.00,0
smt,build_25m_then_reinsert_5m_existing,25000000,25000000,5000000,46271504383,9254,"0-10%=9.541µs(n=500000)|10-20%=9.449µs(n=500000)|20-30%=9.315µs(n=500000)|30-40%=9.109µs(n=500000)|40-50%=9.169µs(n=500000)|50-60%=9.123µs(n=500000)|60-70%=9.162µs(n=500000)|70-80%=9.055µs(n=500000)|80-90%=9.422µs(n=500000)|90-100%=9.193µs(n=500000)",802.74,802.74,302501137,0,0,"",0,0,0,0,"",0,0,0,0,0,0.00,0.00,0
smt,build_10k,0,10000,10000,25450407,2545,"0-10%=1.912µs(n=1000)|10-20%=2.018µs(n=1000)|20-30%=2.189µs(n=1000)|30-40%=2.876µs(n=1000)|40-50%=2.392µs(n=1000)|50-60%=2.502µs(n=1000)|60-70%=3.454µs(n=1000)|70-80%=2.69µs(n=1000)|80-90%=2.667µs(n=1000)|90-100%=2.743µs(n=1000)",5.77,7.18,133710,221956,2219,"0-10%=2.02µs(n=10)|10-20%=2.061µs(n=10)|20-30%=2.147µs(n=10)|30-40%=1.812µs(n=10)|40-50%=2.288µs(n=10)|50-60%=1.893µs(n=10)|60-70%=2.976µs(n=10)|70-80%=1.926µs(n=10)|80-90%=1.84µs(n=10)|90-100%=3.228µs(n=10)",630,3415,0,0,"",0,0,0,0,0,0.00,0.00,0
smt,build_50k,0,50000,50000,140280925,2805,"0-10%=2.279µs(n=5000)|10-20%=2.531µs(n=5000)|20-30%=2.827µs(n=5000)|30-40%=2.637µs(n=5000)|40-50%=2.987µs(n=5000)|50-60%=2.771µs(n=5000)|60-70%=2.826µs(n=5000)|70-80%=2.961µs(n=5000)|80-90%=3.266µs(n=5000)|90-100%=2.966µs(n=5000)",27.31,35.83,617420,1528806,3057,"0-10%=3.13µs(n=50)|10-20%=2.941µs(n=50)|20-30%=3.146µs(n=50)|30-40%=3.255µs(n=50)|40-50%=3.231µs(n=50)|50-60%=3.108µs(n=50)|60-70%=3.14µs(n=50)|70-80%=2.666µs(n=50)|80-90%=2.934µs(n=50)|90-100%=3.02µs(n=50)",720,3727,0,0,"",0,0,0,0,0,0.00,0.00,0
smt,build_100k,0,100000,100000,298636244,2986,"0-10%=2.329µs(n=10000)|10-20%=2.664µs(n=10000)|20-30%=2.839µs(n=10000)|30-40%=2.806µs(n=10000)|40-50%=3.042µs(n=10000)|50-60%=3.014µs(n=10000)|60-70%=3.093µs(n=10000)|70-80%=3.196µs(n=10000)|80-90%=3.507µs(n=10000)|90-100%=3.367µs(n=10000)",54.43,71.57,1230713,3122215,3122,"0-10%=2.995µs(n=100)|10-20%=3.163µs(n=100)|20-30%=3.143µs(n=100)|30-40%=2.893µs(n=100)|40-50%=3.123µs(n=100)|50-60%=3.108µs(n=100)|60-70%=3.13µs(n=100)|70-80%=3.199µs(n=100)|80-90%=3.313µs(n=100)|90-100%=3.15µs(n=100)",759,3807,0,0,"",0,0,0,0,0,0.00,0.00,0
smt,build_200k,0,200000,200000,683202176,3416,"0-10%=2.489µs(n=20000)|10-20%=2.834µs(n=20000)|20-30%=3.09µs(n=20000)|30-40%=3.27µs(n=20000)|40-50%=3.316µs(n=20000)|50-60%=3.426µs(n=20000)|60-70%=3.874µs(n=20000)|70-80%=4.091µs(n=20000)|80-90%=3.917µs(n=20000)|90-100%=3.849µs(n=20000)",114.80,143.11,2649511,6909564,3454,"0-10%=3.633µs(n=200)|10-20%=3.396µs(n=200)|20-30%=3.326µs(n=200)|30-40%=3.341µs(n=200)|40-50%=3.383µs(n=200)|50-60%=3.613µs(n=200)|60-70%=3.537µs(n=200)|70-80%=3.539µs(n=200)|80-90%=3.475µs(n=200)|90-100%=3.301µs(n=200)",797,3905,0,0,"",0,0,0,0,0,0.00,0.00,0
smt,build_300k,0,300000,300000,1095066147,3650,"0-10%=2.58µs(n=30000)|10-20%=2.888µs(n=30000)|20-30%=3.248µs(n=30000)|30-40%=3.547µs(n=30000)|40-50%=3.894µs(n=30000)|50-60%=3.797µs(n=30000)|60-70%=3.75µs(n=30000)|70-80%=4.296µs(n=30000)|80-90%=4.356µs(n=30000)|90-100%=4.143µs(n=30000)",165.30,214.69,3753370,11092692,3697,"0-10%=3.707µs(n=300)|10-20%=3.63µs(n=300)|20-30%=3.584µs(n=300)|30-40%=3.784µs(n=300)|40-50%=3.737µs(n=300)|50-60%=3.596µs(n=300)|60-70%=3.839µs(n=300)|70-80%=3.649µs(n=300)|80-90%=3.788µs(n=300)|90-100%=3.658µs(n=300)",819,3986,0,0,"",0,0,0,0,0,0.00,0.00,0
smt,build_500k,0,500000,500000,2113095618,4226,"0-10%=2.634µs(n=50000)|10-20%=3.057µs(n=50000)|20-30%=3.386µs(n=50000)|30-40%=3.995µs(n=50000)|40-50%=4.741µs(n=50000)|50-60%=4.537µs(n=50000)|60-70%=4.473µs(n=50000)|70-80%=5.012µs(n=50000)|80-90%=5.394µs(n=50000)|90-100%=5.026µs(n=50000)",274.12,357.81,6212317,20167892,4033,"0-10%=4.037µs(n=500)|10-20%=4.107µs(n=500)|20-30%=4.027µs(n=500)|30-40%=3.994µs(n=500)|40-50%=4.038µs(n=500)|50-60%=4.069µs(n=500)|60-70%=4.022µs(n=500)|70-80%=4.054µs(n=500)|80-90%=4.064µs(n=500)|90-100%=3.917µs(n=500)",846,4133,0,0,"",0,0,0,0,0,0.00,0.00,0
smt,build_700k,0,700000,700000,2969791380,4242,"0-10%=2.798µs(n=70000)|10-20%=3.625µs(n=70000)|20-30%=3.668µs(n=70000)|30-40%=4.149µs(n=70000)|40-50%=4.07µs(n=70000)|50-60%=4.733µs(n=70000)|60-70%=4.62µs(n=70000)|70-80%=4.51µs(n=70000)|80-90%=4.809µs(n=70000)|90-100%=5.438µs(n=70000)",361.13,500.95,7978267,29264588,4180,"0-10%=4.045µs(n=700)|10-20%=4.188µs(n=700)|20-30%=4.152µs(n=700)|30-40%=4.208µs(n=700)|40-50%=4.231µs(n=700)|50-60%=4.207µs(n=700)|60-70%=4.271µs(n=700)|70-80%=4.146µs(n=700)|80-90%=4.202µs(n=700)|90-100%=4.152µs(n=700)",865,4685,0,0,"",0,0,0,0,0,0.00,0.00,0
smt,build_900k,0,900000,900000,4176813327,4640,"0-10%=3.093µs(n=90000)|10-20%=3.893µs(n=90000)|20-30%=4.559µs(n=90000)|30-40%=4.701µs(n=90000)|40-50%=5.317µs(n=90000)|50-60%=4.791µs(n=90000)|60-70%=4.929µs(n=90000)|70-80%=5.205µs(n=90000)|80-90%=5.048µs(n=90000)|90-100%=4.868µs(n=90000)",514.08,644.10,11836944,37286298,4142,"0-10%=4.115µs(n=900)|10-20%=4.13µs(n=900)|20-30%=4.139µs(n=900)|30-40%=4.073µs(n=900)|40-50%=4.194µs(n=900)|50-60%=4.169µs(n=900)|60-70%=4.121µs(n=900)|70-80%=4.239µs(n=900)|80-90%=4.175µs(n=900)|90-100%=4.07µs(n=900)",879,4258,0,0,"",0,0,0,0,0,0.00,0.00,0
smt,build_1m,0,1000000,1000000,4710699366,4710,"0-10%=2.89µs(n=100000)|10-20%=3.586µs(n=100000)|20-30%=4.28µs(n=100000)|30-40%=4.688µs(n=100000)|40-50%=5.374µs(n=100000)|50-60%=5.293µs(n=100000)|60-70%=5.758µs(n=100000)|70-80%=5.274µs(n=100000)|80-90%=4.946µs(n=100000)|90-100%=5.013µs(n=100000)",575.27,715.64,13280450,46865717,4686,"0-10%=3.326µs(n=1000)|10-20%=3.33µs(n=1000)|20-30%=3.752µs(n=1000)|30-40%=4.189µs(n=1000)|40-50%=4.215µs(n=1000)|50-60%=4.289µs(n=1000)|60-70%=4.344µs(n=1000)|70-80%=4.338µs(n=1000)|80-90%=4.232µs(n=1000)|90-100%=10.846µs(n=1000)",885,4917,0,0,"",0,0,0,0,0,0.00,0.00,0
smt,build_2m,0,2000000,2000000,10931529813,5465,"0-10%=3.719µs(n=200000)|10-20%=4.88µs(n=200000)|20-30%=4.72µs(n=200000)|30-40%=5.437µs(n=200000)|40-50%=5.581µs(n=200000)|50-60%=6.118µs(n=200000)|60-70%=5.781µs(n=200000)|70-80%=5.616µs(n=200000)|80-90%=5.721µs(n=200000)|90-100%=7.08µs(n=200000)",1044.14,1431.26,23184188,122489915,6124,"0-10%=5.476µs(n=2000)|10-20%=5.556µs(n=2000)|20-30%=5.67µs(n=2000)|30-40%=5.664µs(n=2000)|40-50%=5.667µs(n=2000)|50-60%=5.753µs(n=2000)|60-70%=5.691µs(n=2000)|70-80%=5.638µs(n=2000)|80-90%=6.406µs(n=2000)|90-100%=9.719µs(n=2000)",922,5071,0,0,"",0,0,0,0,0,0.00,0.00,0
smt,build_5m,0,5000000,5000000,30946509634,6189,"0-10%=4.478µs(n=500000)|10-20%=5.172µs(n=500000)|20-30%=5.689µs(n=500000)|30-40%=5.905µs(n=500000)|40-50%=6.471µs(n=500000)|50-60%=6.268µs(n=500000)|60-70%=6.216µs(n=500000)|70-80%=7.218µs(n=500000)|80-90%=7.239µs(n=500000)|90-100%=7.232µs(n=500000)",2794.63,3578.15,63756492,396999722,7939,"0-10%=7.422µs(n=5000)|10-20%=7.718µs(n=5000)|20-30%=7.808µs(n=5000)|30-40%=8.091µs(n=5000)|40-50%=8.297µs(n=5000)|50-60%=8.122µs(n=5000)|60-70%=7.882µs(n=5000)|70-80%=8.108µs(n=5000)|80-90%=8.071µs(n=5000)|90-100%=7.876µs(n=5000)",973,6840,0,0,"",0,0,0,0,0,0.00,0.00,0
smt,build_10m,0,10000000,10000000,70548546113,7054,"0-10%=4.662µs(n=1000000)|10-20%=5.858µs(n=1000000)|20-30%=6.43µs(n=1000000)|30-40%=6.581µs(n=1000000)|40-50%=7.184µs(n=1000000)|50-60%=7.471µs(n=1000000)|60-70%=7.678µs(n=1000000)|70-80%=8.412µs(n=1000000)|80-90%=8.117µs(n=1000000)|90-100%=8.151µs(n=1000000)",5585.34,7156.45,127383143,850412474,8504,"0-10%=8.213µs(n=10000)|10-20%=8.546µs(n=10000)|20-30%=8.488µs(n=10000)|30-40%=8.613µs(n=10000)|40-50%=8.578µs(n=10000)|50-60%=8.564µs(n=10000)|60-70%=8.56µs(n=10000)|70-80%=8.606µs(n=10000)|80-90%=8.544µs(n=10000)|90-100%=8.323µs(n=10000)",1011,7166,0,0,"",0,0,0,0,0,0.00,0.00,0
smt,build_25m,0,25000000,25000000,210352566824,8414,"0-10%=5.607µs(n=2500000)|10-20%=6.874µs(n=2500000)|20-30%=7.551µs(n=2500000)|30-40%=7.992µs(n=2500000)|40-50%=8.884µs(n=2500000)|50-60%=8.764µs(n=2500000)|60-70%=9.103µs(n=2500000)|70-80%=9.886µs(n=2500000)|80-90%=9.638µs(n=2500000)|90-100%=9.838µs(n=2500000)",14085.72,17892.48,322324144,2363511578,9454,"0-10%=9.262µs(n=25000)|10-20%=9.412µs(n=25000)|20-30%=9.431µs(n=25000)|30-40%=9.404µs(n=25000)|40-50%=9.518µs(n=25000)|50-60%=9.463µs(n=25000)|60-70%=9.461µs(n=25000)|70-80%=9.604µs(n=25000)|80-90%=9.483µs(n=25000)|90-100%=9.497µs(n=25000)",1061,7431,0,0,"",0,0,0,0,0,0.00,0.00,0
smt,prehashed_ordered_build_10k,0,10000,10000,14650242,1465,"0-10%=1.098µs(n=1000)|10-20%=1.2µs(n=1000)|20-30%=1.985µs(n=1000)|30-40%=1.403µs(n=1000)|40-50%=1.406µs(n=1000)|50-60%=1.174µs(n=1000)|60-70%=1.256µs(n=1000)|70-80%=1.3µs(n=1000)|80-90%=2.33µs(n=1000)|90-100%=1.491µs(n=1000)",5.05,6.42,121580,115082,1150,"0-10%=1.427µs(n=10)|10-20%=1.074µs(n=10)|20-30%=999ns(n=10)|30-40%=1.235µs(n=10)|40-50%=1.002µs(n=10)|50-60%=1.014µs(n=10)|60-70%=1.141µs(n=10)|70-80%=1.549µs(n=10)|80-90%=1.154µs(n=10)|90-100%=908ns(n=10)",634,2868,0,0,"",0,0,0,0,0,0.00,0.00,0
smt,prehashed_ordered_build_50k,0,50000,50000,75592254,1511,"0-10%=1.365µs(n=5000)|10-20%=1.599µs(n=5000)|20-30%=1.384µs(n=5000)|30-40%=1.722µs(n=5000)|40-50%=1.524µs(n=5000)|50-60%=1.292µs(n=5000)|60-70%=1.404µs(n=5000)|70-80%=1.749µs(n=5000)|80-90%=1.489µs(n=5000)|90-100%=1.585µs(n=5000)",25.99,32.06,628166,644008,1288,"0-10%=1.215µs(n=50)|10-20%=1.362µs(n=50)|20-30%=1.427µs(n=50)|30-40%=1.277µs(n=50)|40-50%=1.195µs(n=50)|50-60%=1.452µs(n=50)|60-70%=1.058µs(n=50)|70-80%=1.426µs(n=50)|80-90%=1.235µs(n=50)|90-100%=1.228µs(n=50)",725,3383,0,0,"",0,0,0,0,0,0.00,0.00,0
smt,prehashed_ordered_build_100k,0,100000,100000,155689266,1556,"0-10%=1.398µs(n=10000)|10-20%=1.552µs(n=10000)|20-30%=1.446µs(n=10000)|30-40%=1.668µs(n=10000)|40-50%=1.61µs(n=10000)|50-60%=1.36µs(n=10000)|60-70%=1.735µs(n=10000)|70-80%=1.564µs(n=10000)|80-90%=1.587µs(n=10000)|90-100%=1.643µs(n=10000)",53.00,64.12,1288001,1802469,1802,"0-10%=1.638µs(n=100)|10-20%=1.581µs(n=100)|20-30%=1.54µs(n=100)|30-40%=2.302µs(n=100)|40-50%=1.863µs(n=100)|50-60%=1.404µs(n=100)|60-70%=1.435µs(n=100)|70-80%=1.983µs(n=100)|80-90%=1.873µs(n=100)|90-100%=2.401µs(n=100)",757,3515,0,0,"",0,0,0,0,0,0.00,0.00,0
smt,prehashed_ordered_build_200k,0,200000,200000,329920933,1649,"0-10%=1.42µs(n=20000)|10-20%=1.595µs(n=20000)|20-30%=1.523µs(n=20000)|30-40%=1.556µs(n=20000)|40-50%=1.925µs(n=20000)|50-60%=1.486µs(n=20000)|60-70%=1.585µs(n=20000)|70-80%=1.844µs(n=20000)|80-90%=1.772µs(n=20000)|90-100%=1.785µs(n=20000)",101.92,128.22,2442217,4499410,2249,"0-10%=2.267µs(n=200)|10-20%=2.174µs(n=200)|20-30%=2.023µs(n=200)|30-40%=2.159µs(n=200)|40-50%=2.297µs(n=200)|50-60%=2.261µs(n=200)|60-70%=2.315µs(n=200)|70-80%=2.269µs(n=200)|80-90%=2.196µs(n=200)|90-100%=2.532µs(n=200)",796,3752,0,0,"",0,0,0,0,0,0.00,0.00,0
smt,prehashed_ordered_build_300k,0,300000,300000,508464263,1694,"0-10%=1.495µs(n=30000)|10-20%=1.623µs(n=30000)|20-30%=1.598µs(n=30000)|30-40%=1.644µs(n=30000)|40-50%=1.933µs(n=30000)|50-60%=1.519µs(n=30000)|60-70%=1.608µs(n=30000)|70-80%=1.655µs(n=30000)|80-90%=2.045µs(n=30000)|90-100%=1.825µs(n=30000)",150.71,192.30,3590540,6762590,2254,"0-10%=2.102µs(n=300)|10-20%=2.036µs(n=300)|20-30%=2.218µs(n=300)|30-40%=2.32µs(n=300)|40-50%=2.364µs(n=300)|50-60%=2.087µs(n=300)|60-70%=2.198µs(n=300)|70-80%=2.379µs(n=300)|80-90%=2.378µs(n=300)|90-100%=2.456µs(n=300)",819,3812,0,0,"",0,0,0,0,0,0.00,0.00,0
smt,prehashed_ordered_build_500k,0,500000,500000,929401519,1858,"0-10%=1.525µs(n=50000)|10-20%=1.838µs(n=50000)|20-30%=1.759µs(n=50000)|30-40%=1.826µs(n=50000)|40-50%=2.056µs(n=50000)|50-60%=1.695µs(n=50000)|60-70%=1.784µs(n=50000)|70-80%=2.015µs(n=50000)|80-90%=1.974µs(n=50000)|90-100%=2.113µs(n=50000)",254.50,320.46,6094053,17126228,3425,"0-10%=3.038µs(n=500)|10-20%=3.341µs(n=500)|20-30%=3.227µs(n=500)|30-40%=3.369µs(n=500)|40-50%=3.355µs(n=500)|50-60%=3.472µs(n=500)|60-70%=3.642µs(n=500)|70-80%=3.698µs(n=500)|80-90%=3.569µs(n=500)|90-100%=3.537µs(n=500)",847,4288,0,0,"",0,0,0,0,0,0.00,0.00,0
smt,prehashed_ordered_build_700k,0,700000,700000,1339283898,1913,"0-10%=1.684µs(n=70000)|10-20%=1.918µs(n=70000)|20-30%=1.83µs(n=70000)|30-40%=1.997µs(n=70000)|40-50%=2.005µs(n=70000)|50-60%=1.749µs(n=70000)|60-70%=1.835µs(n=70000)|70-80%=2.155µs(n=70000)|80-90%=1.92µs(n=70000)|90-100%=2.034µs(n=70000)",360.24,448.65,8659602,27698153,3956,"0-10%=3.719µs(n=700)|10-20%=4.292µs(n=700)|20-30%=4.254µs(n=700)|30-40%=4.354µs(n=700)|40-50%=4.359µs(n=700)|50-60%=3.912µs(n=700)|60-70%=3.612µs(n=700)|70-80%=3.61µs(n=700)|80-90%=3.645µs(n=700)|90-100%=3.807µs(n=700)",865,5049,0,0,"",0,0,0,0,0,0.00,0.00,0
smt,prehashed_ordered_build_900k,0,900000,900000,1742643047,1936,"0-10%=1.693µs(n=90000)|10-20%=1.892µs(n=90000)|20-30%=1.854µs(n=90000)|30-40%=1.93µs(n=90000)|40-50%=2.126µs(n=90000)|50-60%=1.762µs(n=90000)|60-70%=1.862µs(n=90000)|70-80%=2.212µs(n=90000)|80-90%=1.979µs(n=90000)|90-100%=2.048µs(n=90000)",460.31,576.81,11041923,35898182,3988,"0-10%=4.016µs(n=900)|10-20%=4.131µs(n=900)|20-30%=3.922µs(n=900)|30-40%=3.995µs(n=900)|40-50%=4.081µs(n=900)|50-60%=3.977µs(n=900)|60-70%=4.007µs(n=900)|70-80%=3.981µs(n=900)|80-90%=3.861µs(n=900)|90-100%=3.91µs(n=900)",879,4387,0,0,"",0,0,0,0,0,0.00,0.00,0
smt,prehashed_ordered_build_1m,0,1000000,1000000,1984945221,1984,"0-10%=1.769µs(n=100000)|10-20%=1.955µs(n=100000)|20-30%=1.862µs(n=100000)|30-40%=2.003µs(n=100000)|40-50%=2.205µs(n=100000)|50-60%=1.792µs(n=100000)|60-70%=1.867µs(n=100000)|70-80%=2.232µs(n=100000)|80-90%=2.04µs(n=100000)|90-100%=2.117µs(n=100000)",513.12,640.91,12322075,45627566,4562,"0-10%=8.007µs(n=1000)|10-20%=8.557µs(n=1000)|20-30%=3.992µs(n=1000)|30-40%=3.719µs(n=1000)|40-50%=3.77µs(n=1000)|50-60%=3.618µs(n=1000)|60-70%=3.51µs(n=1000)|70-80%=3.49µs(n=1000)|80-90%=3.518µs(n=1000)|90-100%=3.443µs(n=1000)",884,4701,0,0,"",0,0,0,0,0,0.00,0.00,0
smt,prehashed_ordered_build_2m,0,2000000,2000000,4025053801,2012,"0-10%=1.789µs(n=200000)|10-20%=1.989µs(n=200000)|20-30%=1.928µs(n=200000)|30-40%=2.12µs(n=200000)|40-50%=2.136µs(n=200000)|50-60%=1.827µs(n=200000)|60-70%=1.923µs(n=200000)|70-80%=2.283µs(n=200000)|80-90%=1.98µs(n=200000)|90-100%=2.146µs(n=200000)",1035.95,1281.85,24962067,73536552,3676,"0-10%=3.82µs(n=2000)|10-20%=3.798µs(n=2000)|20-30%=3.678µs(n=2000)|30-40%=3.561µs(n=2000)|40-50%=3.638µs(n=2000)|50-60%=3.64µs(n=2000)|60-70%=3.603µs(n=2000)|70-80%=3.733µs(n=2000)|80-90%=3.678µs(n=2000)|90-100%=3.614µs(n=2000)",923,4521,0,0,"",0,0,0,0,0,0.00,0.00,0
smt,prehashed_ordered_build_5m,0,5000000,5000000,10520313287,2104,"0-10%=1.899µs(n=500000)|10-20%=2.073µs(n=500000)|20-30%=2.056µs(n=500000)|30-40%=2.194µs(n=500000)|40-50%=2.24µs(n=500000)|50-60%=1.911µs(n=500000)|60-70%=1.996µs(n=500000)|70-80%=2.372µs(n=500000)|80-90%=2.095µs(n=500000)|90-100%=2.202µs(n=500000)",2568.50,3204.69,61692700,186885692,3737,"0-10%=3.771µs(n=5000)|10-20%=3.704µs(n=5000)|20-30%=3.695µs(n=5000)|30-40%=3.688µs(n=5000)|40-50%=3.767µs(n=5000)|50-60%=3.671µs(n=5000)|60-70%=3.64µs(n=5000)|70-80%=3.936µs(n=5000)|80-90%=3.812µs(n=5000)|90-100%=3.689µs(n=5000)",973,4767,0,0,"",0,0,0,0,0,0.00,0.00,0
smt,prehashed_ordered_build_10m,0,10000000,10000000,21637125474,2163,"0-10%=1.891µs(n=1000000)|10-20%=2.169µs(n=1000000)|20-30%=2.103µs(n=1000000)|30-40%=2.323µs(n=1000000)|40-50%=2.24µs(n=1000000)|50-60%=1.982µs(n=1000000)|60-70%=2.058µs(n=1000000)|70-80%=2.484µs(n=1000000)|80-90%=2.135µs(n=1000000)|90-100%=2.247µs(n=1000000)",5223.33,6409.35,126214567,380799299,3807,"0-10%=3.757µs(n=10000)|10-20%=3.722µs(n=10000)|20-30%=3.729µs(n=10000)|30-40%=3.936µs(n=10000)|40-50%=3.783µs(n=10000)|50-60%=3.71µs(n=10000)|60-70%=3.738µs(n=10000)|70-80%=4.204µs(n=10000)|80-90%=3.783µs(n=10000)|90-100%=3.713µs(n=10000)",1011,4923,0,0,"",0,0,0,0,0,0.00,0.00,0
smt,prehashed_ordered_build_15m,0,15000000,15000000,32841602710,2189,"0-10%=1.921µs(n=1500000)|10-20%=2.163µs(n=1500000)|20-30%=2.131µs(n=1500000)|30-40%=2.338µs(n=1500000)|40-50%=2.25µs(n=1500000)|50-60%=1.998µs(n=1500000)|60-70%=2.112µs(n=1500000)|70-80%=2.498µs(n=1500000)|80-90%=2.197µs(n=1500000)|90-100%=2.281µs(n=1500000)",7808.45,9613.87,188491769,584769031,3898,"0-10%=3.684µs(n=15000)|10-20%=3.826µs(n=15000)|20-30%=3.776µs(n=15000)|30-40%=3.941µs(n=15000)|40-50%=3.855µs(n=15000)|50-60%=3.769µs(n=15000)|60-70%=3.765µs(n=15000)|70-80%=4.288µs(n=15000)|80-90%=3.875µs(n=15000)|90-100%=4.202µs(n=15000)",1033,5071,0,0,"",0,0,0,0,0,0.00,0.00,0
smt,insert_only_build_10k,0,10000,10000,23091070,2309,"0-10%=1.971µs(n=1000)|10-20%=1.839µs(n=1000)|20-30%=2.127µs(n=1000)|30-40%=2.627µs(n=1000)|40-50%=2.154µs(n=1000)|50-60%=2.176µs(n=1000)|60-70%=2.175µs(n=1000)|70-80%=3.375µs(n=1000)|80-90%=2.361µs(n=1000)|90-100%=2.281µs(n=1000)",5.60,7.17,129083,0,0,"",0,0,0,0,"",0,0,0,0,0,0.00,0.00,0
smt,insert_only_build_50k,0,50000,50000,136441360,2728,"0-10%=2.202µs(n=5000)|10-20%=2.466µs(n=5000)|20-30%=2.655µs(n=5000)|30-40%=2.487µs(n=5000)|40-50%=2.57µs(n=5000)|50-60%=2.994µs(n=5000)|60-70%=2.719µs(n=5000)|70-80%=2.813µs(n=5000)|80-90%=2.904µs(n=5000)|90-100%=3.473µs(n=5000)",25.90,35.80,573701,0,0,"",0,0,0,0,"",0,0,0,0,0,0.00,0.00,0
smt,insert_only_build_100k,0,100000,100000,297567047,2975,"0-10%=2.354µs(n=10000)|10-20%=2.623µs(n=10000)|20-30%=2.747µs(n=10000)|30-40%=2.759µs(n=10000)|40-50%=3.163µs(n=10000)|50-60%=2.971µs(n=10000)|60-70%=3.071µs(n=10000)|70-80%=3.186µs(n=10000)|80-90%=3.534µs(n=10000)|90-100%=3.342µs(n=10000)",54.45,71.57,1230467,0,0,"",0,0,0,0,"",0,0,0,0,0,0.00,0.00,0
smt,insert_only_build_200k,0,200000,200000,673969791,3369,"0-10%=2.441µs(n=20000)|10-20%=2.784µs(n=20000)|20-30%=3.048µs(n=20000)|30-40%=3.135µs(n=20000)|40-50%=3.557µs(n=20000)|50-60%=3.494µs(n=20000)|60-70%=3.883µs(n=20000)|70-80%=3.844µs(n=20000)|80-90%=3.726µs(n=20000)|90-100%=3.782µs(n=20000)",114.12,143.12,2625918,0,0,"",0,0,0,0,"",0,0,0,0,0,0.00,0.00,0
smt,insert_only_build_300k,0,300000,300000,1084777520,3615,"0-10%=2.623µs(n=30000)|10-20%=2.956µs(n=30000)|20-30%=3.238µs(n=30000)|30-40%=3.292µs(n=30000)|40-50%=3.666µs(n=30000)|50-60%=3.724µs(n=30000)|60-70%=3.79µs(n=30000)|70-80%=4.259µs(n=30000)|80-90%=4.395µs(n=30000)|90-100%=4.212µs(n=30000)",165.24,214.69,3749520,0,0,"",0,0,0,0,"",0,0,0,0,0,0.00,0.00,0
smt,insert_only_build_500k,0,500000,500000,2020046678,4040,"0-10%=2.69µs(n=50000)|10-20%=3.183µs(n=50000)|20-30%=3.523µs(n=50000)|30-40%=3.79µs(n=50000)|40-50%=4.319µs(n=50000)|50-60%=4.171µs(n=50000)|60-70%=4.17µs(n=50000)|70-80%=4.791µs(n=50000)|80-90%=4.949µs(n=50000)|90-100%=4.81µs(n=50000)",276.00,357.82,6267182,0,0,"",0,0,0,0,"",0,0,0,0,0,0.00,0.00,0
smt,insert_only_build_700k,0,700000,700000,3025063990,4321,"0-10%=2.803µs(n=70000)|10-20%=3.367µs(n=70000)|20-30%=3.868µs(n=70000)|30-40%=4.319µs(n=70000)|40-50%=4.173µs(n=70000)|50-60%=4.852µs(n=70000)|60-70%=4.814µs(n=70000)|70-80%=4.668µs(n=70000)|80-90%=4.719µs(n=70000)|90-100%=5.629µs(n=70000)",360.11,500.95,7940466,0,0,"",0,0,0,0,"",0,0,0,0,0,0.00,0.00,0
smt,insert_only_build_900k,0,900000,900000,4075982504,4528,"0-10%=2.912µs(n=90000)|10-20%=3.575µs(n=90000)|20-30%=4.099µs(n=90000)|30-40%=4.228µs(n=90000)|40-50%=4.908µs(n=90000)|50-60%=4.708µs(n=90000)|60-70%=4.871µs(n=90000)|70-80%=5.572µs(n=90000)|80-90%=5.32µs(n=90000)|90-100%=5.091µs(n=90000)",503.35,644.10,11487473,0,0,"",0,0,0,0,"",0,0,0,0,0,0.00,0.00,0
smt,insert_only_build_1m,0,1000000,1000000,4595085348,4595,"0-10%=2.973µs(n=100000)|10-20%=3.599µs(n=100000)|20-30%=4.223µs(n=100000)|30-40%=4.601µs(n=100000)|40-50%=4.677µs(n=100000)|50-60%=4.691µs(n=100000)|60-70%=5.532µs(n=100000)|70-80%=5.302µs(n=100000)|80-90%=5.177µs(n=100000)|90-100%=5.17µs(n=100000)",581.31,715.65,13463084,0,0,"",0,0,0,0,"",0,0,0,0,0,0.00,0.00,0
smt,insert_only_build_2m,0,2000000,2000000,10585257536,5292,"0-10%=3.341µs(n=200000)|10-20%=4.461µs(n=200000)|20-30%=4.678µs(n=200000)|30-40%=5.363µs(n=200000)|40-50%=5.123µs(n=200000)|50-60%=5.939µs(n=200000)|60-70%=5.647µs(n=200000)|70-80%=5.796µs(n=200000)|80-90%=6.073µs(n=200000)|90-100%=6.501µs(n=200000)",1052.64,1431.26,23435914,0,0,"",0,0,0,0,"",0,0,0,0,0,0.00,0.00,0
smt,insert_only_build_5m,0,5000000,5000000,30494255397,6098,"0-10%=4.001µs(n=500000)|10-20%=5.251µs(n=500000)|20-30%=5.786µs(n=500000)|30-40%=6.075µs(n=500000)|40-50%=6.247µs(n=500000)|50-60%=6.186µs(n=500000)|60-70%=7.232µs(n=500000)|70-80%=6.801µs(n=500000)|80-90%=6.644µs(n=500000)|90-100%=6.762µs(n=500000)",2912.45,3578.14,67493692,0,0,"",0,0,0,0,"",0,0,0,0,0,0.00,0.00,0
smt,insert_only_build_10m,0,10000000,10000000,68575989606,6857,"0-10%=4.636µs(n=1000000)|10-20%=5.974µs(n=1000000)|20-30%=6.193µs(n=1000000)|30-40%=6.877µs(n=1000000)|40-50%=6.698µs(n=1000000)|50-60%=7.542µs(n=1000000)|60-70%=7.307µs(n=1000000)|70-80%=7.265µs(n=1000000)|80-90%=7.551µs(n=1000000)|90-100%=8.529µs(n=1000000)",5250.64,7156.45,116762551,0,0,"",0,0,0,0,"",0,0,0,0,0,0.00,0.00,0
smt,insert_only_build_25m,0,25000000,25000000,202994157974,8119,"0-10%=5.494µs(n=2500000)|10-20%=6.78µs(n=2500000)|20-30%=7.438µs(n=2500000)|30-40%=7.961µs(n=2500000)|40-50%=7.979µs(n=2500000)|50-60%=8.139µs(n=2500000)|60-70%=9.287µs(n=2500000)|70-80%=9.126µs(n=2500000)|80-90%=9.402µs(n=2500000)|90-100%=9.586µs(n=2500000)",14672.97,17892.38,340914994,0,0,"",0,0,0,0,"",0,0,0,0,0,0.00,0.00,0
smt,proof_only_after_10k_build_sample_5pct,10000,10000,0,0,0,"",0.00,0.00,0,669028,1338,"0-10%=2.136µs(n=50)|10-20%=1.346µs(n=50)|20-30%=1.377µs(n=50)|30-40%=1.21µs(n=50)|40-50%=1.371µs(n=50)|50-60%=1.143µs(n=50)|60-70%=1.285µs(n=50)|70-80%=1.148µs(n=50)|80-90%=1.197µs(n=50)|90-100%=1.163µs(n=50)",632,3076,0,0,"",0,0,0,0,0,0.00,0.00,0
smt,proof_only_after_50k_build_sample_5pct,50000,50000,0,0,0,"",0.00,0.00,0,4490429,1796,"0-10%=1.974µs(n=250)|10-20%=1.732µs(n=250)|20-30%=1.804µs(n=250)|30-40%=1.733µs(n=250)|40-50%=1.881µs(n=250)|50-60%=1.667µs(n=250)|60-70%=1.617µs(n=250)|70-80%=1.973µs(n=250)|80-90%=1.75µs(n=250)|90-100%=1.825µs(n=250)",721,3700,0,0,"",0,0,0,0,0,0.00,0.00,0
smt,proof_only_after_100k_build_sample_5pct,100000,100000,0,0,0,"",0.00,0.00,0,10345624,2069,"0-10%=2.137µs(n=500)|10-20%=2.073µs(n=500)|20-30%=1.99µs(n=500)|30-40%=2.133µs(n=500)|40-50%=2.101µs(n=500)|50-60%=2.131µs(n=500)|60-70%=2.001µs(n=500)|70-80%=2.076µs(n=500)|80-90%=2.029µs(n=500)|90-100%=2.015µs(n=500)",758,3981,0,0,"",0,0,0,0,0,0.00,0.00,0
smt,proof_only_after_200k_build_sample_5pct,200000,200000,0,0,0,"",0.00,0.00,0,24778196,2477,"0-10%=2.719µs(n=1000)|10-20%=2.64µs(n=1000)|20-30%=2.467µs(n=1000)|30-40%=2.482µs(n=1000)|40-50%=2.414µs(n=1000)|50-60%=2.415µs(n=1000)|60-70%=2.44µs(n=1000)|70-80%=2.34µs(n=1000)|80-90%=2.426µs(n=1000)|90-100%=2.43µs(n=1000)",797,4325,0,0,"",0,0,0,0,0,0.00,0.00,0
smt,proof_only_after_300k_build_sample_5pct,300000,300000,0,0,0,"",0.00,0.00,0,50793301,3386,"0-10%=3.671µs(n=1500)|10-20%=3.596µs(n=1500)|20-30%=3.446µs(n=1500)|30-40%=3.417µs(n=1500)|40-50%=3.357µs(n=1500)|50-60%=3.287µs(n=1500)|60-70%=3.32µs(n=1500)|70-80%=3.281µs(n=1500)|80-90%=3.183µs(n=1500)|90-100%=3.3µs(n=1500)",819,4687,0,0,"",0,0,0,0,0,0.00,0.00,0
smt,proof_only_after_500k_build_sample_5pct,500000,500000,0,0,0,"",0.00,0.00,0,93842767,3753,"0-10%=4.24µs(n=2500)|10-20%=3.958µs(n=2500)|20-30%=3.867µs(n=2500)|30-40%=3.743µs(n=2500)|40-50%=3.739µs(n=2500)|50-60%=3.646µs(n=2500)|60-70%=3.618µs(n=2500)|70-80%=3.677µs(n=2500)|80-90%=3.602µs(n=2500)|90-100%=3.442µs(n=2500)",847,5158,0,0,"",0,0,0,0,0,0.00,0.00,0
smt,proof_only_after_700k_build_sample_5pct,700000,700000,0,0,0,"",0.00,0.00,0,134768992,3850,"0-10%=4.253µs(n=3500)|10-20%=3.915µs(n=3500)|20-30%=3.858µs(n=3500)|30-40%=3.826µs(n=3500)|40-50%=3.777µs(n=3500)|50-60%=3.812µs(n=3500)|60-70%=3.747µs(n=3500)|70-80%=3.762µs(n=3500)|80-90%=3.801µs(n=3500)|90-100%=3.75µs(n=3500)",865,5308,0,0,"",0,0,0,0,0,0.00,0.00,0
smt,proof_only_after_900k_build_sample_5pct,900000,900000,0,0,0,"",0.00,0.00,0,182956472,4065,"0-10%=4.832µs(n=4500)|10-20%=4.272µs(n=4500)|20-30%=4.099µs(n=4500)|30-40%=4.01µs(n=4500)|40-50%=3.949µs(n=4500)|50-60%=3.95µs(n=4500)|60-70%=3.952µs(n=4500)|70-80%=3.968µs(n=4500)|80-90%=3.802µs(n=4500)|90-100%=3.819µs(n=4500)",879,5147,0,0,"",0,0,0,0,0,0.00,0.00,0
smt,proof_only_after_1m_build_sample_5pct,1000000,1000000,0,0,0,"",0.00,0.00,0,204368422,4087,"0-10%=5.115µs(n=5000)|10-20%=4.095µs(n=5000)|20-30%=4.005µs(n=5000)|30-40%=3.956µs(n=5000)|40-50%=3.943µs(n=5000)|50-60%=3.987µs(n=5000)|60-70%=4.047µs(n=5000)|70-80%=3.987µs(n=5000)|80-90%=3.827µs(n=5000)|90-100%=3.906µs(n=5000)",884,5117,0,0,"",0,0,0,0,0,0.00,0.00,0
smt,prehashed_ordered_proof_only_after_1m_build_sample_5pct,1000000,1000000,0,0,0,"",0.00,0.00,0,163348446,3266,"0-10%=4.928µs(n=5000)|10-20%=3.054µs(n=5000)|20-30%=3.027µs(n=5000)|30-40%=3.11µs(n=5000)|40-50%=3.196µs(n=5000)|50-60%=3.07µs(n=5000)|60-70%=3.063µs(n=5000)|70-80%=3.006µs(n=5000)|80-90%=3.196µs(n=5000)|90-100%=3.014µs(n=5000)",884,5505,0,0,"",0,0,0,0,0,0.00,0.00,0
smt,proof_only_after_2m_build_sample_3pct,2000000,2000000,0,0,0,"",0.00,0.00,0,259458668,4324,"0-10%=4.669µs(n=6000)|10-20%=4.337µs(n=6000)|20-30%=4.274µs(n=6000)|30-40%=4.252µs(n=6000)|40-50%=4.188µs(n=6000)|50-60%=4.282µs(n=6000)|60-70%=4.42µs(n=6000)|70-80%=4.305µs(n=6000)|80-90%=4.277µs(n=6000)|90-100%=4.233µs(n=6000)",923,5575,0,0,"",0,0,0,0,0,0.00,0.00,0
smt,proof_only_after_5m_build_sample_3pct,5000000,5000000,0,0,0,"",0.00,0.00,0,733209057,4888,"0-10%=5.176µs(n=15000)|10-20%=5.001µs(n=15000)|20-30%=5µs(n=15000)|30-40%=4.967µs(n=15000)|40-50%=4.978µs(n=15000)|50-60%=4.881µs(n=15000)|60-70%=4.947µs(n=15000)|70-80%=4.87µs(n=15000)|80-90%=4.586µs(n=15000)|90-100%=4.469µs(n=15000)",973,6054,0,0,"",0,0,0,0,0,0.00,0.00,0
smt,prehashed_ordered_proof_only_after_5m_build_sample_3pct,5000000,5000000,0,0,0,"",0.00,0.00,0,507837239,3385,"0-10%=3.345µs(n=15000)|10-20%=3.313µs(n=15000)|20-30%=3.351µs(n=15000)|30-40%=3.445µs(n=15000)|40-50%=3.46µs(n=15000)|50-60%=3.309µs(n=15000)|60-70%=3.333µs(n=15000)|70-80%=3.545µs(n=15000)|80-90%=3.411µs(n=15000)|90-100%=3.34µs(n=15000)",973,6008,0,0,"",0,0,0,0,0,0.00,0.00,0
smt,proof_only_after_10m_build_sample_2pct,10000000,10000000,0,0,0,"",0.00,0.00,0,1120100007,5600,"0-10%=5.675µs(n=20000)|10-20%=5.525µs(n=20000)|20-30%=5.707µs(n=20000)|30-40%=5.659µs(n=20000)|40-50%=5.688µs(n=20000)|50-60%=5.634µs(n=20000)|60-70%=5.504µs(n=20000)|70-80%=5.549µs(n=20000)|80-90%=5.588µs(n=20000)|90-100%=5.47µs(n=20000)",1011,7248,0,0,"",0,0,0,0,0,0.00,0.00,0
smt,proof_only_after_20m_build_sample_2pct,20000000,20000000,0,0,0,"",0.00,0.00,0,3377228694,8443,"0-10%=8.451µs(n=40000)|10-20%=8.306µs(n=40000)|20-30%=8.385µs(n=40000)|30-40%=8.576µs(n=40000)|40-50%=8.593µs(n=40000)|50-60%=8.5µs(n=40000)|60-70%=8.552µs(n=40000)|70-80%=8.226µs(n=40000)|80-90%=8.433µs(n=40000)|90-100%=8.403µs(n=40000)",1049,8275,0,0,"",0,0,0,0,0,0.00,0.00,0
smt,build_10k_then_add_2k_new,10000,12000,2000,5386766,2693,"0-10%=3.079µs(n=200)|10-20%=2.752µs(n=200)|20-30%=2.573µs(n=200)|30-40%=2.567µs(n=200)|40-50%=2.548µs(n=200)|50-60%=2.655µs(n=200)|60-70%=3.067µs(n=200)|70-80%=2.599µs(n=200)|80-90%=2.579µs(n=200)|90-100%=2.503µs(n=200)",1.45,1.45,146280,0,0,"",0,0,0,0,"",0,0,0,0,0,0.00,0.00,0
smt,build_50k_then_add_10k_new,50000,60000,10000,35324378,3532,"0-10%=4.124µs(n=1000)|10-20%=3.767µs(n=1000)|20-30%=3.565µs(n=1000)|30-40%=3.596µs(n=1000)|40-50%=3.475µs(n=1000)|50-60%=3.375µs(n=1000)|60-70%=3.374µs(n=1000)|70-80%=3.315µs(n=1000)|80-90%=3.407µs(n=1000)|90-100%=3.32µs(n=1000)",7.17,7.17,728049,0,0,"",0,0,0,0,"",0,0,0,0,0,0.00,0.00,0
smt,build_100k_then_add_20k_new,100000,120000,20000,82926406,4146,"0-10%=5.144µs(n=2000)|10-20%=4.552µs(n=2000)|20-30%=4.27µs(n=2000)|30-40%=4.243µs(n=2000)|40-50%=4.095µs(n=2000)|50-60%=3.98µs(n=2000)|60-70%=3.795µs(n=2000)|70-80%=3.817µs(n=2000)|80-90%=3.818µs(n=2000)|90-100%=3.744µs(n=2000)",14.32,14.32,1455256,0,0,"",0,0,0,0,"",0,0,0,0,0,0.00,0.00,0
smt,build_200k_then_add_40k_new,200000,240000,40000,182313431,4557,"0-10%=5.55µs(n=4000)|10-20%=5.006µs(n=4000)|20-30%=4.747µs(n=4000)|30-40%=4.689µs(n=4000)|40-50%=4.44µs(n=4000)|50-60%=4.331µs(n=4000)|60-70%=4.313µs(n=4000)|70-80%=4.272µs(n=4000)|80-90%=4.124µs(n=4000)|90-100%=4.101µs(n=4000)",28.66,28.66,2909892,0,0,"",0,0,0,0,"",0,0,0,0,0,0.00,0.00,0
smt,build_300k_then_add_60k_new,300000,360000,60000,284836229,4747,"0-10%=5.593µs(n=6000)|10-20%=5.133µs(n=6000)|20-30%=4.933µs(n=6000)|30-40%=4.917µs(n=6000)|40-50%=4.724µs(n=6000)|50-60%=4.678µs(n=6000)|60-70%=4.579µs(n=6000)|70-80%=4.339µs(n=6000)|80-90%=4.286µs(n=6000)|90-100%=4.286µs(n=6000)",42.95,42.95,4364009,0,0,"",0,0,0,0,"",0,0,0,0,0,0.00,0.00,0
smt,build_500k_then_add_100k_new,500000,600000,100000,551819510,5518,"0-10%=6.263µs(n=10000)|10-20%=6.553µs(n=10000)|20-30%=6.052µs(n=10000)|30-40%=5.672µs(n=10000)|40-50%=5.425µs(n=10000)|50-60%=5.374µs(n=10000)|60-70%=5.173µs(n=10000)|70-80%=4.988µs(n=10000)|80-90%=4.848µs(n=10000)|90-100%=4.83µs(n=10000)",71.59,71.59,7273221,0,0,"",0,0,0,0,"",0,0,0,0,0,0.00,0.00,0
smt,build_700k_then_add_140k_new,700000,840000,140000,778664823,5561,"0-10%=6.935µs(n=14000)|10-20%=6.131µs(n=14000)|20-30%=5.885µs(n=14000)|30-40%=5.788µs(n=14000)|40-50%=5.218µs(n=14000)|50-60%=5.085µs(n=14000)|60-70%=5.07µs(n=14000)|70-80%=5.056µs(n=14000)|80-90%=5.092µs(n=14000)|90-100%=5.354µs(n=14000)",100.20,100.20,10181904,0,0,"",0,0,0,0,"",0,0,0,0,0,0.00,0.00,0
smt,build_900k_then_add_180k_new,900000,1080000,180000,1082169570,6012,"0-10%=6.862µs(n=18000)|10-20%=6.309µs(n=18000)|20-30%=6.086µs(n=18000)|30-40%=6.093µs(n=18000)|40-50%=6.278µs(n=18000)|50-60%=5.81µs(n=18000)|60-70%=5.831µs(n=18000)|70-80%=5.715µs(n=18000)|80-90%=5.495µs(n=18000)|90-100%=5.636µs(n=18000)",128.80,128.80,13090406,0,0,"",0,0,0,0,"",0,0,0,0,0,0.00,0.00,0
smt,build_1m_then_add_200k_new,1000000,1200000,200000,1191748344,5958,"0-10%=7.33µs(n=20000)|10-20%=6.365µs(n=20000)|20-30%=5.957µs(n=20000)|30-40%=5.865µs(n=20000)|40-50%=5.675µs(n=20000)|50-60%=5.661µs(n=20000)|60-70%=5.665µs(n=20000)|70-80%=5.765µs(n=20000)|80-90%=5.727µs(n=20000)|90-100%=5.572µs(n=20000)",143.12,143.12,14544911,0,0,"",0,0,0,0,"",0,0,0,0,0,0.00,0.00,0
smt,build_2m_then_add_400k_new,2000000,2400000,400000,2631200517,6578,"0-10%=7.303µs(n=40000)|10-20%=6.865µs(n=40000)|20-30%=6.809µs(n=40000)|30-40%=6.538µs(n=40000)|40-50%=6.469µs(n=40000)|50-60%=6.436µs(n=40000)|60-70%=6.331µs(n=40000)|70-80%=6.316µs(n=40000)|80-90%=6.343µs(n=40000)|90-100%=6.364µs(n=40000)",286.25,286.25,29089051,0,0,"",0,0,0,0,"",0,0,0,0,0,0.00,0.00,0
smt,build_5m_then_add_1m_new,5000000,6000000,1000000,7477097980,7477,"0-10%=7.874µs(n=100000)|10-20%=7.489µs(n=100000)|20-30%=7.454µs(n=100000)|30-40%=7.365µs(n=100000)|40-50%=7.342µs(n=100000)|50-60%=7.36µs(n=100000)|60-70%=7.503µs(n=100000)|70-80%=7.592µs(n=100000)|80-90%=7.464µs(n=100000)|90-100%=7.323µs(n=100000)",715.72,715.72,72722986,0,0,"",0,0,0,0,"",0,0,0,0,0,0.00,0.00,0
smt,build_10m_then_add_2m_new,10000000,12000000,2000000,16462450733,8231,"0-10%=8.832µs(n=200000)|10-20%=8.461µs(n=200000)|20-30%=8.543µs(n=200000)|30-40%=8.412µs(n=200000)|40-50%=8.009µs(n=200000)|50-60%=7.903µs(n=200000)|60-70%=8.035µs(n=200000)|70-80%=8.162µs(n=200000)|80-90%=8µs(n=200000)|90-100%=7.95µs(n=200000)",1431.32,1431.32,145442565,0,0,"",0,0,0,0,"",0,0,0,0,0,0.00,0.00,0
smt,build_20m_then_add_5m_new,20000000,25000000,5000000,48998113051,9799,"0-10%=10.194µs(n=500000)|10-20%=10.039µs(n=500000)|20-30%=9.697µs(n=500000)|30-40%=9.796µs(n=500000)|40-50%=9.649µs(n=500000)|50-60%=9.71µs(n=500000)|60-70%=9.723µs(n=500000)|70-80%=9.726µs(n=500000)|80-90%=9.718µs(n=500000)|90-100%=9.741µs(n=500000)",3578.81,3578.81,308607701,0,0,"",0,0,0,0,"",0,0,0,0,0,0.00,0.00,0
smt,build_10k_then_reinsert_2k_existing,10000,10000,2000,5166967,2583,"0-10%=3.415µs(n=200)|10-20%=2.91µs(n=200)|20-30%=2.874µs(n=200)|30-40%=2.565µs(n=200)|40-50%=2.451µs(n=200)|50-60%=2.442µs(n=200)|60-70%=2.384µs(n=200)|70-80%=2.249µs(n=200)|80-90%=2.202µs(n=200)|90-100%=2.336µs(n=200)",0.34,0.34,121888,0,0,"",0,0,0,0,"",0,0,0,0,0,0.00,0.00,0
smt,build_50k_then_reinsert_10k_existing,50000,50000,10000,32907733,3290,"0-10%=3.835µs(n=1000)|10-20%=3.557µs(n=1000)|20-30%=3.36µs(n=1000)|30-40%=3.415µs(n=1000)|40-50%=3.17µs(n=1000)|50-60%=3.238µs(n=1000)|60-70%=3.044µs(n=1000)|70-80%=3.174µs(n=1000)|80-90%=3.027µs(n=1000)|90-100%=3.081µs(n=1000)",1.62,1.62,605893,0,0,"",0,0,0,0,"",0,0,0,0,0,0.00,0.00,0
smt,build_100k_then_reinsert_20k_existing,100000,100000,20000,73638836,3681,"0-10%=4.212µs(n=2000)|10-20%=3.955µs(n=2000)|20-30%=3.772µs(n=2000)|30-40%=3.709µs(n=2000)|40-50%=3.63µs(n=2000)|50-60%=3.616µs(n=2000)|60-70%=3.576µs(n=2000)|70-80%=3.534µs(n=2000)|80-90%=3.401µs(n=2000)|90-100%=3.409µs(n=2000)",3.22,3.22,1210900,0,0,"",0,0,0,0,"",0,0,0,0,0,0.00,0.00,0
smt,build_200k_then_reinsert_40k_existing,200000,200000,40000,162765063,4069,"0-10%=4.817µs(n=4000)|10-20%=4.316µs(n=4000)|20-30%=4.149µs(n=4000)|30-40%=4.054µs(n=4000)|40-50%=4.005µs(n=4000)|50-60%=3.975µs(n=4000)|60-70%=3.946µs(n=4000)|70-80%=3.882µs(n=4000)|80-90%=3.787µs(n=4000)|90-100%=3.756µs(n=4000)",6.44,6.44,2420915,0,0,"",0,0,0,0,"",0,0,0,0,0,0.00,0.00,0
smt,build_300k_then_reinsert_60k_existing,300000,300000,60000,262277237,4371,"0-10%=5.306µs(n=6000)|10-20%=4.68µs(n=6000)|20-30%=4.494µs(n=6000)|30-40%=4.383µs(n=6000)|40-50%=4.295µs(n=6000)|50-60%=4.231µs(n=6000)|60-70%=4.168µs(n=6000)|70-80%=4.122µs(n=6000)|80-90%=4.024µs(n=6000)|90-100%=4.005µs(n=6000)",9.64,9.64,3630930,0,0,"",0,0,0,0,"",0,0,0,0,0,0.00,0.00,0
smt,build_500k_then_reinsert_100k_existing,500000,500000,100000,475550317,4755,"0-10%=5.658µs(n=10000)|10-20%=5.064µs(n=10000)|20-30%=4.862µs(n=10000)|30-40%=4.74µs(n=10000)|40-50%=4.644µs(n=10000)|50-60%=4.615µs(n=10000)|60-70%=4.57µs(n=10000)|70-80%=4.556µs(n=10000)|80-90%=4.42µs(n=10000)|90-100%=4.421µs(n=10000)",16.05,16.05,6050945,0,0,"",0,0,0,0,"",0,0,0,0,0,0.00,0.00,0
smt,build_700k_then_reinsert_140k_existing,700000,700000,140000,730476447,5217,"0-10%=6.064µs(n=14000)|10-20%=5.467µs(n=14000)|20-30%=5.287µs(n=14000)|30-40%=5.184µs(n=14000)|40-50%=5.111µs(n=14000)|50-60%=5.082µs(n=14000)|60-70%=5.111µs(n=14000)|70-80%=5.055µs(n=14000)|80-90%=4.931µs(n=14000)|90-100%=4.882µs(n=14000)",22.47,22.47,8470964,0,0,"",0,0,0,0,"",0,0,0,0,0,0.00,0.00,0
smt,build_900k_then_reinsert_180k_existing,900000,900000,180000,1003306249,5573,"0-10%=6.057µs(n=18000)|10-20%=5.469µs(n=18000)|20-30%=5.337µs(n=18000)|30-40%=5.281µs(n=18000)|40-50%=5.233µs(n=18000)|50-60%=5.172µs(n=18000)|60-70%=5.442µs(n=18000)|70-80%=6.233µs(n=18000)|80-90%=5.833µs(n=18000)|90-100%=5.677µs(n=18000)",28.89,28.89,10890976,0,0,"",0,0,0,0,"",0,0,0,0,0,0.00,0.00,0
smt,build_1m_then_reinsert_200k_existing,1000000,1000000,200000,1077607134,5388,"0-10%=6.156µs(n=20000)|10-20%=5.575µs(n=20000)|20-30%=5.374µs(n=20000)|30-40%=5.295µs(n=20000)|40-50%=5.3µs(n=20000)|50-60%=5.317µs(n=20000)|60-70%=5.32µs(n=20000)|70-80%=5.178µs(n=20000)|80-90%=5.174µs(n=20000)|90-100%=5.187µs(n=20000)",32.09,32.09,12100984,0,0,"",0,0,0,0,"",0,0,0,0,0,0.00,0.00,0
smt,prehashed_ordered_build_1m_then_reinsert_200k_existing,1000000,1000000,200000,588800060,2944,"0-10%=2.869µs(n=20000)|10-20%=3.002µs(n=20000)|20-30%=3.034µs(n=20000)|30-40%=3.017µs(n=20000)|40-50%=2.946µs(n=20000)|50-60%=2.925µs(n=20000)|60-70%=2.913µs(n=20000)|70-80%=2.869µs(n=20000)|80-90%=2.861µs(n=20000)|90-100%=2.999µs(n=20000)",19.88,19.88,11700991,0,0,"",0,0,0,0,"",0,0,0,0,0,0.00,0.00,0
smt,build_2m_then_reinsert_400k_existing,2000000,2000000,400000,2434001244,6085,"0-10%=6.535µs(n=40000)|10-20%=6.178µs(n=40000)|20-30%=6.099µs(n=40000)|30-40%=6.062µs(n=40000)|40-50%=6.02µs(n=40000)|50-60%=6.079µs(n=40000)|60-70%=6.079µs(n=40000)|70-80%=6.011µs(n=40000)|80-90%=5.896µs(n=40000)|90-100%=5.886µs(n=40000)",64.19,64.19,24200949,0,0,"",0,0,0,0,"",0,0,0,0,0,0.00,0.00,0
smt,build_5m_then_reinsert_1m_existing,5000000,5000000,1000000,6880769073,6880,"0-10%=7.233µs(n=100000)|10-20%=6.922µs(n=100000)|20-30%=6.891µs(n=100000)|30-40%=6.868µs(n=100000)|40-50%=6.894µs(n=100000)|50-60%=6.881µs(n=100000)|60-70%=6.86µs(n=100000)|70-80%=6.775µs(n=100000)|80-90%=6.729µs(n=100000)|90-100%=6.749µs(n=100000)",160.46,160.46,60500978,0,0,"",0,0,0,0,"",0,0,0,0,0,0.00,0.00,0
smt,prehashed_ordered_build_5m_then_reinsert_1m_existing,5000000,5000000,1000000,3210496233,3210,"0-10%=3.087µs(n=100000)|10-20%=3.234µs(n=100000)|20-30%=3.228µs(n=100000)|30-40%=3.303µs(n=100000)|40-50%=3.121µs(n=100000)|50-60%=3.1µs(n=100000)|60-70%=3.061µs(n=100000)|70-80%=3.039µs(n=100000)|80-90%=3.483µs(n=100000)|90-100%=3.443µs(n=100000)",99.30,99.30,58500974,0,0,"",0,0,0,0,"",0,0,0,0,0,0.00,0.00,0
smt,build_10m_then_reinsert_2m_existing,10000000,10000000,2000000,15636493355,7818,"0-10%=7.997µs(n=200000)|10-20%=7.868µs(n=200000)|20-30%=7.868µs(n=200000)|30-40%=7.828µs(n=200000)|40-50%=7.796µs(n=200000)|50-60%=7.785µs(n=200000)|60-70%=7.824µs(n=200000)|70-80%=7.751µs(n=200000)|80-90%=7.669µs(n=200000)|90-100%=7.792µs(n=200000)",320.96,320.96,121001026,0,0,"",0,0,0,0,"",0,0,0,0,0,0.00,0.00,0
smt,build_25m_then_reinsert_5m_existing,25000000,25000000,5000000,46632594043,9326,"0-10%=9.532µs(n=500000)|10-20%=9.437µs(n=500000)|20-30%=9.423µs(n=500000)|30-40%=9.358µs(n=500000)|40-50%=9.323µs(n=500000)|50-60%=9.27µs(n=500000)|60-70%=9.234µs(n=500000)|70-80%=9.189µs(n=500000)|80-90%=9.227µs(n=500000)|90-100%=9.269µs(n=500000)",802.74,802.74,302501173,0,0,"",0,0,0,0,"",0,0,0,0,0,0.00,0.00,0
smt,build_10k,0,10000,10000,26765295,2676,"0-10%=2.036µs(n=1000)|10-20%=2.262µs(n=1000)|20-30%=2.357µs(n=1000)|30-40%=3.015µs(n=1000)|40-50%=2.576µs(n=1000)|50-60%=2.642µs(n=1000)|60-70%=3.249µs(n=1000)|70-80%=3.062µs(n=1000)|80-90%=2.715µs(n=1000)|90-100%=2.846µs(n=1000)",5.69,7.19,131219,312792,3127,"0-10%=2.834µs(n=10)|10-20%=2.935µs(n=10)|20-30%=2.643µs(n=10)|30-40%=3.163µs(n=10)|40-50%=2.878µs(n=10)|50-60%=2.86µs(n=10)|60-70%=3.558µs(n=10)|70-80%=4.477µs(n=10)|80-90%=2.886µs(n=10)|90-100%=3.04µs(n=10)",631,3891,0,0,"",0,0,0,0,0,0.00,0.00,0
smt,build_50k,0,50000,50000,137448422,2748,"0-10%=2.374µs(n=5000)|10-20%=2.538µs(n=5000)|20-30%=2.735µs(n=5000)|30-40%=2.572µs(n=5000)|40-50%=2.736µs(n=5000)|50-60%=2.969µs(n=5000)|60-70%=2.762µs(n=5000)|70-80%=2.738µs(n=5000)|80-90%=2.811µs(n=5000)|90-100%=3.25µs(n=5000)",25.99,35.83,575622,1369012,2738,"0-10%=2.1µs(n=50)|10-20%=2.069µs(n=50)|20-30%=1.843µs(n=50)|30-40%=2.3µs(n=50)|40-50%=2.441µs(n=50)|50-60%=3.62µs(n=50)|60-70%=3.656µs(n=50)|70-80%=3.005µs(n=50)|80-90%=2.873µs(n=50)|90-100%=3.469µs(n=50)",720,3629,0,0,"",0,0,0,0,0,0.00,0.00,0
smt,build_100k,0,100000,100000,286903977,2869,"0-10%=2.386µs(n=10000)|10-20%=2.56µs(n=10000)|20-30%=2.673µs(n=10000)|30-40%=2.769µs(n=10000)|40-50%=3.053µs(n=10000)|50-60%=2.912µs(n=10000)|60-70%=2.955µs(n=10000)|70-80%=3.026µs(n=10000)|80-90%=3.243µs(n=10000)|90-100%=3.109µs(n=10000)",54.46,71.57,1231694,3115443,3115,"0-10%=3.04µs(n=100)|10-20%=3.157µs(n=100)|20-30%=3.055µs(n=100)|30-40%=3.218µs(n=100)|40-50%=3.02µs(n=100)|50-60%=3.221µs(n=100)|60-70%=2.875µs(n=100)|70-80%=3.344µs(n=100)|80-90%=3.188µs(n=100)|90-100%=3.033µs(n=100)",759,3853,0,0,"",0,0,0,0,0,0.00,0.00,0
smt,build_200k,0,200000,200000,645755526,3228,"0-10%=2.421µs(n=20000)|10-20%=2.768µs(n=20000)|20-30%=2.912µs(n=20000)|30-40%=3.048µs(n=20000)|40-50%=3.328µs(n=20000)|50-60%=3.331µs(n=20000)|60-70%=3.589µs(n=20000)|70-80%=3.658µs(n=20000)|80-90%=3.625µs(n=20000)|90-100%=3.602µs(n=20000)",114.07,143.11,2626577,6764656,3382,"0-10%=3.177µs(n=200)|10-20%=3.442µs(n=200)|20-30%=3.323µs(n=200)|30-40%=3.42µs(n=200)|40-50%=3.418µs(n=200)|50-60%=3.371µs(n=200)|60-70%=3.433µs(n=200)|70-80%=3.547µs(n=200)|80-90%=3.388µs(n=200)|90-100%=3.299µs(n=200)",796,3930,0,0,"",0,0,0,0,0,0.00,0.00,0
smt,build_300k,0,300000,300000,1084330313,3614,"0-10%=3.006µs(n=30000)|10-20%=2.967µs(n=30000)|20-30%=3.137µs(n=30000)|30-40%=3.182µs(n=30000)|40-50%=3.496µs(n=30000)|50-60%=3.537µs(n=30000)|60-70%=3.615µs(n=30000)|70-80%=4.02µs(n=30000)|80-90%=4.35µs(n=30000)|90-100%=4.829µs(n=30000)",165.29,214.69,3753378,12591021,4197,"0-10%=4.207µs(n=300)|10-20%=4.284µs(n=300)|20-30%=4.007µs(n=300)|30-40%=4.068µs(n=300)|40-50%=4.203µs(n=300)|50-60%=4.204µs(n=300)|60-70%=4.366µs(n=300)|70-80%=4.469µs(n=300)|80-90%=4.192µs(n=300)|90-100%=3.964µs(n=300)",818,4211,0,0,"",0,0,0,0,0,0.00,0.00,0
smt,build_500k,0,500000,500000,2165310073,4330,"0-10%=2.798µs(n=50000)|10-20%=3.516µs(n=50000)|20-30%=4.128µs(n=50000)|30-40%=4.563µs(n=50000)|40-50%=4.889µs(n=50000)|50-60%=4.596µs(n=50000)|60-70%=4.658µs(n=50000)|70-80%=4.984µs(n=50000)|80-90%=4.713µs(n=50000)|90-100%=4.457µs(n=50000)",279.36,357.81,6378329,19913336,3982,"0-10%=3.774µs(n=500)|10-20%=3.911µs(n=500)|20-30%=3.906µs(n=500)|30-40%=4.045µs(n=500)|40-50%=3.976µs(n=500)|50-60%=4.019µs(n=500)|60-70%=4.025µs(n=500)|70-80%=4.118µs(n=500)|80-90%=4.089µs(n=500)|90-100%=3.958µs(n=500)",847,4201,0,0,"",0,0,0,0,0,0.00,0.00,0
smt,build_700k,0,700000,700000,3039063472,4341,"0-10%=2.743µs(n=70000)|10-20%=3.786µs(n=70000)|20-30%=3.607µs(n=70000)|30-40%=4.186µs(n=70000)|40-50%=4.133µs(n=70000)|50-60%=4.76µs(n=70000)|60-70%=4.651µs(n=70000)|70-80%=4.723µs(n=70000)|80-90%=5.081µs(n=70000)|90-100%=5.742µs(n=70000)",363.65,500.95,8057977,32689748,4669,"0-10%=4.449µs(n=700)|10-20%=4.59µs(n=700)|20-30%=4.772µs(n=700)|30-40%=4.698µs(n=700)|40-50%=4.617µs(n=700)|50-60%=4.718µs(n=700)|60-70%=4.656µs(n=700)|70-80%=4.745µs(n=700)|80-90%=4.675µs(n=700)|90-100%=4.774µs(n=700)",865,4528,0,0,"",0,0,0,0,0,0.00,0.00,0
smt,build_900k,0,900000,900000,4328443268,4809,"0-10%=3.028µs(n=90000)|10-20%=3.989µs(n=90000)|20-30%=4.396µs(n=90000)|30-40%=4.329µs(n=90000)|40-50%=4.874µs(n=90000)|50-60%=4.611µs(n=90000)|60-70%=4.74µs(n=90000)|70-80%=6.38µs(n=90000)|80-90%=6.532µs(n=90000)|90-100%=5.21µs(n=90000)",505.73,644.10,11572136,38999496,4333,"0-10%=4.213µs(n=900)|10-20%=4.389µs(n=900)|20-30%=4.324µs(n=900)|30-40%=4.33µs(n=900)|40-50%=4.387µs(n=900)|50-60%=4.339µs(n=900)|60-70%=4.396µs(n=900)|70-80%=4.314µs(n=900)|80-90%=4.379µs(n=900)|90-100%=4.257µs(n=900)",878,4477,0,0,"",0,0,0,0,0,0.00,0.00,0
smt,build_1m,0,1000000,1000000,4614604479,4614,"0-10%=2.87µs(n=100000)|10-20%=3.666µs(n=100000)|20-30%=4.152µs(n=100000)|30-40%=4.498µs(n=100000)|40-50%=4.728µs(n=100000)|50-60%=4.701µs(n=100000)|60-70%=5.53µs(n=100000)|70-80%=5.47µs(n=100000)|80-90%=5.236µs(n=100000)|90-100%=5.29µs(n=100000)",575.40,715.64,13284806,53183788,5318,"0-10%=3.393µs(n=1000)|10-20%=3.827µs(n=1000)|20-30%=4.401µs(n=1000)|30-40%=4.545µs(n=1000)|40-50%=4.401µs(n=1000)|50-60%=4.385µs(n=1000)|60-70%=4.414µs(n=1000)|70-80%=4.525µs(n=1000)|80-90%=4.398µs(n=1000)|90-100%=14.89µs(n=1000)",885,5002,0,0,"",0,0,0,0,0,0.00,0.00,0
smt,build_2m,0,2000000,2000000,10749033916,5374,"0-10%=3.266µs(n=200000)|10-20%=4.697µs(n=200000)|20-30%=5.193µs(n=200000)|30-40%=5.686µs(n=200000)|40-50%=5.332µs(n=200000)|50-60%=5.867µs(n=200000)|60-70%=5.707µs(n=200000)|70-80%=5.531µs(n=200000)|80-90%=5.834µs(n=200000)|90-100%=6.628µs(n=200000)",1038.75,1431.26,23013208,93245908,4662,"0-10%=4.523µs(n=2000)|10-20%=4.58µs(n=2000)|20-30%=4.658µs(n=2000)|30-40%=4.624µs(n=2000)|40-50%=4.671µs(n=2000)|50-60%=4.686µs(n=2000)|60-70%=4.663µs(n=2000)|70-80%=4.668µs(n=2000)|80-90%=4.733µs(n=2000)|90-100%=4.813µs(n=2000)",922,4737,0,0,"",0,0,0,0,0,0.00,0.00,0
smt,build_5m,0,5000000,5000000,30737163149,6147,"0-10%=4.035µs(n=500000)|10-20%=5.291µs(n=500000)|20-30%=5.668µs(n=500000)|30-40%=5.851µs(n=500000)|40-50%=6.687µs(n=500000)|50-60%=6.4µs(n=500000)|60-70%=6.481µs(n=500000)|70-80%=7.038µs(n=500000)|80-90%=7.178µs(n=500000)|90-100%=6.842µs(n=500000)",2770.36,3578.14,62987432,275498461,5509,"0-10%=5.242µs(n=5000)|10-20%=5.378µs(n=5000)|20-30%=5.389µs(n=5000)|30-40%=5.357µs(n=5000)|40-50%=5.404µs(n=5000)|50-60%=5.396µs(n=5000)|60-70%=5.378µs(n=5000)|70-80%=5.424µs(n=5000)|80-90%=5.451µs(n=5000)|90-100%=6.678µs(n=5000)",973,4889,0,0,"",0,0,0,0,0,0.00,0.00,0
smt,build_10m,0,10000000,10000000,70504555735,7050,"0-10%=4.659µs(n=1000000)|10-20%=5.984µs(n=1000000)|20-30%=6.408µs(n=1000000)|30-40%=6.58µs(n=1000000)|40-50%=7.236µs(n=1000000)|50-60%=7.253µs(n=1000000)|60-70%=7.666µs(n=1000000)|70-80%=8.364µs(n=1000000)|80-90%=8.09µs(n=1000000)|90-100%=8.258µs(n=1000000)",5581.79,7156.49,127269043,855533137,8555,"0-10%=8.327µs(n=10000)|10-20%=8.66µs(n=10000)|20-30%=8.649µs(n=10000)|30-40%=8.951µs(n=10000)|40-50%=8.394µs(n=10000)|50-60%=8.417µs(n=10000)|60-70%=8.433µs(n=10000)|70-80%=8.533µs(n=10000)|80-90%=8.594µs(n=10000)|90-100%=8.591µs(n=10000)",1011,7174,0,0,"",0,0,0,0,0,0.00,0.00,0
smt,build_25m,0,25000000,25000000,209296387756,8371,"0-10%=5.556µs(n=2500000)|10-20%=6.79µs(n=2500000)|20-30%=7.509µs(n=2500000)|30-40%=8.212µs(n=2500000)|40-50%=8.558µs(n=2500000)|50-60%=8.796µs(n=2500000)|60-70%=9.613µs(n=2500000)|70-80%=9.341µs(n=2500000)|80-90%=9.56µs(n=2500000)|90-100%=9.78µs(n=2500000)",14695.10,17892.46,341629502,3213612865,12854,"0-10%=9.354µs(n=25000)|10-20%=29.554µs(n=25000)|20-30%=27.21µs(n=25000)|30-40%=5.919µs(n=25000)|40-50%=8.495µs(n=25000)|50-60%=9.367µs(n=25000)|60-70%=9.658µs(n=25000)|70-80%=9.669µs(n=25000)|80-90%=9.659µs(n=25000)|90-100%=9.655µs(n=25000)",1061,11308,0,0,"",0,0,0,0,0,0.00,0.00,0
smt,prehashed_ordered_build_10k,0,10000,10000,15076997,1507,"0-10%=1.154µs(n=1000)|10-20%=1.223µs(n=1000)|20-30%=2.227µs(n=1000)|30-40%=1.35µs(n=1000)|40-50%=1.375µs(n=1000)|50-60%=1.246µs(n=1000)|60-70%=1.231µs(n=1000)|70-80%=1.498µs(n=1000)|80-90%=2.327µs(n=1000)|90-100%=1.44µs(n=1000)",5.07,6.42,122257,122812,1228,"0-10%=1.256µs(n=10)|10-20%=1.05µs(n=10)|20-30%=1.107µs(n=10)|30-40%=981ns(n=10)|40-50%=1.142µs(n=10)|50-60%=1.236µs(n=10)|60-70%=1.48µs(n=10)|70-80%=1.477µs(n=10)|80-90%=1.363µs(n=10)|90-100%=1.184µs(n=10)",632,2797,0,0,"",0,0,0,0,0,0.00,0.00,0
smt,prehashed_ordered_build_50k,0,50000,50000,78058305,1561,"0-10%=1.427µs(n=5000)|10-20%=1.579µs(n=5000)|20-30%=1.47µs(n=5000)|30-40%=1.788µs(n=5000)|40-50%=1.609µs(n=5000)|50-60%=1.352µs(n=5000)|60-70%=1.466µs(n=5000)|70-80%=1.823µs(n=5000)|80-90%=1.505µs(n=5000)|90-100%=1.588µs(n=5000)",25.82,32.06,622713,748364,1496,"0-10%=1.322µs(n=50)|10-20%=1.12µs(n=50)|20-30%=1.318µs(n=50)|30-40%=1.792µs(n=50)|40-50%=1.272µs(n=50)|50-60%=1.21µs(n=50)|60-70%=1.169µs(n=50)|70-80%=1.922µs(n=50)|80-90%=1.88µs(n=50)|90-100%=1.957µs(n=50)",718,3361,0,0,"",0,0,0,0,0,0.00,0.00,0
smt,prehashed_ordered_build_100k,0,100000,100000,157802496,1578,"0-10%=1.471µs(n=10000)|10-20%=1.603µs(n=10000)|20-30%=1.468µs(n=10000)|30-40%=1.688µs(n=10000)|40-50%=1.645µs(n=10000)|50-60%=1.39µs(n=10000)|60-70%=1.735µs(n=10000)|70-80%=1.536µs(n=10000)|80-90%=1.568µs(n=10000)|90-100%=1.671µs(n=10000)",53.07,64.12,1290257,1919370,1919,"0-10%=2.222µs(n=100)|10-20%=1.527µs(n=100)|20-30%=1.746µs(n=100)|30-40%=1.654µs(n=100)|40-50%=1.568µs(n=100)|50-60%=1.446µs(n=100)|60-70%=1.73µs(n=100)|70-80%=2.372µs(n=100)|80-90%=2.352µs(n=100)|90-100%=2.574µs(n=100)",759,3546,0,0,"",0,0,0,0,0,0.00,0.00,0
smt,prehashed_ordered_build_200k,0,200000,200000,329838306,1649,"0-10%=1.446µs(n=20000)|10-20%=1.643µs(n=20000)|20-30%=1.546µs(n=20000)|30-40%=1.586µs(n=20000)|40-50%=1.883µs(n=20000)|50-60%=1.467µs(n=20000)|60-70%=1.567µs(n=20000)|70-80%=1.811µs(n=20000)|80-90%=1.76µs(n=20000)|90-100%=1.778µs(n=20000)",101.98,128.22,2444130,4343031,2171,"0-10%=2.067µs(n=200)|10-20%=2.169µs(n=200)|20-30%=2.064µs(n=200)|30-40%=2.091µs(n=200)|40-50%=2.351µs(n=200)|50-60%=2.247µs(n=200)|60-70%=2.163µs(n=200)|70-80%=2.154µs(n=200)|80-90%=2.146µs(n=200)|90-100%=2.258µs(n=200)",797,3664,0,0,"",0,0,0,0,0,0.00,0.00,0
smt,prehashed_ordered_build_300k,0,300000,300000,519056612,1730,"0-10%=1.494µs(n=30000)|10-20%=1.652µs(n=30000)|20-30%=1.62µs(n=30000)|30-40%=1.829µs(n=30000)|40-50%=1.857µs(n=30000)|50-60%=1.58µs(n=30000)|60-70%=1.671µs(n=30000)|70-80%=2.012µs(n=30000)|80-90%=1.75µs(n=30000)|90-100%=1.831µs(n=30000)",155.06,192.30,3733188,7061615,2353,"0-10%=2.226µs(n=300)|10-20%=2.254µs(n=300)|20-30%=2.299µs(n=300)|30-40%=2.511µs(n=300)|40-50%=2.468µs(n=300)|50-60%=2.378µs(n=300)|60-70%=2.323µs(n=300)|70-80%=2.365µs(n=300)|80-90%=2.326µs(n=300)|90-100%=2.383µs(n=300)",819,3810,0,0,"",0,0,0,0,0,0.00,0.00,0
smt,prehashed_ordered_build_500k,0,500000,500000,936044198,1872,"0-10%=1.526µs(n=50000)|10-20%=1.789µs(n=50000)|20-30%=1.793µs(n=50000)|30-40%=1.854µs(n=50000)|40-50%=2.093µs(n=50000)|50-60%=1.724µs(n=50000)|60-70%=1.794µs(n=50000)|70-80%=1.977µs(n=50000)|80-90%=2.174µs(n=50000)|90-100%=1.992µs(n=50000)",254.79,320.48,6102954,17109625,3421,"0-10%=3.389µs(n=500)|10-20%=3.532µs(n=500)|20-30%=3.386µs(n=500)|30-40%=3.483µs(n=500)|40-50%=3.519µs(n=500)|50-60%=3.213µs(n=500)|60-70%=3.286µs(n=500)|70-80%=3.39µs(n=500)|80-90%=3.491µs(n=500)|90-100%=3.526µs(n=500)",847,4376,0,0,"",0,0,0,0,0,0.00,0.00,0
smt,prehashed_ordered_build_700k,0,700000,700000,1388726461,1983,"0-10%=1.707µs(n=70000)|10-20%=1.918µs(n=70000)|20-30%=1.938µs(n=70000)|30-40%=2.227µs(n=70000)|40-50%=2.03µs(n=70000)|50-60%=1.775µs(n=70000)|60-70%=1.859µs(n=70000)|70-80%=2.172µs(n=70000)|80-90%=2.007µs(n=70000)|90-100%=2.2µs(n=70000)",360.46,448.65,8666034,26492210,3784,"0-10%=4.297µs(n=700)|10-20%=3.878µs(n=700)|20-30%=3.705µs(n=700)|30-40%=3.768µs(n=700)|40-50%=3.763µs(n=700)|50-60%=3.627µs(n=700)|60-70%=3.802µs(n=700)|70-80%=3.587µs(n=700)|80-90%=3.76µs(n=700)|90-100%=3.655µs(n=700)",865,4731,0,0,"",0,0,0,0,0,0.00,0.00,0
smt,prehashed_ordered_build_900k,0,900000,900000,1762280360,1958,"0-10%=1.72µs(n=90000)|10-20%=1.936µs(n=90000)|20-30%=1.871µs(n=90000)|30-40%=1.92µs(n=90000)|40-50%=2.148µs(n=90000)|50-60%=1.789µs(n=90000)|60-70%=1.891µs(n=90000)|70-80%=2.268µs(n=90000)|80-90%=1.993µs(n=90000)|90-100%=2.039µs(n=90000)",460.04,576.81,11033073,31549405,3505,"0-10%=3.435µs(n=900)|10-20%=3.631µs(n=900)|20-30%=3.625µs(n=900)|30-40%=3.541µs(n=900)|40-50%=3.677µs(n=900)|50-60%=3.372µs(n=900)|60-70%=3.458µs(n=900)|70-80%=3.409µs(n=900)|80-90%=3.484µs(n=900)|90-100%=3.418µs(n=900)",879,4407,0,0,"",0,0,0,0,0,0.00,0.00,0
smt,prehashed_ordered_build_1m,0,1000000,1000000,1982927086,1982,"0-10%=1.727µs(n=100000)|10-20%=1.921µs(n=100000)|20-30%=1.894µs(n=100000)|30-40%=1.94µs(n=100000)|40-50%=2.271µs(n=100000)|50-60%=1.804µs(n=100000)|60-70%=1.928µs(n=100000)|70-80%=2.174µs(n=100000)|80-90%=2.09µs(n=100000)|90-100%=2.073µs(n=100000)",510.40,640.92,12232854,38951882,3895,"0-10%=4.035µs(n=1000)|10-20%=4.005µs(n=1000)|20-30%=3.927µs(n=1000)|30-40%=3.991µs(n=1000)|40-50%=3.855µs(n=1000)|50-60%=3.899µs(n=1000)|60-70%=3.891µs(n=1000)|70-80%=3.741µs(n=1000)|80-90%=3.867µs(n=1000)|90-100%=3.737µs(n=1000)",884,4469,0,0,"",0,0,0,0,0,0.00,0.00,0
smt,prehashed_ordered_build_2m,0,2000000,2000000,4074887276,2037,"0-10%=1.815µs(n=200000)|10-20%=2.024µs(n=200000)|20-30%=1.969µs(n=200000)|30-40%=2.102µs(n=200000)|40-50%=2.186µs(n=200000)|50-60%=1.847µs(n=200000)|60-70%=1.946µs(n=200000)|70-80%=2.278µs(n=200000)|80-90%=2.034µs(n=200000)|90-100%=2.168µs(n=200000)",1027.98,1281.86,24700173,74526483,3726,"0-10%=3.813µs(n=2000)|10-20%=3.814µs(n=2000)|20-30%=3.807µs(n=2000)|30-40%=3.59µs(n=2000)|40-50%=3.675µs(n=2000)|50-60%=3.632µs(n=2000)|60-70%=3.683µs(n=2000)|70-80%=3.742µs(n=2000)|80-90%=3.776µs(n=2000)|90-100%=3.725µs(n=2000)",923,4605,0,0,"",0,0,0,0,0,0.00,0.00,0
smt,prehashed_ordered_build_5m,0,5000000,5000000,10768806437,2153,"0-10%=1.961µs(n=500000)|10-20%=2.151µs(n=500000)|20-30%=2.046µs(n=500000)|30-40%=2.269µs(n=500000)|40-50%=2.247µs(n=500000)|50-60%=1.976µs(n=500000)|60-70%=2.041µs(n=500000)|70-80%=2.434µs(n=500000)|80-90%=2.137µs(n=500000)|90-100%=2.27µs(n=500000)",2592.34,3204.70,62473564,190910294,3818,"0-10%=3.925µs(n=5000)|10-20%=3.838µs(n=5000)|20-30%=3.865µs(n=5000)|30-40%=3.883µs(n=5000)|40-50%=3.708µs(n=5000)|50-60%=3.696µs(n=5000)|60-70%=3.697µs(n=5000)|70-80%=4.063µs(n=5000)|80-90%=3.76µs(n=5000)|90-100%=3.742µs(n=5000)",973,4883,0,0,"",0,0,0,0,0,0.00,0.00,0
smt,prehashed_ordered_build_10m,0,10000000,10000000,21810482877,2181,"0-10%=1.915µs(n=1000000)|10-20%=2.141µs(n=1000000)|20-30%=2.106µs(n=1000000)|30-40%=2.349µs(n=1000000)|40-50%=2.268µs(n=1000000)|50-60%=1.992µs(n=1000000)|60-70%=2.11µs(n=1000000)|70-80%=2.468µs(n=1000000)|80-90%=2.17µs(n=1000000)|90-100%=2.285µs(n=1000000)",5186.07,6409.37,124992836,383519568,3835,"0-10%=3.818µs(n=10000)|10-20%=3.822µs(n=10000)|20-30%=3.836µs(n=10000)|30-40%=3.904µs(n=10000)|40-50%=3.873µs(n=10000)|50-60%=3.647µs(n=10000)|60-70%=3.735µs(n=10000)|70-80%=4.245µs(n=10000)|80-90%=3.792µs(n=10000)|90-100%=3.674µs(n=10000)",1011,5005,0,0,"",0,0,0,0,0,0.00,0.00,0
smt,prehashed_ordered_build_15m,0,15000000,15000000,33353129397,2223,"0-10%=1.946µs(n=1500000)|10-20%=2.196µs(n=1500000)|20-30%=2.128µs(n=1500000)|30-40%=2.393µs(n=1500000)|40-50%=2.347µs(n=1500000)|50-60%=2.011µs(n=1500000)|60-70%=2.12µs(n=1500000)|70-80%=2.558µs(n=1500000)|80-90%=2.228µs(n=1500000)|90-100%=2.304µs(n=1500000)",7815.25,9613.88,188714402,576138483,3840,"0-10%=3.668µs(n=15000)|10-20%=3.821µs(n=15000)|20-30%=3.815µs(n=15000)|30-40%=3.973µs(n=15000)|40-50%=3.831µs(n=15000)|50-60%=3.783µs(n=15000)|60-70%=3.764µs(n=15000)|70-80%=4.224µs(n=15000)|80-90%=3.809µs(n=15000)|90-100%=3.716µs(n=15000)",1033,5077,0,0,"",0,0,0,0,0,0.00,0.00,0
smt,insert_only_build_10k,0,10000,10000,23134778,2313,"0-10%=1.644µs(n=1000)|10-20%=1.883µs(n=1000)|20-30%=2.079µs(n=1000)|30-40%=3.045µs(n=1000)|40-50%=2.112µs(n=1000)|50-60%=2.175µs(n=1000)|60-70%=2.144µs(n=1000)|70-80%=3.337µs(n=1000)|80-90%=2.407µs(n=1000)|90-100%=2.304µs(n=1000)",5.54,7.17,127203,0,0,"",0,0,0,0,"",0,0,0,0,0,0.00,0.00,0
smt,insert_only_build_50k,0,50000,50000,137243684,2744,"0-10%=2.208µs(n=5000)|10-20%=2.575µs(n=5000)|20-30%=2.676µs(n=5000)|30-40%=2.548µs(n=5000)|40-50%=2.574µs(n=5000)|50-60%=3.001µs(n=5000)|60-70%=2.696µs(n=5000)|70-80%=2.838µs(n=5000)|80-90%=2.925µs(n=5000)|90-100%=3.403µs(n=5000)",25.94,35.80,574800,0,0,"",0,0,0,0,"",0,0,0,0,0,0.00,0.00,0
smt,insert_only_build_100k,0,100000,100000,295791426,2957,"0-10%=2.306µs(n=10000)|10-20%=2.604µs(n=10000)|20-30%=2.817µs(n=10000)|30-40%=2.698µs(n=10000)|40-50%=3.078µs(n=10000)|50-60%=3.098µs(n=10000)|60-70%=3.05µs(n=10000)|70-80%=3.156µs(n=10000)|80-90%=3.488µs(n=10000)|90-100%=3.28µs(n=10000)",54.14,71.57,1220794,0,0,"",0,0,0,0,"",0,0,0,0,0,0.00,0.00,0
smt,insert_only_build_200k,0,200000,200000,664964700,3324,"0-10%=2.481µs(n=20000)|10-20%=2.771µs(n=20000)|20-30%=3.069µs(n=20000)|30-40%=3.238µs(n=20000)|40-50%=3.329µs(n=20000)|50-60%=3.376µs(n=20000)|60-70%=3.781µs(n=20000)|70-80%=3.764µs(n=20000)|80-90%=3.677µs(n=20000)|90-100%=3.757µs(n=20000)",114.52,143.12,2638539,0,0,"",0,0,0,0,"",0,0,0,0,0,0.00,0.00,0
smt,insert_only_build_300k,0,300000,300000,1097690897,3658,"0-10%=2.587µs(n=30000)|10-20%=2.991µs(n=30000)|20-30%=3.279µs(n=30000)|30-40%=3.468µs(n=30000)|40-50%=3.797µs(n=30000)|50-60%=3.677µs(n=30000)|60-70%=3.697µs(n=30000)|70-80%=4.252µs(n=30000)|80-90%=4.507µs(n=30000)|90-100%=4.328µs(n=30000)",165.52,214.69,3758522,0,0,"",0,0,0,0,"",0,0,0,0,0,0.00,0.00,0
smt,insert_only_build_500k,0,500000,500000,2026596632,4053,"0-10%=2.706µs(n=50000)|10-20%=3.193µs(n=50000)|20-30%=3.588µs(n=50000)|30-40%=3.779µs(n=50000)|40-50%=4.325µs(n=50000)|50-60%=4.293µs(n=50000)|60-70%=4.211µs(n=50000)|70-80%=4.661µs(n=50000)|80-90%=5.073µs(n=50000)|90-100%=4.698µs(n=50000)",274.26,357.82,6212199,0,0,"",0,0,0,0,"",0,0,0,0,0,0.00,0.00,0
smt,insert_only_build_700k,0,700000,700000,3037259186,4338,"0-10%=2.794µs(n=70000)|10-20%=3.518µs(n=70000)|20-30%=3.734µs(n=70000)|30-40%=4.288µs(n=70000)|40-50%=4.202µs(n=70000)|50-60%=4.865µs(n=70000)|60-70%=4.747µs(n=70000)|70-80%=4.72µs(n=70000)|80-90%=4.804µs(n=70000)|90-100%=5.713µs(n=70000)",362.83,500.96,8026403,0,0,"",0,0,0,0,"",0,0,0,0,0,0.00,0.00,0
smt,insert_only_build_900k,0,900000,900000,4056712755,4507,"0-10%=2.919µs(n=90000)|10-20%=3.548µs(n=90000)|20-30%=4.145µs(n=90000)|30-40%=4.204µs(n=90000)|40-50%=4.889µs(n=90000)|50-60%=4.627µs(n=90000)|60-70%=4.719µs(n=90000)|70-80%=5.594µs(n=90000)|80-90%=5.31µs(n=90000)|90-100%=5.115µs(n=90000)",504.36,644.09,11519810,0,0,"",0,0,0,0,"",0,0,0,0,0,0.00,0.00,0
smt,insert_only_build_1m,0,1000000,1000000,4609981585,4609,"0-10%=2.946µs(n=100000)|10-20%=3.654µs(n=100000)|20-30%=4.185µs(n=100000)|30-40%=4.498µs(n=100000)|40-50%=4.896µs(n=100000)|50-60%=4.761µs(n=100000)|60-70%=5.454µs(n=100000)|70-80%=5.287µs(n=100000)|80-90%=5.272µs(n=100000)|90-100%=5.142µs(n=100000)",577.84,715.65,13353020,0,0,"",0,0,0,0,"",0,0,0,0,0,0.00,0.00,0
smt,insert_only_build_2m,0,2000000,2000000,10654070073,5327,"0-10%=3.314µs(n=200000)|10-20%=4.33µs(n=200000)|20-30%=4.974µs(n=200000)|30-40%=5.53µs(n=200000)|40-50%=5.212µs(n=200000)|50-60%=5.797µs(n=200000)|60-70%=6.008µs(n=200000)|70-80%=5.772µs(n=200000)|80-90%=5.739µs(n=200000)|90-100%=6.589µs(n=200000)",1027.89,1431.26,22650608,0,0,"",0,0,0,0,"",0,0,0,0,0,0.00,0.00,0
smt,insert_only_build_5m,0,5000000,5000000,30855061294,6171,"0-10%=4.018µs(n=500000)|10-20%=5.219µs(n=500000)|20-30%=5.837µs(n=500000)|30-40%=6.222µs(n=500000)|40-50%=6.208µs(n=500000)|50-60%=6.343µs(n=500000)|60-70%=7.056µs(n=500000)|70-80%=6.848µs(n=500000)|80-90%=6.907µs(n=500000)|90-100%=7.046µs(n=500000)",2930.86,3578.16,68077207,0,0,"",0,0,0,0,"",0,0,0,0,0,0.00,0.00,0
smt,insert_only_build_10m,0,10000000,10000000,69747902218,6974,"0-10%=4.599µs(n=1000000)|10-20%=5.997µs(n=1000000)|20-30%=6.264µs(n=1000000)|30-40%=7.146µs(n=1000000)|40-50%=6.846µs(n=1000000)|50-60%=7.717µs(n=1000000)|60-70%=7.452µs(n=1000000)|70-80%=7.313µs(n=1000000)|80-90%=8.247µs(n=1000000)|90-100%=8.163µs(n=1000000)",5312.65,7156.55,118726731,0,0,"",0,0,0,0,"",0,0,0,0,0,0.00,0.00,0
smt,insert_only_build_25m,0,25000000,25000000,204154039582,8166,"0-10%=5.579µs(n=2500000)|10-20%=6.732µs(n=2500000)|20-30%=7.451µs(n=2500000)|30-40%=7.928µs(n=2500000)|40-50%=8.136µs(n=2500000)|50-60%=8.264µs(n=2500000)|60-70%=9.385µs(n=2500000)|70-80%=9.02µs(n=2500000)|80-90%=9.47µs(n=2500000)|90-100%=9.692µs(n=2500000)",14643.32,17892.43,339973129,0,0,"",0,0,0,0,"",0,0,0,0,0,0.00,0.00,0
smt,proof_only_after_10k_build_sample_5pct,10000,10000,0,0,0,"",0.00,0.00,0,674094,1348,"0-10%=1.573µs(n=50)|10-20%=1.351µs(n=50)|20-30%=1.322µs(n=50)|30-40%=1.846µs(n=50)|40-50%=1.443µs(n=50)|50-60%=1.213µs(n=50)|60-70%=1.313µs(n=50)|70-80%=1.159µs(n=50)|80-90%=1.097µs(n=50)|90-100%=1.161µs(n=50)",632,2999,0,0,"",0,0,0,0,0,0.00,0.00,0
smt,proof_only_after_50k_build_sample_5pct,50000,50000,0,0,0,"",0.00,0.00,0,4417758,1767,"0-10%=1.876µs(n=250)|10-20%=1.767µs(n=250)|20-30%=1.856µs(n=250)|30-40%=1.63µs(n=250)|40-50%=1.762µs(n=250)|50-60%=1.833µs(n=250)|60-70%=1.873µs(n=250)|70-80%=1.703µs(n=250)|80-90%=1.711µs(n=250)|90-100%=1.656µs(n=250)",722,3692,0,0,"",0,0,0,0,0,0.00,0.00,0
smt,proof_only_after_100k_build_sample_5pct,100000,100000,0,0,0,"",0.00,0.00,0,10900699,2180,"0-10%=2.262µs(n=500)|10-20%=2.206µs(n=500)|20-30%=2.178µs(n=500)|30-40%=2.197µs(n=500)|40-50%=2.197µs(n=500)|50-60%=2.112µs(n=500)|60-70%=2.228µs(n=500)|70-80%=2.067µs(n=500)|80-90%=2.199µs(n=500)|90-100%=2.15µs(n=500)",759,4072,0,0,"",0,0,0,0,0,0.00,0.00,0
smt,proof_only_after_200k_build_sample_5pct,200000,200000,0,0,0,"",0.00,0.00,0,26540719,2654,"0-10%=3.053µs(n=1000)|10-20%=2.826µs(n=1000)|20-30%=2.617µs(n=1000)|30-40%=2.669µs(n=1000)|40-50%=2.558µs(n=1000)|50-60%=2.595µs(n=1000)|60-70%=2.647µs(n=1000)|70-80%=2.467µs(n=1000)|80-90%=2.585µs(n=1000)|90-100%=2.518µs(n=1000)",797,4451,0,0,"",0,0,0,0,0,0.00,0.00,0
smt,proof_only_after_300k_build_sample_5pct,300000,300000,0,0,0,"",0.00,0.00,0,52507503,3500,"0-10%=3.869µs(n=1500)|10-20%=3.622µs(n=1500)|20-30%=3.567µs(n=1500)|30-40%=3.442µs(n=1500)|40-50%=3.51µs(n=1500)|50-60%=3.42µs(n=1500)|60-70%=3.321µs(n=1500)|70-80%=3.492µs(n=1500)|80-90%=3.315µs(n=1500)|90-100%=3.441µs(n=1500)",819,4922,0,0,"",0,0,0,0,0,0.00,0.00,0
smt,proof_only_after_500k_build_sample_5pct,500000,500000,0,0,0,"",0.00,0.00,0,94977908,3799,"0-10%=4.318µs(n=2500)|10-20%=3.915µs(n=2500)|20-30%=3.861µs(n=2500)|30-40%=3.805µs(n=2500)|40-50%=3.762µs(n=2500)|50-60%=3.722µs(n=2500)|60-70%=3.706µs(n=2500)|70-80%=3.688µs(n=2500)|80-90%=3.676µs(n=2500)|90-100%=3.533µs(n=2500)",847,5307,0,0,"",0,0,0,0,0,0.00,0.00,0
smt,proof_only_after_700k_build_sample_5pct,700000,700000,0,0,0,"",0.00,0.00,0,134773416,3850,"0-10%=4.233µs(n=3500)|10-20%=3.976µs(n=3500)|20-30%=3.79µs(n=3500)|30-40%=3.794µs(n=3500)|40-50%=3.769µs(n=3500)|50-60%=3.766µs(n=3500)|60-70%=3.792µs(n=3500)|70-80%=3.802µs(n=3500)|80-90%=3.814µs(n=3500)|90-100%=3.766µs(n=3500)",865,5247,0,0,"",0,0,0,0,0,0.00,0.00,0
smt,proof_only_after_900k_build_sample_5pct,900000,900000,0,0,0,"",0.00,0.00,0,180814969,4018,"0-10%=4.225µs(n=4500)|10-20%=3.976µs(n=4500)|20-30%=3.933µs(n=4500)|30-40%=3.932µs(n=4500)|40-50%=3.97µs(n=4500)|50-60%=4.054µs(n=4500)|60-70%=4.021µs(n=4500)|70-80%=4.123µs(n=4500)|80-90%=4.02µs(n=4500)|90-100%=3.921µs(n=4500)",879,5199,0,0,"",0,0,0,0,0,0.00,0.00,0
smt,proof_only_after_1m_build_sample_5pct,1000000,1000000,0,0,0,"",0.00,0.00,0,205564644,4111,"0-10%=4.792µs(n=5000)|10-20%=4.071µs(n=5000)|20-30%=4.04µs(n=5000)|30-40%=4.013µs(n=5000)|40-50%=4.037µs(n=5000)|50-60%=4.054µs(n=5000)|60-70%=4.108µs(n=5000)|70-80%=4.102µs(n=5000)|80-90%=3.9µs(n=5000)|90-100%=3.991µs(n=5000)",885,5163,0,0,"",0,0,0,0,0,0.00,0.00,0
smt,prehashed_ordered_proof_only_after_1m_build_sample_5pct,1000000,1000000,0,0,0,"",0.00,0.00,0,160433666,3208,"0-10%=3.144µs(n=5000)|10-20%=3.15µs(n=5000)|20-30%=3.196µs(n=5000)|30-40%=3.186µs(n=5000)|40-50%=3.294µs(n=5000)|50-60%=3.219µs(n=5000)|60-70%=3.181µs(n=5000)|70-80%=3.249µs(n=5000)|80-90%=3.319µs(n=5000)|90-100%=3.145µs(n=5000)",885,5204,0,0,"",0,0,0,0,0,0.00,0.00,0
smt,proof_only_after_2m_build_sample_3pct,2000000,2000000,0,0,0,"",0.00,0.00,0,265931534,4432,"0-10%=4.669µs(n=6000)|10-20%=4.414µs(n=6000)|20-30%=4.387µs(n=6000)|30-40%=4.291µs(n=6000)|40-50%=4.403µs(n=6000)|50-60%=4.395µs(n=6000)|60-70%=4.472µs(n=6000)|70-80%=4.41µs(n=6000)|80-90%=4.452µs(n=6000)|90-100%=4.425µs(n=6000)",922,5711,0,0,"",0,0,0,0,0,0.00,0.00,0
smt,proof_only_after_5m_build_sample_3pct,5000000,5000000,0,0,0,"",0.00,0.00,0,743680683,4957,"0-10%=5.115µs(n=15000)|10-20%=4.895µs(n=15000)|20-30%=4.888µs(n=15000)|30-40%=4.875µs(n=15000)|40-50%=4.877µs(n=15000)|50-60%=4.881µs(n=15000)|60-70%=4.941µs(n=15000)|70-80%=5.1µs(n=15000)|80-90%=5.02µs(n=15000)|90-100%=4.982µs(n=15000)",973,6104,0,0,"",0,0,0,0,0,0.00,0.00,0
smt,prehashed_ordered_proof_only_after_5m_build_sample_3pct,5000000,5000000,0,0,0,"",0.00,0.00,0,510203223,3401,"0-10%=3.407µs(n=15000)|10-20%=3.456µs(n=15000)|20-30%=3.426µs(n=15000)|30-40%=3.427µs(n=15000)|40-50%=3.512µs(n=15000)|50-60%=3.304µs(n=15000)|60-70%=3.294µs(n=15000)|70-80%=3.489µs(n=15000)|80-90%=3.403µs(n=15000)|90-100%=3.29µs(n=15000)",973,6019,0,0,"",0,0,0,0,0,0.00,0.00,0
smt,proof_only_after_10m_build_sample_2pct,10000000,10000000,0,0,0,"",0.00,0.00,0,1082592986,5412,"0-10%=5.679µs(n=20000)|10-20%=5.494µs(n=20000)|20-30%=5.459µs(n=20000)|30-40%=5.475µs(n=20000)|40-50%=5.468µs(n=20000)|50-60%=5.382µs(n=20000)|60-70%=5.337µs(n=20000)|70-80%=5.311µs(n=20000)|80-90%=5.305µs(n=20000)|90-100%=5.216µs(n=20000)",1011,6549,0,0,"",0,0,0,0,0,0.00,0.00,0
smt,proof_only_after_20m_build_sample_2pct,20000000,20000000,0,0,0,"",0.00,0.00,0,3438473631,8596,"0-10%=8.789µs(n=40000)|10-20%=8.616µs(n=40000)|20-30%=8.694µs(n=40000)|30-40%=8.455µs(n=40000)|40-50%=8.601µs(n=40000)|50-60%=8.575µs(n=40000)|60-70%=8.691µs(n=40000)|70-80%=8.674µs(n=40000)|80-90%=8.526µs(n=40000)|90-100%=8.336µs(n=40000)",1049,8427,0,0,"",0,0,0,0,0,0.00,0.00,0
smt,build_10k_then_add_2k_new,10000,12000,2000,5334530,2667,"0-10%=3.171µs(n=200)|10-20%=2.848µs(n=200)|20-30%=2.745µs(n=200)|30-40%=2.563µs(n=200)|40-50%=2.614µs(n=200)|50-60%=2.511µs(n=200)|60-70%=2.793µs(n=200)|70-80%=2.522µs(n=200)|80-90%=2.432µs(n=200)|90-100%=2.464µs(n=200)",1.45,1.45,146332,0,0,"",0,0,0,0,"",0,0,0,0,0,0.00,0.00,0
smt,build_50k_then_add_10k_new,50000,60000,10000,34555052,3455,"0-10%=4.128µs(n=1000)|10-20%=3.677µs(n=1000)|20-30%=3.61µs(n=1000)|30-40%=3.418µs(n=1000)|40-50%=3.52µs(n=1000)|50-60%=3.302µs(n=1000)|60-70%=3.322µs(n=1000)|70-80%=3.152µs(n=1000)|80-90%=3.269µs(n=1000)|90-100%=3.151µs(n=1000)",7.17,7.17,728104,0,0,"",0,0,0,0,"",0,0,0,0,0,0.00,0.00,0
smt,build_100k_then_add_20k_new,100000,120000,20000,84044107,4202,"0-10%=5.125µs(n=2000)|10-20%=4.588µs(n=2000)|20-30%=4.399µs(n=2000)|30-40%=4.27µs(n=2000)|40-50%=4.187µs(n=2000)|50-60%=4.109µs(n=2000)|60-70%=3.904µs(n=2000)|70-80%=3.812µs(n=2000)|80-90%=3.855µs(n=2000)|90-100%=3.767µs(n=2000)",14.32,14.32,1455311,0,0,"",0,0,0,0,"",0,0,0,0,0,0.00,0.00,0
smt,build_200k_then_add_40k_new,200000,240000,40000,185515700,4637,"0-10%=5.521µs(n=4000)|10-20%=5.01µs(n=4000)|20-30%=4.848µs(n=4000)|30-40%=4.693µs(n=4000)|40-50%=4.509µs(n=4000)|50-60%=4.457µs(n=4000)|60-70%=4.386µs(n=4000)|70-80%=4.437µs(n=4000)|80-90%=4.327µs(n=4000)|90-100%=4.187µs(n=4000)",28.66,28.66,2909949,0,0,"",0,0,0,0,"",0,0,0,0,0,0.00,0.00,0
smt,build_300k_then_add_60k_new,300000,360000,60000,289064072,4817,"0-10%=5.861µs(n=6000)|10-20%=5.279µs(n=6000)|20-30%=5.077µs(n=6000)|30-40%=5.018µs(n=6000)|40-50%=4.758µs(n=6000)|50-60%=4.748µs(n=6000)|60-70%=4.508µs(n=6000)|70-80%=4.323µs(n=6000)|80-90%=4.299µs(n=6000)|90-100%=4.302µs(n=6000)",42.95,42.95,4364063,0,0,"",0,0,0,0,"",0,0,0,0,0,0.00,0.00,0
smt,build_500k_then_add_100k_new,500000,600000,100000,535585479,5355,"0-10%=6.172µs(n=10000)|10-20%=6.534µs(n=10000)|20-30%=5.547µs(n=10000)|30-40%=5.502µs(n=10000)|40-50%=5.383µs(n=10000)|50-60%=5.198µs(n=10000)|60-70%=4.955µs(n=10000)|70-80%=4.745µs(n=10000)|80-90%=4.736µs(n=10000)|90-100%=4.781µs(n=10000)",71.59,71.59,7273278,0,0,"",0,0,0,0,"",0,0,0,0,0,0.00,0.00,0
smt,build_700k_then_add_140k_new,700000,840000,140000,767588626,5482,"0-10%=6.731µs(n=14000)|10-20%=6.049µs(n=14000)|20-30%=5.841µs(n=14000)|30-40%=5.48µs(n=14000)|40-50%=5.326µs(n=14000)|50-60%=5.171µs(n=14000)|60-70%=5.037µs(n=14000)|70-80%=5.04µs(n=14000)|80-90%=5.065µs(n=14000)|90-100%=5.082µs(n=14000)",100.20,100.20,10181955,0,0,"",0,0,0,0,"",0,0,0,0,0,0.00,0.00,0
smt,build_900k_then_add_180k_new,900000,1080000,180000,1060976616,5894,"0-10%=6.606µs(n=18000)|10-20%=6.128µs(n=18000)|20-30%=6.018µs(n=18000)|30-40%=6.472µs(n=18000)|40-50%=5.862µs(n=18000)|50-60%=5.772µs(n=18000)|60-70%=5.802µs(n=18000)|70-80%=5.589µs(n=18000)|80-90%=5.343µs(n=18000)|90-100%=5.345µs(n=18000)",128.80,128.80,13090456,0,0,"",0,0,0,0,"",0,0,0,0,0,0.00,0.00,0
smt,build_1m_then_add_200k_new,1000000,1200000,200000,1283876781,6419,"0-10%=6.862µs(n=20000)|10-20%=6.666µs(n=20000)|20-30%=6.096µs(n=20000)|30-40%=5.944µs(n=20000)|40-50%=6.358µs(n=20000)|50-60%=6.623µs(n=20000)|60-70%=6.442µs(n=20000)|70-80%=6.061µs(n=20000)|80-90%=5.85µs(n=20000)|90-100%=7.288µs(n=20000)",143.13,143.13,14544967,0,0,"",0,0,0,0,"",0,0,0,0,0,0.00,0.00,0
smt,build_2m_then_add_400k_new,2000000,2400000,400000,2632682993,6581,"0-10%=7.396µs(n=40000)|10-20%=6.863µs(n=40000)|20-30%=6.795µs(n=40000)|30-40%=6.449µs(n=40000)|40-50%=6.445µs(n=40000)|50-60%=6.521µs(n=40000)|60-70%=6.394µs(n=40000)|70-80%=6.307µs(n=40000)|80-90%=6.314µs(n=40000)|90-100%=6.327µs(n=40000)",286.26,286.26,29089042,0,0,"",0,0,0,0,"",0,0,0,0,0,0.00,0.00,0
smt,build_5m_then_add_1m_new,5000000,6000000,1000000,7442576697,7442,"0-10%=8.078µs(n=100000)|10-20%=7.442µs(n=100000)|20-30%=7.404µs(n=100000)|30-40%=7.333µs(n=100000)|40-50%=7.455µs(n=100000)|50-60%=7.446µs(n=100000)|60-70%=7.418µs(n=100000)|70-80%=7.364µs(n=100000)|80-90%=7.362µs(n=100000)|90-100%=7.119µs(n=100000)",715.72,715.72,72722970,0,0,"",0,0,0,0,"",0,0,0,0,0,0.00,0.00,0
smt,build_10m_then_add_2m_new,10000000,12000000,2000000,16425991241,8212,"0-10%=8.696µs(n=200000)|10-20%=8.487µs(n=200000)|20-30%=8.447µs(n=200000)|30-40%=8.455µs(n=200000)|40-50%=8.236µs(n=200000)|50-60%=7.951µs(n=200000)|60-70%=7.897µs(n=200000)|70-80%=7.929µs(n=200000)|80-90%=8.004µs(n=200000)|90-100%=8.023µs(n=200000)",1431.32,1431.32,145442618,0,0,"",0,0,0,0,"",0,0,0,0,0,0.00,0.00,0
smt,build_20m_then_add_5m_new,20000000,25000000,5000000,49018618400,9803,"0-10%=10.051µs(n=500000)|10-20%=9.782µs(n=500000)|20-30%=9.784µs(n=500000)|30-40%=9.64µs(n=500000)|40-50%=9.728µs(n=500000)|50-60%=9.787µs(n=500000)|60-70%=9.892µs(n=500000)|70-80%=9.7µs(n=500000)|80-90%=9.75µs(n=500000)|90-100%=9.917µs(n=500000)",3578.82,3578.82,308607762,0,0,"",0,0,0,0,"",0,0,0,0,0,0.00,0.00,0
smt,build_10k_then_reinsert_2k_existing,10000,10000,2000,4948744,2474,"0-10%=3.167µs(n=200)|10-20%=2.602µs(n=200)|20-30%=2.592µs(n=200)|30-40%=2.72µs(n=200)|40-50%=2.403µs(n=200)|50-60%=2.343µs(n=200)|60-70%=2.282µs(n=200)|70-80%=2.311µs(n=200)|80-90%=2.17µs(n=200)|90-100%=2.145µs(n=200)",0.34,0.34,121951,0,0,"",0,0,0,0,"",0,0,0,0,0,0.00,0.00,0
smt,build_50k_then_reinsert_10k_existing,50000,50000,10000,32535498,3253,"0-10%=3.875µs(n=1000)|10-20%=3.426µs(n=1000)|20-30%=3.395µs(n=1000)|30-40%=3.266µs(n=1000)|40-50%=3.229µs(n=1000)|50-60%=3.137µs(n=1000)|60-70%=3.137µs(n=1000)|70-80%=3.027µs(n=1000)|80-90%=3.041µs(n=1000)|90-100%=2.996µs(n=1000)",1.62,1.62,605955,0,0,"",0,0,0,0,"",0,0,0,0,0,0.00,0.00,0
smt,build_100k_then_reinsert_20k_existing,100000,100000,20000,74388965,3719,"0-10%=4.24µs(n=2000)|10-20%=3.92µs(n=2000)|20-30%=3.791µs(n=2000)|30-40%=3.732µs(n=2000)|40-50%=3.712µs(n=2000)|50-60%=3.666µs(n=2000)|60-70%=3.66µs(n=2000)|70-80%=3.58µs(n=2000)|80-90%=3.43µs(n=2000)|90-100%=3.457µs(n=2000)",3.22,3.22,1210960,0,0,"",0,0,0,0,"",0,0,0,0,0,0.00,0.00,0
smt,build_200k_then_reinsert_40k_existing,200000,200000,40000,163803441,4095,"0-10%=4.954µs(n=4000)|10-20%=4.343µs(n=4000)|20-30%=4.169µs(n=4000)|30-40%=4.058µs(n=4000)|40-50%=3.984µs(n=4000)|50-60%=3.927µs(n=4000)|60-70%=3.89µs(n=4000)|70-80%=3.843µs(n=4000)|80-90%=3.806µs(n=4000)|90-100%=3.972µs(n=4000)",6.44,6.44,2420977,0,0,"",0,0,0,0,"",0,0,0,0,0,0.00,0.00,0
smt,build_300k_then_reinsert_60k_existing,300000,300000,60000,263189749,4386,"0-10%=5.491µs(n=6000)|10-20%=4.737µs(n=6000)|20-30%=4.492µs(n=6000)|30-40%=4.361µs(n=6000)|40-50%=4.265µs(n=6000)|50-60%=4.207µs(n=6000)|60-70%=4.145µs(n=6000)|70-80%=4.109µs(n=6000)|80-90%=4.037µs(n=6000)|90-100%=4.016µs(n=6000)",9.64,9.64,3630989,0,0,"",0,0,0,0,"",0,0,0,0,0,0.00,0.00,0
smt,build_500k_then_reinsert_100k_existing,500000,500000,100000,486310489,4863,"0-10%=5.807µs(n=10000)|10-20%=5.206µs(n=10000)|20-30%=4.993µs(n=10000)|30-40%=4.88µs(n=10000)|40-50%=4.745µs(n=10000)|50-60%=4.657µs(n=10000)|60-70%=4.682µs(n=10000)|70-80%=4.646µs(n=10000)|80-90%=4.505µs(n=10000)|90-100%=4.505µs(n=10000)",16.06,16.06,6050997,0,0,"",0,0,0,0,"",0,0,0,0,0,0.00,0.00,0
smt,build_700k_then_reinsert_140k_existing,700000,700000,140000,717926042,5128,"0-10%=5.95µs(n=14000)|10-20%=5.381µs(n=14000)|20-30%=5.217µs(n=14000)|30-40%=5.103µs(n=14000)|40-50%=5.074µs(n=14000)|50-60%=4.988µs(n=14000)|60-70%=4.951µs(n=14000)|70-80%=4.902µs(n=14000)|80-90%=4.865µs(n=14000)|90-100%=4.844µs(n=14000)",22.47,22.47,8471010,0,0,"",0,0,0,0,"",0,0,0,0,0,0.00,0.00,0
smt,build_900k_then_reinsert_180k_existing,900000,900000,180000,969574483,5386,"0-10%=6.115µs(n=18000)|10-20%=5.571µs(n=18000)|20-30%=5.45µs(n=18000)|30-40%=5.413µs(n=18000)|40-50%=5.322µs(n=18000)|50-60%=5.273µs(n=18000)|60-70%=5.252µs(n=18000)|70-80%=5.206µs(n=18000)|80-90%=5.162µs(n=18000)|90-100%=5.097µs(n=18000)",28.89,28.89,10891024,0,0,"",0,0,0,0,"",0,0,0,0,0,0.00,0.00,0
smt,build_1m_then_reinsert_200k_existing,1000000,1000000,200000,1083159046,5415,"0-10%=6.196µs(n=20000)|10-20%=5.559µs(n=20000)|20-30%=5.355µs(n=20000)|30-40%=5.275µs(n=20000)|40-50%=5.245µs(n=20000)|50-60%=5.263µs(n=20000)|60-70%=5.245µs(n=20000)|70-80%=5.321µs(n=20000)|80-90%=5.317µs(n=20000)|90-100%=5.378µs(n=20000)",32.09,32.09,12101032,0,0,"",0,0,0,0,"",0,0,0,0,0,0.00,0.00,0
smt,prehashed_ordered_build_1m_then_reinsert_200k_existing,1000000,1000000,200000,577099156,2885,"0-10%=2.779µs(n=20000)|10-20%=2.93µs(n=20000)|20-30%=2.986µs(n=20000)|30-40%=3.008µs(n=20000)|40-50%=2.865µs(n=20000)|50-60%=2.845µs(n=20000)|60-70%=2.851µs(n=20000)|70-80%=2.825µs(n=20000)|80-90%=2.82µs(n=20000)|90-100%=2.942µs(n=20000)",19.88,19.88,11700972,0,0,"",0,0,0,0,"",0,0,0,0,0,0.00,0.00,0
smt,build_2m_then_reinsert_400k_existing,2000000,2000000,400000,2483658629,6209,"0-10%=6.731µs(n=40000)|10-20%=6.71µs(n=40000)|20-30%=6.176µs(n=40000)|30-40%=6.192µs(n=40000)|40-50%=6.099µs(n=40000)|50-60%=6.065µs(n=40000)|60-70%=6.029µs(n=40000)|70-80%=6.012µs(n=40000)|80-90%=6.083µs(n=40000)|90-100%=5.989µs(n=40000)",64.19,64.19,24200994,0,0,"",0,0,0,0,"",0,0,0,0,0,0.00,0.00,0
smt,build_5m_then_reinsert_1m_existing,5000000,5000000,1000000,7030328495,7030,"0-10%=7.47µs(n=100000)|10-20%=7.216µs(n=100000)|20-30%=7.053µs(n=100000)|30-40%=7.042µs(n=100000)|40-50%=6.972µs(n=100000)|50-60%=6.892µs(n=100000)|60-70%=6.918µs(n=100000)|70-80%=6.925µs(n=100000)|80-90%=6.901µs(n=100000)|90-100%=6.91µs(n=100000)",160.47,160.47,60501019,0,0,"",0,0,0,0,"",0,0,0,0,0,0.00,0.00,0
smt,prehashed_ordered_build_5m_then_reinsert_1m_existing,5000000,5000000,1000000,3145634085,3145,"0-10%=3.09µs(n=100000)|10-20%=3.255µs(n=100000)|20-30%=3.237µs(n=100000)|30-40%=3.303µs(n=100000)|40-50%=3.119µs(n=100000)|50-60%=3.1µs(n=100000)|60-70%=3.064µs(n=100000)|70-80%=3.038µs(n=100000)|80-90%=3.029µs(n=100000)|90-100%=3.218µs(n=100000)",99.30,99.30,58501010,0,0,"",0,0,0,0,"",0,0,0,0,0,0.00,0.00,0
smt,build_10m_then_reinsert_2m_existing,10000000,10000000,2000000,15607483207,7803,"0-10%=8.007µs(n=200000)|10-20%=7.871µs(n=200000)|20-30%=7.882µs(n=200000)|30-40%=7.946µs(n=200000)|40-50%=7.792µs(n=200000)|50-60%=7.793µs(n=200000)|60-70%=7.777µs(n=200000)|70-80%=7.658µs(n=200000)|80-90%=7.675µs(n=200000)|90-100%=7.63µs(n=200000)",320.97,320.97,121001072,0,0,"",0,0,0,0,"",0,0,0,0,0,0.00,0.00,0
smt,build_25m_then_reinsert_5m_existing,25000000,25000000,5000000,46445178632,9289,"0-10%=9.491µs(n=500000)|10-20%=9.612µs(n=500000)|20-30%=9.397µs(n=500000)|30-40%=9.343µs(n=500000)|40-50%=9.208µs(n=500000)|50-60%=9.18µs(n=500000)|60-70%=9.207µs(n=500000)|70-80%=9.179µs(n=500000)|80-90%=9.13µs(n=500000)|90-100%=9.139µs(n=500000)",802.73,802.73,302501212,0,0,"",0,0,0,0,"",0,0,0,0,0,0.00,0.00,0
smt,build_10k,0,10000,10000,26149661,2614,"0-10%=1.901µs(n=1000)|10-20%=2.063µs(n=1000)|20-30%=2.334µs(n=1000)|30-40%=2.949µs(n=1000)|40-50%=2.474µs(n=1000)|50-60%=2.68µs(n=1000)|60-70%=2.667µs(n=1000)|70-80%=3.625µs(n=1000)|80-90%=2.682µs(n=1000)|90-100%=2.768µs(n=1000)",5.66,7.18,130367,210808,2108,"0-10%=2.399µs(n=10)|10-20%=2.242µs(n=10)|20-30%=2.209µs(n=10)|30-40%=2.305µs(n=10)|40-50%=2.368µs(n=10)|50-60%=2.042µs(n=10)|60-70%=2.222µs(n=10)|70-80%=1.629µs(n=10)|80-90%=2.086µs(n=10)|90-100%=1.575µs(n=10)",634,3241,0,0,"",0,0,0,0,0,0.00,0.00,0
smt,build_50k,0,50000,50000,142684188,2853,"0-10%=2.588µs(n=5000)|10-20%=2.831µs(n=5000)|20-30%=2.965µs(n=5000)|30-40%=2.658µs(n=5000)|40-50%=2.873µs(n=5000)|50-60%=2.823µs(n=5000)|60-70%=2.771µs(n=5000)|70-80%=2.827µs(n=5000)|80-90%=3.196µs(n=5000)|90-100%=3.001µs(n=5000)",26.53,35.84,592564,1432109,2864,"0-10%=2.274µs(n=50)|10-20%=2.212µs(n=50)|20-30%=2.417µs(n=50)|30-40%=2.709µs(n=50)|40-50%=3.213µs(n=50)|50-60%=3.12µs(n=50)|60-70%=3.022µs(n=50)|70-80%=3.072µs(n=50)|80-90%=3.528µs(n=50)|90-100%=3.071µs(n=50)",720,3477,0,0,"",0,0,0,0,0,0.00,0.00,0
smt,build_100k,0,100000,100000,285759895,2857,"0-10%=2.302µs(n=10000)|10-20%=2.568µs(n=10000)|20-30%=2.788µs(n=10000)|30-40%=2.707µs(n=10000)|40-50%=2.954µs(n=10000)|50-60%=2.892µs(n=10000)|60-70%=2.99µs(n=10000)|70-80%=3.244µs(n=10000)|80-90%=3.043µs(n=10000)|90-100%=3.083µs(n=10000)",55.11,71.57,1252490,3242216,3242,"0-10%=3.119µs(n=100)|10-20%=3.519µs(n=100)|20-30%=2.994µs(n=100)|30-40%=3.046µs(n=100)|40-50%=3.231µs(n=100)|50-60%=3.211µs(n=100)|60-70%=3.239µs(n=100)|70-80%=3.206µs(n=100)|80-90%=3.417µs(n=100)|90-100%=3.435µs(n=100)",759,3911,0,0,"",0,0,0,0,0,0.00,0.00,0
smt,build_200k,0,200000,200000,629122727,3145,"0-10%=2.406µs(n=20000)|10-20%=2.722µs(n=20000)|20-30%=2.867µs(n=20000)|30-40%=3.081µs(n=20000)|40-50%=3.064µs(n=20000)|50-60%=3.165µs(n=20000)|60-70%=3.449µs(n=20000)|70-80%=3.549µs(n=20000)|80-90%=3.566µs(n=20000)|90-100%=3.582µs(n=20000)",114.43,143.12,2637588,6759484,3379,"0-10%=3.403µs(n=200)|10-20%=3.475µs(n=200)|20-30%=3.342µs(n=200)|30-40%=3.349µs(n=200)|40-50%=3.341µs(n=200)|50-60%=3.462µs(n=200)|60-70%=3.286µs(n=200)|70-80%=3.421µs(n=200)|80-90%=3.416µs(n=200)|90-100%=3.296µs(n=200)",795,3916,0,0,"",0,0,0,0,0,0.00,0.00,0
smt,build_300k,0,300000,300000,1056607930,3522,"0-10%=2.689µs(n=30000)|10-20%=2.847µs(n=30000)|20-30%=3.07µs(n=30000)|30-40%=3.312µs(n=30000)|40-50%=3.589µs(n=30000)|50-60%=3.584µs(n=30000)|60-70%=3.672µs(n=30000)|70-80%=4.138µs(n=30000)|80-90%=4.234µs(n=30000)|90-100%=4.08µs(n=30000)",165.87,214.69,3771622,11093020,3697,"0-10%=3.804µs(n=300)|10-20%=3.569µs(n=300)|20-30%=3.682µs(n=300)|30-40%=3.726µs(n=300)|40-50%=3.873µs(n=300)|50-60%=3.682µs(n=300)|60-70%=3.634µs(n=300)|70-80%=3.776µs(n=300)|80-90%=3.7µs(n=300)|90-100%=3.527µs(n=300)",819,4030,0,0,"",0,0,0,0,0,0.00,0.00,0
smt,build_500k,0,500000,500000,2025654275,4051,"0-10%=2.612µs(n=50000)|10-20%=3.056µs(n=50000)|20-30%=3.503µs(n=50000)|30-40%=3.604µs(n=50000)|40-50%=4.363µs(n=50000)|50-60%=4.211µs(n=50000)|60-70%=4.12µs(n=50000)|70-80%=4.517µs(n=50000)|80-90%=5.509µs(n=50000)|90-100%=5.013µs(n=50000)",272.97,357.81,6175799,21363991,4272,"0-10%=4.084µs(n=500)|10-20%=4.221µs(n=500)|20-30%=4.266µs(n=500)|30-40%=4.279µs(n=500)|40-50%=4.265µs(n=500)|50-60%=4.281µs(n=500)|60-70%=4.348µs(n=500)|70-80%=4.279µs(n=500)|80-90%=4.299µs(n=500)|90-100%=4.4µs(n=500)",847,4278,0,0,"",0,0,0,0,0,0.00,0.00,0
smt,build_700k,0,700000,700000,3142232978,4488,"0-10%=2.899µs(n=70000)|10-20%=3.68µs(n=70000)|20-30%=4.359µs(n=70000)|30-40%=4.755µs(n=70000)|40-50%=4.536µs(n=70000)|50-60%=4.903µs(n=70000)|60-70%=4.585µs(n=70000)|70-80%=4.613µs(n=70000)|80-90%=4.971µs(n=70000)|90-100%=5.583µs(n=70000)",367.66,500.95,8184993,28838451,4119,"0-10%=3.987µs(n=700)|10-20%=4.108µs(n=700)|20-30%=4.129µs(n=700)|30-40%=4.182µs(n=700)|40-50%=4.138µs(n=700)|50-60%=4.158µs(n=700)|60-70%=4.098µs(n=700)|70-80%=4.152µs(n=700)|80-90%=4.176µs(n=700)|90-100%=4.064µs(n=700)",865,4360,0,0,"",0,0,0,0,0,0.00,0.00,0
smt,build_900k,0,900000,900000,4190161879,4655,"0-10%=2.785µs(n=90000)|10-20%=3.448µs(n=90000)|20-30%=4.026µs(n=90000)|30-40%=4.318µs(n=90000)|40-50%=5.237µs(n=90000)|50-60%=5.081µs(n=90000)|60-70%=5.333µs(n=90000)|70-80%=5.713µs(n=90000)|80-90%=5.539µs(n=90000)|90-100%=5.071µs(n=90000)",505.38,644.09,11561075,37960888,4217,"0-10%=4.193µs(n=900)|10-20%=4.227µs(n=900)|20-30%=4.227µs(n=900)|30-40%=4.148µs(n=900)|40-50%=4.346µs(n=900)|50-60%=4.177µs(n=900)|60-70%=4.223µs(n=900)|70-80%=4.31µs(n=900)|80-90%=4.193µs(n=900)|90-100%=4.131µs(n=900)",879,4287,0,0,"",0,0,0,0,0,0.00,0.00,0
smt,build_1m,0,1000000,1000000,4953191495,4953,"0-10%=2.877µs(n=100000)|10-20%=3.54µs(n=100000)|20-30%=4.415µs(n=100000)|30-40%=4.92µs(n=100000)|40-50%=5.671µs(n=100000)|50-60%=4.802µs(n=100000)|60-70%=6.066µs(n=100000)|70-80%=5.815µs(n=100000)|80-90%=6.027µs(n=100000)|90-100%=5.393µs(n=100000)",574.83,715.66,13266088,49897288,4989,"0-10%=3.442µs(n=1000)|10-20%=3.854µs(n=1000)|20-30%=5.183µs(n=1000)|30-40%=4.848µs(n=1000)|40-50%=4.536µs(n=1000)|50-60%=4.518µs(n=1000)|60-70%=4.538µs(n=1000)|70-80%=4.648µs(n=1000)|80-90%=4.572µs(n=1000)|90-100%=9.753µs(n=1000)",885,4961,0,0,"",0,0,0,0,0,0.00,0.00,0
smt,build_2m,0,2000000,2000000,10620577105,5310,"0-10%=3.23µs(n=200000)|10-20%=4.331µs(n=200000)|20-30%=4.697µs(n=200000)|30-40%=5.286µs(n=200000)|40-50%=5.181µs(n=200000)|50-60%=5.825µs(n=200000)|60-70%=5.787µs(n=200000)|70-80%=6.021µs(n=200000)|80-90%=6.388µs(n=200000)|90-100%=6.352µs(n=200000)",1056.95,1431.25,23590761,95120536,4756,"0-10%=4.66µs(n=2000)|10-20%=4.696µs(n=2000)|20-30%=4.734µs(n=2000)|30-40%=4.759µs(n=2000)|40-50%=4.757µs(n=2000)|50-60%=4.878µs(n=2000)|60-70%=4.824µs(n=2000)|70-80%=4.717µs(n=2000)|80-90%=4.752µs(n=2000)|90-100%=4.777µs(n=2000)",922,4661,0,0,"",0,0,0,0,0,0.00,0.00,0
smt,build_5m,0,5000000,5000000,30596478560,6119,"0-10%=4.019µs(n=500000)|10-20%=5.266µs(n=500000)|20-30%=5.739µs(n=500000)|30-40%=5.839µs(n=500000)|40-50%=6.492µs(n=500000)|50-60%=6.313µs(n=500000)|60-70%=6.543µs(n=500000)|70-80%=7.202µs(n=500000)|80-90%=7.002µs(n=500000)|90-100%=6.772µs(n=500000)",2785.61,3578.14,63472923,273707836,5474,"0-10%=5.096µs(n=5000)|10-20%=5.318µs(n=5000)|20-30%=5.402µs(n=5000)|30-40%=5.456µs(n=5000)|40-50%=5.533µs(n=5000)|50-60%=5.57µs(n=5000)|60-70%=5.562µs(n=5000)|70-80%=5.626µs(n=5000)|80-90%=5.6µs(n=5000)|90-100%=5.574µs(n=5000)",973,4850,0,0,"",0,0,0,0,0,0.00,0.00,0
smt,build_10m,0,10000000,10000000,69120149009,6912,"0-10%=4.578µs(n=1000000)|10-20%=5.821µs(n=1000000)|20-30%=6.384µs(n=1000000)|30-40%=6.473µs(n=1000000)|40-50%=7.165µs(n=1000000)|50-60%=7.061µs(n=1000000)|60-70%=7.107µs(n=1000000)|70-80%=8.283µs(n=1000000)|80-90%=8.1µs(n=1000000)|90-100%=8.143µs(n=1000000)",5592.47,7156.44,127609616,847770217,8477,"0-10%=8.12µs(n=10000)|10-20%=8.475µs(n=10000)|20-30%=8.601µs(n=10000)|30-40%=9.074µs(n=10000)|40-50%=8.369µs(n=10000)|50-60%=8.424µs(n=10000)|60-70%=8.353µs(n=10000)|70-80%=8.418µs(n=10000)|80-90%=8.449µs(n=10000)|90-100%=8.489µs(n=10000)",1011,7087,0,0,"",0,0,0,0,0,0.00,0.00,0
smt,build_25m,0,25000000,25000000,209604640681,8384,"0-10%=5.54µs(n=2500000)|10-20%=6.882µs(n=2500000)|20-30%=7.55µs(n=2500000)|30-40%=8.124µs(n=2500000)|40-50%=8.603µs(n=2500000)|50-60%=8.818µs(n=2500000)|60-70%=9.592µs(n=2500000)|70-80%=9.38µs(n=2500000)|80-90%=9.583µs(n=2500000)|90-100%=9.764µs(n=2500000)",14709.50,17892.47,342085046,3262409109,13049,"0-10%=9.235µs(n=25000)|10-20%=40.267µs(n=25000)|20-30%=16.146µs(n=25000)|30-40%=7.366µs(n=25000)|40-50%=9.493µs(n=25000)|50-60%=9.478µs(n=25000)|60-70%=9.647µs(n=25000)|70-80%=9.814µs(n=25000)|80-90%=9.55µs(n=25000)|90-100%=9.494µs(n=25000)",1061,11392,0,0,"",0,0,0,0,0,0.00,0.00,0
smt,prehashed_ordered_build_10k,0,10000,10000,14768669,1476,"0-10%=1.112µs(n=1000)|10-20%=1.262µs(n=1000)|20-30%=2.145µs(n=1000)|30-40%=1.33µs(n=1000)|40-50%=1.385µs(n=1000)|50-60%=1.189µs(n=1000)|60-70%=1.195µs(n=1000)|70-80%=1.669µs(n=1000)|80-90%=2.037µs(n=1000)|90-100%=1.439µs(n=1000)",5.08,6.42,122536,121592,1215,"0-10%=1.747µs(n=10)|10-20%=1.101µs(n=10)|20-30%=1.155µs(n=10)|30-40%=1.158µs(n=10)|40-50%=1.103µs(n=10)|50-60%=1.245µs(n=10)|60-70%=1.54µs(n=10)|70-80%=1.153µs(n=10)|80-90%=1.09µs(n=10)|90-100%=865ns(n=10)",629,2783,0,0,"",0,0,0,0,0,0.00,0.00,0
smt,prehashed_ordered_build_50k,0,50000,50000,76795280,1535,"0-10%=1.406µs(n=5000)|10-20%=1.547µs(n=5000)|20-30%=1.386µs(n=5000)|30-40%=1.74µs(n=5000)|40-50%=1.583µs(n=5000)|50-60%=1.334µs(n=5000)|60-70%=1.442µs(n=5000)|70-80%=1.849µs(n=5000)|80-90%=1.491µs(n=5000)|90-100%=1.576µs(n=5000)",25.83,32.06,623156,668633,1337,"0-10%=1.303µs(n=50)|10-20%=1.276µs(n=50)|20-30%=1.3µs(n=50)|30-40%=1.338µs(n=50)|40-50%=1.317µs(n=50)|50-60%=1.64µs(n=50)|60-70%=1.298µs(n=50)|70-80%=1.365µs(n=50)|80-90%=1.336µs(n=50)|90-100%=1.195µs(n=50)",721,3334,0,0,"",0,0,0,0,0,0.00,0.00,0
smt,prehashed_ordered_build_100k,0,100000,100000,156263221,1562,"0-10%=1.401µs(n=10000)|10-20%=1.563µs(n=10000)|20-30%=1.495µs(n=10000)|30-40%=1.752µs(n=10000)|40-50%=1.598µs(n=10000)|50-60%=1.352µs(n=10000)|60-70%=1.732µs(n=10000)|70-80%=1.533µs(n=10000)|80-90%=1.548µs(n=10000)|90-100%=1.646µs(n=10000)",52.84,64.12,1282816,1818955,1818,"0-10%=1.734µs(n=100)|10-20%=1.543µs(n=100)|20-30%=1.802µs(n=100)|30-40%=2.196µs(n=100)|40-50%=1.64µs(n=100)|50-60%=1.805µs(n=100)|60-70%=2.135µs(n=100)|70-80%=1.896µs(n=100)|80-90%=1.935µs(n=100)|90-100%=1.499µs(n=100)",758,3448,0,0,"",0,0,0,0,0,0.00,0.00,0
smt,prehashed_ordered_build_200k,0,200000,200000,329247657,1646,"0-10%=1.432µs(n=20000)|10-20%=1.471µs(n=20000)|20-30%=1.663µs(n=20000)|30-40%=1.568µs(n=20000)|40-50%=1.869µs(n=20000)|50-60%=1.45µs(n=20000)|60-70%=1.538µs(n=20000)|70-80%=1.582µs(n=20000)|80-90%=2.027µs(n=20000)|90-100%=1.858µs(n=20000)",99.24,128.22,2354457,4596476,2298,"0-10%=2.415µs(n=200)|10-20%=2.136µs(n=200)|20-30%=2.205µs(n=200)|30-40%=2.188µs(n=200)|40-50%=2.4µs(n=200)|50-60%=2.188µs(n=200)|60-70%=2.182µs(n=200)|70-80%=2.183µs(n=200)|80-90%=2.535µs(n=200)|90-100%=2.544µs(n=200)",795,3873,0,0,"",0,0,0,0,0,0.00,0.00,0
smt,prehashed_ordered_build_300k,0,300000,300000,514788813,1715,"0-10%=1.489µs(n=30000)|10-20%=1.58µs(n=30000)|20-30%=1.655µs(n=30000)|30-40%=1.656µs(n=30000)|40-50%=1.984µs(n=30000)|50-60%=1.545µs(n=30000)|60-70%=1.638µs(n=30000)|70-80%=1.676µs(n=30000)|80-90%=2.093µs(n=30000)|90-100%=1.839µs(n=30000)",150.81,192.29,3593786,7154018,2384,"0-10%=2.291µs(n=300)|10-20%=2.487µs(n=300)|20-30%=2.381µs(n=300)|30-40%=2.316µs(n=300)|40-50%=2.454µs(n=300)|50-60%=2.242µs(n=300)|60-70%=2.368µs(n=300)|70-80%=2.336µs(n=300)|80-90%=2.508µs(n=300)|90-100%=2.46µs(n=300)",819,3776,0,0,"",0,0,0,0,0,0.00,0.00,0
smt,prehashed_ordered_build_500k,0,500000,500000,932516398,1865,"0-10%=1.542µs(n=50000)|10-20%=1.681µs(n=50000)|20-30%=1.722µs(n=50000)|30-40%=1.823µs(n=50000)|40-50%=2.134µs(n=50000)|50-60%=1.758µs(n=50000)|60-70%=1.852µs(n=50000)|70-80%=1.933µs(n=50000)|80-90%=2.239µs(n=50000)|90-100%=1.961µs(n=50000)",254.33,320.46,6088479,16714651,3342,"0-10%=3.166µs(n=500)|10-20%=3.229µs(n=500)|20-30%=3.414µs(n=500)|30-40%=3.602µs(n=500)|40-50%=3.528µs(n=500)|50-60%=3.112µs(n=500)|60-70%=3.344µs(n=500)|70-80%=3.374µs(n=500)|80-90%=3.381µs(n=500)|90-100%=3.274µs(n=500)",847,4292,0,0,"",0,0,0,0,0,0.00,0.00,0
smt,prehashed_ordered_build_700k,0,700000,700000,1355070483,1935,"0-10%=1.65µs(n=70000)|10-20%=1.875µs(n=70000)|20-30%=1.847µs(n=70000)|30-40%=1.901µs(n=70000)|40-50%=2.18µs(n=70000)|50-60%=1.814µs(n=70000)|60-70%=1.907µs(n=70000)|70-80%=2.078µs(n=70000)|80-90%=2.051µs(n=70000)|90-100%=2.05µs(n=70000)",356.24,448.65,8527768,25935193,3705,"0-10%=4.035µs(n=700)|10-20%=4.153µs(n=700)|20-30%=3.798µs(n=700)|30-40%=3.619µs(n=700)|40-50%=3.593µs(n=700)|50-60%=3.568µs(n=700)|60-70%=3.525µs(n=700)|70-80%=3.519µs(n=700)|80-90%=3.686µs(n=700)|90-100%=3.55µs(n=700)",865,4765,0,0,"",0,0,0,0,0,0.00,0.00,0
smt,prehashed_ordered_build_900k,0,900000,900000,1740783529,1934,"0-10%=1.685µs(n=90000)|10-20%=1.895µs(n=90000)|20-30%=1.847µs(n=90000)|30-40%=1.938µs(n=90000)|40-50%=2.102µs(n=90000)|50-60%=1.776µs(n=90000)|60-70%=1.874µs(n=90000)|70-80%=2.288µs(n=90000)|80-90%=1.93µs(n=90000)|90-100%=2.002µs(n=90000)",460.97,576.81,11063512,31447661,3494,"0-10%=3.573µs(n=900)|10-20%=3.746µs(n=900)|20-30%=3.514µs(n=900)|30-40%=3.457µs(n=900)|40-50%=3.52µs(n=900)|50-60%=3.252µs(n=900)|60-70%=3.382µs(n=900)|70-80%=3.496µs(n=900)|80-90%=3.521µs(n=900)|90-100%=3.476µs(n=900)",880,4326,0,0,"",0,0,0,0,0,0.00,0.00,0
smt,prehashed_ordered_build_1m,0,1000000,1000000,1974509013,1974,"0-10%=1.747µs(n=100000)|10-20%=1.927µs(n=100000)|20-30%=1.9µs(n=100000)|30-40%=2.009µs(n=100000)|40-50%=2.189µs(n=100000)|50-60%=1.786µs(n=100000)|60-70%=1.89µs(n=100000)|70-80%=2.201µs(n=100000)|80-90%=2.017µs(n=100000)|90-100%=2.074µs(n=100000)",511.82,640.90,12279559,38839136,3883,"0-10%=3.993µs(n=1000)|10-20%=3.943µs(n=1000)|20-30%=3.908µs(n=1000)|30-40%=3.931µs(n=1000)|40-50%=3.921µs(n=1000)|50-60%=3.936µs(n=1000)|60-70%=3.925µs(n=1000)|70-80%=3.78µs(n=1000)|80-90%=3.85µs(n=1000)|90-100%=3.646µs(n=1000)",885,4418,0,0,"",0,0,0,0,0,0.00,0.00,0
smt,prehashed_ordered_build_2m,0,2000000,2000000,4062952059,2031,"0-10%=1.806µs(n=200000)|10-20%=1.989µs(n=200000)|20-30%=1.937µs(n=200000)|30-40%=2.126µs(n=200000)|40-50%=2.164µs(n=200000)|50-60%=1.879µs(n=200000)|60-70%=1.986µs(n=200000)|70-80%=2.305µs(n=200000)|80-90%=1.969µs(n=200000)|90-100%=2.149µs(n=200000)",1035.98,1281.84,24963051,75102981,3755,"0-10%=3.816µs(n=2000)|10-20%=3.803µs(n=2000)|20-30%=3.894µs(n=2000)|30-40%=3.757µs(n=2000)|40-50%=3.756µs(n=2000)|50-60%=3.611µs(n=2000)|60-70%=3.601µs(n=2000)|70-80%=3.807µs(n=2000)|80-90%=3.71µs(n=2000)|90-100%=3.792µs(n=2000)",922,4590,0,0,"",0,0,0,0,0,0.00,0.00,0
smt,prehashed_ordered_build_5m,0,5000000,5000000,10920178462,2184,"0-10%=1.944µs(n=500000)|10-20%=2.082µs(n=500000)|20-30%=2.005µs(n=500000)|30-40%=2.167µs(n=500000)|40-50%=2.241µs(n=500000)|50-60%=1.962µs(n=500000)|60-70%=2.091µs(n=500000)|70-80%=2.958µs(n=500000)|80-90%=2.195µs(n=500000)|90-100%=2.191µs(n=500000)",2570.66,3204.70,61763073,195413976,3908,"0-10%=3.927µs(n=5000)|10-20%=3.739µs(n=5000)|20-30%=3.763µs(n=5000)|30-40%=3.825µs(n=5000)|40-50%=3.788µs(n=5000)|50-60%=3.677µs(n=5000)|60-70%=3.698µs(n=5000)|70-80%=4.197µs(n=5000)|80-90%=4.57µs(n=5000)|90-100%=3.894µs(n=5000)",973,4798,0,0,"",0,0,0,0,0,0.00,0.00,0
smt,prehashed_ordered_build_10m,0,10000000,10000000,21408412575,2140,"0-10%=1.871µs(n=1000000)|10-20%=2.12µs(n=1000000)|20-30%=2.065µs(n=1000000)|30-40%=2.258µs(n=1000000)|40-50%=2.243µs(n=1000000)|50-60%=1.956µs(n=1000000)|60-70%=2.063µs(n=1000000)|70-80%=2.44µs(n=1000000)|80-90%=2.139µs(n=1000000)|90-100%=2.25µs(n=1000000)",5157.80,6409.34,124067423,381072120,3810,"0-10%=3.699µs(n=10000)|10-20%=3.758µs(n=10000)|20-30%=3.733µs(n=10000)|30-40%=3.858µs(n=10000)|40-50%=3.931µs(n=10000)|50-60%=3.677µs(n=10000)|60-70%=3.713µs(n=10000)|70-80%=4.132µs(n=10000)|80-90%=3.907µs(n=10000)|90-100%=3.695µs(n=10000)",1011,4943,0,0,"",0,0,0,0,0,0.00,0.00,0
smt,prehashed_ordered_build_15m,0,15000000,15000000,33022604101,2201,"0-10%=1.946µs(n=1500000)|10-20%=2.171µs(n=1500000)|20-30%=2.1µs(n=1500000)|30-40%=2.332µs(n=1500000)|40-50%=2.274µs(n=1500000)|50-60%=2.057µs(n=1500000)|60-70%=2.115µs(n=1500000)|70-80%=2.559µs(n=1500000)|80-90%=2.171µs(n=1500000)|90-100%=2.286µs(n=1500000)",7800.65,9613.88,188235832,586491756,3909,"0-10%=3.753µs(n=15000)|10-20%=3.889µs(n=15000)|20-30%=3.857µs(n=15000)|30-40%=4.033µs(n=15000)|40-50%=3.906µs(n=15000)|50-60%=3.827µs(n=15000)|60-70%=3.839µs(n=15000)|70-80%=4.307µs(n=15000)|80-90%=3.905µs(n=15000)|90-100%=3.78µs(n=15000)",1034,5056,0,0,"",0,0,0,0,0,0.00,0.00,0
smt,insert_only_build_10k,0,10000,10000,23228813,2322,"0-10%=1.587µs(n=1000)|10-20%=1.827µs(n=1000)|20-30%=2.056µs(n=1000)|30-40%=2.823µs(n=1000)|40-50%=2.186µs(n=1000)|50-60%=2.208µs(n=1000)|60-70%=2.21µs(n=1000)|70-80%=3.615µs(n=1000)|80-90%=2.436µs(n=1000)|90-100%=2.275µs(n=1000)",5.59,7.16,128819,0,0,"",0,0,0,0,"",0,0,0,0,0,0.00,0.00,0
smt,insert_only_build_50k,0,50000,50000,134339191,2686,"0-10%=2.084µs(n=5000)|10-20%=2.471µs(n=5000)|20-30%=2.481µs(n=5000)|30-40%=2.658µs(n=5000)|40-50%=2.563µs(n=5000)|50-60%=3.004µs(n=5000)|60-70%=2.724µs(n=5000)|70-80%=2.785µs(n=5000)|80-90%=2.833µs(n=5000)|90-100%=3.261µs(n=5000)",25.62,35.79,564811,0,0,"",0,0,0,0,"",0,0,0,0,0,0.00,0.00,0
smt,insert_only_build_100k,0,100000,100000,292064434,2920,"0-10%=2.298µs(n=10000)|10-20%=2.579µs(n=10000)|20-30%=2.871µs(n=10000)|30-40%=2.718µs(n=10000)|40-50%=3.048µs(n=10000)|50-60%=2.94µs(n=10000)|60-70%=2.997µs(n=10000)|70-80%=3.343µs(n=10000)|80-90%=3.209µs(n=10000)|90-100%=3.198µs(n=10000)",54.75,71.57,1240218,0,0,"",0,0,0,0,"",0,0,0,0,0,0.00,0.00,0
smt,insert_only_build_200k,0,200000,200000,677552510,3387,"0-10%=2.428µs(n=20000)|10-20%=2.839µs(n=20000)|20-30%=3.148µs(n=20000)|30-40%=3.172µs(n=20000)|40-50%=3.435µs(n=20000)|50-60%=3.32µs(n=20000)|60-70%=3.446µs(n=20000)|70-80%=4.16µs(n=20000)|80-90%=3.968µs(n=20000)|90-100%=3.957µs(n=20000)",112.94,143.11,2588392,0,0,"",0,0,0,0,"",0,0,0,0,0,0.00,0.00,0
smt,insert_only_build_300k,0,300000,300000,1089693681,3632,"0-10%=2.632µs(n=30000)|10-20%=3.017µs(n=30000)|20-30%=3.27µs(n=30000)|30-40%=3.258µs(n=30000)|40-50%=3.698µs(n=30000)|50-60%=3.696µs(n=30000)|60-70%=3.725µs(n=30000)|70-80%=4.384µs(n=30000)|80-90%=4.404µs(n=30000)|90-100%=4.232µs(n=30000)",166.78,214.69,3798288,0,0,"",0,0,0,0,"",0,0,0,0,0,0.00,0.00,0
smt,insert_only_build_500k,0,500000,500000,2025681282,4051,"0-10%=2.684µs(n=50000)|10-20%=3.106µs(n=50000)|20-30%=3.632µs(n=50000)|30-40%=3.687µs(n=50000)|40-50%=4.281µs(n=50000)|50-60%=4.353µs(n=50000)|60-70%=4.32µs(n=50000)|70-80%=4.752µs(n=50000)|80-90%=4.988µs(n=50000)|90-100%=4.706µs(n=50000)",275.30,357.81,6245022,0,0,"",0,0,0,0,"",0,0,0,0,0,0.00,0.00,0
smt,insert_only_build_700k,0,700000,700000,3099849747,4428,"0-10%=2.838µs(n=70000)|10-20%=3.52µs(n=70000)|20-30%=3.804µs(n=70000)|30-40%=4.459µs(n=70000)|40-50%=4.328µs(n=70000)|50-60%=5.1µs(n=70000)|60-70%=4.905µs(n=70000)|70-80%=4.712µs(n=70000)|80-90%=4.941µs(n=70000)|90-100%=5.672µs(n=70000)",367.84,500.95,8185342,0,0,"",0,0,0,0,"",0,0,0,0,0,0.00,0.00,0
smt,insert_only_build_900k,0,900000,900000,4136567622,4596,"0-10%=2.91µs(n=90000)|10-20%=3.651µs(n=90000)|20-30%=4.168µs(n=90000)|30-40%=4.216µs(n=90000)|40-50%=4.937µs(n=90000)|50-60%=4.844µs(n=90000)|60-70%=4.989µs(n=90000)|70-80%=5.596µs(n=90000)|80-90%=5.454µs(n=90000)|90-100%=5.192µs(n=90000)",502.15,644.10,11449592,0,0,"",0,0,0,0,"",0,0,0,0,0,0.00,0.00,0
smt,insert_only_build_1m,0,1000000,1000000,4660575678,4660,"0-10%=2.956µs(n=100000)|10-20%=3.639µs(n=100000)|20-30%=4.342µs(n=100000)|30-40%=4.49µs(n=100000)|40-50%=4.939µs(n=100000)|50-60%=4.787µs(n=100000)|60-70%=5.435µs(n=100000)|70-80%=5.529µs(n=100000)|80-90%=5.237µs(n=100000)|90-100%=5.248µs(n=100000)",574.77,715.64,13255750,0,0,"",0,0,0,0,"",0,0,0,0,0,0.00,0.00,0
smt,insert_only_build_2m,0,2000000,2000000,10625599471,5312,"0-10%=3.348µs(n=200000)|10-20%=4.435µs(n=200000)|20-30%=4.69µs(n=200000)|30-40%=5.488µs(n=200000)|40-50%=5.297µs(n=200000)|50-60%=5.951µs(n=200000)|60-70%=5.764µs(n=200000)|70-80%=5.73µs(n=200000)|80-90%=5.738µs(n=200000)|90-100%=6.683µs(n=200000)",1041.33,1431.25,23077067,0,0,"",0,0,0,0,"",0,0,0,0,0,0.00,0.00,0
smt,insert_only_build_5m,0,5000000,5000000,30712675649,6142,"0-10%=4.028µs(n=500000)|10-20%=5.25µs(n=500000)|20-30%=5.817µs(n=500000)|30-40%=6.111µs(n=500000)|40-50%=6.385µs(n=500000)|50-60%=6.248µs(n=500000)|60-70%=7.064µs(n=500000)|70-80%=6.874µs(n=500000)|80-90%=6.745µs(n=500000)|90-100%=6.899µs(n=500000)",2917.77,3578.14,67661960,0,0,"",0,0,0,0,"",0,0,0,0,0,0.00,0.00,0
smt,insert_only_build_10m,0,10000000,10000000,69191361877,6919,"0-10%=4.605µs(n=1000000)|10-20%=6.015µs(n=1000000)|20-30%=6.261µs(n=1000000)|30-40%=6.948µs(n=1000000)|40-50%=6.799µs(n=1000000)|50-60%=7.585µs(n=1000000)|60-70%=7.376µs(n=1000000)|70-80%=7.323µs(n=1000000)|80-90%=7.568µs(n=1000000)|90-100%=8.706µs(n=1000000)",5249.13,7156.50,116713047,0,0,"",0,0,0,0,"",0,0,0,0,0,0.00,0.00,0
smt,insert_only_build_25m,0,25000000,25000000,204163907490,8166,"0-10%=5.502µs(n=2500000)|10-20%=6.768µs(n=2500000)|20-30%=7.464µs(n=2500000)|30-40%=8.051µs(n=2500000)|40-50%=8.108µs(n=2500000)|50-60%=8.327µs(n=2500000)|60-70%=9.357µs(n=2500000)|70-80%=8.976µs(n=2500000)|80-90%=9.467µs(n=2500000)|90-100%=9.641µs(n=2500000)",14689.37,17892.43,341433949,0,0,"",0,0,0,0,"",0,0,0,0,0,0.00,0.00,0
smt,proof_only_after_10k_build_sample_5pct,10000,10000,0,0,0,"",0.00,0.00,0,748605,1497,"0-10%=1.555µs(n=50)|10-20%=2.006µs(n=50)|20-30%=1.212µs(n=50)|30-40%=1.279µs(n=50)|40-50%=1.112µs(n=50)|50-60%=1.361µs(n=50)|60-70%=1.155µs(n=50)|70-80%=1.115µs(n=50)|80-90%=1.129µs(n=50)|90-100%=3.042µs(n=50)",632,3346,0,0,"",0,0,0,0,0,0.00,0.00,0
smt,proof_only_after_50k_build_sample_5pct,50000,50000,0,0,0,"",0.00,0.00,0,4318451,1727,"0-10%=1.827µs(n=250)|10-20%=1.922µs(n=250)|20-30%=1.697µs(n=250)|30-40%=1.663µs(n=250)|40-50%=1.608µs(n=250)|50-60%=1.801µs(n=250)|60-70%=1.756µs(n=250)|70-80%=1.689µs(n=250)|80-90%=1.624µs(n=250)|90-100%=1.681µs(n=250)",720,3684,0,0,"",0,0,0,0,0,0.00,0.00,0
smt,proof_only_after_100k_build_sample_5pct,100000,100000,0,0,0,"",0.00,0.00,0,10765724,2153,"0-10%=2.435µs(n=500)|10-20%=2.159µs(n=500)|20-30%=2.05µs(n=500)|30-40%=2.262µs(n=500)|40-50%=2.155µs(n=500)|50-60%=2.172µs(n=500)|60-70%=2.004µs(n=500)|70-80%=2.081µs(n=500)|80-90%=2.145µs(n=500)|90-100%=2.063µs(n=500)",759,4083,0,0,"",0,0,0,0,0,0.00,0.00,0
smt,proof_only_after_200k_build_sample_5pct,200000,200000,0,0,0,"",0.00,0.00,0,26440148,2644,"0-10%=2.954µs(n=1000)|10-20%=2.802µs(n=1000)|20-30%=2.609µs(n=1000)|30-40%=2.736µs(n=1000)|40-50%=2.601µs(n=1000)|50-60%=2.56µs(n=1000)|60-70%=2.527µs(n=1000)|70-80%=2.484µs(n=1000)|80-90%=2.607µs(n=1000)|90-100%=2.557µs(n=1000)",797,4466,0,0,"",0,0,0,0,0,0.00,0.00,0
smt,proof_only_after_300k_build_sample_5pct,300000,300000,0,0,0,"",0.00,0.00,0,52299931,3486,"0-10%=3.885µs(n=1500)|10-20%=3.549µs(n=1500)|20-30%=3.536µs(n=1500)|30-40%=3.517µs(n=1500)|40-50%=3.511µs(n=1500)|50-60%=3.379µs(n=1500)|60-70%=3.362µs(n=1500)|70-80%=3.464µs(n=1500)|80-90%=3.315µs(n=1500)|90-100%=3.343µs(n=1500)",818,4818,0,0,"",0,0,0,0,0,0.00,0.00,0
smt,proof_only_after_500k_build_sample_5pct,500000,500000,0,0,0,"",0.00,0.00,0,97379952,3895,"0-10%=4.178µs(n=2500)|10-20%=3.904µs(n=2500)|20-30%=3.758µs(n=2500)|30-40%=3.671µs(n=2500)|40-50%=3.64µs(n=2500)|50-60%=4.68µs(n=2500)|60-70%=4.146µs(n=2500)|70-80%=3.688µs(n=2500)|80-90%=3.708µs(n=2500)|90-100%=3.573µs(n=2500)",847,5208,0,0,"",0,0,0,0,0,0.00,0.00,0
smt,proof_only_after_700k_build_sample_5pct,700000,700000,0,0,0,"",0.00,0.00,0,135852492,3881,"0-10%=4.194µs(n=3500)|10-20%=4.037µs(n=3500)|20-30%=3.991µs(n=3500)|30-40%=3.911µs(n=3500)|40-50%=3.793µs(n=3500)|50-60%=3.784µs(n=3500)|60-70%=3.737µs(n=3500)|70-80%=3.741µs(n=3500)|80-90%=3.769µs(n=3500)|90-100%=3.854µs(n=3500)",865,5288,0,0,"",0,0,0,0,0,0.00,0.00,0
smt,proof_only_after_900k_build_sample_5pct,900000,900000,0,0,0,"",0.00,0.00,0,185794784,4128,"0-10%=4.571µs(n=4500)|10-20%=4.225µs(n=4500)|20-30%=4.161µs(n=4500)|30-40%=4.113µs(n=4500)|40-50%=4.113µs(n=4500)|50-60%=4.064µs(n=4500)|60-70%=4.062µs(n=4500)|70-80%=4.093µs(n=4500)|80-90%=3.944µs(n=4500)|90-100%=3.937µs(n=4500)",879,5172,0,0,"",0,0,0,0,0,0.00,0.00,0
smt,proof_only_after_1m_build_sample_5pct,1000000,1000000,0,0,0,"",0.00,0.00,0,217665287,4353,"0-10%=5.094µs(n=5000)|10-20%=4.171µs(n=5000)|20-30%=4.064µs(n=5000)|30-40%=4.015µs(n=5000)|40-50%=4.347µs(n=5000)|50-60%=4.648µs(n=5000)|60-70%=4.623µs(n=5000)|70-80%=4.351µs(n=5000)|80-90%=4.171µs(n=5000)|90-100%=4.043µs(n=5000)",885,5355,0,0,"",0,0,0,0,0,0.00,0.00,0
smt,prehashed_ordered_proof_only_after_1m_build_sample_5pct,1000000,1000000,0,0,0,"",0.00,0.00,0,154365383,3087,"0-10%=2.975µs(n=5000)|10-20%=3.023µs(n=5000)|20-30%=3.048µs(n=5000)|30-40%=3.051µs(n=5000)|40-50%=3.203µs(n=5000)|50-60%=3.1µs(n=5000)|60-70%=3.065µs(n=5000)|70-80%=3.186µs(n=5000)|80-90%=3.153µs(n=5000)|90-100%=3.064µs(n=5000)",884,5048,0,0,"",0,0,0,0,0,0.00,0.00,0
smt,proof_only_after_2m_build_sample_3pct,2000000,2000000,0,0,0,"",0.00,0.00,0,262608156,4376,"0-10%=4.716µs(n=6000)|10-20%=4.462µs(n=6000)|20-30%=4.368µs(n=6000)|30-40%=4.409µs(n=6000)|40-50%=4.396µs(n=6000)|50-60%=4.333µs(n=6000)|60-70%=4.1µs(n=6000)|70-80%=4.411µs(n=6000)|80-90%=4.276µs(n=6000)|90-100%=4.293µs(n=6000)",923,6309,0,0,"",0,0,0,0,0,0.00,0.00,0
smt,proof_only_after_5m_build_sample_3pct,5000000,5000000,0,0,0,"",0.00,0.00,0,739242601,4928,"0-10%=5.288µs(n=15000)|10-20%=5.102µs(n=15000)|20-30%=5.066µs(n=15000)|30-40%=5.033µs(n=15000)|40-50%=5.1µs(n=15000)|50-60%=4.943µs(n=15000)|60-70%=4.943µs(n=15000)|70-80%=4.629µs(n=15000)|80-90%=4.53µs(n=15000)|90-100%=4.644µs(n=15000)",973,6100,0,0,"",0,0,0,0,0,0.00,0.00,0
smt,prehashed_ordered_proof_only_after_5m_build_sample_3pct,5000000,5000000,0,0,0,"",0.00,0.00,0,523286089,3488,"0-10%=3.487µs(n=15000)|10-20%=3.441µs(n=15000)|20-30%=3.43µs(n=15000)|30-40%=3.558µs(n=15000)|40-50%=3.614µs(n=15000)|50-60%=3.44µs(n=15000)|60-70%=3.417µs(n=15000)|70-80%=3.607µs(n=15000)|80-90%=3.474µs(n=15000)|90-100%=3.412µs(n=15000)",973,6136,0,0,"",0,0,0,0,0,0.00,0.00,0
smt,proof_only_after_10m_build_sample_2pct,10000000,10000000,0,0,0,"",0.00,0.00,0,1135417468,5677,"0-10%=5.721µs(n=20000)|10-20%=5.571µs(n=20000)|20-30%=5.696µs(n=20000)|30-40%=5.704µs(n=20000)|40-50%=5.708µs(n=20000)|50-60%=5.662µs(n=20000)|60-70%=5.691µs(n=20000)|70-80%=5.731µs(n=20000)|80-90%=5.665µs(n=20000)|90-100%=5.617µs(n=20000)",1011,6710,0,0,"",0,0,0,0,0,0.00,0.00,0
smt,proof_only_after_20m_build_sample_2pct,20000000,20000000,0,0,0,"",0.00,0.00,0,3396921309,8492,"0-10%=8.509µs(n=40000)|10-20%=8.315µs(n=40000)|20-30%=8.33µs(n=40000)|30-40%=8.497µs(n=40000)|40-50%=8.463µs(n=40000)|50-60%=8.607µs(n=40000)|60-70%=8.752µs(n=40000)|70-80%=8.635µs(n=40000)|80-90%=8.558µs(n=40000)|90-100%=8.253µs(n=40000)",1049,8231,0,0,"",0,0,0,0,0,0.00,0.00,0
smt,build_10k_then_add_2k_new,10000,12000,2000,5403056,2701,"0-10%=3.336µs(n=200)|10-20%=3.123µs(n=200)|20-30%=2.691µs(n=200)|30-40%=2.654µs(n=200)|40-50%=2.555µs(n=200)|50-60%=2.422µs(n=200)|60-70%=2.473µs(n=200)|70-80%=2.555µs(n=200)|80-90%=2.41µs(n=200)|90-100%=2.787µs(n=200)",1.44,1.44,146333,0,0,"",0,0,0,0,"",0,0,0,0,0,0.00,0.00,0
smt,build_50k_then_add_10k_new,50000,60000,10000,33994848,3399,"0-10%=3.968µs(n=1000)|10-20%=3.7µs(n=1000)|20-30%=3.641µs(n=1000)|30-40%=3.339µs(n=1000)|40-50%=3.345µs(n=1000)|50-60%=3.23µs(n=1000)|60-70%=3.213µs(n=1000)|70-80%=3.165µs(n=1000)|80-90%=3.251µs(n=1000)|90-100%=3.137µs(n=1000)",7.17,7.17,728102,0,0,"",0,0,0,0,"",0,0,0,0,0,0.00,0.00,0
smt,build_100k_then_add_20k_new,100000,120000,20000,80981473,4049,"0-10%=4.802µs(n=2000)|10-20%=4.382µs(n=2000)|20-30%=4.172µs(n=2000)|30-40%=4.157µs(n=2000)|40-50%=4.04µs(n=2000)|50-60%=4.023µs(n=2000)|60-70%=3.867µs(n=2000)|70-80%=3.666µs(n=2000)|80-90%=3.698µs(n=2000)|90-100%=3.678µs(n=2000)",14.32,14.32,1455309,0,0,"",0,0,0,0,"",0,0,0,0,0,0.00,0.00,0
smt,build_200k_then_add_40k_new,200000,240000,40000,180892675,4522,"0-10%=5.266µs(n=4000)|10-20%=4.883µs(n=4000)|20-30%=4.714µs(n=4000)|30-40%=4.543µs(n=4000)|40-50%=4.386µs(n=4000)|50-60%=4.327µs(n=4000)|60-70%=4.348µs(n=4000)|70-80%=4.381µs(n=4000)|80-90%=4.261µs(n=4000)|90-100%=4.109µs(n=4000)",28.66,28.66,2909944,0,0,"",0,0,0,0,"",0,0,0,0,0,0.00,0.00,0
smt,build_300k_then_add_60k_new,300000,360000,60000,291385101,4856,"0-10%=5.732µs(n=6000)|10-20%=5.328µs(n=6000)|20-30%=5.107µs(n=6000)|30-40%=5.059µs(n=6000)|40-50%=4.811µs(n=6000)|50-60%=4.813µs(n=6000)|60-70%=4.606µs(n=6000)|70-80%=4.381µs(n=6000)|80-90%=4.37µs(n=6000)|90-100%=4.352µs(n=6000)",42.94,42.94,4364054,0,0,"",0,0,0,0,"",0,0,0,0,0,0.00,0.00,0
smt,build_500k_then_add_100k_new,500000,600000,100000,549139042,5491,"0-10%=7.014µs(n=10000)|10-20%=5.82µs(n=10000)|20-30%=5.495µs(n=10000)|30-40%=5.57µs(n=10000)|40-50%=5.389µs(n=10000)|50-60%=5.329µs(n=10000)|60-70%=5.245µs(n=10000)|70-80%=5.055µs(n=10000)|80-90%=4.99µs(n=10000)|90-100%=5µs(n=10000)",71.59,71.59,7273269,0,0,"",0,0,0,0,"",0,0,0,0,0,0.00,0.00,0
smt,build_700k_then_add_140k_new,700000,840000,140000,791936406,5656,"0-10%=6.949µs(n=14000)|10-20%=6.221µs(n=14000)|20-30%=5.933µs(n=14000)|30-40%=5.56µs(n=14000)|40-50%=5.393µs(n=14000)|50-60%=5.366µs(n=14000)|60-70%=5.333µs(n=14000)|70-80%=5.248µs(n=14000)|80-90%=5.28µs(n=14000)|90-100%=5.281µs(n=14000)",100.20,100.20,10181944,0,0,"",0,0,0,0,"",0,0,0,0,0,0.00,0.00,0
smt,build_900k_then_add_180k_new,900000,1080000,180000,1063743061,5909,"0-10%=6.693µs(n=18000)|10-20%=6.155µs(n=18000)|20-30%=5.916µs(n=18000)|30-40%=5.921µs(n=18000)|40-50%=5.764µs(n=18000)|50-60%=6.193µs(n=18000)|60-70%=5.804µs(n=18000)|70-80%=5.642µs(n=18000)|80-90%=5.515µs(n=18000)|90-100%=5.49µs(n=18000)",128.80,128.80,13090446,0,0,"",0,0,0,0,"",0,0,0,0,0,0.00,0.00,0
smt,build_1m_then_add_200k_new,1000000,1200000,200000,1206137648,6030,"0-10%=6.83µs(n=20000)|10-20%=6.335µs(n=20000)|20-30%=6.432µs(n=20000)|30-40%=5.93µs(n=20000)|40-50%=5.741µs(n=20000)|50-60%=5.739µs(n=20000)|60-70%=5.726µs(n=20000)|70-80%=5.871µs(n=20000)|80-90%=5.918µs(n=20000)|90-100%=5.782µs(n=20000)",143.13,143.13,14544952,0,0,"",0,0,0,0,"",0,0,0,0,0,0.00,0.00,0
smt,build_2m_then_add_400k_new,2000000,2400000,400000,2594939242,6487,"0-10%=7.34µs(n=40000)|10-20%=6.915µs(n=40000)|20-30%=6.786µs(n=40000)|30-40%=6.441µs(n=40000)|40-50%=6.392µs(n=40000)|50-60%=6.368µs(n=40000)|60-70%=6.178µs(n=40000)|70-80%=6.152µs(n=40000)|80-90%=6.146µs(n=40000)|90-100%=6.15µs(n=40000)",286.24,286.24,29089085,0,0,"",0,0,0,0,"",0,0,0,0,0,0.00,0.00,0
smt,build_5m_then_add_1m_new,5000000,6000000,1000000,7494607196,7494,"0-10%=8.159µs(n=100000)|10-20%=7.546µs(n=100000)|20-30%=7.39µs(n=100000)|30-40%=7.33µs(n=100000)|40-50%=7.335µs(n=100000)|50-60%=7.365µs(n=100000)|60-70%=7.284µs(n=100000)|70-80%=7.52µs(n=100000)|80-90%=7.588µs(n=100000)|90-100%=7.424µs(n=100000)",715.71,715.71,72722953,0,0,"",0,0,0,0,"",0,0,0,0,0,0.00,0.00,0
smt,build_10m_then_add_2m_new,10000000,12000000,2000000,16493028797,8246,"0-10%=8.876µs(n=200000)|10-20%=8.731µs(n=200000)|20-30%=8.382µs(n=200000)|30-40%=8.411µs(n=200000)|40-50%=8.067µs(n=200000)|50-60%=7.788µs(n=200000)|60-70%=7.798µs(n=200000)|70-80%=7.967µs(n=200000)|80-90%=8.214µs(n=200000)|90-100%=8.226µs(n=200000)",1431.33,1431.33,145442598,0,0,"",0,0,0,0,"",0,0,0,0,0,0.00,0.00,0
smt,build_20m_then_add_5m_new,20000000,25000000,5000000,48883068725,9776,"0-10%=9.914µs(n=500000)|10-20%=9.813µs(n=500000)|20-30%=9.833µs(n=500000)|30-40%=9.51µs(n=500000)|40-50%=9.624µs(n=500000)|50-60%=9.895µs(n=500000)|60-70%=9.812µs(n=500000)|70-80%=9.793µs(n=500000)|80-90%=9.768µs(n=500000)|90-100%=9.799µs(n=500000)",3578.82,3578.82,308607732,0,0,"",0,0,0,0,"",0,0,0,0,0,0.00,0.00,0
smt,build_10k_then_reinsert_2k_existing,10000,10000,2000,5121174,2560,"0-10%=3.236µs(n=200)|10-20%=2.868µs(n=200)|20-30%=2.567µs(n=200)|30-40%=2.556µs(n=200)|40-50%=2.492µs(n=200)|50-60%=2.462µs(n=200)|60-70%=2.427µs(n=200)|70-80%=2.336µs(n=200)|80-90%=2.372µs(n=200)|90-100%=2.28µs(n=200)",0.33,0.33,121921,0,0,"",0,0,0,0,"",0,0,0,0,0,0.00,0.00,0
smt,build_50k_then_reinsert_10k_existing,50000,50000,10000,32184229,3218,"0-10%=3.78µs(n=1000)|10-20%=3.358µs(n=1000)|20-30%=3.365µs(n=1000)|30-40%=3.226µs(n=1000)|40-50%=3.3µs(n=1000)|50-60%=3.095µs(n=1000)|60-70%=3.091µs(n=1000)|70-80%=2.963µs(n=1000)|80-90%=3.072µs(n=1000)|90-100%=2.928µs(n=1000)",1.61,1.61,605923,0,0,"",0,0,0,0,"",0,0,0,0,0,0.00,0.00,0
smt,build_100k_then_reinsert_20k_existing,100000,100000,20000,75726543,3786,"0-10%=4.513µs(n=2000)|10-20%=4.069µs(n=2000)|20-30%=3.925µs(n=2000)|30-40%=3.837µs(n=2000)|40-50%=3.741µs(n=2000)|50-60%=3.677µs(n=2000)|60-70%=3.653µs(n=2000)|70-80%=3.545µs(n=2000)|80-90%=3.486µs(n=2000)|90-100%=3.413µs(n=2000)",3.22,3.22,1210936,0,0,"",0,0,0,0,"",0,0,0,0,0,0.00,0.00,0
smt,build_200k_then_reinsert_40k_existing,200000,200000,40000,167880949,4197,"0-10%=5.041µs(n=4000)|10-20%=4.495µs(n=4000)|20-30%=4.296µs(n=4000)|30-40%=4.192µs(n=4000)|40-50%=4.114µs(n=4000)|50-60%=4.075µs(n=4000)|60-70%=4.047µs(n=4000)|70-80%=3.963µs(n=4000)|80-90%=3.873µs(n=4000)|90-100%=3.867µs(n=4000)",6.44,6.44,2420953,0,0,"",0,0,0,0,"",0,0,0,0,0,0.00,0.00,0
smt,build_300k_then_reinsert_60k_existing,300000,300000,60000,259790446,4329,"0-10%=5.132µs(n=6000)|10-20%=4.598µs(n=6000)|20-30%=4.442µs(n=6000)|30-40%=4.332µs(n=6000)|40-50%=4.248µs(n=6000)|50-60%=4.195µs(n=6000)|60-70%=4.149µs(n=6000)|70-80%=4.129µs(n=6000)|80-90%=4.048µs(n=6000)|90-100%=4.02µs(n=6000)",9.64,9.64,3630963,0,0,"",0,0,0,0,"",0,0,0,0,0,0.00,0.00,0
smt,build_500k_then_reinsert_100k_existing,500000,500000,100000,482738029,4827,"0-10%=5.707µs(n=10000)|10-20%=5.066µs(n=10000)|20-30%=4.87µs(n=10000)|30-40%=4.734µs(n=10000)|40-50%=4.731µs(n=10000)|50-60%=4.721µs(n=10000)|60-70%=4.686µs(n=10000)|70-80%=4.676µs(n=10000)|80-90%=4.535µs(n=10000)|90-100%=4.542µs(n=10000)",16.05,16.05,6050974,0,0,"",0,0,0,0,"",0,0,0,0,0,0.00,0.00,0
smt,build_700k_then_reinsert_140k_existing,700000,700000,140000,717052416,5121,"0-10%=5.965µs(n=14000)|10-20%=5.373µs(n=14000)|20-30%=5.2µs(n=14000)|30-40%=5.099µs(n=14000)|40-50%=5.011µs(n=14000)|50-60%=5.023µs(n=14000)|60-70%=4.988µs(n=14000)|70-80%=4.862µs(n=14000)|80-90%=4.899µs(n=14000)|90-100%=4.794µs(n=14000)",22.47,22.47,8470996,0,0,"",0,0,0,0,"",0,0,0,0,0,0.00,0.00,0
smt,build_900k_then_reinsert_180k_existing,900000,900000,180000,1000020305,5555,"0-10%=6.05µs(n=18000)|10-20%=5.545µs(n=18000)|20-30%=5.408µs(n=18000)|30-40%=5.296µs(n=18000)|40-50%=5.296µs(n=18000)|50-60%=5.295µs(n=18000)|60-70%=5.294µs(n=18000)|70-80%=5.497µs(n=18000)|80-90%=5.898µs(n=18000)|90-100%=5.973µs(n=18000)",28.89,28.89,10891008,0,0,"",0,0,0,0,"",0,0,0,0,0,0.00,0.00,0
smt,build_1m_then_reinsert_200k_existing,1000000,1000000,200000,1068329902,5341,"0-10%=5.978µs(n=20000)|10-20%=5.459µs(n=20000)|20-30%=5.376µs(n=20000)|30-40%=5.303µs(n=20000)|40-50%=5.289µs(n=20000)|50-60%=5.287µs(n=20000)|60-70%=5.272µs(n=20000)|70-80%=5.199µs(n=20000)|80-90%=5.12µs(n=20000)|90-100%=5.129µs(n=20000)",32.09,32.09,12100948,0,0,"",0,0,0,0,"",0,0,0,0,0,0.00,0.00,0
smt,prehashed_ordered_build_1m_then_reinsert_200k_existing,1000000,1000000,200000,577989677,2889,"0-10%=2.826µs(n=20000)|10-20%=2.968µs(n=20000)|20-30%=3.068µs(n=20000)|30-40%=3.006µs(n=20000)|40-50%=2.899µs(n=20000)|50-60%=2.88µs(n=20000)|60-70%=2.834µs(n=20000)|70-80%=2.755µs(n=20000)|80-90%=2.766µs(n=20000)|90-100%=2.891µs(n=20000)",19.87,19.87,11700956,0,0,"",0,0,0,0,"",0,0,0,0,0,0.00,0.00,0
smt,build_2m_then_reinsert_400k_existing,2000000,2000000,400000,2499771847,6249,"0-10%=6.855µs(n=40000)|10-20%=6.426µs(n=40000)|20-30%=6.328µs(n=40000)|30-40%=6.269µs(n=40000)|40-50%=6.218µs(n=40000)|50-60%=6.185µs(n=40000)|60-70%=6.126µs(n=40000)|70-80%=6.044µs(n=40000)|80-90%=6.005µs(n=40000)|90-100%=6.033µs(n=40000)",64.19,64.19,24200976,0,0,"",0,0,0,0,"",0,0,0,0,0,0.00,0.00,0
smt,build_5m_then_reinsert_1m_existing,5000000,5000000,1000000,6922778641,6922,"0-10%=7.299µs(n=100000)|10-20%=6.982µs(n=100000)|20-30%=6.892µs(n=100000)|30-40%=6.892µs(n=100000)|40-50%=6.922µs(n=100000)|50-60%=7.063µs(n=100000)|60-70%=6.83µs(n=100000)|70-80%=6.773µs(n=100000)|80-90%=6.79µs(n=100000)|90-100%=6.781µs(n=100000)",160.47,160.47,60501013,0,0,"",0,0,0,0,"",0,0,0,0,0,0.00,0.00,0
smt,prehashed_ordered_build_5m_then_reinsert_1m_existing,5000000,5000000,1000000,3208882512,3208,"0-10%=3.109µs(n=100000)|10-20%=3.277µs(n=100000)|20-30%=3.371µs(n=100000)|30-40%=3.436µs(n=100000)|40-50%=3.214µs(n=100000)|50-60%=3.179µs(n=100000)|60-70%=3.13µs(n=100000)|70-80%=3.042µs(n=100000)|80-90%=3.063µs(n=100000)|90-100%=3.262µs(n=100000)",99.31,99.31,58501004,0,0,"",0,0,0,0,"",0,0,0,0,0,0.00,0.00,0
smt,build_10m_then_reinsert_2m_existing,10000000,10000000,2000000,15712637353,7856,"0-10%=8.03µs(n=200000)|10-20%=7.863µs(n=200000)|20-30%=7.852µs(n=200000)|30-40%=7.847µs(n=200000)|40-50%=7.798µs(n=200000)|50-60%=7.858µs(n=200000)|60-70%=7.824µs(n=200000)|70-80%=7.866µs(n=200000)|80-90%=7.868µs(n=200000)|90-100%=7.753µs(n=200000)",320.96,320.96,121001060,0,0,"",0,0,0,0,"",0,0,0,0,0,0.00,0.00,0
smt,build_25m_then_reinsert_5m_existing,25000000,25000000,5000000,47012465692,9402,"0-10%=9.655µs(n=500000)|10-20%=9.621µs(n=500000)|20-30%=9.455µs(n=500000)|30-40%=9.511µs(n=500000)|40-50%=9.375µs(n=500000)|50-60%=9.389µs(n=500000)|60-70%=9.331µs(n=500000)|70-80%=9.17µs(n=500000)|80-90%=9.162µs(n=500000)|90-100%=9.352µs(n=500000)",802.75,802.75,302501212,0,0,"",0,0,0,0,"",0,0,0,0,0,0.00,0.00,0
smt,build_10k,0,10000,10000,27969667,2796,"0-10%=2.063µs(n=1000)|10-20%=2.216µs(n=1000)|20-30%=2.489µs(n=1000)|30-40%=3.285µs(n=1000)|40-50%=2.605µs(n=1000)|50-60%=2.856µs(n=1000)|60-70%=3.516µs(n=1000)|70-80%=3.087µs(n=1000)|80-90%=2.843µs(n=1000)|90-100%=3.003µs(n=1000)",5.68,7.18,131188,356342,3563,"0-10%=3.355µs(n=10)|10-20%=3.938µs(n=10)|20-30%=3.452µs(n=10)|30-40%=4.247µs(n=10)|40-50%=2.825µs(n=10)|50-60%=2.836µs(n=10)|60-70%=3.131µs(n=10)|70-80%=4.328µs(n=10)|80-90%=4.258µs(n=10)|90-100%=3.261µs(n=10)",638,4142,0,0,"",0,0,0,0,0,0.00,0.00,0
smt,build_50k,0,50000,50000,138800999,2776,"0-10%=2.432µs(n=5000)|10-20%=2.722µs(n=5000)|20-30%=2.97µs(n=5000)|30-40%=2.608µs(n=5000)|40-50%=2.677µs(n=5000)|50-60%=2.947µs(n=5000)|60-70%=2.706µs(n=5000)|70-80%=2.759µs(n=5000)|80-90%=2.834µs(n=5000)|90-100%=3.1µs(n=5000)",25.85,35.83,570955,1395822,2791,"0-10%=2.019µs(n=50)|10-20%=1.8µs(n=50)|20-30%=2.552µs(n=50)|30-40%=3.052µs(n=50)|40-50%=2.935µs(n=50)|50-60%=3.596µs(n=50)|60-70%=2.954µs(n=50)|70-80%=2.969µs(n=50)|80-90%=3.022µs(n=50)|90-100%=3.012µs(n=50)",718,3537,0,0,"",0,0,0,0,0,0.00,0.00,0
smt,build_100k,0,100000,100000,289930109,2899,"0-10%=2.401µs(n=10000)|10-20%=2.598µs(n=10000)|20-30%=2.768µs(n=10000)|30-40%=2.678µs(n=10000)|40-50%=2.977µs(n=10000)|50-60%=2.865µs(n=10000)|60-70%=2.952µs(n=10000)|70-80%=3.028µs(n=10000)|80-90%=3.433µs(n=10000)|90-100%=3.288µs(n=10000)",54.48,71.57,1232378,3279544,3279,"0-10%=3.234µs(n=100)|10-20%=3.232µs(n=100)|20-30%=3.204µs(n=100)|30-40%=3.373µs(n=100)|40-50%=3.267µs(n=100)|50-60%=3.371µs(n=100)|60-70%=2.884µs(n=100)|70-80%=3.604µs(n=100)|80-90%=3.231µs(n=100)|90-100%=3.391µs(n=100)",759,4095,0,0,"",0,0,0,0,0,0.00,0.00,0
smt,build_200k,0,200000,200000,627683285,3138,"0-10%=2.368µs(n=20000)|10-20%=2.668µs(n=20000)|20-30%=2.879µs(n=20000)|30-40%=3.09µs(n=20000)|40-50%=3.06µs(n=20000)|50-60%=3.191µs(n=20000)|60-70%=3.506µs(n=20000)|70-80%=3.496µs(n=20000)|80-90%=3.504µs(n=20000)|90-100%=3.616µs(n=20000)",114.93,143.11,2653680,7193818,3596,"0-10%=3.65µs(n=200)|10-20%=3.575µs(n=200)|20-30%=3.662µs(n=200)|30-40%=3.532µs(n=200)|40-50%=3.674µs(n=200)|50-60%=3.551µs(n=200)|60-70%=3.632µs(n=200)|70-80%=3.467µs(n=200)|80-90%=3.902µs(n=200)|90-100%=3.319µs(n=200)",796,4003,0,0,"",0,0,0,0,0,0.00,0.00,0
smt,build_300k,0,300000,300000,1070993093,3569,"0-10%=2.92µs(n=30000)|10-20%=2.917µs(n=30000)|20-30%=3.157µs(n=30000)|30-40%=3.339µs(n=30000)|40-50%=3.429µs(n=30000)|50-60%=3.651µs(n=30000)|60-70%=4.135µs(n=30000)|70-80%=4.13µs(n=30000)|80-90%=3.977µs(n=30000)|90-100%=4.039µs(n=30000)",172.94,214.69,3995843,13394791,4464,"0-10%=3.749µs(n=300)|10-20%=3.636µs(n=300)|20-30%=3.629µs(n=300)|30-40%=3.596µs(n=300)|40-50%=3.647µs(n=300)|50-60%=3.769µs(n=300)|60-70%=3.88µs(n=300)|70-80%=3.62µs(n=300)|80-90%=6.983µs(n=300)|90-100%=8.135µs(n=300)",819,4653,0,0,"",0,0,0,0,0,0.00,0.00,0
smt,build_500k,0,500000,500000,2020009569,4040,"0-10%=2.721µs(n=50000)|10-20%=3.092µs(n=50000)|20-30%=3.418µs(n=50000)|30-40%=3.656µs(n=50000)|40-50%=4.488µs(n=50000)|50-60%=4.162µs(n=50000)|60-70%=4.134µs(n=50000)|70-80%=4.767µs(n=50000)|80-90%=4.992µs(n=50000)|90-100%=4.964µs(n=50000)",278.05,357.81,6336987,21443818,4288,"0-10%=4.078µs(n=500)|10-20%=4.273µs(n=500)|20-30%=4.283µs(n=500)|30-40%=4.171µs(n=500)|40-50%=4.305µs(n=500)|50-60%=4.26µs(n=500)|60-70%=4.241µs(n=500)|70-80%=4.462µs(n=500)|80-90%=4.309µs(n=500)|90-100%=4.5µs(n=500)",847,4226,0,0,"",0,0,0,0,0,0.00,0.00,0
smt,build_700k,0,700000,700000,3131132058,4473,"0-10%=2.998µs(n=70000)|10-20%=3.622µs(n=70000)|20-30%=4.325µs(n=70000)|30-40%=4.772µs(n=70000)|40-50%=4.427µs(n=70000)|50-60%=4.782µs(n=70000)|60-70%=4.685µs(n=70000)|70-80%=4.625µs(n=70000)|80-90%=4.895µs(n=70000)|90-100%=5.596µs(n=70000)",362.74,500.95,8028433,29459714,4208,"0-10%=4.105µs(n=700)|10-20%=4.248µs(n=700)|20-30%=4.171µs(n=700)|30-40%=4.25µs(n=700)|40-50%=4.228µs(n=700)|50-60%=4.255µs(n=700)|60-70%=4.184µs(n=700)|70-80%=4.259µs(n=700)|80-90%=4.269µs(n=700)|90-100%=4.111µs(n=700)",865,4688,0,0,"",0,0,0,0,0,0.00,0.00,0
smt,build_900k,0,900000,900000,4093170529,4547,"0-10%=2.921µs(n=90000)|10-20%=3.45µs(n=90000)|20-30%=4.107µs(n=90000)|30-40%=4.327µs(n=90000)|40-50%=4.871µs(n=90000)|50-60%=4.483µs(n=90000)|60-70%=4.611µs(n=90000)|70-80%=5.609µs(n=90000)|80-90%=5.536µs(n=90000)|90-100%=5.56µs(n=90000)",509.57,644.08,11694360,43221388,4802,"0-10%=4.781µs(n=900)|10-20%=4.828µs(n=900)|20-30%=4.767µs(n=900)|30-40%=4.811µs(n=900)|40-50%=4.814µs(n=900)|50-60%=4.748µs(n=900)|60-70%=4.757µs(n=900)|70-80%=4.849µs(n=900)|80-90%=4.86µs(n=900)|90-100%=4.804µs(n=900)",879,4462,0,0,"",0,0,0,0,0,0.00,0.00,0
smt,build_1m,0,1000000,1000000,4795490101,4795,"0-10%=3.28µs(n=100000)|10-20%=4.055µs(n=100000)|20-30%=4.451µs(n=100000)|30-40%=4.506µs(n=100000)|40-50%=4.824µs(n=100000)|50-60%=4.605µs(n=100000)|60-70%=5.511µs(n=100000)|70-80%=5.537µs(n=100000)|80-90%=5.599µs(n=100000)|90-100%=5.582µs(n=100000)",579.81,715.64,13424537,51652348,5165,"0-10%=3.415µs(n=1000)|10-20%=3.948µs(n=1000)|20-30%=4.485µs(n=1000)|30-40%=4.46µs(n=1000)|40-50%=4.499µs(n=1000)|50-60%=4.482µs(n=1000)|60-70%=9.713µs(n=1000)|70-80%=9.675µs(n=1000)|80-90%=3.597µs(n=1000)|90-100%=3.373µs(n=1000)",885,5640,0,0,"",0,0,0,0,0,0.00,0.00,0
smt,build_2m,0,2000000,2000000,11025550261,5512,"0-10%=3.237µs(n=200000)|10-20%=4.345µs(n=200000)|20-30%=4.93µs(n=200000)|30-40%=5.939µs(n=200000)|40-50%=5.395µs(n=200000)|50-60%=6.541µs(n=200000)|60-70%=6.281µs(n=200000)|70-80%=5.626µs(n=200000)|80-90%=6.379µs(n=200000)|90-100%=6.449µs(n=200000)",1067.07,1431.27,23911234,99208046,4960,"0-10%=4.857µs(n=2000)|10-20%=4.891µs(n=2000)|20-30%=4.936µs(n=2000)|30-40%=5.011µs(n=2000)|40-50%=4.989µs(n=2000)|50-60%=4.998µs(n=2000)|60-70%=4.975µs(n=2000)|70-80%=5.006µs(n=2000)|80-90%=4.97µs(n=2000)|90-100%=4.965µs(n=2000)",923,4832,0,0,"",0,0,0,0,0,0.00,0.00,0
smt,build_5m,0,5000000,5000000,30966814174,6193,"0-10%=4.039µs(n=500000)|10-20%=5.345µs(n=500000)|20-30%=5.762µs(n=500000)|30-40%=6.003µs(n=500000)|40-50%=6.579µs(n=500000)|50-60%=6.442µs(n=500000)|60-70%=6.473µs(n=500000)|70-80%=7.143µs(n=500000)|80-90%=7.227µs(n=500000)|90-100%=6.916µs(n=500000)",2780.09,3578.14,63295868,272076030,5441,"0-10%=5.141µs(n=5000)|10-20%=5.195µs(n=5000)|20-30%=5.415µs(n=5000)|30-40%=5.444µs(n=5000)|40-50%=5.519µs(n=5000)|50-60%=5.554µs(n=5000)|60-70%=5.52µs(n=5000)|70-80%=5.547µs(n=5000)|80-90%=5.557µs(n=5000)|90-100%=5.519µs(n=5000)",973,4744,0,0,"",0,0,0,0,0,0.00,0.00,0
smt,build_10m,0,10000000,10000000,69084959204,6908,"0-10%=4.685µs(n=1000000)|10-20%=5.816µs(n=1000000)|20-30%=6.596µs(n=1000000)|30-40%=6.855µs(n=1000000)|40-50%=6.937µs(n=1000000)|50-60%=7.006µs(n=1000000)|60-70%=7.909µs(n=1000000)|70-80%=7.552µs(n=1000000)|80-90%=7.547µs(n=1000000)|90-100%=8.178µs(n=1000000)",5837.40,7156.44,135379014,978829555,9788,"0-10%=8.191µs(n=10000)|10-20%=8.479µs(n=10000)|20-30%=8.462µs(n=10000)|30-40%=16.405µs(n=10000)|40-50%=29.035µs(n=10000)|50-60%=5.485µs(n=10000)|60-70%=4.746µs(n=10000)|70-80%=4.664µs(n=10000)|80-90%=4.763µs(n=10000)|90-100%=7.648µs(n=10000)",1011,9487,0,0,"",0,0,0,0,0,0.00,0.00,0
smt,build_25m,0,25000000,25000000,211958581478,8478,"0-10%=5.618µs(n=2500000)|10-20%=7.007µs(n=2500000)|20-30%=7.586µs(n=2500000)|30-40%=7.768µs(n=2500000)|40-50%=8.924µs(n=2500000)|50-60%=8.966µs(n=2500000)|60-70%=9.141µs(n=2500000)|70-80%=10.047µs(n=2500000)|80-90%=9.793µs(n=2500000)|90-100%=9.929µs(n=2500000)",13944.23,17892.51,317818484,2381509881,9526,"0-10%=9.374µs(n=25000)|10-20%=9.563µs(n=25000)|20-30%=9.626µs(n=25000)|30-40%=9.606µs(n=25000)|40-50%=9.714µs(n=25000)|50-60%=9.52µs(n=25000)|60-70%=9.459µs(n=25000)|70-80%=9.54µs(n=25000)|80-90%=9.485µs(n=25000)|90-100%=9.369µs(n=25000)",1061,7480,0,0,"",0,0,0,0,0,0.00,0.00,0
smt,prehashed_ordered_build_10k,0,10000,10000,14962728,1496,"0-10%=1.093µs(n=1000)|10-20%=1.234µs(n=1000)|20-30%=2.167µs(n=1000)|30-40%=1.302µs(n=1000)|40-50%=1.383µs(n=1000)|50-60%=1.167µs(n=1000)|60-70%=1.214µs(n=1000)|70-80%=2.459µs(n=1000)|80-90%=1.471µs(n=1000)|90-100%=1.468µs(n=1000)",5.12,6.42,124010,109996,1099,"0-10%=1.462µs(n=10)|10-20%=1.065µs(n=10)|20-30%=1.041µs(n=10)|30-40%=1.05µs(n=10)|40-50%=1.057µs(n=10)|50-60%=1.203µs(n=10)|60-70%=1.033µs(n=10)|70-80%=1.054µs(n=10)|80-90%=1.046µs(n=10)|90-100%=985ns(n=10)",628,3101,0,0,"",0,0,0,0,0,0.00,0.00,0
smt,prehashed_ordered_build_50k,0,50000,50000,77382906,1547,"0-10%=1.409µs(n=5000)|10-20%=1.568µs(n=5000)|20-30%=1.419µs(n=5000)|30-40%=1.733µs(n=5000)|40-50%=1.61µs(n=5000)|50-60%=1.341µs(n=5000)|60-70%=1.472µs(n=5000)|70-80%=1.843µs(n=5000)|80-90%=1.487µs(n=5000)|90-100%=1.588µs(n=5000)",25.83,32.06,623052,776300,1552,"0-10%=1.331µs(n=50)|10-20%=1.426µs(n=50)|20-30%=1.431µs(n=50)|30-40%=1.745µs(n=50)|40-50%=1.365µs(n=50)|50-60%=1.212µs(n=50)|60-70%=1.21µs(n=50)|70-80%=1.671µs(n=50)|80-90%=1.997µs(n=50)|90-100%=2.132µs(n=50)",722,3305,0,0,"",0,0,0,0,0,0.00,0.00,0
smt,prehashed_ordered_build_100k,0,100000,100000,156261471,1562,"0-10%=1.449µs(n=10000)|10-20%=1.558µs(n=10000)|20-30%=1.458µs(n=10000)|30-40%=1.68µs(n=10000)|40-50%=1.611µs(n=10000)|50-60%=1.387µs(n=10000)|60-70%=1.746µs(n=10000)|70-80%=1.52µs(n=10000)|80-90%=1.559µs(n=10000)|90-100%=1.653µs(n=10000)",53.61,64.13,1308126,2005854,2005,"0-10%=1.414µs(n=100)|10-20%=1.506µs(n=100)|20-30%=1.696µs(n=100)|30-40%=1.702µs(n=100)|40-50%=1.922µs(n=100)|50-60%=2.034µs(n=100)|60-70%=2.057µs(n=100)|70-80%=2.774µs(n=100)|80-90%=2.591µs(n=100)|90-100%=2.359µs(n=100)",759,3516,0,0,"",0,0,0,0,0,0.00,0.00,0
smt,prehashed_ordered_build_200k,0,200000,200000,333390525,1666,"0-10%=1.435µs(n=20000)|10-20%=1.589µs(n=20000)|20-30%=1.571µs(n=20000)|30-40%=1.584µs(n=20000)|40-50%=1.914µs(n=20000)|50-60%=1.541µs(n=20000)|60-70%=1.614µs(n=20000)|70-80%=1.727µs(n=20000)|80-90%=1.921µs(n=20000)|90-100%=1.767µs(n=20000)",101.46,128.22,2427148,4445779,2222,"0-10%=1.882µs(n=200)|10-20%=1.955µs(n=200)|20-30%=2.107µs(n=200)|30-40%=2.193µs(n=200)|40-50%=2.183µs(n=200)|50-60%=2.158µs(n=200)|60-70%=2.383µs(n=200)|70-80%=2.191µs(n=200)|80-90%=2.292µs(n=200)|90-100%=2.88µs(n=200)",796,3758,0,0,"",0,0,0,0,0,0.00,0.00,0
smt,prehashed_ordered_build_300k,0,300000,300000,514804679,1716,"0-10%=1.508µs(n=30000)|10-20%=1.615µs(n=30000)|20-30%=1.661µs(n=30000)|30-40%=1.645µs(n=30000)|40-50%=1.958µs(n=30000)|50-60%=1.54µs(n=30000)|60-70%=1.633µs(n=30000)|70-80%=1.67µs(n=30000)|80-90%=2.074µs(n=30000)|90-100%=1.852µs(n=30000)",150.73,192.30,3591348,7233476,2411,"0-10%=2.147µs(n=300)|10-20%=2.324µs(n=300)|20-30%=2.275µs(n=300)|30-40%=2.283µs(n=300)|40-50%=2.583µs(n=300)|50-60%=2.319µs(n=300)|60-70%=2.534µs(n=300)|70-80%=2.541µs(n=300)|80-90%=2.401µs(n=300)|90-100%=2.698µs(n=300)",819,3816,0,0,"",0,0,0,0,0,0.00,0.00,0
smt,prehashed_ordered_build_500k,0,500000,500000,945856296,1891,"0-10%=1.538µs(n=50000)|10-20%=1.698µs(n=50000)|20-30%=1.787µs(n=50000)|30-40%=1.983µs(n=50000)|40-50%=1.964µs(n=50000)|50-60%=1.78µs(n=50000)|60-70%=2.109µs(n=50000)|70-80%=1.898µs(n=50000)|80-90%=2.003µs(n=50000)|90-100%=2.154µs(n=50000)",265.58,320.47,6457019,18026487,3605,"0-10%=3.46µs(n=500)|10-20%=3.553µs(n=500)|20-30%=3.596µs(n=500)|30-40%=3.737µs(n=500)|40-50%=3.827µs(n=500)|50-60%=3.363µs(n=500)|60-70%=3.513µs(n=500)|70-80%=3.672µs(n=500)|80-90%=3.685µs(n=500)|90-100%=3.642µs(n=500)",847,4513,0,0,"",0,0,0,0,0,0.00,0.00,0
smt,prehashed_ordered_build_700k,0,700000,700000,1343807320,1919,"0-10%=1.707µs(n=70000)|10-20%=1.87µs(n=70000)|20-30%=1.83µs(n=70000)|30-40%=2.009µs(n=70000)|40-50%=2.075µs(n=70000)|50-60%=1.773µs(n=70000)|60-70%=1.846µs(n=70000)|70-80%=2.144µs(n=70000)|80-90%=1.911µs(n=70000)|90-100%=2.027µs(n=70000)",360.17,448.65,8658446,26745341,3820,"0-10%=3.111µs(n=700)|10-20%=3.824µs(n=700)|20-30%=4.311µs(n=700)|30-40%=4.28µs(n=700)|40-50%=4.416µs(n=700)|50-60%=3.951µs(n=700)|60-70%=3.499µs(n=700)|70-80%=3.523µs(n=700)|80-90%=3.559µs(n=700)|90-100%=3.729µs(n=700)",865,4832,0,0,"",0,0,0,0,0,0.00,0.00,0
smt,prehashed_ordered_build_900k,0,900000,900000,1753033558,1947,"0-10%=1.692µs(n=90000)|10-20%=1.887µs(n=90000)|20-30%=1.865µs(n=90000)|30-40%=1.912µs(n=90000)|40-50%=2.164µs(n=90000)|50-60%=1.78µs(n=90000)|60-70%=1.884µs(n=90000)|70-80%=2.15µs(n=90000)|80-90%=2.102µs(n=90000)|90-100%=2.038µs(n=90000)",457.30,576.81,10943358,31462985,3495,"0-10%=3.37µs(n=900)|10-20%=3.592µs(n=900)|20-30%=3.52µs(n=900)|30-40%=3.357µs(n=900)|40-50%=3.664µs(n=900)|50-60%=3.484µs(n=900)|60-70%=3.538µs(n=900)|70-80%=3.461µs(n=900)|80-90%=3.527µs(n=900)|90-100%=3.442µs(n=900)",878,4381,0,0,"",0,0,0,0,0,0.00,0.00,0
smt,prehashed_ordered_build_1m,0,1000000,1000000,1969295306,1969,"0-10%=1.665µs(n=100000)|10-20%=1.91µs(n=100000)|20-30%=1.887µs(n=100000)|30-40%=2.056µs(n=100000)|40-50%=2.148µs(n=100000)|50-60%=1.809µs(n=100000)|60-70%=1.931µs(n=100000)|70-80%=2.22µs(n=100000)|80-90%=1.978µs(n=100000)|90-100%=2.083µs(n=100000)",513.54,640.91,12335967,39352814,3935,"0-10%=4.01µs(n=1000)|10-20%=4.088µs(n=1000)|20-30%=3.936µs(n=1000)|30-40%=4.034µs(n=1000)|40-50%=3.907µs(n=1000)|50-60%=3.986µs(n=1000)|60-70%=3.914µs(n=1000)|70-80%=4.035µs(n=1000)|80-90%=3.777µs(n=1000)|90-100%=3.66µs(n=1000)",884,4416,0,0,"",0,0,0,0,0,0.00,0.00,0
smt,prehashed_ordered_build_2m,0,2000000,2000000,4101177869,2050,"0-10%=1.812µs(n=200000)|10-20%=2.003µs(n=200000)|20-30%=1.984µs(n=200000)|30-40%=2.079µs(n=200000)|40-50%=2.209µs(n=200000)|50-60%=1.853µs(n=200000)|60-70%=1.943µs(n=200000)|70-80%=2.311µs(n=200000)|80-90%=2.097µs(n=200000)|90-100%=2.21µs(n=200000)",1026.80,1281.84,24662144,76049705,3802,"0-10%=3.824µs(n=2000)|10-20%=3.855µs(n=2000)|20-30%=3.855µs(n=2000)|30-40%=3.795µs(n=2000)|40-50%=3.87µs(n=2000)|50-60%=3.71µs(n=2000)|60-70%=3.692µs(n=2000)|70-80%=3.849µs(n=2000)|80-90%=3.761µs(n=2000)|90-100%=3.809µs(n=2000)",922,4571,0,0,"",0,0,0,0,0,0.00,0.00,0
smt,prehashed_ordered_build_5m,0,5000000,5000000,10663292230,2132,"0-10%=1.941µs(n=500000)|10-20%=2.103µs(n=500000)|20-30%=2.044µs(n=500000)|30-40%=2.244µs(n=500000)|40-50%=2.215µs(n=500000)|50-60%=1.926µs(n=500000)|60-70%=2.035µs(n=500000)|70-80%=2.467µs(n=500000)|80-90%=2.106µs(n=500000)|90-100%=2.241µs(n=500000)",2592.88,3204.69,62491536,194640256,3892,"0-10%=3.917µs(n=5000)|10-20%=3.803µs(n=5000)|20-30%=3.884µs(n=5000)|30-40%=3.916µs(n=5000)|40-50%=3.896µs(n=5000)|50-60%=3.768µs(n=5000)|60-70%=3.813µs(n=5000)|70-80%=4.163µs(n=5000)|80-90%=3.883µs(n=5000)|90-100%=3.879µs(n=5000)",973,4928,0,0,"",0,0,0,0,0,0.00,0.00,0
smt,prehashed_ordered_build_10m,0,10000000,10000000,21821443567,2182,"0-10%=1.899µs(n=1000000)|10-20%=2.175µs(n=1000000)|20-30%=2.084µs(n=1000000)|30-40%=2.299µs(n=1000000)|40-50%=2.312µs(n=1000000)|50-60%=1.987µs(n=1000000)|60-70%=2.117µs(n=1000000)|70-80%=2.484µs(n=1000000)|80-90%=2.169µs(n=1000000)|90-100%=2.291µs(n=1000000)",5154.39,6409.36,123955323,388812513,3888,"0-10%=3.834µs(n=10000)|10-20%=3.894µs(n=10000)|20-30%=3.769µs(n=10000)|30-40%=3.931µs(n=10000)|40-50%=3.998µs(n=10000)|50-60%=3.828µs(n=10000)|60-70%=3.777µs(n=10000)|70-80%=4.209µs(n=10000)|80-90%=3.907µs(n=10000)|90-100%=3.729µs(n=10000)",1011,4979,0,0,"",0,0,0,0,0,0.00,0.00,0
smt,prehashed_ordered_build_15m,0,15000000,15000000,33336537269,2222,"0-10%=1.922µs(n=1500000)|10-20%=2.202µs(n=1500000)|20-30%=2.155µs(n=1500000)|30-40%=2.39µs(n=1500000)|40-50%=2.305µs(n=1500000)|50-60%=2.046µs(n=1500000)|60-70%=2.125µs(n=1500000)|70-80%=2.559µs(n=1500000)|80-90%=2.214µs(n=1500000)|90-100%=2.302µs(n=1500000)",7802.09,9613.88,188283101,577315448,3848,"0-10%=3.781µs(n=15000)|10-20%=3.891µs(n=15000)|20-30%=3.753µs(n=15000)|30-40%=3.961µs(n=15000)|40-50%=3.905µs(n=15000)|50-60%=3.728µs(n=15000)|60-70%=3.728µs(n=15000)|70-80%=4.239µs(n=15000)|80-90%=3.817µs(n=15000)|90-100%=3.68µs(n=15000)",1033,5065,0,0,"",0,0,0,0,0,0.00,0.00,0
smt,insert_only_build_10k,0,10000,10000,23344735,2334,"0-10%=1.827µs(n=1000)|10-20%=1.853µs(n=1000)|20-30%=2.065µs(n=1000)|30-40%=2.836µs(n=1000)|40-50%=2.1µs(n=1000)|50-60%=2.133µs(n=1000)|60-70%=2.178µs(n=1000)|70-80%=3.661µs(n=1000)|80-90%=2.358µs(n=1000)|90-100%=2.327µs(n=1000)",5.57,7.17,128243,0,0,"",0,0,0,0,"",0,0,0,0,0,0.00,0.00,0
smt,insert_only_build_50k,0,50000,50000,138853302,2777,"0-10%=2.158µs(n=5000)|10-20%=2.483µs(n=5000)|20-30%=2.615µs(n=5000)|30-40%=2.765µs(n=5000)|40-50%=2.591µs(n=5000)|50-60%=3.1µs(n=5000)|60-70%=2.775µs(n=5000)|70-80%=2.878µs(n=5000)|80-90%=2.966µs(n=5000)|90-100%=3.436µs(n=5000)",25.69,35.80,566939,0,0,"",0,0,0,0,"",0,0,0,0,0,0.00,0.00,0
smt,insert_only_build_100k,0,100000,100000,301447803,3014,"0-10%=2.312µs(n=10000)|10-20%=2.575µs(n=10000)|20-30%=2.786µs(n=10000)|30-40%=2.776µs(n=10000)|40-50%=3.131µs(n=10000)|50-60%=3.04µs(n=10000)|60-70%=3.177µs(n=10000)|70-80%=3.306µs(n=10000)|80-90%=3.614µs(n=10000)|90-100%=3.422µs(n=10000)",54.45,71.57,1230539,0,0,"",0,0,0,0,"",0,0,0,0,0,0.00,0.00,0
smt,insert_only_build_200k,0,200000,200000,679772827,3398,"0-10%=2.502µs(n=20000)|10-20%=2.826µs(n=20000)|20-30%=3.104µs(n=20000)|30-40%=3.364µs(n=20000)|40-50%=3.337µs(n=20000)|50-60%=3.474µs(n=20000)|60-70%=3.855µs(n=20000)|70-80%=3.818µs(n=20000)|80-90%=3.825µs(n=20000)|90-100%=3.878µs(n=20000)",115.39,143.12,2666033,0,0,"",0,0,0,0,"",0,0,0,0,0,0.00,0.00,0
smt,insert_only_build_300k,0,300000,300000,1086484348,3621,"0-10%=2.617µs(n=30000)|10-20%=2.957µs(n=30000)|20-30%=3.257µs(n=30000)|30-40%=3.305µs(n=30000)|40-50%=3.672µs(n=30000)|50-60%=3.627µs(n=30000)|60-70%=3.774µs(n=30000)|70-80%=4.399µs(n=30000)|80-90%=4.421µs(n=30000)|90-100%=4.182µs(n=30000)",166.33,214.69,3784129,0,0,"",0,0,0,0,"",0,0,0,0,0,0.00,0.00,0
smt,insert_only_build_500k,0,500000,500000,2033238983,4066,"0-10%=2.699µs(n=50000)|10-20%=3.158µs(n=50000)|20-30%=3.628µs(n=50000)|30-40%=3.721µs(n=50000)|40-50%=4.35µs(n=50000)|50-60%=4.293µs(n=50000)|60-70%=4.23µs(n=50000)|70-80%=4.74µs(n=50000)|80-90%=5.105µs(n=50000)|90-100%=4.737µs(n=50000)",274.61,357.82,6223223,0,0,"",0,0,0,0,"",0,0,0,0,0,0.00,0.00,0
smt,insert_only_build_700k,0,700000,700000,3065622321,4379,"0-10%=2.856µs(n=70000)|10-20%=3.427µs(n=70000)|20-30%=3.752µs(n=70000)|30-40%=4.358µs(n=70000)|40-50%=4.21µs(n=70000)|50-60%=4.899µs(n=70000)|60-70%=5.044µs(n=70000)|70-80%=4.762µs(n=70000)|80-90%=4.782µs(n=70000)|90-100%=5.699µs(n=70000)",360.44,500.96,7950591,0,0,"",0,0,0,0,"",0,0,0,0,0,0.00,0.00,0
smt,insert_only_build_900k,0,900000,900000,4144276045,4604,"0-10%=2.978µs(n=90000)|10-20%=3.642µs(n=90000)|20-30%=4.234µs(n=90000)|30-40%=4.353µs(n=90000)|40-50%=5.03µs(n=90000)|50-60%=4.759µs(n=90000)|60-70%=4.835µs(n=90000)|70-80%=5.666µs(n=90000)|80-90%=5.31µs(n=90000)|90-100%=5.235µs(n=90000)",505.29,644.10,11548979,0,0,"",0,0,0,0,"",0,0,0,0,0,0.00,0.00,0
smt,insert_only_build_1m,0,1000000,1000000,4724321440,4724,"0-10%=2.994µs(n=100000)|10-20%=3.624µs(n=100000)|20-30%=4.225µs(n=100000)|30-40%=4.419µs(n=100000)|40-50%=5.27µs(n=100000)|50-60%=4.973µs(n=100000)|60-70%=5.335µs(n=100000)|70-80%=5.628µs(n=100000)|80-90%=5.285µs(n=100000)|90-100%=5.486µs(n=100000)",570.90,715.66,13132551,0,0,"",0,0,0,0,"",0,0,0,0,0,0.00,0.00,0
smt,insert_only_build_2m,0,2000000,2000000,10645261821,5322,"0-10%=3.355µs(n=200000)|10-20%=4.441µs(n=200000)|20-30%=4.95µs(n=200000)|30-40%=5.404µs(n=200000)|40-50%=5.188µs(n=200000)|50-60%=5.809µs(n=200000)|60-70%=5.754µs(n=200000)|70-80%=5.826µs(n=200000)|80-90%=5.875µs(n=200000)|90-100%=6.62µs(n=200000)",1034.36,1431.27,22855388,0,0,"",0,0,0,0,"",0,0,0,0,0,0.00,0.00,0
smt,insert_only_build_5m,0,5000000,5000000,30872830451,6174,"0-10%=4.097µs(n=500000)|10-20%=5.186µs(n=500000)|20-30%=5.848µs(n=500000)|30-40%=6.248µs(n=500000)|40-50%=6.299µs(n=500000)|50-60%=6.239µs(n=500000)|60-70%=7.061µs(n=500000)|70-80%=6.905µs(n=500000)|80-90%=6.93µs(n=500000)|90-100%=6.927µs(n=500000)",2908.27,3578.16,67360564,0,0,"",0,0,0,0,"",0,0,0,0,0,0.00,0.00,0
smt,insert_only_build_10m,0,10000000,10000000,68540912711,6854,"0-10%=4.591µs(n=1000000)|10-20%=5.887µs(n=1000000)|20-30%=6.264µs(n=1000000)|30-40%=6.907µs(n=1000000)|40-50%=6.715µs(n=1000000)|50-60%=7.501µs(n=1000000)|60-70%=7.348µs(n=1000000)|70-80%=7.307µs(n=1000000)|80-90%=7.465µs(n=1000000)|90-100%=8.551µs(n=1000000)",5206.43,7156.51,115358114,0,0,"",0,0,0,0,"",0,0,0,0,0,0.00,0.00,0
smt,insert_only_build_25m,0,25000000,25000000,204957221077,8198,"0-10%=5.548µs(n=2500000)|10-20%=6.888µs(n=2500000)|20-30%=7.541µs(n=2500000)|30-40%=8.063µs(n=2500000)|40-50%=8.118µs(n=2500000)|50-60%=8.299µs(n=2500000)|60-70%=9.399µs(n=2500000)|70-80%=8.874µs(n=2500000)|80-90%=9.519µs(n=2500000)|90-100%=9.729µs(n=2500000)",14654.47,17892.45,340326278,0,0,"",0,0,0,0,"",0,0,0,0,0,0.00,0.00,0
smt,proof_only_after_10k_build_sample_5pct,10000,10000,0,0,0,"",0.00,0.00,0,675781,1351,"0-10%=1.52µs(n=50)|10-20%=1.448µs(n=50)|20-30%=1.214µs(n=50)|30-40%=1.389µs(n=50)|40-50%=1.173µs(n=50)|50-60%=1.233µs(n=50)|60-70%=1.203µs(n=50)|70-80%=1.324µs(n=50)|80-90%=1.404µs(n=50)|90-100%=1.603µs(n=50)",633,3281,0,0,"",0,0,0,0,0,0.00,0.00,0
smt,proof_only_after_50k_build_sample_5pct,50000,50000,0,0,0,"",0.00,0.00,0,4623790,1849,"0-10%=2.129µs(n=250)|10-20%=1.751µs(n=250)|20-30%=1.854µs(n=250)|30-40%=1.925µs(n=250)|40-50%=1.845µs(n=250)|50-60%=1.842µs(n=250)|60-70%=1.771µs(n=250)|70-80%=1.837µs(n=250)|80-90%=1.713µs(n=250)|90-100%=1.825µs(n=250)",720,3837,0,0,"",0,0,0,0,0,0.00,0.00,0
smt,proof_only_after_100k_build_sample_5pct,100000,100000,0,0,0,"",0.00,0.00,0,10335388,2067,"0-10%=2.204µs(n=500)|10-20%=2.174µs(n=500)|20-30%=2.054µs(n=500)|30-40%=1.959µs(n=500)|40-50%=2.21µs(n=500)|50-60%=2.035µs(n=500)|60-70%=2.053µs(n=500)|70-80%=1.994µs(n=500)|80-90%=2.02µs(n=500)|90-100%=1.964µs(n=500)",758,3972,0,0,"",0,0,0,0,0,0.00,0.00,0
smt,proof_only_after_200k_build_sample_5pct,200000,200000,0,0,0,"",0.00,0.00,0,25175298,2517,"0-10%=2.704µs(n=1000)|10-20%=2.628µs(n=1000)|20-30%=2.509µs(n=1000)|30-40%=2.537µs(n=1000)|40-50%=2.507µs(n=1000)|50-60%=2.39µs(n=1000)|60-70%=2.43µs(n=1000)|70-80%=2.451µs(n=1000)|80-90%=2.559µs(n=1000)|90-100%=2.454µs(n=1000)",797,4336,0,0,"",0,0,0,0,0,0.00,0.00,0
smt,proof_only_after_300k_build_sample_5pct,300000,300000,0,0,0,"",0.00,0.00,0,51129325,3408,"0-10%=3.723µs(n=1500)|10-20%=3.509µs(n=1500)|20-30%=3.493µs(n=1500)|30-40%=3.39µs(n=1500)|40-50%=3.353µs(n=1500)|50-60%=3.284µs(n=1500)|60-70%=3.339µs(n=1500)|70-80%=3.484µs(n=1500)|80-90%=3.253µs(n=1500)|90-100%=3.255µs(n=1500)",818,4835,0,0,"",0,0,0,0,0,0.00,0.00,0
smt,proof_only_after_500k_build_sample_5pct,500000,500000,0,0,0,"",0.00,0.00,0,93324635,3732,"0-10%=4.026µs(n=2500)|10-20%=3.798µs(n=2500)|20-30%=3.767µs(n=2500)|30-40%=3.761µs(n=2500)|40-50%=3.751µs(n=2500)|50-60%=3.748µs(n=2500)|60-70%=3.61µs(n=2500)|70-80%=3.648µs(n=2500)|80-90%=3.652µs(n=2500)|90-100%=3.564µs(n=2500)",846,5140,0,0,"",0,0,0,0,0,0.00,0.00,0
smt,proof_only_after_700k_build_sample_5pct,700000,700000,0,0,0,"",0.00,0.00,0,138584372,3959,"0-10%=4.314µs(n=3500)|10-20%=4.096µs(n=3500)|20-30%=4.084µs(n=3500)|30-40%=4.036µs(n=3500)|40-50%=3.866µs(n=3500)|50-60%=3.834µs(n=3500)|60-70%=3.782µs(n=3500)|70-80%=3.837µs(n=3500)|80-90%=3.888µs(n=3500)|90-100%=3.853µs(n=3500)",865,5330,0,0,"",0,0,0,0,0,0.00,0.00,0
smt,proof_only_after_900k_build_sample_5pct,900000,900000,0,0,0,"",0.00,0.00,0,180327787,4007,"0-10%=4.529µs(n=4500)|10-20%=4.016µs(n=4500)|20-30%=3.975µs(n=4500)|30-40%=3.966µs(n=4500)|40-50%=3.989µs(n=4500)|50-60%=3.962µs(n=4500)|60-70%=3.962µs(n=4500)|70-80%=4.037µs(n=4500)|80-90%=3.894µs(n=4500)|90-100%=3.738µs(n=4500)",879,5169,0,0,"",0,0,0,0,0,0.00,0.00,0
smt,proof_only_after_1m_build_sample_5pct,1000000,1000000,0,0,0,"",0.00,0.00,0,200239605,4004,"0-10%=4.333µs(n=5000)|10-20%=4.021µs(n=5000)|20-30%=3.97µs(n=5000)|30-40%=3.929µs(n=5000)|40-50%=3.964µs(n=5000)|50-60%=3.968µs(n=5000)|60-70%=4.058µs(n=5000)|70-80%=3.955µs(n=5000)|80-90%=3.89µs(n=5000)|90-100%=3.955µs(n=5000)",884,5001,0,0,"",0,0,0,0,0,0.00,0.00,0
smt,prehashed_ordered_proof_only_after_1m_build_sample_5pct,1000000,1000000,0,0,0,"",0.00,0.00,0,159404295,3188,"0-10%=3.109µs(n=5000)|10-20%=3.168µs(n=5000)|20-30%=3.165µs(n=5000)|30-40%=3.193µs(n=5000)|40-50%=3.231µs(n=5000)|50-60%=3.211µs(n=5000)|60-70%=3.165µs(n=5000)|70-80%=3.283µs(n=5000)|80-90%=3.191µs(n=5000)|90-100%=3.16µs(n=5000)",884,5277,0,0,"",0,0,0,0,0,0.00,0.00,0
smt,proof_only_after_2m_build_sample_3pct,2000000,2000000,0,0,0,"",0.00,0.00,0,265956397,4432,"0-10%=4.931µs(n=6000)|10-20%=4.454µs(n=6000)|20-30%=4.42µs(n=6000)|30-40%=4.434µs(n=6000)|40-50%=4.396µs(n=6000)|50-60%=4.432µs(n=6000)|60-70%=4.342µs(n=6000)|70-80%=4.261µs(n=6000)|80-90%=4.377µs(n=6000)|90-100%=4.274µs(n=6000)",923,6358,0,0,"",0,0,0,0,0,0.00,0.00,0
smt,proof_only_after_5m_build_sample_3pct,5000000,5000000,0,0,0,"",0.00,0.00,0,752464347,5016,"0-10%=5.394µs(n=15000)|10-20%=5.194µs(n=15000)|20-30%=5.169µs(n=15000)|30-40%=5.156µs(n=15000)|40-50%=4.987µs(n=15000)|50-60%=4.723µs(n=15000)|60-70%=4.903µs(n=15000)|70-80%=4.933µs(n=15000)|80-90%=4.863µs(n=15000)|90-100%=4.836µs(n=15000)",973,6216,0,0,"",0,0,0,0,0,0.00,0.00,0
smt,prehashed_ordered_proof_only_after_5m_build_sample_3pct,5000000,5000000,0,0,0,"",0.00,0.00,0,503831294,3358,"0-10%=3.397µs(n=15000)|10-20%=3.288µs(n=15000)|20-30%=3.323µs(n=15000)|30-40%=3.383µs(n=15000)|40-50%=3.433µs(n=15000)|50-60%=3.241µs(n=15000)|60-70%=3.237µs(n=15000)|70-80%=3.481µs(n=15000)|80-90%=3.452µs(n=15000)|90-100%=3.349µs(n=15000)",973,6047,0,0,"",0,0,0,0,0,0.00,0.00,0
smt,proof_only_after_10m_build_sample_2pct,10000000,10000000,0,0,0,"",0.00,0.00,0,1100990721,5504,"0-10%=5.826µs(n=20000)|10-20%=5.544µs(n=20000)|20-30%=5.55µs(n=20000)|30-40%=5.592µs(n=20000)|40-50%=5.559µs(n=20000)|50-60%=5.306µs(n=20000)|60-70%=5.395µs(n=20000)|70-80%=5.423µs(n=20000)|80-90%=5.438µs(n=20000)|90-100%=5.411µs(n=20000)",1011,6580,0,0,"",0,0,0,0,0,0.00,0.00,0
smt,proof_only_after_20m_build_sample_2pct,20000000,20000000,0,0,0,"",0.00,0.00,0,3414650085,8536,"0-10%=8.66µs(n=40000)|10-20%=8.406µs(n=40000)|20-30%=8.518µs(n=40000)|30-40%=8.348µs(n=40000)|40-50%=8.393µs(n=40000)|50-60%=8.462µs(n=40000)|60-70%=8.65µs(n=40000)|70-80%=8.702µs(n=40000)|80-90%=8.618µs(n=40000)|90-100%=8.604µs(n=40000)",1049,8378,0,0,"",0,0,0,0,0,0.00,0.00,0
smt,build_10k_then_add_2k_new,10000,12000,2000,5218654,2609,"0-10%=3.183µs(n=200)|10-20%=2.813µs(n=200)|20-30%=2.702µs(n=200)|30-40%=2.55µs(n=200)|40-50%=2.608µs(n=200)|50-60%=2.436µs(n=200)|60-70%=2.466µs(n=200)|70-80%=2.428µs(n=200)|80-90%=2.326µs(n=200)|90-100%=2.572µs(n=200)",1.45,1.45,146333,0,0,"",0,0,0,0,"",0,0,0,0,0,0.00,0.00,0
smt,build_50k_then_add_10k_new,50000,60000,10000,34320271,3432,"0-10%=3.954µs(n=1000)|10-20%=3.641µs(n=1000)|20-30%=3.605µs(n=1000)|30-40%=3.554µs(n=1000)|40-50%=3.316µs(n=1000)|50-60%=3.266µs(n=1000)|60-70%=3.253µs(n=1000)|70-80%=3.226µs(n=1000)|80-90%=3.284µs(n=1000)|90-100%=3.214µs(n=1000)",7.17,7.17,728106,0,0,"",0,0,0,0,"",0,0,0,0,0,0.00,0.00,0
smt,build_100k_then_add_20k_new,100000,120000,20000,82457528,4122,"0-10%=4.921µs(n=2000)|10-20%=4.478µs(n=2000)|20-30%=4.254µs(n=2000)|30-40%=4.195µs(n=2000)|40-50%=4.125µs(n=2000)|50-60%=3.989µs(n=2000)|60-70%=3.837µs(n=2000)|70-80%=3.792µs(n=2000)|80-90%=3.807µs(n=2000)|90-100%=3.825µs(n=2000)",14.32,14.32,1455318,0,0,"",0,0,0,0,"",0,0,0,0,0,0.00,0.00,0
smt,build_200k_then_add_40k_new,200000,240000,40000,182254088,4556,"0-10%=5.317µs(n=4000)|10-20%=4.846µs(n=4000)|20-30%=4.628µs(n=4000)|30-40%=4.555µs(n=4000)|40-50%=4.434µs(n=4000)|50-60%=4.404µs(n=4000)|60-70%=4.347µs(n=4000)|70-80%=4.399µs(n=4000)|80-90%=4.371µs(n=4000)|90-100%=4.257µs(n=4000)",28.66,28.66,2909950,0,0,"",0,0,0,0,"",0,0,0,0,0,0.00,0.00,0
smt,build_300k_then_add_60k_new,300000,360000,60000,294133574,4902,"0-10%=5.94µs(n=6000)|10-20%=5.431µs(n=6000)|20-30%=5.187µs(n=6000)|30-40%=5.182µs(n=6000)|40-50%=4.762µs(n=6000)|50-60%=4.734µs(n=6000)|60-70%=4.652µs(n=6000)|70-80%=4.401µs(n=6000)|80-90%=4.369µs(n=6000)|90-100%=4.36µs(n=6000)",42.95,42.95,4364003,0,0,"",0,0,0,0,"",0,0,0,0,0,0.00,0.00,0
smt,build_500k_then_add_100k_new,500000,600000,100000,535288657,5352,"0-10%=6.931µs(n=10000)|10-20%=5.814µs(n=10000)|20-30%=5.527µs(n=10000)|30-40%=5.451µs(n=10000)|40-50%=5.231µs(n=10000)|50-60%=5.183µs(n=10000)|60-70%=5.002µs(n=10000)|70-80%=4.801µs(n=10000)|80-90%=4.787µs(n=10000)|90-100%=4.797µs(n=10000)",71.59,71.59,7273213,0,0,"",0,0,0,0,"",0,0,0,0,0,0.00,0.00,0
smt,build_700k_then_add_140k_new,700000,840000,140000,781863391,5584,"0-10%=6.773µs(n=14000)|10-20%=6.106µs(n=14000)|20-30%=5.709µs(n=14000)|30-40%=5.496µs(n=14000)|40-50%=5.468µs(n=14000)|50-60%=5.411µs(n=14000)|60-70%=5.237µs(n=14000)|70-80%=5.198µs(n=14000)|80-90%=5.224µs(n=14000)|90-100%=5.219µs(n=14000)",100.20,100.20,10181891,0,0,"",0,0,0,0,"",0,0,0,0,0,0.00,0.00,0
smt,build_900k_then_add_180k_new,900000,1080000,180000,1102935983,6127,"0-10%=6.926µs(n=18000)|10-20%=6.362µs(n=18000)|20-30%=6.143µs(n=18000)|30-40%=6.685µs(n=18000)|40-50%=6.171µs(n=18000)|50-60%=6.02µs(n=18000)|60-70%=6.008µs(n=18000)|70-80%=5.804µs(n=18000)|80-90%=5.58µs(n=18000)|90-100%=5.568µs(n=18000)",128.80,128.80,13090395,0,0,"",0,0,0,0,"",0,0,0,0,0,0.00,0.00,0
smt,build_1m_then_add_200k_new,1000000,1200000,200000,1210971693,6054,"0-10%=7.11µs(n=20000)|10-20%=6.182µs(n=20000)|20-30%=6.088µs(n=20000)|30-40%=6.092µs(n=20000)|40-50%=5.907µs(n=20000)|50-60%=5.87µs(n=20000)|60-70%=5.834µs(n=20000)|70-80%=5.847µs(n=20000)|80-90%=5.855µs(n=20000)|90-100%=5.758µs(n=20000)",143.13,143.13,14544901,0,0,"",0,0,0,0,"",0,0,0,0,0,0.00,0.00,0
smt,build_2m_then_add_400k_new,2000000,2400000,400000,2660808947,6652,"0-10%=8.365µs(n=40000)|10-20%=7.038µs(n=40000)|20-30%=7.774µs(n=40000)|30-40%=6.463µs(n=40000)|40-50%=6.253µs(n=40000)|50-60%=6.142µs(n=40000)|60-70%=6.089µs(n=40000)|70-80%=6.081µs(n=40000)|80-90%=6.127µs(n=40000)|90-100%=6.184µs(n=40000)",286.25,286.25,29089040,0,0,"",0,0,0,0,"",0,0,0,0,0,0.00,0.00,0
smt,build_5m_then_add_1m_new,5000000,6000000,1000000,7570108619,7570,"0-10%=8.265µs(n=100000)|10-20%=7.766µs(n=100000)|20-30%=7.733µs(n=100000)|30-40%=7.588µs(n=100000)|40-50%=7.401µs(n=100000)|50-60%=7.264µs(n=100000)|60-70%=7.352µs(n=100000)|70-80%=7.641µs(n=100000)|80-90%=7.456µs(n=100000)|90-100%=7.229µs(n=100000)",715.72,715.72,72722969,0,0,"",0,0,0,0,"",0,0,0,0,0,0.00,0.00,0
smt,build_10m_then_add_2m_new,10000000,12000000,2000000,16597636310,8298,"0-10%=8.906µs(n=200000)|10-20%=8.552µs(n=200000)|20-30%=8.617µs(n=200000)|30-40%=8.595µs(n=200000)|40-50%=8.332µs(n=200000)|50-60%=8.028µs(n=200000)|60-70%=7.936µs(n=200000)|70-80%=7.978µs(n=200000)|80-90%=7.985µs(n=200000)|90-100%=8.054µs(n=200000)",1431.33,1431.33,145442614,0,0,"",0,0,0,0,"",0,0,0,0,0,0.00,0.00,0
smt,build_20m_then_add_5m_new,20000000,25000000,5000000,48899360099,9779,"0-10%=9.943µs(n=500000)|10-20%=9.826µs(n=500000)|20-30%=9.886µs(n=500000)|30-40%=9.773µs(n=500000)|40-50%=9.702µs(n=500000)|50-60%=9.633µs(n=500000)|60-70%=9.641µs(n=500000)|70-80%=9.675µs(n=500000)|80-90%=9.826µs(n=500000)|90-100%=9.889µs(n=500000)",3578.82,3578.82,308607744,0,0,"",0,0,0,0,"",0,0,0,0,0,0.00,0.00,0
smt,build_10k_then_reinsert_2k_existing,10000,10000,2000,4808259,2404,"0-10%=3.164µs(n=200)|10-20%=2.558µs(n=200)|20-30%=2.359µs(n=200)|30-40%=2.455µs(n=200)|40-50%=2.265µs(n=200)|50-60%=2.287µs(n=200)|60-70%=2.26µs(n=200)|70-80%=2.235µs(n=200)|80-90%=2.332µs(n=200)|90-100%=2.117µs(n=200)",0.34,0.34,121940,0,0,"",0,0,0,0,"",0,0,0,0,0,0.00,0.00,0
smt,build_50k_then_reinsert_10k_existing,50000,50000,10000,32597450,3259,"0-10%=3.843µs(n=1000)|10-20%=3.402µs(n=1000)|20-30%=3.409µs(n=1000)|30-40%=3.243µs(n=1000)|40-50%=3.376µs(n=1000)|50-60%=3.035µs(n=1000)|60-70%=3.162µs(n=1000)|70-80%=3.03µs(n=1000)|80-90%=3.057µs(n=1000)|90-100%=3.034µs(n=1000)",1.62,1.62,605882,0,0,"",0,0,0,0,"",0,0,0,0,0,0.00,0.00,0
smt,build_100k_then_reinsert_20k_existing,100000,100000,20000,72498282,3624,"0-10%=4.058µs(n=2000)|10-20%=3.855µs(n=2000)|20-30%=3.763µs(n=2000)|30-40%=3.619µs(n=2000)|40-50%=3.601µs(n=2000)|50-60%=3.558µs(n=2000)|60-70%=3.562µs(n=2000)|70-80%=3.469µs(n=2000)|80-90%=3.381µs(n=2000)|90-100%=3.377µs(n=2000)",3.22,3.22,1210888,0,0,"",0,0,0,0,"",0,0,0,0,0,0.00,0.00,0
smt,build_200k_then_reinsert_40k_existing,200000,200000,40000,165705222,4142,"0-10%=5.003µs(n=4000)|10-20%=4.434µs(n=4000)|20-30%=4.26µs(n=4000)|30-40%=4.138µs(n=4000)|40-50%=4.056µs(n=4000)|50-60%=4.01µs(n=4000)|60-70%=3.976µs(n=4000)|70-80%=3.933µs(n=4000)|80-90%=3.821µs(n=4000)|90-100%=3.789µs(n=4000)",6.44,6.44,2420902,0,0,"",0,0,0,0,"",0,0,0,0,0,0.00,0.00,0
smt,build_300k_then_reinsert_60k_existing,300000,300000,60000,262837907,4380,"0-10%=5.248µs(n=6000)|10-20%=4.694µs(n=6000)|20-30%=4.516µs(n=6000)|30-40%=4.389µs(n=6000)|40-50%=4.3µs(n=6000)|50-60%=4.263µs(n=6000)|60-70%=4.185µs(n=6000)|70-80%=4.137µs(n=6000)|80-90%=4.042µs(n=6000)|90-100%=4.028µs(n=6000)",9.64,9.64,3630912,0,0,"",0,0,0,0,"",0,0,0,0,0,0.00,0.00,0
smt,build_500k_then_reinsert_100k_existing,500000,500000,100000,480569256,4805,"0-10%=5.727µs(n=10000)|10-20%=5.131µs(n=10000)|20-30%=4.91µs(n=10000)|30-40%=4.781µs(n=10000)|40-50%=4.665µs(n=10000)|50-60%=4.627µs(n=10000)|60-70%=4.63µs(n=10000)|70-80%=4.629µs(n=10000)|80-90%=4.477µs(n=10000)|90-100%=4.476µs(n=10000)",16.06,16.06,6050929,0,0,"",0,0,0,0,"",0,0,0,0,0,0.00,0.00,0
smt,build_700k_then_reinsert_140k_existing,700000,700000,140000,721271312,5151,"0-10%=5.984µs(n=14000)|10-20%=5.402µs(n=14000)|20-30%=5.213µs(n=14000)|30-40%=5.149µs(n=14000)|40-50%=5.049µs(n=14000)|50-60%=5.08µs(n=14000)|60-70%=4.986µs(n=14000)|70-80%=4.946µs(n=14000)|80-90%=4.896µs(n=14000)|90-100%=4.809µs(n=14000)",22.47,22.47,8470936,0,0,"",0,0,0,0,"",0,0,0,0,0,0.00,0.00,0
smt,build_900k_then_reinsert_180k_existing,900000,900000,180000,969364688,5385,"0-10%=6.106µs(n=18000)|10-20%=5.52µs(n=18000)|20-30%=5.354µs(n=18000)|30-40%=5.334µs(n=18000)|40-50%=5.399µs(n=18000)|50-60%=5.344µs(n=18000)|60-70%=5.272µs(n=18000)|70-80%=5.245µs(n=18000)|80-90%=5.163µs(n=18000)|90-100%=5.11µs(n=18000)",28.89,28.89,10890948,0,0,"",0,0,0,0,"",0,0,0,0,0,0.00,0.00,0
smt,build_1m_then_reinsert_200k_existing,1000000,1000000,200000,1097473345,5487,"0-10%=6.307µs(n=20000)|10-20%=5.725µs(n=20000)|20-30%=5.471µs(n=20000)|30-40%=5.394µs(n=20000)|40-50%=5.349µs(n=20000)|50-60%=5.334µs(n=20000)|60-70%=5.318µs(n=20000)|70-80%=5.267µs(n=20000)|80-90%=5.31µs(n=20000)|90-100%=5.393µs(n=20000)",32.09,32.09,12100954,0,0,"",0,0,0,0,"",0,0,0,0,0,0.00,0.00,0
smt,prehashed_ordered_build_1m_then_reinsert_200k_existing,1000000,1000000,200000,571515393,2857,"0-10%=2.77µs(n=20000)|10-20%=2.924µs(n=20000)|20-30%=2.954µs(n=20000)|30-40%=2.974µs(n=20000)|40-50%=2.858µs(n=20000)|50-60%=2.83µs(n=20000)|60-70%=2.835µs(n=20000)|70-80%=2.781µs(n=20000)|80-90%=2.776µs(n=20000)|90-100%=2.87µs(n=20000)",19.88,19.88,11700960,0,0,"",0,0,0,0,"",0,0,0,0,0,0.00,0.00,0
smt,build_2m_then_reinsert_400k_existing,2000000,2000000,400000,2425507453,6063,"0-10%=6.58µs(n=40000)|10-20%=6.213µs(n=40000)|20-30%=6.091µs(n=40000)|30-40%=6.046µs(n=40000)|40-50%=6.022µs(n=40000)|50-60%=6.018µs(n=40000)|60-70%=6.183µs(n=40000)|70-80%=5.904µs(n=40000)|80-90%=5.789µs(n=40000)|90-100%=5.787µs(n=40000)",64.19,64.19,24200983,0,0,"",0,0,0,0,"",0,0,0,0,0,0.00,0.00,0
smt,build_5m_then_reinsert_1m_existing,5000000,5000000,1000000,6959535431,6959,"0-10%=7.374µs(n=100000)|10-20%=7.053µs(n=100000)|20-30%=6.953µs(n=100000)|30-40%=7.043µs(n=100000)|40-50%=6.924µs(n=100000)|50-60%=6.824µs(n=100000)|60-70%=6.871µs(n=100000)|70-80%=6.843µs(n=100000)|80-90%=6.836µs(n=100000)|90-100%=6.868µs(n=100000)",160.47,160.47,60501015,0,0,"",0,0,0,0,"",0,0,0,0,0,0.00,0.00,0
smt,prehashed_ordered_build_5m_then_reinsert_1m_existing,5000000,5000000,1000000,3182083480,3182,"0-10%=3.109µs(n=100000)|10-20%=3.277µs(n=100000)|20-30%=3.238µs(n=100000)|30-40%=3.341µs(n=100000)|40-50%=3.171µs(n=100000)|50-60%=3.156µs(n=100000)|60-70%=3.105µs(n=100000)|70-80%=3.076µs(n=100000)|80-90%=3.073µs(n=100000)|90-100%=3.27µs(n=100000)",99.31,99.31,58501007,0,0,"",0,0,0,0,"",0,0,0,0,0,0.00,0.00,0
smt,build_10m_then_reinsert_2m_existing,10000000,10000000,2000000,15658748801,7829,"0-10%=8.049µs(n=200000)|10-20%=7.91µs(n=200000)|20-30%=7.859µs(n=200000)|30-40%=7.851µs(n=200000)|40-50%=8.002µs(n=200000)|50-60%=7.838µs(n=200000)|60-70%=7.813µs(n=200000)|70-80%=7.771µs(n=200000)|80-90%=7.577µs(n=200000)|90-100%=7.619µs(n=200000)",320.97,320.97,121001068,0,0,"",0,0,0,0,"",0,0,0,0,0,0.00,0.00,0
smt,build_25m_then_reinsert_5m_existing,25000000,25000000,5000000,46555626759,9311,"0-10%=9.443µs(n=500000)|10-20%=9.516µs(n=500000)|20-30%=9.47µs(n=500000)|30-40%=9.371µs(n=500000)|40-50%=9.261µs(n=500000)|50-60%=9.295µs(n=500000)|60-70%=9.178µs(n=500000)|70-80%=9.167µs(n=500000)|80-90%=9.151µs(n=500000)|90-100%=9.255µs(n=500000)",802.74,802.74,302501211,0,0,"",0,0,0,0,"",0,0,0,0,0,0.00,0.00,0
smt,build_10k,0,10000,10000,26343954,2634,"0-10%=1.985µs(n=1000)|10-20%=2.083µs(n=1000)|20-30%=2.316µs(n=1000)|30-40%=2.941µs(n=1000)|40-50%=2.456µs(n=1000)|50-60%=2.676µs(n=1000)|60-70%=3.751µs(n=1000)|70-80%=2.753µs(n=1000)|80-90%=2.589µs(n=1000)|90-100%=2.787µs(n=1000)",5.68,7.18,131286,304618,3046,"0-10%=3.066µs(n=10)|10-20%=4.55µs(n=10)|20-30%=2.366µs(n=10)|30-40%=2.736µs(n=10)|40-50%=3.022µs(n=10)|50-60%=2.391µs(n=10)|60-70%=3.13µs(n=10)|70-80%=2.449µs(n=10)|80-90%=4.283µs(n=10)|90-100%=2.464µs(n=10)",633,3585,0,0,"",0,0,0,0,0,0.00,0.00,0
smt,build_50k,0,50000,50000,138585318,2771,"0-10%=2.441µs(n=5000)|10-20%=2.718µs(n=5000)|20-30%=2.939µs(n=5000)|30-40%=2.621µs(n=5000)|40-50%=2.735µs(n=5000)|50-60%=2.939µs(n=5000)|60-70%=2.676µs(n=5000)|70-80%=2.752µs(n=5000)|80-90%=2.787µs(n=5000)|90-100%=3.103µs(n=5000)",26.20,35.83,582301,1437632,2875,"0-10%=1.906µs(n=50)|10-20%=2.716µs(n=50)|20-30%=2.748µs(n=50)|30-40%=3.122µs(n=50)|40-50%=2.978µs(n=50)|50-60%=2.79µs(n=50)|60-70%=3.066µs(n=50)|70-80%=3.444µs(n=50)|80-90%=3.068µs(n=50)|90-100%=2.91µs(n=50)",721,3502,0,0,"",0,0,0,0,0,0.00,0.00,0
smt,build_100k,0,100000,100000,286417411,2864,"0-10%=2.397µs(n=10000)|10-20%=2.585µs(n=10000)|20-30%=2.706µs(n=10000)|30-40%=2.701µs(n=10000)|40-50%=3.025µs(n=10000)|50-60%=2.84µs(n=10000)|60-70%=2.941µs(n=10000)|70-80%=3.042µs(n=10000)|80-90%=3.264µs(n=10000)|90-100%=3.134µs(n=10000)",54.42,71.57,1230530,3112095,3112,"0-10%=3.04µs(n=100)|10-20%=3.265µs(n=100)|20-30%=2.879µs(n=100)|30-40%=3.086µs(n=100)|40-50%=2.936µs(n=100)|50-60%=2.902µs(n=100)|60-70%=3.124µs(n=100)|70-80%=3.637µs(n=100)|80-90%=3.18µs(n=100)|90-100%=3.067µs(n=100)",757,3823,0,0,"",0,0,0,0,0,0.00,0.00,0
smt,build_200k,0,200000,200000,641222392,3206,"0-10%=2.417µs(n=20000)|10-20%=2.707µs(n=20000)|20-30%=2.929µs(n=20000)|30-40%=3.102µs(n=20000)|40-50%=3.257µs(n=20000)|50-60%=3.242µs(n=20000)|60-70%=3.581µs(n=20000)|70-80%=3.59µs(n=20000)|80-90%=3.581µs(n=20000)|90-100%=3.65µs(n=20000)",113.64,143.11,2612668,7033385,3516,"0-10%=3.392µs(n=200)|10-20%=3.507µs(n=200)|20-30%=3.441µs(n=200)|30-40%=3.67µs(n=200)|40-50%=3.41µs(n=200)|50-60%=3.653µs(n=200)|60-70%=3.483µs(n=200)|70-80%=3.604µs(n=200)|80-90%=3.603µs(n=200)|90-100%=3.399µs(n=200)",796,4040,0,0,"",0,0,0,0,0,0.00,0.00,0
smt,build_300k,0,300000,300000,1053300725,3511,"0-10%=2.543µs(n=30000)|10-20%=2.922µs(n=30000)|20-30%=3.196µs(n=30000)|30-40%=3.237µs(n=30000)|40-50%=3.534µs(n=30000)|50-60%=3.53µs(n=30000)|60-70%=3.729µs(n=30000)|70-80%=4.221µs(n=30000)|80-90%=4.162µs(n=30000)|90-100%=4.031µs(n=30000)",167.39,214.69,3819781,11497582,3832,"0-10%=3.545µs(n=300)|10-20%=3.782µs(n=300)|20-30%=4.124µs(n=300)|30-40%=3.902µs(n=300)|40-50%=3.867µs(n=300)|50-60%=3.794µs(n=300)|60-70%=3.83µs(n=300)|70-80%=3.88µs(n=300)|80-90%=3.941µs(n=300)|90-100%=3.656µs(n=300)",819,4192,0,0,"",0,0,0,0,0,0.00,0.00,0
smt,build_500k,0,500000,500000,2091281470,4182,"0-10%=2.597µs(n=50000)|10-20%=3.045µs(n=50000)|20-30%=3.468µs(n=50000)|30-40%=3.628µs(n=50000)|40-50%=4.438µs(n=50000)|50-60%=4.179µs(n=50000)|60-70%=4.758µs(n=50000)|70-80%=4.841µs(n=50000)|80-90%=5.694µs(n=50000)|90-100%=5.172µs(n=50000)",273.33,357.81,6187236,21399900,4279,"0-10%=4.078µs(n=500)|10-20%=4.166µs(n=500)|20-30%=4.338µs(n=500)|30-40%=4.34µs(n=500)|40-50%=4.335µs(n=500)|50-60%=4.257µs(n=500)|60-70%=4.253µs(n=500)|70-80%=4.306µs(n=500)|80-90%=4.371µs(n=500)|90-100%=4.352µs(n=500)",846,4260,0,0,"",0,0,0,0,0,0.00,0.00,0
smt,build_700k,0,700000,700000,3009404677,4299,"0-10%=2.783µs(n=70000)|10-20%=3.572µs(n=70000)|20-30%=3.679µs(n=70000)|30-40%=4.224µs(n=70000)|40-50%=4.141µs(n=70000)|50-60%=4.878µs(n=70000)|60-70%=4.656µs(n=70000)|70-80%=4.545µs(n=70000)|80-90%=4.881µs(n=70000)|90-100%=5.628µs(n=70000)",361.91,500.95,8003468,29341939,4191,"0-10%=4.122µs(n=700)|10-20%=4.187µs(n=700)|20-30%=4.147µs(n=700)|30-40%=4.182µs(n=700)|40-50%=4.214µs(n=700)|50-60%=4.162µs(n=700)|60-70%=4.262µs(n=700)|70-80%=4.286µs(n=700)|80-90%=4.28µs(n=700)|90-100%=4.07µs(n=700)",865,4712,0,0,"",0,0,0,0,0,0.00,0.00,0
smt,build_900k,0,900000,900000,4264864572,4738,"0-10%=2.886µs(n=90000)|10-20%=3.483µs(n=90000)|20-30%=4.053µs(n=90000)|30-40%=4.386µs(n=90000)|40-50%=5.516µs(n=90000)|50-60%=5.381µs(n=90000)|60-70%=5.531µs(n=90000)|70-80%=5.73µs(n=90000)|80-90%=5.329µs(n=90000)|90-100%=5.087µs(n=90000)",504.36,644.10,11528619,39280162,4364,"0-10%=4.271µs(n=900)|10-20%=4.322µs(n=900)|20-30%=4.406µs(n=900)|30-40%=4.324µs(n=900)|40-50%=4.321µs(n=900)|50-60%=4.346µs(n=900)|60-70%=4.416µs(n=900)|70-80%=4.412µs(n=900)|80-90%=4.427µs(n=900)|90-100%=4.396µs(n=900)",879,4364,0,0,"",0,0,0,0,0,0.00,0.00,0
smt,build_1m,0,1000000,1000000,4728902155,4728,"0-10%=2.835µs(n=100000)|10-20%=3.64µs(n=100000)|20-30%=4.445µs(n=100000)|30-40%=4.702µs(n=100000)|40-50%=4.648µs(n=100000)|50-60%=4.632µs(n=100000)|60-70%=5.563µs(n=100000)|70-80%=5.216µs(n=100000)|80-90%=5.728µs(n=100000)|90-100%=5.876µs(n=100000)",580.39,715.65,13442697,63781325,6378,"0-10%=3.787µs(n=1000)|10-20%=4.837µs(n=1000)|20-30%=4.883µs(n=1000)|30-40%=4.895µs(n=1000)|40-50%=4.891µs(n=1000)|50-60%=4.829µs(n=1000)|60-70%=15.592µs(n=1000)|70-80%=10.858µs(n=1000)|80-90%=4.425µs(n=1000)|90-100%=4.779µs(n=1000)",884,6114,0,0,"",0,0,0,0,0,0.00,0.00,0
smt,build_2m,0,2000000,2000000,11155569197,5577,"0-10%=3.719µs(n=200000)|10-20%=4.565µs(n=200000)|20-30%=4.73µs(n=200000)|30-40%=5.305µs(n=200000)|40-50%=5.555µs(n=200000)|50-60%=6.517µs(n=200000)|60-70%=5.629µs(n=200000)|70-80%=6.284µs(n=200000)|80-90%=7.039µs(n=200000)|90-100%=6.429µs(n=200000)",1062.88,1431.27,23778521,102059802,5102,"0-10%=4.765µs(n=2000)|10-20%=5.075µs(n=2000)|20-30%=5.153µs(n=2000)|30-40%=5.136µs(n=2000)|40-50%=5.082µs(n=2000)|50-60%=5.19µs(n=2000)|60-70%=5.202µs(n=2000)|70-80%=5.133µs(n=2000)|80-90%=5.162µs(n=2000)|90-100%=5.127µs(n=2000)",923,4787,0,0,"",0,0,0,0,0,0.00,0.00,0
smt,build_5m,0,5000000,5000000,30687544228,6137,"0-10%=4.001µs(n=500000)|10-20%=5.25µs(n=500000)|20-30%=5.737µs(n=500000)|30-40%=5.862µs(n=500000)|40-50%=6.45µs(n=500000)|50-60%=6.477µs(n=500000)|60-70%=6.39µs(n=500000)|70-80%=7.168µs(n=500000)|80-90%=7.265µs(n=500000)|90-100%=6.769µs(n=500000)",2782.67,3578.14,63377698,271761017,5435,"0-10%=5.303µs(n=5000)|10-20%=5.378µs(n=5000)|20-30%=5.505µs(n=5000)|30-40%=5.595µs(n=5000)|40-50%=5.603µs(n=5000)|50-60%=5.553µs(n=5000)|60-70%=5.495µs(n=5000)|70-80%=5.241µs(n=5000)|80-90%=5.35µs(n=5000)|90-100%=5.323µs(n=5000)",973,4819,0,0,"",0,0,0,0,0,0.00,0.00,0
smt,build_10m,0,10000000,10000000,68286519258,6828,"0-10%=4.629µs(n=1000000)|10-20%=5.774µs(n=1000000)|20-30%=6.429µs(n=1000000)|30-40%=6.841µs(n=1000000)|40-50%=6.969µs(n=1000000)|50-60%=6.968µs(n=1000000)|60-70%=7.877µs(n=1000000)|70-80%=7.593µs(n=1000000)|80-90%=7.54µs(n=1000000)|90-100%=7.662µs(n=1000000)",5846.10,7156.45,135654639,988822034,9888,"0-10%=7.954µs(n=10000)|10-20%=8.375µs(n=10000)|20-30%=8.381µs(n=10000)|30-40%=28.571µs(n=10000)|40-50%=14.864µs(n=10000)|50-60%=4.995µs(n=10000)|60-70%=4.704µs(n=10000)|70-80%=4.634µs(n=10000)|80-90%=7.786µs(n=10000)|90-100%=8.613µs(n=10000)",1011,9603,0,0,"",0,0,0,0,0,0.00,0.00,0
smt,build_25m,0,25000000,25000000,208087097808,8323,"0-10%=5.536µs(n=2500000)|10-20%=6.826µs(n=2500000)|20-30%=7.522µs(n=2500000)|30-40%=7.634µs(n=2500000)|40-50%=8.755µs(n=2500000)|50-60%=8.772µs(n=2500000)|60-70%=9.044µs(n=2500000)|70-80%=9.887µs(n=2500000)|80-90%=9.535µs(n=2500000)|90-100%=9.719µs(n=2500000)",14167.84,17892.42,324895576,2356730850,9426,"0-10%=9.295µs(n=25000)|10-20%=9.396µs(n=25000)|20-30%=9.474µs(n=25000)|30-40%=9.458µs(n=25000)|40-50%=9.54µs(n=25000)|50-60%=9.44µs(n=25000)|60-70%=9.44µs(n=25000)|70-80%=9.467µs(n=25000)|80-90%=9.432µs(n=25000)|90-100%=9.323µs(n=25000)",1061,7422,0,0,"",0,0,0,0,0,0.00,0.00,0
smt,prehashed_ordered_build_10k,0,10000,10000,14778435,1477,"0-10%=1.085µs(n=1000)|10-20%=1.196µs(n=1000)|20-30%=1.585µs(n=1000)|30-40%=1.895µs(n=1000)|40-50%=1.337µs(n=1000)|50-60%=1.192µs(n=1000)|60-70%=1.244µs(n=1000)|70-80%=1.302µs(n=1000)|80-90%=2.429µs(n=1000)|90-100%=1.508µs(n=1000)",4.98,6.42,119337,121107,1211,"0-10%=1.454µs(n=10)|10-20%=1.245µs(n=10)|20-30%=1.159µs(n=10)|30-40%=1.147µs(n=10)|40-50%=1.077µs(n=10)|50-60%=1.128µs(n=10)|60-70%=1.092µs(n=10)|70-80%=1.521µs(n=10)|80-90%=1.242µs(n=10)|90-100%=1.041µs(n=10)",634,3482,0,0,"",0,0,0,0,0,0.00,0.00,0
smt,prehashed_ordered_build_50k,0,50000,50000,75757475,1515,"0-10%=1.428µs(n=5000)|10-20%=1.536µs(n=5000)|20-30%=1.39µs(n=5000)|30-40%=1.673µs(n=5000)|40-50%=1.552µs(n=5000)|50-60%=1.301µs(n=5000)|60-70%=1.395µs(n=5000)|70-80%=1.819µs(n=5000)|80-90%=1.468µs(n=5000)|90-100%=1.585µs(n=5000)",25.92,32.06,626062,798706,1597,"0-10%=1.49µs(n=50)|10-20%=1.195µs(n=50)|20-30%=1.219µs(n=50)|30-40%=1.288µs(n=50)|40-50%=1.694µs(n=50)|50-60%=2.07µs(n=50)|60-70%=1.706µs(n=50)|70-80%=1.752µs(n=50)|80-90%=1.848µs(n=50)|90-100%=1.707µs(n=50)",720,3278,0,0,"",0,0,0,0,0,0.00,0.00,0
smt,prehashed_ordered_build_100k,0,100000,100000,156180720,1561,"0-10%=1.412µs(n=10000)|10-20%=1.564µs(n=10000)|20-30%=1.464µs(n=10000)|30-40%=1.744µs(n=10000)|40-50%=1.613µs(n=10000)|50-60%=1.367µs(n=10000)|60-70%=1.744µs(n=10000)|70-80%=1.511µs(n=10000)|80-90%=1.545µs(n=10000)|90-100%=1.649µs(n=10000)",53.45,64.12,1302656,1974994,1974,"0-10%=1.446µs(n=100)|10-20%=1.635µs(n=100)|20-30%=1.599µs(n=100)|30-40%=1.829µs(n=100)|40-50%=2µs(n=100)|50-60%=1.768µs(n=100)|60-70%=2.115µs(n=100)|70-80%=2.455µs(n=100)|80-90%=2.526µs(n=100)|90-100%=2.372µs(n=100)",757,3504,0,0,"",0,0,0,0,0,0.00,0.00,0
smt,prehashed_ordered_build_200k,0,200000,200000,332961201,1664,"0-10%=1.452µs(n=20000)|10-20%=1.514µs(n=20000)|20-30%=1.623µs(n=20000)|30-40%=1.574µs(n=20000)|40-50%=1.901µs(n=20000)|50-60%=1.502µs(n=20000)|60-70%=1.605µs(n=20000)|70-80%=1.638µs(n=20000)|80-90%=2.006µs(n=20000)|90-100%=1.829µs(n=20000)",99.87,128.22,2374831,4411422,2205,"0-10%=2.051µs(n=200)|10-20%=2.052µs(n=200)|20-30%=2.167µs(n=200)|30-40%=2.176µs(n=200)|40-50%=2.184µs(n=200)|50-60%=2.041µs(n=200)|60-70%=2.127µs(n=200)|70-80%=2.247µs(n=200)|80-90%=2.426µs(n=200)|90-100%=2.582µs(n=200)",797,3950,0,0,"",0,0,0,0,0,0.00,0.00,0
smt,prehashed_ordered_build_300k,0,300000,300000,514159328,1713,"0-10%=1.483µs(n=30000)|10-20%=1.662µs(n=30000)|20-30%=1.657µs(n=30000)|30-40%=1.69µs(n=30000)|40-50%=1.962µs(n=30000)|50-60%=1.526µs(n=30000)|60-70%=1.61µs(n=30000)|70-80%=1.649µs(n=30000)|80-90%=2.049µs(n=30000)|90-100%=1.844µs(n=30000)",151.29,192.29,3609637,7223363,2407,"0-10%=2.418µs(n=300)|10-20%=2.492µs(n=300)|20-30%=2.204µs(n=300)|30-40%=2.123µs(n=300)|40-50%=2.515µs(n=300)|50-60%=2.186µs(n=300)|60-70%=2.431µs(n=300)|70-80%=2.544µs(n=300)|80-90%=2.519µs(n=300)|90-100%=2.641µs(n=300)",820,3835,0,0,"",0,0,0,0,0,0.00,0.00,0
smt,prehashed_ordered_build_500k,0,500000,500000,923036270,1846,"0-10%=1.526µs(n=50000)|10-20%=1.714µs(n=50000)|20-30%=1.659µs(n=50000)|30-40%=1.892µs(n=50000)|40-50%=1.894µs(n=50000)|50-60%=1.703µs(n=50000)|60-70%=2.04µs(n=50000)|70-80%=1.893µs(n=50000)|80-90%=2.03µs(n=50000)|90-100%=2.105µs(n=50000)",265.47,320.47,6453188,16467472,3293,"0-10%=3.074µs(n=500)|10-20%=3.178µs(n=500)|20-30%=3.209µs(n=500)|30-40%=3.254µs(n=500)|40-50%=3.302µs(n=500)|50-60%=3.266µs(n=500)|60-70%=3.344µs(n=500)|70-80%=3.329µs(n=500)|80-90%=3.555µs(n=500)|90-100%=3.418µs(n=500)",846,4241,0,0,"",0,0,0,0,0,0.00,0.00,0
smt,prehashed_ordered_build_700k,0,700000,700000,1348655639,1926,"0-10%=1.675µs(n=70000)|10-20%=1.883µs(n=70000)|20-30%=1.85µs(n=70000)|30-40%=1.93µs(n=70000)|40-50%=2.139µs(n=70000)|50-60%=1.756µs(n=70000)|60-70%=1.858µs(n=70000)|70-80%=2.064µs(n=70000)|80-90%=2.019µs(n=70000)|90-100%=2.089µs(n=70000)",357.30,448.65,8562382,26826227,3832,"0-10%=4.199µs(n=700)|10-20%=5.604µs(n=700)|20-30%=3.646µs(n=700)|30-40%=3.564µs(n=700)|40-50%=3.686µs(n=700)|50-60%=3.336µs(n=700)|60-70%=3.473µs(n=700)|70-80%=3.597µs(n=700)|80-90%=3.615µs(n=700)|90-100%=3.597µs(n=700)",864,4489,0,0,"",0,0,0,0,0,0.00,0.00,0
smt,prehashed_ordered_build_900k,0,900000,900000,1757504471,1952,"0-10%=1.693µs(n=90000)|10-20%=1.871µs(n=90000)|20-30%=1.875µs(n=90000)|30-40%=1.967µs(n=90000)|40-50%=2.127µs(n=90000)|50-60%=1.778µs(n=90000)|60-70%=1.876µs(n=90000)|70-80%=2.252µs(n=90000)|80-90%=1.995µs(n=90000)|90-100%=2.089µs(n=90000)",461.09,576.81,11067307,34280337,3808,"0-10%=4µs(n=900)|10-20%=3.786µs(n=900)|20-30%=3.829µs(n=900)|30-40%=3.854µs(n=900)|40-50%=3.821µs(n=900)|50-60%=3.705µs(n=900)|60-70%=3.686µs(n=900)|70-80%=3.754µs(n=900)|80-90%=3.866µs(n=900)|90-100%=3.782µs(n=900)",879,4364,0,0,"",0,0,0,0,0,0.00,0.00,0
smt,prehashed_ordered_build_1m,0,1000000,1000000,2012148286,2012,"0-10%=1.64µs(n=100000)|10-20%=2.015µs(n=100000)|20-30%=1.883µs(n=100000)|30-40%=1.934µs(n=100000)|40-50%=2.449µs(n=100000)|50-60%=1.841µs(n=100000)|60-70%=1.952µs(n=100000)|70-80%=2.239µs(n=100000)|80-90%=2.054µs(n=100000)|90-100%=2.11µs(n=100000)",510.92,640.91,12249729,36801817,3680,"0-10%=3.603µs(n=1000)|10-20%=3.772µs(n=1000)|20-30%=3.682µs(n=1000)|30-40%=3.696µs(n=1000)|40-50%=3.714µs(n=1000)|50-60%=3.657µs(n=1000)|60-70%=3.702µs(n=1000)|70-80%=3.729µs(n=1000)|80-90%=3.712µs(n=1000)|90-100%=3.531µs(n=1000)",885,4598,0,0,"",0,0,0,0,0,0.00,0.00,0
smt,prehashed_ordered_build_2m,0,2000000,2000000,4044520488,2022,"0-10%=1.831µs(n=200000)|10-20%=1.981µs(n=200000)|20-30%=1.946µs(n=200000)|30-40%=2.148µs(n=200000)|40-50%=2.136µs(n=200000)|50-60%=1.838µs(n=200000)|60-70%=1.93µs(n=200000)|70-80%=2.289µs(n=200000)|80-90%=1.971µs(n=200000)|90-100%=2.148µs(n=200000)",1037.52,1281.84,25013421,77787130,3889,"0-10%=3.844µs(n=2000)|10-20%=3.948µs(n=2000)|20-30%=3.971µs(n=2000)|30-40%=4.093µs(n=2000)|40-50%=3.877µs(n=2000)|50-60%=3.829µs(n=2000)|60-70%=3.747µs(n=2000)|70-80%=3.886µs(n=2000)|80-90%=3.825µs(n=2000)|90-100%=3.869µs(n=2000)",923,4742,0,0,"",0,0,0,0,0,0.00,0.00,0
smt,prehashed_ordered_build_5m,0,5000000,5000000,10699188029,2139,"0-10%=1.973µs(n=500000)|10-20%=2.152µs(n=500000)|20-30%=2.047µs(n=500000)|30-40%=2.171µs(n=500000)|40-50%=2.326µs(n=500000)|50-60%=1.944µs(n=500000)|60-70%=2.081µs(n=500000)|70-80%=2.375µs(n=500000)|80-90%=2.134µs(n=500000)|90-100%=2.19µs(n=500000)",2565.24,3204.69,61585763,191254082,3825,"0-10%=3.981µs(n=5000)|10-20%=3.797µs(n=5000)|20-30%=3.753µs(n=5000)|30-40%=3.797µs(n=5000)|40-50%=3.865µs(n=5000)|50-60%=3.735µs(n=5000)|60-70%=3.698µs(n=5000)|70-80%=3.987µs(n=5000)|80-90%=3.872µs(n=5000)|90-100%=3.76µs(n=5000)",973,4800,0,0,"",0,0,0,0,0,0.00,0.00,0
smt,prehashed_ordered_build_10m,0,10000000,10000000,21921512283,2192,"0-10%=1.887µs(n=1000000)|10-20%=2.22µs(n=1000000)|20-30%=2.15µs(n=1000000)|30-40%=2.362µs(n=1000000)|40-50%=2.298µs(n=1000000)|50-60%=2.026µs(n=1000000)|60-70%=2.098µs(n=1000000)|70-80%=2.474µs(n=1000000)|80-90%=2.152µs(n=1000000)|90-100%=2.25µs(n=1000000)",5199.61,6409.36,125436925,380464950,3804,"0-10%=3.759µs(n=10000)|10-20%=3.789µs(n=10000)|20-30%=3.703µs(n=10000)|30-40%=3.866µs(n=10000)|40-50%=3.8µs(n=10000)|50-60%=3.72µs(n=10000)|60-70%=3.684µs(n=10000)|70-80%=4.201µs(n=10000)|80-90%=3.816µs(n=10000)|90-100%=3.703µs(n=10000)",1011,4923,0,0,"",0,0,0,0,0,0.00,0.00,0
smt,prehashed_ordered_build_15m,0,15000000,15000000,33023520348,2201,"0-10%=1.939µs(n=1500000)|10-20%=2.212µs(n=1500000)|20-30%=2.11µs(n=1500000)|30-40%=2.36µs(n=1500000)|40-50%=2.27µs(n=1500000)|50-60%=2.014µs(n=1500000)|60-70%=2.132µs(n=1500000)|70-80%=2.516µs(n=1500000)|80-90%=2.174µs(n=1500000)|90-100%=2.285µs(n=1500000)",7814.29,9613.88,188683027,574093456,3827,"0-10%=3.681µs(n=15000)|10-20%=3.781µs(n=15000)|20-30%=3.761µs(n=15000)|30-40%=3.938µs(n=15000)|40-50%=3.857µs(n=15000)|50-60%=3.756µs(n=15000)|60-70%=3.729µs(n=15000)|70-80%=4.217µs(n=15000)|80-90%=3.836µs(n=15000)|90-100%=3.713µs(n=15000)",1033,5042,0,0,"",0,0,0,0,0,0.00,0.00,0
smt,insert_only_build_10k,0,10000,10000,23619712,2361,"0-10%=1.981µs(n=1000)|10-20%=1.911µs(n=1000)|20-30%=2.129µs(n=1000)|30-40%=3.084µs(n=1000)|40-50%=2.144µs(n=1000)|50-60%=2.149µs(n=1000)|60-70%=2.195µs(n=1000)|70-80%=3.299µs(n=1000)|80-90%=2.434µs(n=1000)|90-100%=2.287µs(n=1000)",5.57,7.16,127986,0,0,"",0,0,0,0,"",0,0,0,0,0,0.00,0.00,0
smt,insert_only_build_50k,0,50000,50000,135267087,2705,"0-10%=2.164µs(n=5000)|10-20%=2.462µs(n=5000)|20-30%=2.629µs(n=5000)|30-40%=2.546µs(n=5000)|40-50%=2.648µs(n=5000)|50-60%=3.061µs(n=5000)|60-70%=2.679µs(n=5000)|70-80%=2.772µs(n=5000)|80-90%=2.803µs(n=5000)|90-100%=3.286µs(n=5000)",26.01,35.79,576952,0,0,"",0,0,0,0,"",0,0,0,0,0,0.00,0.00,0
smt,insert_only_build_100k,0,100000,100000,297434527,2974,"0-10%=2.326µs(n=10000)|10-20%=2.588µs(n=10000)|20-30%=2.856µs(n=10000)|30-40%=2.717µs(n=10000)|40-50%=3.103µs(n=10000)|50-60%=2.977µs(n=10000)|60-70%=3.097µs(n=10000)|70-80%=3.178µs(n=10000)|80-90%=3.521µs(n=10000)|90-100%=3.375µs(n=10000)",53.97,71.57,1215354,0,0,"",0,0,0,0,"",0,0,0,0,0,0.00,0.00,0
smt,insert_only_build_200k,0,200000,200000,657686182,3288,"0-10%=2.422µs(n=20000)|10-20%=2.755µs(n=20000)|20-30%=3.021µs(n=20000)|30-40%=3.234µs(n=20000)|40-50%=3.233µs(n=20000)|50-60%=3.325µs(n=20000)|60-70%=3.758µs(n=20000)|70-80%=3.738µs(n=20000)|80-90%=3.638µs(n=20000)|90-100%=3.756µs(n=20000)",114.91,143.11,2650879,0,0,"",0,0,0,0,"",0,0,0,0,0,0.00,0.00,0
smt,insert_only_build_300k,0,300000,300000,1098922521,3663,"0-10%=2.58µs(n=30000)|10-20%=2.928µs(n=30000)|20-30%=3.243µs(n=30000)|30-40%=3.407µs(n=30000)|40-50%=3.757µs(n=30000)|50-60%=3.758µs(n=30000)|60-70%=3.799µs(n=30000)|70-80%=4.338µs(n=30000)|80-90%=4.499µs(n=30000)|90-100%=4.318µs(n=30000)",165.93,214.70,3771242,0,0,"",0,0,0,0,"",0,0,0,0,0,0.00,0.00,0
smt,insert_only_build_500k,0,500000,500000,2041731170,4083,"0-10%=2.678µs(n=50000)|10-20%=3.285µs(n=50000)|20-30%=3.629µs(n=50000)|30-40%=3.674µs(n=50000)|40-50%=4.306µs(n=50000)|50-60%=4.34µs(n=50000)|60-70%=4.324µs(n=50000)|70-80%=4.902µs(n=50000)|80-90%=4.946µs(n=50000)|90-100%=4.746µs(n=50000)",275.95,357.81,6265770,0,0,"",0,0,0,0,"",0,0,0,0,0,0.00,0.00,0
smt,insert_only_build_700k,0,700000,700000,3048907308,4355,"0-10%=2.822µs(n=70000)|10-20%=3.438µs(n=70000)|20-30%=3.7µs(n=70000)|30-40%=4.446µs(n=70000)|40-50%=4.204µs(n=70000)|50-60%=4.902µs(n=70000)|60-70%=4.724µs(n=70000)|70-80%=4.632µs(n=70000)|80-90%=4.792µs(n=70000)|90-100%=5.891µs(n=70000)",363.89,500.95,8059904,0,0,"",0,0,0,0,"",0,0,0,0,0,0.00,0.00,0
smt,insert_only_build_900k,0,900000,900000,4105976355,4562,"0-10%=2.942µs(n=90000)|10-20%=3.54µs(n=90000)|20-30%=4.132µs(n=90000)|30-40%=4.216µs(n=90000)|40-50%=5.023µs(n=90000)|50-60%=4.808µs(n=90000)|60-70%=4.923µs(n=90000)|70-80%=5.666µs(n=90000)|80-90%=5.245µs(n=90000)|90-100%=5.124µs(n=90000)",507.34,644.09,11614172,0,0,"",0,0,0,0,"",0,0,0,0,0,0.00,0.00,0
smt,insert_only_build_1m,0,1000000,1000000,4702327298,4702,"0-10%=2.987µs(n=100000)|10-20%=3.727µs(n=100000)|20-30%=4.37µs(n=100000)|30-40%=4.566µs(n=100000)|40-50%=5.107µs(n=100000)|50-60%=4.918µs(n=100000)|60-70%=5.498µs(n=100000)|70-80%=5.462µs(n=100000)|80-90%=5.187µs(n=100000)|90-100%=5.196µs(n=100000)",573.74,715.65,13222617,0,0,"",0,0,0,0,"",0,0,0,0,0,0.00,0.00,0
smt,insert_only_build_2m,0,2000000,2000000,10505326041,5252,"0-10%=3.293µs(n=200000)|10-20%=4.304µs(n=200000)|20-30%=4.812µs(n=200000)|30-40%=5.415µs(n=200000)|40-50%=5.177µs(n=200000)|50-60%=5.781µs(n=200000)|60-70%=5.815µs(n=200000)|70-80%=5.615µs(n=200000)|80-90%=5.722µs(n=200000)|90-100%=6.589µs(n=200000)",1029.01,1431.24,22686597,0,0,"",0,0,0,0,"",0,0,0,0,0,0.00,0.00,0
smt,insert_only_build_5m,0,5000000,5000000,30758128738,6151,"0-10%=4.056µs(n=500000)|10-20%=5.208µs(n=500000)|20-30%=5.815µs(n=500000)|30-40%=6.126µs(n=500000)|40-50%=6.398µs(n=500000)|50-60%=6.29µs(n=500000)|60-70%=7.091µs(n=500000)|70-80%=6.912µs(n=500000)|80-90%=6.758µs(n=500000)|90-100%=6.855µs(n=500000)",2906.05,3578.15,67290080,0,0,"",0,0,0,0,"",0,0,0,0,0,0.00,0.00,0
smt,insert_only_build_10m,0,10000000,10000000,70222446773,7022,"0-10%=4.713µs(n=1000000)|10-20%=6.162µs(n=1000000)|20-30%=6.483µs(n=1000000)|30-40%=7.044µs(n=1000000)|40-50%=6.815µs(n=1000000)|50-60%=7.616µs(n=1000000)|60-70%=7.59µs(n=1000000)|70-80%=7.474µs(n=1000000)|80-90%=7.657µs(n=1000000)|90-100%=8.663µs(n=1000000)",5228.60,7156.56,116059954,0,0,"",0,0,0,0,"",0,0,0,0,0,0.00,0.00,0
smt,insert_only_build_25m,0,25000000,25000000,203912113320,8156,"0-10%=5.582µs(n=2500000)|10-20%=6.858µs(n=2500000)|20-30%=7.491µs(n=2500000)|30-40%=8.028µs(n=2500000)|40-50%=8.038µs(n=2500000)|50-60%=8.644µs(n=2500000)|60-70%=9.014µs(n=2500000)|70-80%=8.789µs(n=2500000)|80-90%=9.348µs(n=2500000)|90-100%=9.769µs(n=2500000)",14746.24,17892.40,343238872,0,0,"",0,0,0,0,"",0,0,0,0,0,0.00,0.00,0
smt,proof_only_after_10k_build_sample_5pct,10000,10000,0,0,0,"",0.00,0.00,0,670114,1340,"0-10%=1.526µs(n=50)|10-20%=1.453µs(n=50)|20-30%=1.304µs(n=50)|30-40%=1.283µs(n=50)|40-50%=1.199µs(n=50)|50-60%=1.314µs(n=50)|60-70%=1.268µs(n=50)|70-80%=1.392µs(n=50)|80-90%=1.304µs(n=50)|90-100%=1.355µs(n=50)",632,3058,0,0,"",0,0,0,0,0,0.00,0.00,0
smt,proof_only_after_50k_build_sample_5pct,50000,50000,0,0,0,"",0.00,0.00,0,4799843,1919,"0-10%=2.031µs(n=250)|10-20%=1.995µs(n=250)|20-30%=1.955µs(n=250)|30-40%=1.902µs(n=250)|40-50%=1.767µs(n=250)|50-60%=2.098µs(n=250)|60-70%=1.886µs(n=250)|70-80%=1.775µs(n=250)|80-90%=1.857µs(n=250)|90-100%=1.926µs(n=250)",722,3813,0,0,"",0,0,0,0,0,0.00,0.00,0
smt,proof_only_after_100k_build_sample_5pct,100000,100000,0,0,0,"",0.00,0.00,0,10116569,2023,"0-10%=2.075µs(n=500)|10-20%=1.888µs(n=500)|20-30%=1.987µs(n=500)|30-40%=1.904µs(n=500)|40-50%=2.064µs(n=500)|50-60%=2.114µs(n=500)|60-70%=1.961µs(n=500)|70-80%=2.14µs(n=500)|80-90%=2.084µs(n=500)|90-100%=2.012µs(n=500)",759,3925,0,0,"",0,0,0,0,0,0.00,0.00,0
smt,proof_only_after_200k_build_sample_5pct,200000,200000,0,0,0,"",0.00,0.00,0,25378438,2537,"0-10%=2.861µs(n=1000)|10-20%=2.698µs(n=1000)|20-30%=2.54µs(n=1000)|30-40%=2.562µs(n=1000)|40-50%=2.519µs(n=1000)|50-60%=2.461µs(n=1000)|60-70%=2.425µs(n=1000)|70-80%=2.444µs(n=1000)|80-90%=2.437µs(n=1000)|90-100%=2.426µs(n=1000)",796,4370,0,0,"",0,0,0,0,0,0.00,0.00,0
smt,proof_only_after_300k_build_sample_5pct,300000,300000,0,0,0,"",0.00,0.00,0,51503289,3433,"0-10%=3.779µs(n=1500)|10-20%=3.617µs(n=1500)|20-30%=3.504µs(n=1500)|30-40%=3.483µs(n=1500)|40-50%=3.431µs(n=1500)|50-60%=3.395µs(n=1500)|60-70%=3.354µs(n=1500)|70-80%=3.338µs(n=1500)|80-90%=3.23µs(n=1500)|90-100%=3.199µs(n=1500)",819,4876,0,0,"",0,0,0,0,0,0.00,0.00,0
smt,proof_only_after_500k_build_sample_5pct,500000,500000,0,0,0,"",0.00,0.00,0,94120974,3764,"0-10%=4.158µs(n=2500)|10-20%=3.922µs(n=2500)|20-30%=3.759µs(n=2500)|30-40%=3.664µs(n=2500)|40-50%=3.724µs(n=2500)|50-60%=3.656µs(n=2500)|60-70%=3.684µs(n=2500)|70-80%=3.751µs(n=2500)|80-90%=3.702µs(n=2500)|90-100%=3.623µs(n=2500)",847,5108,0,0,"",0,0,0,0,0,0.00,0.00,0
smt,proof_only_after_700k_build_sample_5pct,700000,700000,0,0,0,"",0.00,0.00,0,138973565,3970,"0-10%=4.314µs(n=3500)|10-20%=4.111µs(n=3500)|20-30%=4.063µs(n=3500)|30-40%=3.979µs(n=3500)|40-50%=4µs(n=3500)|50-60%=3.882µs(n=3500)|60-70%=3.817µs(n=3500)|70-80%=3.878µs(n=3500)|80-90%=3.841µs(n=3500)|90-100%=3.817µs(n=3500)",865,5360,0,0,"",0,0,0,0,0,0.00,0.00,0
smt,proof_only_after_900k_build_sample_5pct,900000,900000,0,0,0,"",0.00,0.00,0,183855080,4085,"0-10%=4.406µs(n=4500)|10-20%=4.115µs(n=4500)|20-30%=4.089µs(n=4500)|30-40%=4.026µs(n=4500)|40-50%=3.957µs(n=4500)|50-60%=4.028µs(n=4500)|60-70%=4.112µs(n=4500)|70-80%=4.094µs(n=4500)|80-90%=4.033µs(n=4500)|90-100%=3.991µs(n=4500)",878,5281,0,0,"",0,0,0,0,0,0.00,0.00,0
smt,proof_only_after_1m_build_sample_5pct,1000000,1000000,0,0,0,"",0.00,0.00,0,197303317,3946,"0-10%=4.334µs(n=5000)|10-20%=4.046µs(n=5000)|20-30%=3.972µs(n=5000)|30-40%=3.97µs(n=5000)|40-50%=3.964µs(n=5000)|50-60%=3.893µs(n=5000)|60-70%=3.979µs(n=5000)|70-80%=3.808µs(n=5000)|80-90%=3.75µs(n=5000)|90-100%=3.739µs(n=5000)",885,5034,0,0,"",0,0,0,0,0,0.00,0.00,0
smt,prehashed_ordered_proof_only_after_1m_build_sample_5pct,1000000,1000000,0,0,0,"",0.00,0.00,0,154325666,3086,"0-10%=2.99µs(n=5000)|10-20%=3.046µs(n=5000)|20-30%=3.034µs(n=5000)|30-40%=3.034µs(n=5000)|40-50%=3.122µs(n=5000)|50-60%=3.07µs(n=5000)|60-70%=3.117µs(n=5000)|70-80%=3.2µs(n=5000)|80-90%=3.184µs(n=5000)|90-100%=3.065µs(n=5000)",884,5096,0,0,"",0,0,0,0,0,0.00,0.00,0
smt,proof_only_after_2m_build_sample_3pct,2000000,2000000,0,0,0,"",0.00,0.00,0,267352764,4455,"0-10%=4.777µs(n=6000)|10-20%=4.512µs(n=6000)|20-30%=4.466µs(n=6000)|30-40%=4.465µs(n=6000)|40-50%=4.435µs(n=6000)|50-60%=4.461µs(n=6000)|60-70%=4.343µs(n=6000)|70-80%=4.325µs(n=6000)|80-90%=4.411µs(n=6000)|90-100%=4.359µs(n=6000)",923,6343,0,0,"",0,0,0,0,0,0.00,0.00,0
smt,proof_only_after_5m_build_sample_3pct,5000000,5000000,0,0,0,"",0.00,0.00,0,753226951,5021,"0-10%=5.174µs(n=15000)|10-20%=4.897µs(n=15000)|20-30%=5.004µs(n=15000)|30-40%=5.093µs(n=15000)|40-50%=5.119µs(n=15000)|50-60%=5.081µs(n=15000)|60-70%=5.117µs(n=15000)|70-80%=5.104µs(n=15000)|80-90%=4.925µs(n=15000)|90-100%=4.696µs(n=15000)",973,6182,0,0,"",0,0,0,0,0,0.00,0.00,0
smt,prehashed_ordered_proof_only_after_5m_build_sample_3pct,5000000,5000000,0,0,0,"",0.00,0.00,0,510224792,3401,"0-10%=3.392µs(n=15000)|10-20%=3.362µs(n=15000)|20-30%=3.422µs(n=15000)|30-40%=3.416µs(n=15000)|40-50%=3.535µs(n=15000)|50-60%=3.35µs(n=15000)|60-70%=3.309µs(n=15000)|70-80%=3.509µs(n=15000)|80-90%=3.408µs(n=15000)|90-100%=3.307µs(n=15000)",973,5976,0,0,"",0,0,0,0,0,0.00,0.00,0
smt,proof_only_after_10m_build_sample_2pct,10000000,10000000,0,0,0,"",0.00,0.00,0,1115130537,5575,"0-10%=5.88µs(n=20000)|10-20%=5.594µs(n=20000)|20-30%=5.542µs(n=20000)|30-40%=5.528µs(n=20000)|40-50%=5.562µs(n=20000)|50-60%=5.525µs(n=20000)|60-70%=5.566µs(n=20000)|70-80%=5.545µs(n=20000)|80-90%=5.51µs(n=20000)|90-100%=5.499µs(n=20000)",1011,6587,0,0,"",0,0,0,0,0,0.00,0.00,0
smt,proof_only_after_20m_build_sample_2pct,20000000,20000000,0,0,0,"",0.00,0.00,0,3339568804,8348,"0-10%=7.794µs(n=40000)|10-20%=8.411µs(n=40000)|20-30%=8.573µs(n=40000)|30-40%=8.502µs(n=40000)|40-50%=8.479µs(n=40000)|50-60%=8.45µs(n=40000)|60-70%=8.369µs(n=40000)|70-80%=8.451µs(n=40000)|80-90%=8.267µs(n=40000)|90-100%=8.188µs(n=40000)",1049,8341,0,0,"",0,0,0,0,0,0.00,0.00,0
smt,build_10k_then_add_2k_new,10000,12000,2000,5265562,2632,"0-10%=3.456µs(n=200)|10-20%=2.829µs(n=200)|20-30%=2.75µs(n=200)|30-40%=2.757µs(n=200)|40-50%=2.461µs(n=200)|50-60%=2.374µs(n=200)|60-70%=2.603µs(n=200)|70-80%=2.346µs(n=200)|80-90%=2.427µs(n=200)|90-100%=2.317µs(n=200)",1.44,1.44,146316,0,0,"",0,0,0,0,"",0,0,0,0,0,0.00,0.00,0
smt,build_50k_then_add_10k_new,50000,60000,10000,34883441,3488,"0-10%=4.14µs(n=1000)|10-20%=3.824µs(n=1000)|20-30%=3.358µs(n=1000)|30-40%=3.594µs(n=1000)|40-50%=3.408µs(n=1000)|50-60%=3.555µs(n=1000)|60-70%=3.19µs(n=1000)|70-80%=3.37µs(n=1000)|80-90%=3.148µs(n=1000)|90-100%=3.292µs(n=1000)",7.17,7.17,728087,0,0,"",0,0,0,0,"",0,0,0,0,0,0.00,0.00,0
smt,build_100k_then_add_20k_new,100000,120000,20000,85933098,4296,"0-10%=5.683µs(n=2000)|10-20%=4.862µs(n=2000)|20-30%=4.553µs(n=2000)|30-40%=4.43µs(n=2000)|40-50%=4.311µs(n=2000)|50-60%=4.029µs(n=2000)|60-70%=3.798µs(n=2000)|70-80%=3.82µs(n=2000)|80-90%=3.734µs(n=2000)|90-100%=3.742µs(n=2000)",14.32,14.32,1455298,0,0,"",0,0,0,0,"",0,0,0,0,0,0.00,0.00,0
smt,build_200k_then_add_40k_new,200000,240000,40000,183750283,4593,"0-10%=5.449µs(n=4000)|10-20%=4.983µs(n=4000)|20-30%=4.745µs(n=4000)|30-40%=4.695µs(n=4000)|40-50%=4.479µs(n=4000)|50-60%=4.423µs(n=4000)|60-70%=4.428µs(n=4000)|70-80%=4.37µs(n=4000)|80-90%=4.253µs(n=4000)|90-100%=4.106µs(n=4000)",28.66,28.66,2909933,0,0,"",0,0,0,0,"",0,0,0,0,0,0.00,0.00,0
smt,build_300k_then_add_60k_new,300000,360000,60000,374432096,6240,"0-10%=6.41µs(n=6000)|10-20%=6.607µs(n=6000)|20-30%=7.968µs(n=6000)|30-40%=6.827µs(n=6000)|40-50%=5.919µs(n=6000)|50-60%=5.763µs(n=6000)|60-70%=6.068µs(n=6000)|70-80%=6.115µs(n=6000)|80-90%=5.375µs(n=6000)|90-100%=5.347µs(n=6000)",42.95,42.95,4364049,0,0,"",0,0,0,0,"",0,0,0,0,0,0.00,0.00,0
smt,build_500k_then_add_100k_new,500000,600000,100000,531565924,5315,"0-10%=6.3µs(n=10000)|10-20%=5.73µs(n=10000)|20-30%=5.512µs(n=10000)|30-40%=5.434µs(n=10000)|40-50%=5.232µs(n=10000)|50-60%=5.198µs(n=10000)|60-70%=5.172µs(n=10000)|70-80%=4.953µs(n=10000)|80-90%=4.796µs(n=10000)|90-100%=4.825µs(n=10000)",71.59,71.59,7273261,0,0,"",0,0,0,0,"",0,0,0,0,0,0.00,0.00,0
smt,build_700k_then_add_140k_new,700000,840000,140000,780609087,5575,"0-10%=6.633µs(n=14000)|10-20%=6.056µs(n=14000)|20-30%=5.802µs(n=14000)|30-40%=5.47µs(n=14000)|40-50%=5.383µs(n=14000)|50-60%=5.427µs(n=14000)|60-70%=5.258µs(n=14000)|70-80%=5.244µs(n=14000)|80-90%=5.244µs(n=14000)|90-100%=5.236µs(n=14000)",100.20,100.20,10181935,0,0,"",0,0,0,0,"",0,0,0,0,0,0.00,0.00,0
smt,build_900k_then_add_180k_new,900000,1080000,180000,1068946220,5938,"0-10%=7.41µs(n=18000)|10-20%=6.198µs(n=18000)|20-30%=5.93µs(n=18000)|30-40%=5.972µs(n=18000)|40-50%=5.813µs(n=18000)|50-60%=5.811µs(n=18000)|60-70%=5.837µs(n=18000)|70-80%=5.637µs(n=18000)|80-90%=5.402µs(n=18000)|90-100%=5.371µs(n=18000)",128.80,128.80,13090432,0,0,"",0,0,0,0,"",0,0,0,0,0,0.00,0.00,0
smt,build_1m_then_add_200k_new,1000000,1200000,200000,1202485110,6012,"0-10%=6.714µs(n=20000)|10-20%=6.163µs(n=20000)|20-30%=6.013µs(n=20000)|30-40%=5.933µs(n=20000)|40-50%=5.827µs(n=20000)|50-60%=5.831µs(n=20000)|60-70%=5.883µs(n=20000)|70-80%=5.952µs(n=20000)|80-90%=5.972µs(n=20000)|90-100%=5.831µs(n=20000)",143.11,143.11,14544935,0,0,"",0,0,0,0,"",0,0,0,0,0,0.00,0.00,0
smt,build_2m_then_add_400k_new,2000000,2400000,400000,2610537383,6526,"0-10%=7.421µs(n=40000)|10-20%=6.99µs(n=40000)|20-30%=6.844µs(n=40000)|30-40%=6.562µs(n=40000)|40-50%=6.462µs(n=40000)|50-60%=6.284µs(n=40000)|60-70%=6.176µs(n=40000)|70-80%=6.171µs(n=40000)|80-90%=6.157µs(n=40000)|90-100%=6.191µs(n=40000)",286.25,286.25,29089009,0,0,"",0,0,0,0,"",0,0,0,0,0,0.00,0.00,0
smt,build_5m_then_add_1m_new,5000000,6000000,1000000,7442363252,7442,"0-10%=8.291µs(n=100000)|10-20%=7.718µs(n=100000)|20-30%=7.524µs(n=100000)|30-40%=7.491µs(n=100000)|40-50%=7.557µs(n=100000)|50-60%=7.327µs(n=100000)|60-70%=7.297µs(n=100000)|70-80%=7.028µs(n=100000)|80-90%=7.088µs(n=100000)|90-100%=7.099µs(n=100000)",715.72,715.72,72722936,0,0,"",0,0,0,0,"",0,0,0,0,0,0.00,0.00,0
smt,build_10m_then_add_2m_new,10000000,12000000,2000000,16557948062,8278,"0-10%=9.052µs(n=200000)|10-20%=8.589µs(n=200000)|20-30%=8.515µs(n=200000)|30-40%=8.68µs(n=200000)|40-50%=8.009µs(n=200000)|50-60%=7.895µs(n=200000)|60-70%=8.099µs(n=200000)|70-80%=7.951µs(n=200000)|80-90%=7.964µs(n=200000)|90-100%=8.031µs(n=200000)",1431.33,1431.33,145442583,0,0,"",0,0,0,0,"",0,0,0,0,0,0.00,0.00,0
smt,build_20m_then_add_5m_new,20000000,25000000,5000000,48566772289,9713,"0-10%=9.87µs(n=500000)|10-20%=9.686µs(n=500000)|20-30%=9.648µs(n=500000)|30-40%=9.719µs(n=500000)|40-50%=9.703µs(n=500000)|50-60%=9.619µs(n=500000)|60-70%=9.715µs(n=500000)|70-80%=9.696µs(n=500000)|80-90%=9.719µs(n=500000)|90-100%=9.755µs(n=500000)",3578.79,3578.79,308607725,0,0,"",0,0,0,0,"",0,0,0,0,0,0.00,0.00,0
smt,build_10k_then_reinsert_2k_existing,10000,10000,2000,5100152,2550,"0-10%=3.228µs(n=200)|10-20%=2.599µs(n=200)|20-30%=2.498µs(n=200)|30-40%=2.554µs(n=200)|40-50%=2.389µs(n=200)|50-60%=2.503µs(n=200)|60-70%=2.723µs(n=200)|70-80%=2.45µs(n=200)|80-90%=2.301µs(n=200)|90-100%=2.247µs(n=200)",0.33,0.33,121917,0,0,"",0,0,0,0,"",0,0,0,0,0,0.00,0.00,0
smt,build_50k_then_reinsert_10k_existing,50000,50000,10000,32739859,3273,"0-10%=3.892µs(n=1000)|10-20%=3.576µs(n=1000)|20-30%=3.369µs(n=1000)|30-40%=3.323µs(n=1000)|40-50%=3.214µs(n=1000)|50-60%=3.231µs(n=1000)|60-70%=3.05µs(n=1000)|70-80%=3.062µs(n=1000)|80-90%=3.083µs(n=1000)|90-100%=2.934µs(n=1000)",1.61,1.61,605921,0,0,"",0,0,0,0,"",0,0,0,0,0,0.00,0.00,0
smt,build_100k_then_reinsert_20k_existing,100000,100000,20000,72658586,3632,"0-10%=4.064µs(n=2000)|10-20%=3.835µs(n=2000)|20-30%=3.732µs(n=2000)|30-40%=3.671µs(n=2000)|40-50%=3.569µs(n=2000)|50-60%=3.621µs(n=2000)|60-70%=3.563µs(n=2000)|70-80%=3.482µs(n=2000)|80-90%=3.394µs(n=2000)|90-100%=3.393µs(n=2000)",3.22,3.22,1210928,0,0,"",0,0,0,0,"",0,0,0,0,0,0.00,0.00,0
smt,build_200k_then_reinsert_40k_existing,200000,200000,40000,168814497,4220,"0-10%=5.361µs(n=4000)|10-20%=4.602µs(n=4000)|20-30%=4.367µs(n=4000)|30-40%=4.2µs(n=4000)|40-50%=4.1µs(n=4000)|50-60%=4.035µs(n=4000)|60-70%=3.981µs(n=4000)|70-80%=3.914µs(n=4000)|80-90%=3.826µs(n=4000)|90-100%=3.812µs(n=4000)",6.44,6.44,2420943,0,0,"",0,0,0,0,"",0,0,0,0,0,0.00,0.00,0
smt,build_300k_then_reinsert_60k_existing,300000,300000,60000,262771407,4379,"0-10%=5.303µs(n=6000)|10-20%=4.71µs(n=6000)|20-30%=4.52µs(n=6000)|30-40%=4.394µs(n=6000)|40-50%=4.291µs(n=6000)|50-60%=4.226µs(n=6000)|60-70%=4.172µs(n=6000)|70-80%=4.123µs(n=6000)|80-90%=4.031µs(n=6000)|90-100%=4.019µs(n=6000)",9.64,9.64,3630958,0,0,"",0,0,0,0,"",0,0,0,0,0,0.00,0.00,0
smt,build_500k_then_reinsert_100k_existing,500000,500000,100000,476684496,4766,"0-10%=5.624µs(n=10000)|10-20%=5.009µs(n=10000)|20-30%=4.819µs(n=10000)|30-40%=4.723µs(n=10000)|40-50%=4.658µs(n=10000)|50-60%=4.64µs(n=10000)|60-70%=4.612µs(n=10000)|70-80%=4.607µs(n=10000)|80-90%=4.493µs(n=10000)|90-100%=4.48µs(n=10000)",16.06,16.06,6050968,0,0,"",0,0,0,0,"",0,0,0,0,0,0.00,0.00,0
smt,build_700k_then_reinsert_140k_existing,700000,700000,140000,713855461,5098,"0-10%=5.897µs(n=14000)|10-20%=5.292µs(n=14000)|20-30%=5.162µs(n=14000)|30-40%=5.109µs(n=14000)|40-50%=5.034µs(n=14000)|50-60%=4.99µs(n=14000)|60-70%=4.871µs(n=14000)|70-80%=4.902µs(n=14000)|80-90%=4.876µs(n=14000)|90-100%=4.85µs(n=14000)",22.47,22.47,8470980,0,0,"",0,0,0,0,"",0,0,0,0,0,0.00,0.00,0
smt,build_900k_then_reinsert_180k_existing,900000,900000,180000,963838336,5354,"0-10%=6.038µs(n=18000)|10-20%=5.487µs(n=18000)|20-30%=5.372µs(n=18000)|30-40%=5.315µs(n=18000)|40-50%=5.267µs(n=18000)|50-60%=5.326µs(n=18000)|60-70%=5.267µs(n=18000)|70-80%=5.241µs(n=18000)|80-90%=5.139µs(n=18000)|90-100%=5.09µs(n=18000)",28.89,28.89,10890995,0,0,"",0,0,0,0,"",0,0,0,0,0,0.00,0.00,0
smt,build_1m_then_reinsert_200k_existing,1000000,1000000,200000,1084034793,5420,"0-10%=6.067µs(n=20000)|10-20%=5.551µs(n=20000)|20-30%=5.387µs(n=20000)|30-40%=5.313µs(n=20000)|40-50%=5.262µs(n=20000)|50-60%=5.25µs(n=20000)|60-70%=5.284µs(n=20000)|70-80%=5.407µs(n=20000)|80-90%=5.34µs(n=20000)|90-100%=5.335µs(n=20000)",32.09,32.09,12101006,0,0,"",0,0,0,0,"",0,0,0,0,0,0.00,0.00,0
smt,prehashed_ordered_build_1m_then_reinsert_200k_existing,1000000,1000000,200000,573505664,2867,"0-10%=2.838µs(n=20000)|10-20%=2.99µs(n=20000)|20-30%=2.955µs(n=20000)|30-40%=2.987µs(n=20000)|40-50%=2.839µs(n=20000)|50-60%=2.821µs(n=20000)|60-70%=2.821µs(n=20000)|70-80%=2.764µs(n=20000)|80-90%=2.765µs(n=20000)|90-100%=2.889µs(n=20000)",19.87,19.87,11701008,0,0,"",0,0,0,0,"",0,0,0,0,0,0.00,0.00,0
smt,build_2m_then_reinsert_400k_existing,2000000,2000000,400000,2446441433,6116,"0-10%=6.69µs(n=40000)|10-20%=6.242µs(n=40000)|20-30%=6.29µs(n=40000)|30-40%=6.146µs(n=40000)|40-50%=6.084µs(n=40000)|50-60%=6.019µs(n=40000)|60-70%=5.921µs(n=40000)|70-80%=5.915µs(n=40000)|80-90%=5.92µs(n=40000)|90-100%=5.93µs(n=40000)",64.19,64.19,24200969,0,0,"",0,0,0,0,"",0,0,0,0,0,0.00,0.00,0
smt,build_5m_then_reinsert_1m_existing,5000000,5000000,1000000,6936547833,6936,"0-10%=7.389µs(n=100000)|10-20%=7.136µs(n=100000)|20-30%=7.013µs(n=100000)|30-40%=6.962µs(n=100000)|40-50%=6.832µs(n=100000)|50-60%=6.795µs(n=100000)|60-70%=6.802µs(n=100000)|70-80%=6.811µs(n=100000)|80-90%=6.813µs(n=100000)|90-100%=6.808µs(n=100000)",160.47,160.47,60500991,0,0,"",0,0,0,0,"",0,0,0,0,0,0.00,0.00,0
smt,prehashed_ordered_build_5m_then_reinsert_1m_existing,5000000,5000000,1000000,3198059286,3198,"0-10%=3.114µs(n=100000)|10-20%=3.247µs(n=100000)|20-30%=3.255µs(n=100000)|30-40%=3.318µs(n=100000)|40-50%=3.205µs(n=100000)|50-60%=3.176µs(n=100000)|60-70%=3.139µs(n=100000)|70-80%=3.115µs(n=100000)|80-90%=3.11µs(n=100000)|90-100%=3.297µs(n=100000)",99.30,99.30,58500981,0,0,"",0,0,0,0,"",0,0,0,0,0,0.00,0.00,0
smt,build_10m_then_reinsert_2m_existing,10000000,10000000,2000000,15682307362,7841,"0-10%=8.078µs(n=200000)|10-20%=7.893µs(n=200000)|20-30%=7.885µs(n=200000)|30-40%=7.857µs(n=200000)|40-50%=7.841µs(n=200000)|50-60%=7.842µs(n=200000)|60-70%=7.821µs(n=200000)|70-80%=7.82µs(n=200000)|80-90%=7.723µs(n=200000)|90-100%=7.647µs(n=200000)",320.95,320.95,121001041,0,0,"",0,0,0,0,"",0,0,0,0,0,0.00,0.00,0
smt,build_25m_then_reinsert_5m_existing,25000000,25000000,5000000,46709933669,9341,"0-10%=9.663µs(n=500000)|10-20%=9.44µs(n=500000)|20-30%=9.46µs(n=500000)|30-40%=9.364µs(n=500000)|40-50%=9.222µs(n=500000)|50-60%=9.341µs(n=500000)|60-70%=9.292µs(n=500000)|70-80%=9.214µs(n=500000)|80-90%=9.188µs(n=500000)|90-100%=9.23µs(n=500000)",802.75,802.75,302501187,0,0,"",0,0,0,0,"",0,0,0,0,0,0.00,0.00,0
